# step time[s] dt[s] max_speed[m/s] max_vorticity[1/s] max_delta_omega poisson_iters
0 0.0000000000e+00 0.0000000000e+00 4.0019357458e+01 8.0039659067e+06 0.0000000000e+00 180
1 1.4280693421e-06 1.4280693421e-06 4.0328599914e+01 5.4478455112e+06 1.1259681159e+06 180
40 5.7122773683e-05 1.4280693421e-06 4.0309665254e+01 7.7177597922e+05 9.0934281498e+03 78
80 1.1424554737e-04 1.4280693421e-06 4.0300454846e+01 5.4397554713e+05 3.3047008535e+03 46
120 1.7136832105e-04 1.4280693421e-06 4.0293151054e+01 4.4400827200e+05 1.8153820448e+03 27
160 2.2849109473e-04 1.4280693421e-06 4.0287374723e+01 3.8462016211e+05 1.1847449328e+03 14
200 2.8561386841e-04 1.4280693421e-06 4.0282557363e+01 3.4417996620e+05 8.5028010905e+02 4
240 3.4273664210e-04 1.4280693421e-06 4.0277154688e+01 3.1437329173e+05 6.4833884772e+02 1
280 3.9985941578e-04 1.4280693421e-06 4.0273553499e+01 2.9139098717e+05 5.1568505601e+02 1
320 4.5698218946e-04 1.4280693421e-06 4.0269242184e+01 2.7293929812e+05 4.2294704832e+02 1
360 5.1410496315e-04 1.4280693421e-06 4.0266259958e+01 2.5768689025e+05 3.5508432337e+02 1
400 5.7122773683e-04 1.4280693421e-06 4.0261297414e+01 2.4480757194e+05 3.0375917078e+02 1
440 6.2835051051e-04 1.4280693421e-06 4.0259582862e+01 2.3380515194e+05 2.6388477479e+02 1
480 6.8547328419e-04 1.4280693421e-06 4.0256382253e+01 2.2431643915e+05 2.3204592734e+02 1
520 7.4259605788e-04 1.4280693421e-06 4.0251896263e+01 2.1596774985e+05 2.0622098856e+02 1
560 7.9971883156e-04 1.4280693421e-06 4.0250538628e+01 2.0854803455e+05 1.8492557541e+02 1
600 8.5684160524e-04 1.4280693421e-06 4.0248269295e+01 2.0190211782e+05 1.6718366669e+02 1
640 9.1396437893e-04 1.4280693421e-06 4.0244892270e+01 1.9597170433e+05 1.5210583341e+02 1
680 9.7108715261e-04 1.4280693421e-06 4.0241326287e+01 1.9063752287e+05 1.3926806845e+02 1
720 1.0282099263e-03 1.4280693421e-06 4.0240142822e+01 1.8577086966e+05 1.2814879974e+02 1
760 1.0853327000e-03 1.4280693421e-06 4.0238372530e+01 1.8130896108e+05 1.1848960794e+02 1
800 1.1424554737e-03 1.4280693421e-06 4.0235919688e+01 1.7719928258e+05 1.1006099269e+02 1
840 1.1995782473e-03 1.4280693421e-06 4.0232695376e+01 1.7340960510e+05 1.0260024387e+02 1
880 1.2567010210e-03 1.4280693421e-06 4.0229694644e+01 1.6997881932e+05 9.5923664556e+01 1
920 1.3138237947e-03 1.4280693421e-06 4.0228703474e+01 1.6678713817e+05 9.0050446570e+01 1
960 1.3709465684e-03 1.4280693421e-06 4.0227340578e+01 1.6380946047e+05 8.4767129867e+01 1
1000 1.4280693421e-03 1.4280693421e-06 4.0225560752e+01 1.6102448714e+05 8.0025254013e+01 1
1040 1.4851921158e-03 1.4280693421e-06 4.0223322295e+01 1.5841393140e+05 7.5712401785e+01 1
1080 1.5423148894e-03 1.4280693421e-06 4.0220578214e+01 1.5595965379e+05 7.1804286646e+01 1
1120 1.5994376631e-03 1.4280693421e-06 4.0217289213e+01 1.5369258630e+05 6.8225292526e+01 1
1160 1.6565604368e-03 1.4280693421e-06 4.0216283854e+01 1.5158406529e+05 6.4970908668e+01 1
1200 1.7136832105e-03 1.4280693421e-06 4.0215311986e+01 1.4959294867e+05 6.2009780327e+01 1
1240 1.7708059842e-03 1.4280693421e-06 4.0214092403e+01 1.4770875430e+05 5.9269819715e+01 1
1280 1.8279287579e-03 1.4280693421e-06 4.0212604059e+01 1.4592320480e+05 5.6742809970e+01 1
1320 1.8850515315e-03 1.4280693421e-06 4.0210827482e+01 1.4422804289e+05 5.4403134673e+01 1
1360 1.9421743052e-03 1.4280693421e-06 4.0208740987e+01 1.4261605232e+05 5.2233205461e+01 1
1400 1.9992970789e-03 1.4280693421e-06 4.0206328945e+01 1.4108291350e+05 5.0224093884e+01 1
1440 2.0564198526e-03 1.4280693421e-06 4.0203570668e+01 1.3965003390e+05 4.8366913569e+01 1
1480 2.1135426263e-03 1.4280693421e-06 4.0202069016e+01 1.3831416323e+05 4.6629824895e+01 1
1520 2.1706654000e-03 1.4280693421e-06 4.0201309630e+01 1.3703821709e+05 4.5005869722e+01 1
1560 2.2277881736e-03 1.4280693421e-06 4.0200400600e+01 1.3582019232e+05 4.3480951508e+01 1
1600 2.2849109473e-03 1.4280693421e-06 4.0199330295e+01 1.3465444241e+05 4.2052350723e+01 1
1640 2.3420337210e-03 1.4280693421e-06 4.0198092268e+01 1.3353954797e+05 4.0704369963e+01 1
1680 2.3991564947e-03 1.4280693421e-06 4.0196675103e+01 1.3247092838e+05 3.9453362030e+01 1
1720 2.4562792684e-03 1.4280693421e-06 4.0195072420e+01 1.3144594343e+05 3.8279025678e+01 1
1760 2.5134020420e-03 1.4280693421e-06 4.0193277200e+01 1.3046336539e+05 3.7161098618e+01 1
1800 2.5705248157e-03 1.4280693421e-06 4.0191279326e+01 1.2951921454e+05 3.6113361307e+01 1
1840 2.6276475894e-03 1.4280693421e-06 4.0189073345e+01 1.2861183629e+05 3.5221078590e+01 1
1880 2.6847703631e-03 1.4280693421e-06 4.0186653036e+01 1.2777356618e+05 3.4171552264e+01 1
1920 2.7418931368e-03 1.4280693421e-06 4.0185648118e+01 1.2697756128e+05 3.3264907269e+01 1
1960 2.7990159105e-03 1.4280693421e-06 4.0184982862e+01 1.2621102364e+05 3.2420648406e+01 1
2000 2.8561386841e-03 1.4280693421e-06 4.0184224935e+01 1.2547314782e+05 3.1624772744e+01 1
2040 2.9132614578e-03 1.4280693421e-06 4.0183370810e+01 1.2476236721e+05 3.0866873181e+01 1
2080 2.9703842315e-03 1.4280693421e-06 4.0182417315e+01 1.2407716775e+05 3.0048375851e+01 1
2120 3.0275070052e-03 1.4280693421e-06 4.0181360648e+01 1.2341638939e+05 2.9456212134e+01 1
2160 3.0846297789e-03 1.4280693421e-06 4.0180197936e+01 1.2277904798e+05 2.8795995505e+01 1
2200 3.1417525526e-03 1.4280693421e-06 4.0178926244e+01 1.2216387070e+05 2.8165686173e+01 1
2240 3.1988753262e-03 1.4280693421e-06 4.0177542807e+01 1.2156980944e+05 2.7562666684e+01 1
2280 3.2559980999e-03 1.4280693421e-06 4.0176045050e+01 1.2099588728e+05 2.6985211455e+01 1
2320 3.3131208736e-03 1.4280693421e-06 4.0174430606e+01 1.2044118837e+05 2.6431795998e+01 1
2360 3.3702436473e-03 1.4280693421e-06 4.0172697307e+01 1.1990485248e+05 2.5907247384e+01 1
2400 3.4273664210e-03 1.4280693421e-06 4.0170843176e+01 1.1938607052e+05 2.5410291264e+01 1
2440 3.4844891947e-03 1.4280693421e-06 4.0168866443e+01 1.1888408094e+05 2.4932987926e+01 1
2480 3.5416119683e-03 1.4280693421e-06 4.0167170070e+01 1.1840731532e+05 2.4474262894e+01 1
2520 3.5987347420e-03 1.4280693421e-06 4.0166614142e+01 1.1796646231e+05 2.4033116741e+01 1
2560 3.6558575157e-03 1.4280693421e-06 4.0166005092e+01 1.1753972762e+05 2.3608620097e+01 1
2600 3.7129802894e-03 1.4280693421e-06 4.0165341771e+01 1.1712652735e+05 2.3199907161e+01 1
2640 3.7701030631e-03 1.4280693421e-06 4.0164623088e+01 1.1672630915e+05 2.2806170237e+01 1
2680 3.8272258368e-03 1.4280693421e-06 4.0163847794e+01 1.1633876448e+05 2.2424347729e+01 1
2720 3.8843486104e-03 1.4280693421e-06 4.0163015398e+01 1.1596297832e+05 2.2060082262e+01 1
2760 3.9414713841e-03 1.4280693421e-06 4.0162124780e+01 1.1559867785e+05 2.1707224385e+01 1
2800 3.9985941578e-03 1.4280693421e-06 4.0161175136e+01 1.1524542470e+05 2.1366426547e+01 1
2840 4.0557169315e-03 1.4280693421e-06 4.0160164892e+01 1.1490246011e+05 2.1088875120e+01 1
2880 4.1128397052e-03 1.4280693421e-06 4.0159095066e+01 1.1457016107e+05 2.0727796433e+01 1
2920 4.1699624789e-03 1.4280693421e-06 4.0157964333e+01 1.1424761051e+05 2.0429526804e+01 1
2960 4.2270852525e-03 1.4280693421e-06 4.0156771960e+01 1.1393461348e+05 2.0232285975e+01 1
3000 4.2842080262e-03 1.4280693421e-06 4.0155517920e+01 1.1363076951e+05 1.9859490525e+01 1
3040 4.3413307999e-03 1.4280693421e-06 4.0154201715e+01 1.1333562977e+05 1.9589565425e+01 1
3080 4.3984535736e-03 1.4280693421e-06 4.0152823089e+01 1.1304897318e+05 1.9327571332e+01 1
3120 4.4555763473e-03 1.4280693421e-06 4.0151381063e+01 1.1277028514e+05 1.9073030199e+01 1
3160 4.5126991209e-03 1.4280693421e-06 4.0149877216e+01 1.1249974125e+05 1.8827080381e+01 1
3200 4.5698218946e-03 1.4280693421e-06 4.0148310709e+01 1.1223686405e+05 1.8541861211e+01 1
3240 4.6269446683e-03 1.4280693421e-06 4.0146681468e+01 1.1198138861e+05 1.8356466056e+01 1
3280 4.6840674420e-03 1.4280693421e-06 4.0144989989e+01 1.1173293467e+05 1.8132829440e+01 1
3320 4.7411902157e-03 1.4280693421e-06 4.0144419051e+01 1.1149116174e+05 1.7914224751e+01 1
3360 4.7983129894e-03 1.4280693421e-06 4.0143873731e+01 1.1125625109e+05 1.7703548271e+01 1
3400 4.8554357630e-03 1.4280693421e-06 4.0143299411e+01 1.1102787988e+05 1.7495409662e+01 1
3440 4.9125585367e-03 1.4280693421e-06 4.0142696303e+01 1.1080560433e+05 1.7298937795e+01 1
3480 4.9696813104e-03 1.4280693421e-06 4.0142064151e+01 1.1058933621e+05 1.7105770818e+01 1
3520 5.0268040841e-03 1.4280693421e-06 4.0141402239e+01 1.1037873706e+05 1.6917023690e+01 1
3560 5.0839268578e-03 1.4280693421e-06 4.0140711703e+01 1.1019044809e+05 1.6729336863e+01 1
3600 5.1410496315e-03 1.4280693421e-06 4.0139992188e+01 1.1000743205e+05 1.6562007179e+01 1
3640 5.1981724051e-03 1.4280693421e-06 4.0139243561e+01 1.0982937889e+05 1.6394792996e+01 1
3680 5.2552951788e-03 1.4280693421e-06 4.0138465257e+01 1.0965601824e+05 1.6230874705e+01 1
3720 5.3124179525e-03 1.4280693421e-06 4.0137658457e+01 1.0948754231e+05 1.6067652062e+01 1
3760 5.3695407262e-03 1.4280693421e-06 4.0136822933e+01 1.0932350602e+05 1.5917729845e+01 1
3800 5.4266634999e-03 1.4280693421e-06 4.0135958116e+01 1.0916368165e+05 1.5815006072e+01 1
3840 5.4837862736e-03 1.4280693421e-06 4.0135065240e+01 1.0900831248e+05 1.5620757769e+01 1
3880 5.5409090472e-03 1.4280693421e-06 4.0134143866e+01 1.0885710054e+05 1.5476104543e+01 1
3920 5.5980318209e-03 1.4280693421e-06 4.0133194439e+01 1.0870979970e+05 1.5339289968e+01 1
3960 5.6551545946e-03 1.4280693421e-06 4.0132216494e+01 1.0856625830e+05 1.5200512845e+01 1
4000 5.7122773683e-03 1.4280693421e-06 4.0131211398e+01 1.0842659364e+05 1.5072019167e+01 1
4040 5.7694001420e-03 1.4280693421e-06 4.0130178734e+01 1.0829064616e+05 1.4942523920e+01 1
4080 5.8265229157e-03 1.4280693421e-06 4.0129119050e+01 1.0815815878e+05 1.4818136349e+01 1
4120 5.8836456893e-03 1.4280693421e-06 4.0128031996e+01 1.0802901274e+05 1.4694998454e+01 1
4160 5.9407684630e-03 1.4280693421e-06 4.0126918835e+01 1.0790336555e+05 1.4573834688e+01 1
4200 5.9978912367e-03 1.4280693421e-06 4.0125779626e+01 1.0778089036e+05 1.4460179362e+01 1
4240 6.0550140104e-03 1.4280693421e-06 4.0124614109e+01 1.0766146998e+05 1.4344982004e+01 1
4280 6.1121367841e-03 1.4280693421e-06 4.0123423550e+01 1.0754525362e+05 1.4230719836e+01 1
4320 6.1692595578e-03 1.4280693421e-06 4.0122208069e+01 1.0743195085e+05 1.4127968448e+01 1
4360 6.2263823314e-03 1.4280693421e-06 4.0120967480e+01 1.0732144282e+05 1.4019282067e+01 1
4400 6.2835051051e-03 1.4280693421e-06 4.0119703054e+01 1.0721387302e+05 1.3915259785e+01 1
4440 6.3406278788e-03 1.4280693421e-06 4.0118414965e+01 1.0710898753e+05 1.3819216714e+01 1
4480 6.3977506525e-03 1.4280693421e-06 4.0117103092e+01 1.0700665733e+05 1.3724505380e+01 1
4520 6.4548734262e-03 1.4280693421e-06 4.0115777937e+01 1.0690702318e+05 1.3661932896e+01 1
4560 6.5119961999e-03 1.4280693421e-06 4.0115237964e+01 1.0680987591e+05 1.3531922438e+01 1
4600 6.5691189735e-03 1.4280693421e-06 4.0114684340e+01 1.0671505911e+05 1.3473990558e+01 1
4640 6.6262417472e-03 1.4280693421e-06 4.0114117901e+01 1.0662272726e+05 1.3432447863e+01 1
4680 6.6833645209e-03 1.4280693421e-06 4.0113538544e+01 1.0653269274e+05 1.3264368550e+01 1
4720 6.7404872946e-03 1.4280693421e-06 4.0112945937e+01 1.0644479566e+05 1.3212185490e+01 1
4760 6.7976100683e-03 1.4280693421e-06 4.0112340891e+01 1.0635919847e+05 1.3107253852e+01 1
4800 6.8547328419e-03 1.4280693421e-06 4.0111723349e+01 1.0627569271e+05 1.3015004179e+01 1
4840 6.9118556156e-03 1.4280693421e-06 4.0111092996e+01 1.0619417479e+05 1.2938790178e+01 1
4880 6.9689783893e-03 1.4280693421e-06 4.0110450638e+01 1.0611477078e+05 1.2852313193e+01 1
4920 7.0261011630e-03 1.4280693421e-06 4.0109796237e+01 1.0603728841e+05 1.2782339197e+01 1
4960 7.0832239367e-03 1.4280693421e-06 4.0109129508e+01 1.0596164943e+05 1.2705187936e+01 1
5000 7.1403467104e-03 1.4280693421e-06 4.0108451239e+01 1.0588795620e+05 1.2631324080e+01 1
5040 7.1974694840e-03 1.4280693421e-06 4.0107761412e+01 1.0581603344e+05 1.2565098174e+01 1
5080 7.2545922577e-03 1.4280693421e-06 4.0107059772e+01 1.0574581715e+05 1.2493951230e+01 1
5120 7.3117150314e-03 1.4280693421e-06 4.0106347092e+01 1.0567739595e+05 1.2425717245e+01 1
5160 7.3688378051e-03 1.4280693421e-06 4.0105623368e+01 1.0561060788e+05 1.2362064378e+01 1
5200 7.4259605788e-03 1.4280693421e-06 4.0104888371e+01 1.0554539895e+05 1.2296368271e+01 1
5240 7.4830833525e-03 1.4280693421e-06 4.0104142854e+01 1.0548184739e+05 1.2232576816e+01 1
5280 7.5402061261e-03 1.4280693421e-06 4.0103386828e+01 1.0541980428e+05 1.2172029797e+01 1
5320 7.5973288998e-03 1.4280693421e-06 4.0102620084e+01 1.0535922266e+05 1.2111135422e+01 1
5360 7.6544516735e-03 1.4280693421e-06 4.0101843358e+01 1.0530017253e+05 1.2051493067e+01 1
5400 7.7115744472e-03 1.4280693421e-06 4.0101056384e+01 1.0524246686e+05 1.2035432334e+01 1
5440 7.7686972209e-03 1.4280693421e-06 4.0100259750e+01 1.0518623638e+05 1.1936132030e+01 1
5480 7.8258199946e-03 1.4280693421e-06 4.0099453537e+01 1.0513132786e+05 1.1881673162e+01 1
5520 7.8829427682e-03 1.4280693421e-06 4.0098637550e+01 1.0507769677e+05 1.1824473391e+01 1
5560 7.9400655419e-03 1.4280693421e-06 4.0097812484e+01 1.0502541220e+05 1.1771550715e+01 1
5600 7.9971883156e-03 1.4280693421e-06 4.0096978373e+01 1.0497435511e+05 1.1722066561e+01 1
5640 8.0543110893e-03 1.4280693421e-06 4.0096135050e+01 1.0492448598e+05 1.1670559209e+01 1
5680 8.1114338630e-03 1.4280693421e-06 4.0095283187e+01 1.0487586137e+05 1.1620514355e+01 1
5720 8.1685566367e-03 1.4280693421e-06 4.0094422821e+01 1.0482837300e+05 1.1572886671e+01 1
5760 8.2256794103e-03 1.4280693421e-06 4.0093553729e+01 1.0478199728e+05 1.1558910546e+01 1
5800 8.2828021840e-03 1.4280693421e-06 4.0092676754e+01 1.0473675245e+05 1.1477429281e+01 1
5840 8.3399249577e-03 1.4280693421e-06 4.0091791479e+01 1.0469254235e+05 1.1432758490e+01 1
5880 8.3970477314e-03 1.4280693421e-06 4.0090898530e+01 1.0464942928e+05 1.1384540305e+01 1
5920 8.4541705051e-03 1.4280693421e-06 4.0089997941e+01 1.0460731763e+05 1.1343240522e+01 1
5960 8.5112932788e-03 1.4280693421e-06 4.0089089567e+01 1.0456617579e+05 1.1299091502e+01 1
6000 8.5684160524e-03 1.4280693421e-06 4.0088174012e+01 1.0452604817e+05 1.1256612732e+01 1
6040 8.6255388261e-03 1.4280693421e-06 4.0087251308e+01 1.0448684862e+05 1.1216766691e+01 1
6080 8.6826615998e-03 1.4280693421e-06 4.0086321254e+01 1.0444856374e+05 1.1180533105e+01 1
6120 8.7397843735e-03 1.4280693421e-06 4.0085384602e+01 1.0441119056e+05 1.1137003000e+01 1
6160 8.7969071472e-03 1.4280693421e-06 4.0084440971e+01 1.0437467005e+05 1.1099114670e+01 1
6200 8.8540299208e-03 1.4280693421e-06 4.0083490919e+01 1.0433904388e+05 1.1059830287e+01 1
6240 8.9111526945e-03 1.4280693421e-06 4.0082534469e+01 1.0430423653e+05 1.1023838127e+01 1
6280 8.9682754682e-03 1.4280693421e-06 4.0081571426e+01 1.0427022485e+05 1.1094501106e+01 1
6320 9.0253982419e-03 1.4280693421e-06 4.0080602479e+01 1.0423703807e+05 1.0951852733e+01 1
6360 9.0825210156e-03 1.4280693421e-06 4.0079627268e+01 1.0420459030e+05 1.0925884673e+01 1
6400 9.1396437893e-03 1.4280693421e-06 4.0078646301e+01 1.0417293625e+05 1.0883499868e+01 1
6440 9.1967665629e-03 1.4280693421e-06 4.0077659592e+01 1.0414200282e+05 1.0849148716e+01 1
6480 9.2538893366e-03 1.4280693421e-06 4.0076666993e+01 1.0411176966e+05 1.0817534649e+01 1
6520 9.3110121103e-03 1.4280693421e-06 4.0075668991e+01 1.0408226668e+05 1.0785617092e+01 1
6560 9.3681348840e-03 1.4280693421e-06 4.0074665591e+01 1.0405343407e+05 1.0754735008e+01 1
6600 9.4252576577e-03 1.4280693421e-06 4.0073656591e+01 1.0402526262e+05 1.0726965247e+01 1
6640 9.4823804314e-03 1.4280693421e-06 4.0072642605e+01 1.0399774750e+05 1.0693987219e+01 1
6680 9.5395032050e-03 1.4280693421e-06 4.0071623275e+01 1.0397394570e+05 1.0665347793e+01 1
6720 9.5966259787e-03 1.4280693421e-06 4.0070599042e+01 1.0395096524e+05 1.0635461412e+01 1
6760 9.6537487524e-03 1.4280693421e-06 4.0069569894e+01 1.0392851448e+05 1.0607755783e+01 1
6800 9.7108715261e-03 1.4280693421e-06 4.0068535623e+01 1.0390658471e+05 1.0583761038e+01 1
6840 9.7679942998e-03 1.4280693421e-06 4.0067496791e+01 1.0388517327e+05 1.0554652465e+01 1
6880 9.8251170735e-03 1.4280693421e-06 4.0066453039e+01 1.0386424815e+05 1.0529635181e+01 1
6920 9.8822398471e-03 1.4280693421e-06 4.0065404763e+01 1.0384382946e+05 1.0503478134e+01 1
6960 9.9393626208e-03 1.4280693421e-06 4.0064351934e+01 1.0382387694e+05 1.0477297443e+01 1
7000 9.9964853945e-03 1.4280693421e-06 4.0063307197e+01 1.0380438184e+05 1.0454382612e+01 1
7040 1.0053608168e-02 1.4280693421e-06 4.0062580061e+01 1.0378534416e+05 1.0429272293e+01 1
7080 1.0110730942e-02 1.4280693421e-06 4.0061846182e+01 1.0376673338e+05 1.0406615714e+01 1
7120 1.0167853716e-02 1.4280693421e-06 4.0061105849e+01 1.0374856818e+05 1.0384962887e+01 1
7160 1.0224976489e-02 1.4280693421e-06 4.0060358969e+01 1.0373081305e+05 1.0361987787e+01 1
7200 1.0282099263e-02 1.4280693421e-06 4.0059605278e+01 1.0371346044e+05 1.0340800704e+01 1
7240 1.0339222037e-02 1.4280693421e-06 4.0058845178e+01 1.0369650934e+05 1.0318628259e+01 1
7280 1.0396344810e-02 1.4280693421e-06 4.0058078280e+01 1.0367993447e+05 1.0297623612e+01 1
7320 1.0453467584e-02 1.4280693421e-06 4.0057304842e+01 1.0366375047e+05 1.0278270238e+01 1
7360 1.0510590358e-02 1.4280693421e-06 4.0056524762e+01 1.0364792707e+05 1.0258896684e+01 1
7400 1.0567713131e-02 1.4280693421e-06 4.0055737772e+01 1.0363245839e+05 1.0240614358e+01 1
7440 1.0624835905e-02 1.4280693421e-06 4.0054944240e+01 1.0361734097e+05 1.0221765398e+01 1
7480 1.0681958679e-02 1.4280693421e-06 4.0054143739e+01 1.0360255562e+05 1.0203370270e+01 1
7520 1.0739081452e-02 1.4280693421e-06 4.0053336621e+01 1.0358811223e+05 1.0185253542e+01 1
7560 1.0796204226e-02 1.4280693421e-06 4.0052522502e+01 1.0357397891e+05 1.0167267069e+01 1
7600 1.0853327000e-02 1.4280693421e-06 4.0051701602e+01 1.0356017201e+05 1.0151483576e+01 1
7640 1.0910449773e-02 1.4280693421e-06 4.0050873805e+01 1.0354666570e+05 1.0135650075e+01 1
7680 1.0967572547e-02 1.4280693421e-06 4.0050038832e+01 1.0353345451e+05 1.0120115913e+01 1
7720 1.1024695321e-02 1.4280693421e-06 4.0049197011e+01 1.0352053672e+05 1.0104815163e+01 1
7760 1.1081818094e-02 1.4280693421e-06 4.0048347950e+01 1.0350789466e+05 1.0089315649e+01 1
7800 1.1138940868e-02 1.4280693421e-06 4.0047491847e+01 1.0349553829e+05 1.0074259035e+01 1
7840 1.1196063642e-02 1.4280693421e-06 4.0046628429e+01 1.0348343712e+05 1.0059397431e+01 1
7880 1.1253186416e-02 1.4280693421e-06 4.0045757841e+01 1.0347161229e+05 1.0046277613e+01 1
7920 1.1310309189e-02 1.4280693421e-06 4.0044879950e+01 1.0346003534e+05 1.0033359147e+01 1
7960 1.1367431963e-02 1.4280693421e-06 4.0043994465e+01 1.0344870240e+05 1.0024262423e+01 1
8000 1.1424554737e-02 1.4280693421e-06 4.0043101674e+01 1.0343761548e+05 1.0018832088e+01 1
8040 1.1481677510e-02 1.4280693421e-06 4.0042201178e+01 1.0342675611e+05 1.0013406416e+01 1
8080 1.1538800284e-02 1.4280693421e-06 4.0041293138e+01 1.0341613457e+05 1.0007978588e+01 1
8120 1.1595923058e-02 1.4280693421e-06 4.0040377408e+01 1.0340573180e+05 1.0002563084e+01 1
8160 1.1653045831e-02 1.4280693421e-06 4.0039453684e+01 1.0339554322e+05 9.9969941987e+00 1
8200 1.1710168605e-02 1.4280693421e-06 4.0038522227e+01 1.0338556829e+05 9.9949842037e+00 1
8240 1.1767291379e-02 1.4280693421e-06 4.0037582628e+01 1.0337579305e+05 9.9930914457e+00 1
8280 1.1824414152e-02 1.4280693421e-06 4.0036635023e+01 1.0336622525e+05 9.9910222451e+00 1
8320 1.1881536926e-02 1.4280693421e-06 4.0035679247e+01 1.0335684851e+05 9.9888162127e+00 1
8360 1.1938659700e-02 1.4280693421e-06 4.0034714983e+01 1.0334765896e+05 9.9864466035e+00 1
8400 1.1995782473e-02 1.4280693421e-06 4.0033742461e+01 1.0333865516e+05 9.9839428473e+00 1
8440 1.2052905247e-02 1.4280693421e-06 4.0032761224e+01 1.0332982774e+05 9.9835058176e+00 1
8480 1.2110028021e-02 1.4280693421e-06 4.0031771493e+01 1.0332117696e+05 9.9848926214e+00 1
8520 1.2167150794e-02 1.4280693421e-06 4.0030772837e+01 1.0331269054e+05 9.9860246910e+00 1
8560 1.2224273568e-02 1.4280693421e-06 4.0029765358e+01 1.0330437495e+05 9.9868625501e+00 1
8600 1.2281396342e-02 1.4280693421e-06 4.0028748727e+01 1.0329621240e+05 9.9873926526e+00 1
8640 1.2338519116e-02 1.4280693421e-06 4.0027722996e+01 1.0328821201e+05 9.9875914944e+00 1
8680 1.2395641889e-02 1.4280693421e-06 4.0026687964e+01 1.0328035985e+05 9.9874748566e+00 1
8720 1.2452764663e-02 1.4280693421e-06 4.0025643280e+01 1.0327265265e+05 9.9891920354e+00 1
8760 1.2509887437e-02 1.4280693421e-06 4.0024589123e+01 1.0326508972e+05 9.9930211194e+00 1
8800 1.2567010210e-02 1.4280693421e-06 4.0023525004e+01 1.0325766262e+05 1.0003214648e+01 1
8840 1.2624132984e-02 1.4280693421e-06 4.0022451094e+01 1.0325037302e+05 1.0017458013e+01 1
8880 1.2681255758e-02 1.4280693421e-06 4.0021366930e+01 1.0324320945e+05 1.0031268478e+01 1
8920 1.2738378531e-02 1.4280693421e-06 4.0020272564e+01 1.0323617806e+05 1.0048029128e+01 1
8960 1.2795501305e-02 1.4280693421e-06 4.0019167761e+01 1.0322926741e+05 1.0068132611e+01 1
9000 1.2852624079e-02 1.4280693421e-06 4.0018052140e+01 1.0322247448e+05 1.0087710740e+01 1
9040 1.2909746852e-02 1.4280693421e-06 4.0016925842e+01 1.0321579880e+05 1.0106712729e+01 1
9080 1.2966869626e-02 1.4280693421e-06 4.0015788349e+01 1.0320923273e+05 1.0125103111e+01 1
9120 1.3023992400e-02 1.4280693421e-06 4.0014639795e+01 1.0320277865e+05 1.0142833515e+01 1
9160 1.3081115173e-02 1.4280693421e-06 4.0013479687e+01 1.0319642555e+05 1.0159871797e+01 1
9200 1.3138237947e-02 1.4280693421e-06 4.0012308043e+01 1.0319017982e+05 1.0184115126e+01 1
9240 1.3195360721e-02 1.4280693421e-06 4.0011124590e+01 1.0318403097e+05 1.0207720906e+01 1
9280 1.3252483494e-02 1.4280693421e-06 4.0009928913e+01 1.0317797637e+05 1.0230521029e+01 1
9320 1.3309606268e-02 1.4280693421e-06 4.0008721119e+01 1.0317201590e+05 1.0252462131e+01 1
9360 1.3366729042e-02 1.4280693421e-06 4.0007500651e+01 1.0316614335e+05 1.0273513888e+01 1
9400 1.3423851815e-02 1.4280693421e-06 4.0006267604e+01 1.0316035921e+05 1.0293629817e+01 1
9440 1.3480974589e-02 1.4280693421e-06 4.0005021412e+01 1.0315465670e+05 1.0312775626e+01 1
9480 1.3538097363e-02 1.4280693421e-06 4.0003762157e+01 1.0314903750e+05 1.0339122925e+01 1
9520 1.3595220137e-02 1.4280693421e-06 4.0002489265e+01 1.0314349208e+05 1.0364717448e+01 1
9560 1.3652342910e-02 1.4280693421e-06 4.0001202802e+01 1.0313802835e+05 1.0389158318e+01 1
9600 1.3709465684e-02 1.4280693421e-06 3.9999902208e+01 1.0313263190e+05 1.0412410932e+01 1
9640 1.3766588458e-02 1.4280693421e-06 3.9998587437e+01 1.0312731008e+05 1.0434445028e+01 1
9680 1.3823711231e-02 1.4280693421e-06 3.9997258147e+01 1.0312205418e+05 1.0477725532e+01 1
9720 1.3880834005e-02 1.4280693421e-06 3.9995913851e+01 1.0311686193e+05 1.0521964260e+01 1
9760 1.3937956779e-02 1.4280693421e-06 3.9994554591e+01 1.0311173378e+05 1.0564944362e+01 1
9800 1.3995079552e-02 1.4280693421e-06 3.9993179734e+01 1.0310666379e+05 1.0614005010e+01 1
9840 1.4052202326e-02 1.4280693421e-06 3.9991789307e+01 1.0310165406e+05 1.0667509704e+01 1
9880 1.4109325100e-02 1.4280693421e-06 3.9990382689e+01 1.0309669657e+05 1.0719482312e+01 1
9920 1.4166447873e-02 1.4280693421e-06 3.9988959788e+01 1.0309179611e+05 1.0769830505e+01 1
9960 1.4223570647e-02 1.4280693421e-06 3.9987520200e+01 1.0308694523e+05 1.0818483477e+01 1
10000 1.4280693421e-02 1.4280693421e-06 3.9986063379e+01 1.0308214173e+05 1.0865366802e+01 1
10040 1.4337816194e-02 1.4280693421e-06 3.9984589313e+01 1.0307738625e+05 1.0915801644e+01 1
10080 1.4394938968e-02 1.4280693421e-06 3.9983097308e+01 1.0307267376e+05 1.0973751661e+01 1
10120 1.4452061742e-02 1.4280693421e-06 3.9981587337e+01 1.0306800520e+05 1.1029506963e+01 1
10160 1.4509184515e-02 1.4280693421e-06 3.9980058680e+01 1.0306337527e+05 1.1089314058e+01 1
10200 1.4566307289e-02 1.4280693421e-06 3.9978511291e+01 1.0305878545e+05 1.1183388113e+01 1
10240 1.4623430063e-02 1.4280693421e-06 3.9976944425e+01 1.0305422981e+05 1.1269204909e+01 1
10280 1.4680552837e-02 1.4280693421e-06 3.9975358008e+01 1.0304971082e+05 1.1368192084e+01 1
10320 1.4737675610e-02 1.4280693421e-06 3.9973751280e+01 1.0304522066e+05 1.1475930679e+01 1
10360 1.4794798384e-02 1.4280693421e-06 3.9972124158e+01 1.0304076586e+05 1.1561440559e+01 1
10400 1.4851921158e-02 1.4280693421e-06 3.9970475888e+01 1.0303633531e+05 1.1657841256e+01 1
10440 1.4909043931e-02 1.4280693421e-06 3.9968806268e+01 1.0303193561e+05 1.1759275456e+01 1
10480 1.4966166705e-02 1.4280693421e-06 3.9967114755e+01 1.0302755957e+05 1.1860353321e+01 1
10520 1.5023289479e-02 1.4280693421e-06 3.9965400664e+01 1.0302320538e+05 1.1958379531e+01 1
10560 1.5080412252e-02 1.4280693421e-06 3.9963663862e+01 1.0301887424e+05 1.2059778824e+01 1
10600 1.5137535026e-02 1.4280693421e-06 3.9961903485e+01 1.0301456045e+05 1.2151326951e+01 1
10640 1.5194657800e-02 1.4280693421e-06 3.9960119386e+01 1.0301026796e+05 1.2363200982e+01 1
10680 1.5251780573e-02 1.4280693421e-06 3.9958310870e+01 1.0300599090e+05 1.2588785647e+01 1
10720 1.5308903347e-02 1.4280693421e-06 3.9956477395e+01 1.0300172848e+05 1.2823878840e+01 1
10760 1.5366026121e-02 1.4280693421e-06 3.9954618222e+01 1.0299747441e+05 1.3073158298e+01 2
10800 1.5423148894e-02 1.4280693421e-06 3.9952733164e+01 1.0299323820e+05 1.3322253666e+01 2
10840 1.5480271668e-02 1.4280693421e-06 3.9950821273e+01 1.0298900440e+05 1.3624358155e+01 3
10880 1.5537394442e-02 1.4280693421e-06 3.9948882323e+01 1.0298478775e+05 1.3848914523e+01 3
10920 1.5594517215e-02 1.4280693421e-06 3.9946915357e+01 1.0298057158e+05 1.4126045716e+01 4
10960 1.5651639989e-02 1.4280693421e-06 3.9944920032e+01 1.0297636441e+05 1.4412678614e+01 4
11000 1.5708762763e-02 1.4280693421e-06 3.9942895591e+01 1.0297216068e+05 1.4707736472e+01 4
11040 1.5765885536e-02 1.4280693421e-06 3.9940841151e+01 1.0296795555e+05 1.5003491037e+01 5
11080 1.5823008310e-02 1.4280693421e-06 3.9938756459e+01 1.0296375515e+05 1.5308545671e+01 5
11120 1.5880131084e-02 1.4280693421e-06 3.9936640454e+01 1.0295955030e+05 1.5621051551e+01 6
11160 1.5937253858e-02 1.4280693421e-06 3.9934492836e+01 1.0295534773e+05 1.5942427837e+01 6
11200 1.5994376631e-02 1.4280693421e-06 3.9932312478e+01 1.0295113503e+05 1.6285061155e+01 7
11240 1.6051499405e-02 1.4280693421e-06 3.9930099013e+01 1.0294692619e+05 1.6603016538e+01 7
11280 1.6108622179e-02 1.4280693421e-06 3.9927851434e+01 1.0294270800e+05 1.6938294964e+01 7
11320 1.6165744952e-02 1.4280693421e-06 3.9925568735e+01 1.0293847786e+05 1.7273865472e+01 8
11360 1.6222867726e-02 1.4280693421e-06 3.9923250492e+01 1.0293424219e+05 1.7610700175e+01 8
11400 1.6279990500e-02 1.4280693421e-06 3.9920895463e+01 1.0292999155e+05 1.7832597973e+01 9
11440 1.6337113273e-02 1.4280693421e-06 3.9918503307e+01 1.0292573400e+05 1.7868169616e+01 9
11480 1.6394236047e-02 1.4280693421e-06 3.9916072788e+01 1.0292145904e+05 1.7984563976e+01 10
11520 1.6451358821e-02 1.4280693421e-06 3.9913603355e+01 1.0291717365e+05 1.8110052543e+01 10
11560 1.6508481594e-02 1.4280693421e-06 3.9911093518e+01 1.0291286575e+05 1.8517121221e+01 11
11600 1.6565604368e-02 1.4280693421e-06 3.9908542688e+01 1.0290854516e+05 1.9303037230e+01 11
11640 1.6622727142e-02 1.4280693421e-06 3.9905949540e+01 1.0290420199e+05 2.0129996186e+01 11
11680 1.6679849915e-02 1.4280693421e-06 3.9903312884e+01 1.0289983583e+05 2.0983841547e+01 12
11720 1.6736972689e-02 1.4280693421e-06 3.9900631901e+01 1.0289544616e+05 2.1900609243e+01 12
11760 1.6794095463e-02 1.4280693421e-06 3.9897905114e+01 1.0289103318e+05 2.2797287716e+01 13
11800 1.6851218236e-02 1.4280693421e-06 3.9895131752e+01 1.0288659570e+05 2.3741651548e+01 13
11840 1.6908341010e-02 1.4280693421e-06 3.9892310092e+01 1.0288212553e+05 2.4696568689e+01 14
11880 1.6965463784e-02 1.4280693421e-06 3.9889439404e+01 1.0287763139e+05 2.5550520422e+01 14
11920 1.7022586558e-02 1.4280693421e-06 3.9886518123e+01 1.0287310459e+05 2.6634034542e+01 14
11960 1.7079709331e-02 1.4280693421e-06 3.9883544588e+01 1.0286854220e+05 2.7839952261e+01 15
12000 1.7136832105e-02 1.4280693421e-06 3.9880517571e+01 1.0286394661e+05 2.8974084466e+01 15
12040 1.7193954879e-02 1.4280693421e-06 3.9877435073e+01 1.0285930877e+05 3.0238206302e+01 16
12080 1.7251077652e-02 1.4280693421e-06 3.9874295989e+01 1.0285463468e+05 3.1480771021e+01 16
12120 1.7308200426e-02 1.4280693421e-06 3.9871098188e+01 1.0284991750e+05 3.2637933678e+01 17
12160 1.7365323200e-02 1.4280693421e-06 3.9867840436e+01 1.0284515944e+05 3.3797048806e+01 17
12200 1.7422445973e-02 1.4280693421e-06 3.9864520731e+01 1.0284035588e+05 3.4885341795e+01 18
12240 1.7479568747e-02 1.4280693421e-06 3.9861137821e+01 1.0283550948e+05 3.5905228639e+01 18
12280 1.7536691521e-02 1.4280693421e-06 3.9857689593e+01 1.0283061467e+05 3.6894551849e+01 19
12320 1.7593814294e-02 1.4280693421e-06 3.9854174719e+01 1.0282567468e+05 3.7758287640e+01 19
12360 1.7650937068e-02 1.4280693421e-06 3.9850591145e+01 1.0282068464e+05 3.8572983735e+01 20
12400 1.7708059842e-02 1.4280693421e-06 3.9846937408e+01 1.0281564629e+05 3.9302440447e+01 20
12440 1.7765182615e-02 1.4280693421e-06 3.9843211198e+01 1.0281055500e+05 3.9885459785e+01 21
12480 1.7822305389e-02 1.4280693421e-06 3.9839410790e+01 1.0280541108e+05 4.0494226236e+01 21
12520 1.7879428163e-02 1.4280693421e-06 3.9835532573e+01 1.0280019884e+05 4.0991510100e+01 22
12560 1.7936550936e-02 1.4280693421e-06 3.9831574256e+01 1.0328457643e+05 4.2064197375e+01 22
12600 1.7993673710e-02 1.4280693421e-06 3.9827532841e+01 1.0503266315e+05 4.5065860680e+01 23
12640 1.8050796484e-02 1.4280693421e-06 3.9823406370e+01 1.0678803422e+05 4.8129629929e+01 23
12680 1.8107919257e-02 1.4280693421e-06 3.9819191924e+01 1.0854316431e+05 5.0929610672e+01 24
12720 1.8165042031e-02 1.4280693421e-06 3.9814887735e+01 1.1028972224e+05 5.3884095004e+01 24
12760 1.8222164805e-02 1.4280693421e-06 3.9810519126e+01 1.1201890516e+05 5.6876243713e+01 25
12800 1.8279287579e-02 1.4280693421e-06 3.9807120444e+01 1.1372046451e+05 5.9813052462e+01 25
12840 1.8336410352e-02 1.4280693421e-06 3.9803653095e+01 1.1538509924e+05 6.2771218971e+01 26
12880 1.8393533126e-02 1.4280693421e-06 3.9800115698e+01 1.1700132025e+05 6.5731782703e+01 26
12920 1.8450655900e-02 1.4280693421e-06 3.9796506153e+01 1.1855889548e+05 6.8651633145e+01 27
12960 1.8507778673e-02 1.4280693421e-06 3.9792822894e+01 1.2004623539e+05 7.1504327729e+01 28
13000 1.8564901447e-02 1.4280693421e-06 3.9789064376e+01 1.2145146651e+05 7.4304537728e+01 28
13040 1.8622024221e-02 1.4280693421e-06 3.9785228265e+01 1.2276455731e+05 7.7008455644e+01 28
13080 1.8679146994e-02 1.4280693421e-06 3.9781312264e+01 1.2397623830e+05 7.9492905229e+01 29
13120 1.8736269768e-02 1.4280693421e-06 3.9777314586e+01 1.2507575004e+05 8.1881567887e+01 29
13160 1.8793392542e-02 1.4280693421e-06 3.9773232715e+01 1.2605312400e+05 8.4084987788e+01 30
13200 1.8850515315e-02 1.4280693421e-06 3.9769065250e+01 1.2689810157e+05 8.5956002640e+01 30
13240 1.8907638089e-02 1.4280693421e-06 3.9764809335e+01 1.2760238391e+05 8.7688098531e+01 31
13280 1.8964760863e-02 1.4280693421e-06 3.9760462137e+01 1.2815834382e+05 8.9159185054e+01 31
13320 1.9021883636e-02 1.4280693421e-06 3.9756017039e+01 1.3146068925e+05 9.0724892615e+01 32
13360 1.9079006410e-02 1.4280693421e-06 3.9751469035e+01 1.3531199697e+05 9.1990523308e+01 32
13400 1.9136129184e-02 1.4280693421e-06 3.9746813646e+01 1.3920115764e+05 9.2811722652e+01 33
13440 1.9193251957e-02 1.4280693421e-06 3.9742048103e+01 1.4311323038e+05 9.3169719001e+01 33
13480 1.9250374731e-02 1.4280693421e-06 3.9737168931e+01 1.4701891771e+05 9.2934244812e+01 34
13520 1.9307497505e-02 1.4280693421e-06 3.9732173021e+01 1.5090296922e+05 9.2208807982e+01 34
13560 1.9364620279e-02 1.4280693421e-06 3.9727055728e+01 1.5473524650e+05 9.6523947191e+01 35
13600 1.9421743052e-02 1.4280693421e-06 3.9721813592e+01 1.5848824233e+05 1.0183284421e+02 36
13640 1.9478865826e-02 1.4280693421e-06 3.9716442813e+01 1.6213401557e+05 1.0709423600e+02 36
13680 1.9535988600e-02 1.4280693421e-06 3.9710939426e+01 1.6564061448e+05 1.1221016187e+02 37
13720 1.9593111373e-02 1.4280693421e-06 3.9705299821e+01 1.6897642273e+05 1.1756970196e+02 37
13760 1.9650234147e-02 1.4280693421e-06 3.9699519737e+01 1.7210000437e+05 1.2254026002e+02 37
13800 1.9707356921e-02 1.4280693421e-06 3.9693595135e+01 1.7498670615e+05 1.2719827410e+02 38
13840 1.9764479694e-02 1.4280693421e-06 3.9687523115e+01 1.7760910945e+05 1.3174933550e+02 38
13880 1.9821602468e-02 1.4280693421e-06 3.9681298483e+01 1.7994239711e+05 1.3619300009e+02 39
13920 1.9878725242e-02 1.4280693421e-06 3.9674917995e+01 1.8196037351e+05 1.4023214673e+02 39
13960 1.9935848015e-02 1.4280693421e-06 3.9668379083e+01 1.8364671793e+05 1.4386374505e+02 39
14000 1.9992970789e-02 1.4280693421e-06 3.9661679714e+01 1.8498418176e+05 1.4715998921e+02 40
14040 2.0050093563e-02 1.4280693421e-06 3.9654818767e+01 1.8595710090e+05 1.5018863777e+02 40
14080 2.0107216336e-02 1.4280693421e-06 3.9647794382e+01 1.8655202182e+05 1.5281018460e+02 41
14120 2.0164339110e-02 1.4280693421e-06 3.9640607421e+01 1.8675928330e+05 1.5511394246e+02 41
14160 2.0221461884e-02 1.4280693421e-06 4.0132737518e+01 1.8658446223e+05 1.5719306346e+02 41
14200 2.0278584657e-02 1.4280693421e-06 4.0800639247e+01 1.8602972346e+05 1.5882870394e+02 42
14240 2.0335707431e-02 1.4280693421e-06 4.1428029530e+01 1.8510105730e+05 1.6022290440e+02 42
14280 2.0392830205e-02 1.4280693421e-06 4.1977466458e+01 1.8380009340e+05 1.6111128383e+02 42
14320 2.0449952978e-02 1.4280693421e-06 4.2440175306e+01 1.8925733538e+05 1.6239574167e+02 43
14360 2.0507075752e-02 1.4280693421e-06 4.2883115843e+01 1.9607121347e+05 1.6298389317e+02 44
14400 2.0564198526e-02 1.4280693421e-06 4.3310166933e+01 2.0284734490e+05 1.6141306894e+02 44
14440 2.0621321300e-02 1.4280693421e-06 4.3629208241e+01 2.0955640053e+05 1.5929056686e+02 45
14480 2.0678444073e-02 1.4280693421e-06 4.3832365511e+01 2.1615283516e+05 1.5628642561e+02 45
14520 2.0735566847e-02 1.4280693421e-06 4.3931861930e+01 2.2259928568e+05 1.5194951494e+02 45
14560 2.0792689621e-02 1.4280693421e-06 4.4050075189e+01 2.2884627469e+05 1.4646842763e+02 46
14600 2.0849812394e-02 1.4280693421e-06 4.4039396057e+01 2.3483332949e+05 1.3973604777e+02 46
14640 2.0906935168e-02 1.4280693421e-06 4.3895788058e+01 2.4049548005e+05 1.4075576094e+02 47
14680 2.0964057942e-02 1.4280693421e-06 4.3616423324e+01 2.4576361066e+05 1.4379419043e+02 47
14720 2.1021180715e-02 1.4280693421e-06 4.3340051894e+01 2.5056744690e+05 1.4709979948e+02 48
14760 2.1078303489e-02 1.4280693421e-06 4.2955777767e+01 2.5485031720e+05 1.5165350238e+02 48
14800 2.1135426263e-02 1.4280693421e-06 4.2436336899e+01 2.5854383210e+05 1.5561457103e+02 49
14840 2.1192549036e-02 1.4280693421e-06 4.1785074297e+01 2.6160070154e+05 1.5945526633e+02 49
14880 2.1249671810e-02 1.4280693421e-06 4.1130753476e+01 2.6399988219e+05 1.6318352473e+02 50
14920 2.1306794584e-02 1.4280693421e-06 4.0993915822e+01 2.6572677520e+05 1.6686139417e+02 50
14960 2.1363917357e-02 1.4280693421e-06 4.1093303629e+01 2.6678374780e+05 1.7054810257e+02 51
15000 2.1421040131e-02 1.4280693421e-06 4.1131580272e+01 2.6718489523e+05 1.7404171413e+02 51
15040 2.1478162905e-02 1.4280693421e-06 4.1172299545e+01 2.6694386425e+05 1.7720658222e+02 52
15080 2.1535285678e-02 1.4280693421e-06 4.1694433717e+01 2.6608284258e+05 1.8025851051e+02 52
15120 2.1592408452e-02 1.4280693421e-06 4.2758786753e+01 2.6462993519e+05 1.8303443267e+02 52
15160 2.1649531226e-02 1.4280693421e-06 4.3741231066e+01 2.6261947046e+05 1.8566865256e+02 53
15200 2.1706654000e-02 1.4280693421e-06 4.4764480003e+01 2.6009237609e+05 1.8780743762e+02 53
15240 2.1763776773e-02 1.4280693421e-06 4.5703721161e+01 2.5710245909e+05 1.8945384083e+02 53
15280 2.1820899547e-02 1.4280693421e-06 4.6536628350e+01 2.5368758788e+05 1.9074435431e+02 54
15320 2.1878022321e-02 1.4280693421e-06 4.7258772650e+01 2.4989021355e+05 1.9125300146e+02 54
15360 2.1935145094e-02 1.4280693421e-06 4.7905733569e+01 2.4575147027e+05 1.9099981149e+02 55
15400 2.1992267868e-02 1.4280693421e-06 4.8521795080e+01 2.4130455869e+05 1.8805320220e+02 55
15440 2.2049390642e-02 1.4280693421e-06 4.9015927211e+01 2.3658805565e+05 1.8533039699e+02 56
15480 2.2106513415e-02 1.4280693421e-06 4.9389280189e+01 2.3522802185e+05 1.8235135004e+02 56
15520 2.2163636189e-02 1.4280693421e-06 4.9643085264e+01 2.4277251724e+05 1.7822189206e+02 57
15560 2.2220758963e-02 1.4280693421e-06 4.9779185804e+01 2.5014087489e+05 1.7307663388e+02 58
15600 2.2277881736e-02 1.4280693421e-06 4.9880086627e+01 2.5726980169e+05 1.6648329805e+02 58
15640 2.2335004510e-02 1.4280693421e-06 4.9891918056e+01 2.6409878485e+05 1.5855452649e+02 59
15680 2.2392127284e-02 1.4280693421e-06 4.9790210172e+01 2.7058014230e+05 1.4942807314e+02 59
15720 2.2449250057e-02 1.4280693421e-06 4.9577783859e+01 2.7666021226e+05 1.3922926393e+02 60
15760 2.2506372831e-02 1.4280693421e-06 4.9257471265e+01 2.8228809215e+05 1.3886015451e+02 61
15800 2.2563495605e-02 1.4280693421e-06 4.8846897319e+01 2.8741037281e+05 1.3884767062e+02 61
15840 2.2620618378e-02 1.4280693421e-06 4.8429756496e+01 2.9195820571e+05 1.3839933490e+02 62
15880 2.2677741152e-02 1.4280693421e-06 4.7911872753e+01 2.9589623939e+05 1.3738786869e+02 63
15920 2.2734863926e-02 1.4280693421e-06 4.7296934303e+01 2.9923000205e+05 1.3594539836e+02 63
15960 2.2791986699e-02 1.4280693421e-06 4.6588483615e+01 3.0194096895e+05 1.3409261720e+02 64
16000 2.2849109473e-02 1.4280693421e-06 4.5831753726e+01 3.0401616445e+05 1.3194913314e+02 65
16040 2.2906232247e-02 1.4280693421e-06 4.5071787546e+01 3.0544418194e+05 1.3428893490e+02 65
16080 2.2963355021e-02 1.4280693421e-06 4.4231561168e+01 3.0622605068e+05 1.4169574774e+02 66
16120 2.3020477794e-02 1.4280693421e-06 4.4243599918e+01 3.0637291981e+05 1.4947559162e+02 67
16160 2.3077600568e-02 1.4280693421e-06 4.4312418582e+01 3.0590834195e+05 1.5729471718e+02 67
16200 2.3134723342e-02 1.4280693421e-06 4.4584289829e+01 3.0486225931e+05 1.6511441393e+02 68
16240 2.3191846115e-02 1.4280693421e-06 4.4753706845e+01 3.0327205193e+05 1.7273594734e+02 68
16280 2.3248968889e-02 1.4280693421e-06 4.4736055639e+01 3.0117543011e+05 1.8051869480e+02 69
16320 2.3306091663e-02 1.4280693421e-06 4.4969817368e+01 2.9861114493e+05 1.8717818164e+02 70
16360 2.3363214436e-02 1.4280693421e-06 4.5063976155e+01 2.9559846754e+05 1.9270562433e+02 70
16400 2.3420337210e-02 1.4280693421e-06 4.4977526270e+01 2.9217027889e+05 1.9773039981e+02 71
16440 2.3477459984e-02 1.4280693421e-06 4.5159611286e+01 2.8836699267e+05 2.0219715026e+02 72
16480 2.3534582757e-02 1.4280693421e-06 4.5207758137e+01 2.8422209692e+05 2.0601876809e+02 73
16520 2.3591705531e-02 1.4280693421e-06 4.5093353014e+01 2.7976018104e+05 2.0838277550e+02 73
16560 2.3648828305e-02 1.4280693421e-06 4.5345853600e+01 2.7500341964e+05 2.0964525274e+02 74
16600 2.3705951078e-02 1.4280693421e-06 4.5904210316e+01 2.6997915513e+05 2.0973458543e+02 75
16640 2.3763073852e-02 1.4280693421e-06 4.6441790202e+01 2.6471304061e+05 2.0826191647e+02 76
16680 2.3820196626e-02 1.4280693421e-06 4.6958249793e+01 2.5923040949e+05 2.0545738899e+02 76
16720 2.3877319399e-02 1.4280693421e-06 4.7453315127e+01 2.5355420342e+05 2.0644241777e+02 77
16760 2.3934442173e-02 1.4280693421e-06 4.7926867903e+01 2.4769333004e+05 2.1660091991e+02 78
16800 2.3991564947e-02 1.4280693421e-06 4.8378922979e+01 2.4726751098e+05 2.2614252061e+02 78
16840 2.4048687720e-02 1.4280693421e-06 4.8809263432e+01 2.5475569211e+05 2.3434176175e+02 79
16880 2.4105810494e-02 1.4280693421e-06 4.9217407716e+01 2.6183511173e+05 2.3917058703e+02 80
16920 2.4162933268e-02 1.4280693421e-06 4.9603091680e+01 2.6847121278e+05 2.4161123734e+02 81
16960 2.4220056042e-02 1.4280693421e-06 4.9966367895e+01 2.7463033432e+05 2.4149398108e+02 82
17000 2.4277178815e-02 1.4280693421e-06 5.0307269399e+01 2.8028358549e+05 2.4721855598e+02 82
17040 2.4334301589e-02 1.4280693421e-06 5.0625598856e+01 2.8538978747e+05 2.8080170752e+02 83
17080 2.4391424363e-02 1.4280693421e-06 5.0921298884e+01 2.8986289381e+05 2.9903600767e+02 84
17120 2.4448547136e-02 1.4280693421e-06 5.1194613634e+01 2.9372941313e+05 3.2869740301e+02 84
17160 2.4505669910e-02 1.4280693421e-06 5.1446412027e+01 2.9698892406e+05 3.2410135744e+02 85
17200 2.4562792684e-02 1.4280693421e-06 5.1676696546e+01 2.9963872420e+05 3.3499399103e+02 86
17240 2.4619915457e-02 1.4280693421e-06 5.1886429412e+01 3.0167367838e+05 3.1428497026e+02 86
17280 2.4677038231e-02 1.4280693421e-06 5.2077176173e+01 3.0308715051e+05 2.9780982788e+02 87
17320 2.4734161005e-02 1.4280693421e-06 5.2301007456e+01 3.0387966418e+05 3.1970359907e+02 88
17360 2.4791283778e-02 1.4280693421e-06 5.2540889882e+01 3.0404715883e+05 3.3979900920e+02 89
17400 2.4848406552e-02 1.4280693421e-06 5.2764365948e+01 3.0360734288e+05 3.5787801425e+02 91
17440 2.4905529326e-02 1.4280693421e-06 5.2971527844e+01 3.0259897291e+05 3.7228325115e+02 92
17480 2.4962652099e-02 1.4280693421e-06 5.3162446659e+01 3.0105773981e+05 3.8107840561e+02 93
17520 2.5019774873e-02 1.4280693421e-06 5.3337095188e+01 2.9902055983e+05 4.3726099349e+02 94
17560 2.5076897647e-02 1.4280693421e-06 5.3508037069e+01 2.9652418522e+05 5.2892443946e+02 95
17600 2.5134020420e-02 1.4280693421e-06 5.3771492686e+01 2.9360610313e+05 5.9958585697e+02 96
17640 2.5191143194e-02 1.4280693421e-06 5.4017782687e+01 2.9030373503e+05 6.3661360635e+02 97
17680 2.5248265968e-02 1.4280693421e-06 5.4242822687e+01 2.8665232546e+05 6.8806298876e+02 97
17720 2.5305388742e-02 1.4280693421e-06 5.4442625297e+01 2.8267884875e+05 6.9261401023e+02 98
17760 2.5362511515e-02 1.4280693421e-06 5.4724052907e+01 2.7840942908e+05 6.1993528095e+02 99
17800 2.5419634289e-02 1.4280693421e-06 5.5061503350e+01 2.7387662572e+05 5.5473485046e+02 100
17840 2.5476757063e-02 1.4280693421e-06 5.5927043077e+01 2.6912134597e+05 4.8024318343e+02 101
17880 2.5533879836e-02 1.4280693421e-06 5.6775587172e+01 2.6417367606e+05 5.1919232755e+02 102
17920 2.5591002610e-02 1.4280693421e-06 5.7670134133e+01 2.5906444757e+05 5.5289790526e+02 105
17960 2.5648125384e-02 1.4280693421e-06 5.8123799998e+01 2.5381160013e+05 6.5222768794e+02 108
18000 2.5705248157e-02 1.4280693421e-06 5.8179082372e+01 2.4844091049e+05 8.6611294089e+02 111
18040 2.5762370931e-02 1.4280693421e-06 5.8576422847e+01 2.5484281331e+05 1.0809466790e+03 113
18080 2.5819493705e-02 1.4280693421e-06 5.8457182413e+01 2.7945487546e+05 1.2733247906e+03 114
18120 2.5876616478e-02 1.4280693421e-06 5.8059431700e+01 3.0193702005e+05 1.3975692111e+03 114
18160 2.5933739252e-02 1.4280693421e-06 5.8079633976e+01 3.2061156615e+05 1.4155276133e+03 114
18200 2.5990862026e-02 1.4280693421e-06 5.7821618402e+01 3.3381910563e+05 1.3524777566e+03 112
18240 2.6047984799e-02 1.4280693421e-06 5.9792649637e+01 3.3946474652e+05 1.1182100991e+03 113
18280 2.6105107573e-02 1.4280693421e-06 6.1619847175e+01 3.3540247581e+05 8.3909967458e+02 116
18320 2.6162230347e-02 1.4280693421e-06 6.3189361054e+01 3.1890455585e+05 7.8237459137e+02 120
18360 2.6219353120e-02 1.4280693421e-06 6.4362182588e+01 2.8694037893e+05 7.9422265497e+02 126
18400 2.6276475894e-02 1.4280693421e-06 6.5484075273e+01 3.0969610810e+05 1.2360266999e+03 131
18440 2.6333598668e-02 1.4280693421e-06 6.6361507304e+01 3.3148537185e+05 1.7345808298e+03 135
18480 2.6390721441e-02 1.4280693421e-06 6.6706854794e+01 3.5143571756e+05 2.1986852669e+03 136
18520 2.6447844215e-02 1.4280693421e-06 6.6514331526e+01 3.7236823858e+05 2.5194575964e+03 136
18560 2.6504966989e-02 1.4280693421e-06 6.5998265208e+01 4.0001781363e+05 2.6178292156e+03 132
18600 2.6562089763e-02 1.4280693421e-06 6.6828724956e+01 4.1815533238e+05 2.4149650613e+03 128
18640 2.6619212536e-02 1.4280693421e-06 6.9127601722e+01 4.3335812612e+05 1.8674314557e+03 127
18680 2.6676335310e-02 1.4280693421e-06 7.0932071115e+01 4.6053013899e+05 1.3540166548e+03 129
18720 2.6733458084e-02 1.4280693421e-06 7.2158815595e+01 4.9052042201e+05 1.2283679573e+03 136
18760 2.6790580857e-02 1.4280693421e-06 7.3375767036e+01 5.1947037688e+05 1.4397859348e+03 143
18800 2.6847703631e-02 1.4280693421e-06 7.3769259141e+01 5.4444456676e+05 2.1593319852e+03 151
18840 2.6904826405e-02 1.4280693421e-06 7.9006256355e+01 5.6173247363e+05 2.8631316184e+03 154
18880 2.6961949178e-02 1.4280693421e-06 8.4396218302e+01 5.6783374644e+05 3.4590827021e+03 154
18920 2.7019071952e-02 1.4280693421e-06 9.0211038995e+01 5.6131539655e+05 3.7446763666e+03 149
18960 2.7076194726e-02 1.4280693421e-06 9.6120762526e+01 5.9083457621e+05 3.3411489062e+03 139
19000 2.7133317499e-02 1.4280693421e-06 1.0078462029e+02 6.4357673410e+05 2.6431726929e+03 132
19040 2.7190440273e-02 1.4280693421e-06 1.0333254491e+02 7.0583593315e+05 2.5063916489e+03 130
19080 2.7247563047e-02 1.4280693421e-06 1.0360783578e+02 7.7219217691e+05 2.9546980710e+03 132
19120 2.7304685820e-02 1.4280693421e-06 1.0107489921e+02 8.2978344831e+05 3.4042341487e+03 139
19160 2.7361808594e-02 1.4280693421e-06 9.6716921103e+01 8.7056881224e+05 3.6750843616e+03 145
19200 2.7418931368e-02 1.4280693421e-06 1.0215012989e+02 8.9087692167e+05 3.6201930175e+03 147
19240 2.7476054141e-02 1.4280693421e-06 1.1083735964e+02 1.0294111215e+06 4.1740612344e+03 159
19280 2.7533176915e-02 1.4280693421e-06 1.2397815210e+02 1.1165639924e+06 4.6770125421e+03 176
19320 2.7590299689e-02 1.4280693421e-06 1.3308536103e+02 1.1066828321e+06 4.6676366548e+03 180
19360 2.7647422463e-02 1.4280693421e-06 1.4629835359e+02 9.3416906123e+05 5.0137999821e+03 180
19400 2.7704545236e-02 1.4280693421e-06 1.7165475804e+02 8.4905560126e+05 1.0429578702e+04 180
19440 2.7761668010e-02 1.4280693421e-06 1.9498093411e+02 9.6115336738e+05 1.6942151883e+04 180
19480 2.7818790784e-02 1.4280693421e-06 2.1455364222e+02 1.4706760442e+06 2.2429733407e+04 180
19520 2.7875913557e-02 1.4280693421e-06 2.2690536600e+02 2.2742581805e+06 2.2690611903e+04 148
19560 2.7933036331e-02 1.4280693421e-06 2.3071473220e+02 3.1336749510e+06 1.5975960089e+04 180
19600 2.7990159105e-02 1.4280693421e-06 2.2544461198e+02 3.5049442401e+06 7.9373860819e+03 180
19640 2.8047281878e-02 1.4280693421e-06 2.1310377462e+02 3.4343316771e+06 9.0598425157e+03 180
19680 2.8104404652e-02 1.4280693421e-06 1.9708991552e+02 3.0784081678e+06 1.2506247138e+04 180
19720 2.8161527426e-02 1.4280693421e-06 1.8158143129e+02 2.5637453492e+06 1.6113436258e+04 144
19760 2.8218650199e-02 1.4280693421e-06 1.6943540586e+02 1.9864619908e+06 1.7180559838e+04 132
19800 2.8275772973e-02 1.4280693421e-06 1.6856827049e+02 1.4308150000e+06 1.6018867983e+04 138
19840 2.8332895747e-02 1.4280693421e-06 1.6946615931e+02 1.7623244220e+06 1.3610545607e+04 164
19880 2.8390018520e-02 1.4280693421e-06 1.6698374844e+02 2.3011773186e+06 1.0550602229e+04 180
19920 2.8447141294e-02 1.4280693421e-06 1.6069677677e+02 2.6379876489e+06 6.1862911512e+03 180
19960 2.8504264068e-02 1.4280693421e-06 1.7687081608e+02 2.7477406772e+06 6.0426499392e+03 180
20000 2.8561386841e-02 1.4280693421e-06 1.9847936521e+02 2.6803680405e+06 7.1491256858e+03 180
20040 2.8618509615e-02 1.4280693421e-06 2.1061698042e+02 2.4918006633e+06 8.4537138538e+03 180
20080 2.8675632389e-02 1.4280693421e-06 2.1739408822e+02 2.2336301264e+06 9.9029466026e+03 180
20120 2.8732755162e-02 1.4280693421e-06 2.2091632660e+02 1.9242431181e+06 9.9664268022e+03 180
20160 2.8789877936e-02 1.4280693421e-06 2.2087747423e+02 1.7193004568e+06 7.6007035584e+03 180
20200 2.8847000710e-02 1.4280693421e-06 2.1678925475e+02 1.6797434071e+06 1.1261062989e+04 180
20240 2.8904123484e-02 1.4280693421e-06 2.0427060647e+02 1.1838415657e+06 1.7740397955e+04 180
20280 2.8961246257e-02 1.4280693421e-06 2.1921408761e+02 1.9036008224e+06 2.9938295026e+04 180
20320 2.9018369031e-02 1.4280693421e-06 2.6224343185e+02 2.1533659242e+06 2.7813253327e+04 131
20360 2.9075491805e-02 1.4280693421e-06 2.9222340010e+02 2.8227284924e+06 2.7589199732e+04 180
20400 2.9132614578e-02 1.4280693421e-06 2.9915011196e+02 3.9363296606e+06 2.3681947112e+04 180
20440 2.9189737352e-02 1.4280693421e-06 3.0005016414e+02 4.1955303233e+06 2.0523374809e+04 180
20480 2.9246860126e-02 1.4280693421e-06 4.5987131372e+02 2.8796898617e+06 8.8408609426e+04 180
20520 2.9303982899e-02 1.4280693421e-06 6.3440502568e+02 8.0664489563e+06 2.2227932035e+05 180
20560 2.9361105673e-02 1.4280693421e-06 6.5772895440e+02 1.7063122830e+07 1.3704565084e+05 180
20600 2.9418228447e-02 1.4280693421e-06 5.7817517777e+02 1.3676552669e+07 1.7687228485e+05 180
20640 2.9475351220e-02 1.4280693421e-06 6.3435758215e+02 8.3142267291e+06 4.9694199937e+05 180
20680 2.9532473994e-02 1.4280693421e-06 5.9900415657e+02 1.8960564275e+07 1.9039103191e+05 180
20720 2.9584285073e-02 9.8506723148e-07 1.0977937862e+03 1.2720031829e+07 7.0471033909e+05 180
20760 2.9617172491e-02 7.7056889874e-07 1.2342087597e+03 6.5968289294e+07 7.0856657672e+05 180
20800 2.9649400748e-02 6.9623573663e-07 1.5626799964e+03 3.8141535712e+07 7.2319108946e+05 180
20840 2.9673377819e-02 5.5313641396e-07 1.9911924053e+03 7.0666685668e+07 1.4778004454e+06 180
20880 2.9695629169e-02 5.9844457762e-07 1.8475221687e+03 1.3905416456e+08 7.0097251862e+05 180
20920 2.9720644528e-02 6.1737890749e-07 1.6647843360e+03 6.3040581758e+07 2.0458896538e+06 180
20960 2.9745848325e-02 6.4247077583e-07 1.5786191054e+03 9.6307049104e+07 6.1772903734e+05 180
21000 2.9769825654e-02 6.1284265213e-07 1.6714039787e+03 6.3445738433e+07 6.3470264590e+05 180
21040 2.9793907252e-02 5.9436970844e-07 2.1551257091e+03 7.6308818158e+07 6.3683836696e+05 180
21080 2.9816809986e-02 6.2103969461e-07 1.9473100257e+03 6.2802377018e+07 1.9263460604e+06 180
21120 2.9839696020e-02 4.8814434687e-07 1.9815637626e+03 8.5591025790e+07 1.4196659495e+06 180
21160 2.9854874017e-02 2.4694588221e-07 5.4529726172e+03 6.3272037086e+07 2.2247999513e+06 180
21200 2.9861929873e-02 1.2760859355e-07 9.4100285477e+03 5.5083638031e+08 4.4476876305e+06 180
21240 2.9866395564e-02 1.0026984865e-07 1.1901815962e+04 1.1916173403e+09 1.8270679500e+06 180
21280 2.9869503016e-02 6.7432604988e-08 1.6200417017e+04 5.7510895918e+08 5.6310035292e+06 180
21320 2.9872164225e-02 7.2021850158e-08 1.6912588939e+04 2.3203304886e+09 1.6366439750e+07 180
21360 2.9874775752e-02 4.5808743656e-08 2.6799916661e+04 1.6316542296e+09 2.5050487148e+07 180
21400 2.9876192265e-02 2.9201574463e-08 3.7807787252e+04 4.6051973099e+09 1.3505740015e+07 180
21440 2.9877272046e-02 2.3172711470e-08 5.0913209564e+04 6.8871781989e+09 1.7983354694e+07 180
21480 2.9878110225e-02 1.9515066030e-08 5.4975677583e+04 7.2948031478e+09 2.6947872225e+07 180
21520 2.9878795323e-02 1.3838947793e-08 7.6197847305e+04 6.5455535059e+09 1.8130044506e+07 180
21560 2.9879281592e-02 1.1191290190e-08 9.7853999559e+04 3.5629686640e+09 1.7258279120e+07 180
21600 2.9879760718e-02 1.3790109454e-08 9.1656293997e+04 6.9134319675e+09 9.4066131023e+07 180
21640 2.9880356306e-02 1.0903643007e-08 1.2226055920e+05 9.4766959551e+09 8.7011284173e+07 180
21680 2.9880646579e-02 5.0342281596e-09 2.2272598081e+05 1.8586298039e+10 1.3373256818e+08 180
21720 2.9880806569e-02 2.9019357044e-09 4.3035560072e+05 3.7176895145e+10 6.8286673138e+07 180
21760 2.9880887568e-02 1.5556159978e-09 7.3336289396e+05 4.0970732089e+10 9.3911034312e+07 180
21800 2.9880944186e-02 1.3765390842e-09 8.6027662974e+05 1.0547461527e+11 4.5493121129e+08 180
21840 2.9881001032e-02 1.3938050865e-09 7.6397973583e+05 1.3017317679e+11 3.6191789617e+08 180
21880 2.9881054568e-02 1.3644267749e-09 7.9119271749e+05 4.9616249794e+10 3.9779003781e+08 180
21920 2.9881104104e-02 1.0000000000e-09 1.2039154687e+06 1.0899325802e+11 4.4654647437e+08 180
21960 2.9881144104e-02 1.0000000000e-09 1.9117188839e+06 3.1222944454e+11 2.1672286522e+09 180
22000 2.9881184104e-02 1.0000000000e-09 1.9457008975e+06 3.7304768062e+11 2.6853376013e+09 180
22040 2.9881224104e-02 1.0000000000e-09 3.9682264446e+06 5.3834968622e+11 7.5426851418e+09 180
22080 2.9881264104e-02 1.0000000000e-09 1.5922752856e+07 5.6478076541e+11 3.1283153561e+10 180
22120 2.9931251531e-02 1.4280693421e-06 2.0000000000e+01 0.0000000000e+00 0.0000000000e+00 1
22160 2.9988374305e-02 1.4280693421e-06 2.0000000000e+01 0.0000000000e+00 0.0000000000e+00 1
22200 3.0045497079e-02 1.4280693421e-06 2.0000000000e+01 0.0000000000e+00 0.0000000000e+00 1
22240 3.0102619852e-02 1.4280693421e-06 2.0000000000e+01 0.0000000000e+00 0.0000000000e+00 1
22280 3.0159742626e-02 1.4280693421e-06 2.0000000000e+01 0.0000000000e+00 0.0000000000e+00 1
22320 3.0216865400e-02 1.4280693421e-06 2.0000000000e+01 0.0000000000e+00 0.0000000000e+00 1
22360 3.0273988173e-02 1.4280693421e-06 2.0000000000e+01 0.0000000000e+00 0.0000000000e+00 1
22400 3.0331110947e-02 1.4280693421e-06 2.0000000000e+01 0.0000000000e+00 0.0000000000e+00 1
22440 3.0388233721e-02 1.4280693421e-06 2.0000000000e+01 0.0000000000e+00 0.0000000000e+00 1
22480 3.0445356494e-02 1.4280693421e-06 2.0000000000e+01 0.0000000000e+00 0.0000000000e+00 1
22520 3.0502479268e-02 1.4280693421e-06 2.0000000000e+01 0.0000000000e+00 0.0000000000e+00 1
22560 3.0559602042e-02 1.4280693421e-06 2.0000000000e+01 0.0000000000e+00 0.0000000000e+00 1
22600 3.0616724816e-02 1.4280693421e-06 2.0000000000e+01 0.0000000000e+00 0.0000000000e+00 1
22640 3.0673847589e-02 1.4280693421e-06 2.0000000000e+01 0.0000000000e+00 0.0000000000e+00 1
22680 3.0730970363e-02 1.4280693421e-06 2.0000000000e+01 0.0000000000e+00 0.0000000000e+00 1
22720 3.0788093137e-02 1.4280693421e-06 2.0000000000e+01 0.0000000000e+00 0.0000000000e+00 1
22760 3.0845215910e-02 1.4280693421e-06 2.0000000000e+01 0.0000000000e+00 0.0000000000e+00 1
22800 3.0902338684e-02 1.4280693421e-06 2.0000000000e+01 0.0000000000e+00 0.0000000000e+00 1
22840 3.0959461458e-02 1.4280693421e-06 2.0000000000e+01 0.0000000000e+00 0.0000000000e+00 1
22880 3.1016584231e-02 1.4280693421e-06 2.0000000000e+01 0.0000000000e+00 0.0000000000e+00 1
22920 3.1073707005e-02 1.4280693421e-06 2.0000000000e+01 0.0000000000e+00 0.0000000000e+00 1
22960 3.1130829779e-02 1.4280693421e-06 2.0000000000e+01 0.0000000000e+00 0.0000000000e+00 1
23000 3.1187952552e-02 1.4280693421e-06 2.0000000000e+01 0.0000000000e+00 0.0000000000e+00 1
23040 3.1245075326e-02 1.4280693421e-06 2.0000000000e+01 0.0000000000e+00 0.0000000000e+00 1
23080 3.1302198100e-02 1.4280693421e-06 2.0000000000e+01 0.0000000000e+00 0.0000000000e+00 1
23120 3.1359320873e-02 1.4280693421e-06 2.0000000000e+01 0.0000000000e+00 0.0000000000e+00 1
23160 3.1416443647e-02 1.4280693421e-06 2.0000000000e+01 0.0000000000e+00 0.0000000000e+00 1
23200 3.1473566421e-02 1.4280693421e-06 2.0000000000e+01 0.0000000000e+00 0.0000000000e+00 1
23240 3.1530689194e-02 1.4280693421e-06 2.0000000000e+01 0.0000000000e+00 0.0000000000e+00 1
23280 3.1587811968e-02 1.4280693421e-06 2.0000000000e+01 0.0000000000e+00 0.0000000000e+00 1
23320 3.1644934742e-02 1.4280693421e-06 2.0000000000e+01 0.0000000000e+00 0.0000000000e+00 1
23360 3.1702057516e-02 1.4280693421e-06 2.0000000000e+01 0.0000000000e+00 0.0000000000e+00 1
23400 3.1759180289e-02 1.4280693421e-06 2.0000000000e+01 0.0000000000e+00 0.0000000000e+00 1
23440 3.1816303063e-02 1.4280693421e-06 2.0000000000e+01 0.0000000000e+00 0.0000000000e+00 1
23480 3.1873425837e-02 1.4280693421e-06 2.0000000000e+01 0.0000000000e+00 0.0000000000e+00 1
23520 3.1930548610e-02 1.4280693421e-06 2.0000000000e+01 0.0000000000e+00 0.0000000000e+00 1
23560 3.1987671384e-02 1.4280693421e-06 2.0000000000e+01 0.0000000000e+00 0.0000000000e+00 1
23600 3.2044794158e-02 1.4280693421e-06 2.0000000000e+01 0.0000000000e+00 0.0000000000e+00 1
23640 3.2101916931e-02 1.4280693421e-06 2.0000000000e+01 0.0000000000e+00 0.0000000000e+00 1
23680 3.2159039705e-02 1.4280693421e-06 2.0000000000e+01 0.0000000000e+00 0.0000000000e+00 1
23720 3.2216162479e-02 1.4280693421e-06 2.0000000000e+01 0.0000000000e+00 0.0000000000e+00 1
23760 3.2273285252e-02 1.4280693421e-06 2.0000000000e+01 0.0000000000e+00 0.0000000000e+00 1
23800 3.2330408026e-02 1.4280693421e-06 2.0000000000e+01 0.0000000000e+00 0.0000000000e+00 1
23840 3.2387530800e-02 1.4280693421e-06 2.0000000000e+01 0.0000000000e+00 0.0000000000e+00 1
23880 3.2444653573e-02 1.4280693421e-06 2.0000000000e+01 0.0000000000e+00 0.0000000000e+00 1
23920 3.2501776347e-02 1.4280693421e-06 2.0000000000e+01 0.0000000000e+00 0.0000000000e+00 1
23960 3.2558899121e-02 1.4280693421e-06 2.0000000000e+01 0.0000000000e+00 0.0000000000e+00 1
24000 3.2616021894e-02 1.4280693421e-06 2.0000000000e+01 0.0000000000e+00 0.0000000000e+00 1
24040 3.2673144668e-02 1.4280693421e-06 2.0000000000e+01 0.0000000000e+00 0.0000000000e+00 1
24080 3.2730267442e-02 1.4280693421e-06 2.0000000000e+01 0.0000000000e+00 0.0000000000e+00 1
24120 3.2787390215e-02 1.4280693421e-06 2.0000000000e+01 0.0000000000e+00 0.0000000000e+00 1
24160 3.2844512989e-02 1.4280693421e-06 2.0000000000e+01 0.0000000000e+00 0.0000000000e+00 1
24200 3.2901635763e-02 1.4280693421e-06 2.0000000000e+01 0.0000000000e+00 0.0000000000e+00 1
24240 3.2958758537e-02 1.4280693421e-06 2.0000000000e+01 0.0000000000e+00 0.0000000000e+00 1
24280 3.3015881310e-02 1.4280693421e-06 2.0000000000e+01 0.0000000000e+00 0.0000000000e+00 1
24320 3.3073004084e-02 1.4280693421e-06 2.0000000000e+01 0.0000000000e+00 0.0000000000e+00 1
24360 3.3130126858e-02 1.4280693421e-06 2.0000000000e+01 0.0000000000e+00 0.0000000000e+00 1
24400 3.3187249631e-02 1.4280693421e-06 2.0000000000e+01 0.0000000000e+00 0.0000000000e+00 1
24440 3.3244372405e-02 1.4280693421e-06 2.0000000000e+01 0.0000000000e+00 0.0000000000e+00 1
24480 3.3301495179e-02 1.4280693421e-06 2.0000000000e+01 0.0000000000e+00 0.0000000000e+00 1
24520 3.3358617952e-02 1.4280693421e-06 2.0000000000e+01 0.0000000000e+00 0.0000000000e+00 1
24560 3.3415740726e-02 1.4280693421e-06 2.0000000000e+01 0.0000000000e+00 0.0000000000e+00 1
24600 3.3472863500e-02 1.4280693421e-06 2.0000000000e+01 0.0000000000e+00 0.0000000000e+00 1
24640 3.3529986273e-02 1.4280693421e-06 2.0000000000e+01 0.0000000000e+00 0.0000000000e+00 1
24680 3.3587109047e-02 1.4280693421e-06 2.0000000000e+01 0.0000000000e+00 0.0000000000e+00 1
24720 3.3644231821e-02 1.4280693421e-06 2.0000000000e+01 0.0000000000e+00 0.0000000000e+00 1
24760 3.3701354594e-02 1.4280693421e-06 2.0000000000e+01 0.0000000000e+00 0.0000000000e+00 1
24800 3.3758477368e-02 1.4280693421e-06 2.0000000000e+01 0.0000000000e+00 0.0000000000e+00 1
24840 3.3815600142e-02 1.4280693421e-06 2.0000000000e+01 0.0000000000e+00 0.0000000000e+00 1
24880 3.3872722915e-02 1.4280693421e-06 2.0000000000e+01 0.0000000000e+00 0.0000000000e+00 1
24920 3.3929845689e-02 1.4280693421e-06 2.0000000000e+01 0.0000000000e+00 0.0000000000e+00 1
24960 3.3986968463e-02 1.4280693421e-06 2.0000000000e+01 0.0000000000e+00 0.0000000000e+00 1
25000 3.4044091237e-02 1.4280693421e-06 2.0000000000e+01 0.0000000000e+00 0.0000000000e+00 1
25040 3.4101214010e-02 1.4280693421e-06 2.0000000000e+01 0.0000000000e+00 0.0000000000e+00 1
25080 3.4158336784e-02 1.4280693421e-06 2.0000000000e+01 0.0000000000e+00 0.0000000000e+00 1
25120 3.4215459558e-02 1.4280693421e-06 2.0000000000e+01 0.0000000000e+00 0.0000000000e+00 1
25160 3.4272582331e-02 1.4280693421e-06 2.0000000000e+01 0.0000000000e+00 0.0000000000e+00 1
25200 3.4329705105e-02 1.4280693421e-06 2.0000000000e+01 0.0000000000e+00 0.0000000000e+00 1
25240 3.4386827879e-02 1.4280693421e-06 2.0000000000e+01 0.0000000000e+00 0.0000000000e+00 1
25280 3.4443950652e-02 1.4280693421e-06 2.0000000000e+01 0.0000000000e+00 0.0000000000e+00 1
25320 3.4501073426e-02 1.4280693421e-06 2.0000000000e+01 0.0000000000e+00 0.0000000000e+00 1
25360 3.4558196200e-02 1.4280693421e-06 2.0000000000e+01 0.0000000000e+00 0.0000000000e+00 1
25400 3.4615318973e-02 1.4280693421e-06 2.0000000000e+01 0.0000000000e+00 0.0000000000e+00 1
25440 3.4672441747e-02 1.4280693421e-06 2.0000000000e+01 0.0000000000e+00 0.0000000000e+00 1
25480 3.4729564521e-02 1.4280693421e-06 2.0000000000e+01 0.0000000000e+00 0.0000000000e+00 1
25520 3.4786687294e-02 1.4280693421e-06 2.0000000000e+01 0.0000000000e+00 0.0000000000e+00 1
25560 3.4843810068e-02 1.4280693421e-06 2.0000000000e+01 0.0000000000e+00 0.0000000000e+00 1
25600 3.4900932842e-02 1.4280693421e-06 2.0000000000e+01 0.0000000000e+00 0.0000000000e+00 1
25640 3.4958055615e-02 1.4280693421e-06 2.0000000000e+01 0.0000000000e+00 0.0000000000e+00 1
25680 3.5015178389e-02 1.4280693421e-06 2.0000000000e+01 0.0000000000e+00 0.0000000000e+00 1
25720 3.5072301163e-02 1.4280693421e-06 2.0000000000e+01 0.0000000000e+00 0.0000000000e+00 1
25760 3.5129423936e-02 1.4280693421e-06 2.0000000000e+01 0.0000000000e+00 0.0000000000e+00 1
25800 3.5186546710e-02 1.4280693421e-06 2.0000000000e+01 0.0000000000e+00 0.0000000000e+00 1
25840 3.5243669484e-02 1.4280693421e-06 2.0000000000e+01 0.0000000000e+00 0.0000000000e+00 1
25880 3.5300792258e-02 1.4280693421e-06 2.0000000000e+01 0.0000000000e+00 0.0000000000e+00 1
25920 3.5357915031e-02 1.4280693421e-06 2.0000000000e+01 0.0000000000e+00 0.0000000000e+00 1
25960 3.5415037805e-02 1.4280693421e-06 2.0000000000e+01 0.0000000000e+00 0.0000000000e+00 1
26000 3.5472160579e-02 1.4280693421e-06 2.0000000000e+01 0.0000000000e+00 0.0000000000e+00 1
26040 3.5529283352e-02 1.4280693421e-06 2.0000000000e+01 0.0000000000e+00 0.0000000000e+00 1
26080 3.5586406126e-02 1.4280693421e-06 2.0000000000e+01 0.0000000000e+00 0.0000000000e+00 1
26120 3.5643528900e-02 1.4280693421e-06 2.0000000000e+01 0.0000000000e+00 0.0000000000e+00 1
26160 3.5700651673e-02 1.4280693421e-06 2.0000000000e+01 0.0000000000e+00 0.0000000000e+00 1
26200 3.5757774447e-02 1.4280693421e-06 2.0000000000e+01 0.0000000000e+00 0.0000000000e+00 1
26240 3.5814897221e-02 1.4280693421e-06 2.0000000000e+01 0.0000000000e+00 0.0000000000e+00 1
26280 3.5872019994e-02 1.4280693421e-06 2.0000000000e+01 0.0000000000e+00 0.0000000000e+00 1
26320 3.5929142768e-02 1.4280693421e-06 2.0000000000e+01 0.0000000000e+00 0.0000000000e+00 1
26360 3.5986265542e-02 1.4280693421e-06 2.0000000000e+01 0.0000000000e+00 0.0000000000e+00 1
26400 3.6043388315e-02 1.4280693421e-06 2.0000000000e+01 0.0000000000e+00 0.0000000000e+00 1
26440 3.6100511089e-02 1.4280693421e-06 2.0000000000e+01 0.0000000000e+00 0.0000000000e+00 1
26480 3.6157633863e-02 1.4280693421e-06 2.0000000000e+01 0.0000000000e+00 0.0000000000e+00 1
26520 3.6214756636e-02 1.4280693421e-06 2.0000000000e+01 0.0000000000e+00 0.0000000000e+00 1
26560 3.6271879410e-02 1.4280693421e-06 2.0000000000e+01 0.0000000000e+00 0.0000000000e+00 1
26600 3.6329002184e-02 1.4280693421e-06 2.0000000000e+01 0.0000000000e+00 0.0000000000e+00 1
26640 3.6386124958e-02 1.4280693421e-06 2.0000000000e+01 0.0000000000e+00 0.0000000000e+00 1
26680 3.6443247731e-02 1.4280693421e-06 2.0000000000e+01 0.0000000000e+00 0.0000000000e+00 1
26720 3.6500370505e-02 1.4280693421e-06 2.0000000000e+01 0.0000000000e+00 0.0000000000e+00 1
26760 3.6557493279e-02 1.4280693421e-06 2.0000000000e+01 0.0000000000e+00 0.0000000000e+00 1
26800 3.6614616052e-02 1.4280693421e-06 2.0000000000e+01 0.0000000000e+00 0.0000000000e+00 1
26840 3.6671738826e-02 1.4280693421e-06 2.0000000000e+01 0.0000000000e+00 0.0000000000e+00 1
26880 3.6728861600e-02 1.4280693421e-06 2.0000000000e+01 0.0000000000e+00 0.0000000000e+00 1
26920 3.6785984373e-02 1.4280693421e-06 2.0000000000e+01 0.0000000000e+00 0.0000000000e+00 1
26960 3.6843107147e-02 1.4280693421e-06 2.0000000000e+01 0.0000000000e+00 0.0000000000e+00 1
27000 3.6900229921e-02 1.4280693421e-06 2.0000000000e+01 0.0000000000e+00 0.0000000000e+00 1
27040 3.6957352694e-02 1.4280693421e-06 2.0000000000e+01 0.0000000000e+00 0.0000000000e+00 1
27080 3.7014475468e-02 1.4280693421e-06 2.0000000000e+01 0.0000000000e+00 0.0000000000e+00 1
27120 3.7071598242e-02 1.4280693421e-06 2.0000000000e+01 0.0000000000e+00 0.0000000000e+00 1
27160 3.7128721015e-02 1.4280693421e-06 2.0000000000e+01 0.0000000000e+00 0.0000000000e+00 1
27200 3.7185843789e-02 1.4280693421e-06 2.0000000000e+01 0.0000000000e+00 0.0000000000e+00 1
27240 3.7242966563e-02 1.4280693421e-06 2.0000000000e+01 0.0000000000e+00 0.0000000000e+00 1
27280 3.7300089336e-02 1.4280693421e-06 2.0000000000e+01 0.0000000000e+00 0.0000000000e+00 1
27320 3.7357212110e-02 1.4280693421e-06 2.0000000000e+01 0.0000000000e+00 0.0000000000e+00 1
27360 3.7414334884e-02 1.4280693421e-06 2.0000000000e+01 0.0000000000e+00 0.0000000000e+00 1
27400 3.7471457657e-02 1.4280693421e-06 2.0000000000e+01 0.0000000000e+00 0.0000000000e+00 1
27440 3.7528580431e-02 1.4280693421e-06 2.0000000000e+01 0.0000000000e+00 0.0000000000e+00 1
27480 3.7585703205e-02 1.4280693421e-06 2.0000000000e+01 0.0000000000e+00 0.0000000000e+00 1
27520 3.7642825979e-02 1.4280693421e-06 2.0000000000e+01 0.0000000000e+00 0.0000000000e+00 1
27560 3.7699948752e-02 1.4280693421e-06 2.0000000000e+01 0.0000000000e+00 0.0000000000e+00 1
27600 3.7757071526e-02 1.4280693421e-06 2.0000000000e+01 0.0000000000e+00 0.0000000000e+00 1
27640 3.7814194300e-02 1.4280693421e-06 2.0000000000e+01 0.0000000000e+00 0.0000000000e+00 1
27680 3.7871317073e-02 1.4280693421e-06 2.0000000000e+01 0.0000000000e+00 0.0000000000e+00 1
27720 3.7928439847e-02 1.4280693421e-06 2.0000000000e+01 0.0000000000e+00 0.0000000000e+00 1
27760 3.7985562621e-02 1.4280693421e-06 2.0000000000e+01 0.0000000000e+00 0.0000000000e+00 1
27800 3.8042685394e-02 1.4280693421e-06 2.0000000000e+01 0.0000000000e+00 0.0000000000e+00 1
27840 3.8099808168e-02 1.4280693421e-06 2.0000000000e+01 0.0000000000e+00 0.0000000000e+00 1
27880 3.8156930942e-02 1.4280693421e-06 2.0000000000e+01 0.0000000000e+00 0.0000000000e+00 1
27920 3.8214053715e-02 1.4280693421e-06 2.0000000000e+01 0.0000000000e+00 0.0000000000e+00 1
27960 3.8271176489e-02 1.4280693421e-06 2.0000000000e+01 0.0000000000e+00 0.0000000000e+00 1
28000 3.8328299263e-02 1.4280693421e-06 2.0000000000e+01 0.0000000000e+00 0.0000000000e+00 1
28040 3.8385422036e-02 1.4280693421e-06 2.0000000000e+01 0.0000000000e+00 0.0000000000e+00 1
28080 3.8442544810e-02 1.4280693421e-06 2.0000000000e+01 0.0000000000e+00 0.0000000000e+00 1
28120 3.8499667584e-02 1.4280693421e-06 2.0000000000e+01 0.0000000000e+00 0.0000000000e+00 1
28160 3.8556790357e-02 1.4280693421e-06 2.0000000000e+01 0.0000000000e+00 0.0000000000e+00 1
28200 3.8613913131e-02 1.4280693421e-06 2.0000000000e+01 0.0000000000e+00 0.0000000000e+00 1
28240 3.8671035905e-02 1.4280693421e-06 2.0000000000e+01 0.0000000000e+00 0.0000000000e+00 1
28280 3.8728158679e-02 1.4280693421e-06 2.0000000000e+01 0.0000000000e+00 0.0000000000e+00 1
28320 3.8785281452e-02 1.4280693421e-06 2.0000000000e+01 0.0000000000e+00 0.0000000000e+00 1
28360 3.8842404226e-02 1.4280693421e-06 2.0000000000e+01 0.0000000000e+00 0.0000000000e+00 1
28400 3.8899527000e-02 1.4280693421e-06 2.0000000000e+01 0.0000000000e+00 0.0000000000e+00 1
28440 3.8956649773e-02 1.4280693421e-06 2.0000000000e+01 0.0000000000e+00 0.0000000000e+00 1
28480 3.9013772547e-02 1.4280693421e-06 2.0000000000e+01 0.0000000000e+00 0.0000000000e+00 1
28520 3.9070895321e-02 1.4280693421e-06 2.0000000000e+01 0.0000000000e+00 0.0000000000e+00 1
28560 3.9128018094e-02 1.4280693421e-06 2.0000000000e+01 0.0000000000e+00 0.0000000000e+00 1
28600 3.9185140868e-02 1.4280693421e-06 2.0000000000e+01 0.0000000000e+00 0.0000000000e+00 1
28640 3.9242263642e-02 1.4280693421e-06 2.0000000000e+01 0.0000000000e+00 0.0000000000e+00 1
28680 3.9299386415e-02 1.4280693421e-06 2.0000000000e+01 0.0000000000e+00 0.0000000000e+00 1
28720 3.9356509189e-02 1.4280693421e-06 2.0000000000e+01 0.0000000000e+00 0.0000000000e+00 1
28760 3.9413631963e-02 1.4280693421e-06 2.0000000000e+01 0.0000000000e+00 0.0000000000e+00 1
28800 3.9470754736e-02 1.4280693421e-06 2.0000000000e+01 0.0000000000e+00 0.0000000000e+00 1
28840 3.9527877510e-02 1.4280693421e-06 2.0000000000e+01 0.0000000000e+00 0.0000000000e+00 1
28880 3.9585000284e-02 1.4280693421e-06 2.0000000000e+01 0.0000000000e+00 0.0000000000e+00 1
28920 3.9642123057e-02 1.4280693421e-06 2.0000000000e+01 0.0000000000e+00 0.0000000000e+00 1
28960 3.9699245831e-02 1.4280693421e-06 2.0000000000e+01 0.0000000000e+00 0.0000000000e+00 1
29000 3.9756368605e-02 1.4280693421e-06 2.0000000000e+01 0.0000000000e+00 0.0000000000e+00 1
29040 3.9813491378e-02 1.4280693421e-06 2.0000000000e+01 0.0000000000e+00 0.0000000000e+00 1
29080 3.9870614152e-02 1.4280693421e-06 2.0000000000e+01 0.0000000000e+00 0.0000000000e+00 1
29120 3.9927736926e-02 1.4280693421e-06 2.0000000000e+01 0.0000000000e+00 0.0000000000e+00 1
29160 3.9984859700e-02 1.4280693421e-06 2.0000000000e+01 0.0000000000e+00 0.0000000000e+00 1
29200 4.0041982473e-02 1.4280693421e-06 2.0000000000e+01 0.0000000000e+00 0.0000000000e+00 1
29240 4.0099105247e-02 1.4280693421e-06 2.0000000000e+01 0.0000000000e+00 0.0000000000e+00 1
29280 4.0156228021e-02 1.4280693421e-06 2.0000000000e+01 0.0000000000e+00 0.0000000000e+00 1
29320 4.0213350794e-02 1.4280693421e-06 2.0000000000e+01 0.0000000000e+00 0.0000000000e+00 1
29360 4.0270473568e-02 1.4280693421e-06 2.0000000000e+01 0.0000000000e+00 0.0000000000e+00 1
29400 4.0327596342e-02 1.4280693421e-06 2.0000000000e+01 0.0000000000e+00 0.0000000000e+00 1
29440 4.0384719115e-02 1.4280693421e-06 2.0000000000e+01 0.0000000000e+00 0.0000000000e+00 1
29480 4.0441841889e-02 1.4280693421e-06 2.0000000000e+01 0.0000000000e+00 0.0000000000e+00 1
29520 4.0498964663e-02 1.4280693421e-06 2.0000000000e+01 0.0000000000e+00 0.0000000000e+00 1
29560 4.0556087436e-02 1.4280693421e-06 2.0000000000e+01 0.0000000000e+00 0.0000000000e+00 1
29600 4.0613210210e-02 1.4280693421e-06 2.0000000000e+01 0.0000000000e+00 0.0000000000e+00 1
29640 4.0670332984e-02 1.4280693421e-06 2.0000000000e+01 0.0000000000e+00 0.0000000000e+00 1
29680 4.0727455757e-02 1.4280693421e-06 2.0000000000e+01 0.0000000000e+00 0.0000000000e+00 1
29720 4.0784578531e-02 1.4280693421e-06 2.0000000000e+01 0.0000000000e+00 0.0000000000e+00 1
29760 4.0841701305e-02 1.4280693421e-06 2.0000000000e+01 0.0000000000e+00 0.0000000000e+00 1
29800 4.0898824078e-02 1.4280693421e-06 2.0000000000e+01 0.0000000000e+00 0.0000000000e+00 1
29840 4.0955946852e-02 1.4280693421e-06 2.0000000000e+01 0.0000000000e+00 0.0000000000e+00 1
29880 4.1013069626e-02 1.4280693421e-06 2.0000000000e+01 0.0000000000e+00 0.0000000000e+00 1
29920 4.1070192400e-02 1.4280693421e-06 2.0000000000e+01 0.0000000000e+00 0.0000000000e+00 1
29960 4.1127315173e-02 1.4280693421e-06 2.0000000000e+01 0.0000000000e+00 0.0000000000e+00 1
30000 4.1184437947e-02 1.4280693421e-06 2.0000000000e+01 0.0000000000e+00 0.0000000000e+00 1
30040 4.1241560721e-02 1.4280693421e-06 2.0000000000e+01 0.0000000000e+00 0.0000000000e+00 1
30080 4.1298683494e-02 1.4280693421e-06 2.0000000000e+01 0.0000000000e+00 0.0000000000e+00 1
30120 4.1355806268e-02 1.4280693421e-06 2.0000000000e+01 0.0000000000e+00 0.0000000000e+00 1
30160 4.1412929042e-02 1.4280693421e-06 2.0000000000e+01 0.0000000000e+00 0.0000000000e+00 1
30200 4.1470051815e-02 1.4280693421e-06 2.0000000000e+01 0.0000000000e+00 0.0000000000e+00 1
30240 4.1527174589e-02 1.4280693421e-06 2.0000000000e+01 0.0000000000e+00 0.0000000000e+00 1
30280 4.1584297363e-02 1.4280693421e-06 2.0000000000e+01 0.0000000000e+00 0.0000000000e+00 1
30320 4.1641420136e-02 1.4280693421e-06 2.0000000000e+01 0.0000000000e+00 0.0000000000e+00 1
30360 4.1698542910e-02 1.4280693421e-06 2.0000000000e+01 0.0000000000e+00 0.0000000000e+00 1
30400 4.1755665684e-02 1.4280693421e-06 2.0000000000e+01 0.0000000000e+00 0.0000000000e+00 1
30440 4.1812788457e-02 1.4280693421e-06 2.0000000000e+01 0.0000000000e+00 0.0000000000e+00 1
30480 4.1869911231e-02 1.4280693421e-06 2.0000000000e+01 0.0000000000e+00 0.0000000000e+00 1
30520 4.1927034005e-02 1.4280693421e-06 2.0000000000e+01 0.0000000000e+00 0.0000000000e+00 1
30560 4.1984156778e-02 1.4280693421e-06 2.0000000000e+01 0.0000000000e+00 0.0000000000e+00 1
30600 4.2041279552e-02 1.4280693421e-06 2.0000000000e+01 0.0000000000e+00 0.0000000000e+00 1
30640 4.2098402326e-02 1.4280693421e-06 2.0000000000e+01 0.0000000000e+00 0.0000000000e+00 1
30680 4.2155525099e-02 1.4280693421e-06 2.0000000000e+01 0.0000000000e+00 0.0000000000e+00 1
30720 4.2212647873e-02 1.4280693421e-06 2.0000000000e+01 0.0000000000e+00 0.0000000000e+00 1
30760 4.2269770647e-02 1.4280693421e-06 2.0000000000e+01 0.0000000000e+00 0.0000000000e+00 1
30800 4.2326893421e-02 1.4280693421e-06 2.0000000000e+01 0.0000000000e+00 0.0000000000e+00 1
30840 4.2384016194e-02 1.4280693421e-06 2.0000000000e+01 0.0000000000e+00 0.0000000000e+00 1
30880 4.2441138968e-02 1.4280693421e-06 2.0000000000e+01 0.0000000000e+00 0.0000000000e+00 1
30920 4.2498261742e-02 1.4280693421e-06 2.0000000000e+01 0.0000000000e+00 0.0000000000e+00 1
30960 4.2555384515e-02 1.4280693421e-06 2.0000000000e+01 0.0000000000e+00 0.0000000000e+00 1
31000 4.2612507289e-02 1.4280693421e-06 2.0000000000e+01 0.0000000000e+00 0.0000000000e+00 1
31040 4.2669630063e-02 1.4280693421e-06 2.0000000000e+01 0.0000000000e+00 0.0000000000e+00 1
31080 4.2726752836e-02 1.4280693421e-06 2.0000000000e+01 0.0000000000e+00 0.0000000000e+00 1
31120 4.2783875610e-02 1.4280693421e-06 2.0000000000e+01 0.0000000000e+00 0.0000000000e+00 1
31160 4.2840998384e-02 1.4280693421e-06 2.0000000000e+01 0.0000000000e+00 0.0000000000e+00 1
31200 4.2898121157e-02 1.4280693421e-06 2.0000000000e+01 0.0000000000e+00 0.0000000000e+00 1
31240 4.2955243931e-02 1.4280693421e-06 2.0000000000e+01 0.0000000000e+00 0.0000000000e+00 1
31280 4.3012366705e-02 1.4280693421e-06 2.0000000000e+01 0.0000000000e+00 0.0000000000e+00 1
31320 4.3069489478e-02 1.4280693421e-06 2.0000000000e+01 0.0000000000e+00 0.0000000000e+00 1
31360 4.3126612252e-02 1.4280693421e-06 2.0000000000e+01 0.0000000000e+00 0.0000000000e+00 1
31400 4.3183735026e-02 1.4280693421e-06 2.0000000000e+01 0.0000000000e+00 0.0000000000e+00 1
31440 4.3240857799e-02 1.4280693421e-06 2.0000000000e+01 0.0000000000e+00 0.0000000000e+00 1
31480 4.3297980573e-02 1.4280693421e-06 2.0000000000e+01 0.0000000000e+00 0.0000000000e+00 1
31520 4.3355103347e-02 1.4280693421e-06 2.0000000000e+01 0.0000000000e+00 0.0000000000e+00 1
31560 4.3412226121e-02 1.4280693421e-06 2.0000000000e+01 0.0000000000e+00 0.0000000000e+00 1
31600 4.3469348894e-02 1.4280693421e-06 2.0000000000e+01 0.0000000000e+00 0.0000000000e+00 1
31640 4.3526471668e-02 1.4280693421e-06 2.0000000000e+01 0.0000000000e+00 0.0000000000e+00 1
31680 4.3583594442e-02 1.4280693421e-06 2.0000000000e+01 0.0000000000e+00 0.0000000000e+00 1
31720 4.3640717215e-02 1.4280693421e-06 2.0000000000e+01 0.0000000000e+00 0.0000000000e+00 1
31760 4.3697839989e-02 1.4280693421e-06 2.0000000000e+01 0.0000000000e+00 0.0000000000e+00 1
31800 4.3754962763e-02 1.4280693421e-06 2.0000000000e+01 0.0000000000e+00 0.0000000000e+00 1
31840 4.3812085536e-02 1.4280693421e-06 2.0000000000e+01 0.0000000000e+00 0.0000000000e+00 1
31880 4.3869208310e-02 1.4280693421e-06 2.0000000000e+01 0.0000000000e+00 0.0000000000e+00 1
31920 4.3926331084e-02 1.4280693421e-06 2.0000000000e+01 0.0000000000e+00 0.0000000000e+00 1
31960 4.3983453857e-02 1.4280693421e-06 2.0000000000e+01 0.0000000000e+00 0.0000000000e+00 1
32000 4.4040576631e-02 1.4280693421e-06 2.0000000000e+01 0.0000000000e+00 0.0000000000e+00 1
32040 4.4097699405e-02 1.4280693421e-06 2.0000000000e+01 0.0000000000e+00 0.0000000000e+00 1
32080 4.4154822178e-02 1.4280693421e-06 2.0000000000e+01 0.0000000000e+00 0.0000000000e+00 1
32120 4.4211944952e-02 1.4280693421e-06 2.0000000000e+01 0.0000000000e+00 0.0000000000e+00 1
32160 4.4269067726e-02 1.4280693421e-06 2.0000000000e+01 0.0000000000e+00 0.0000000000e+00 1
32200 4.4326190499e-02 1.4280693421e-06 2.0000000000e+01 0.0000000000e+00 0.0000000000e+00 1
32240 4.4383313273e-02 1.4280693421e-06 2.0000000000e+01 0.0000000000e+00 0.0000000000e+00 1
32280 4.4440436047e-02 1.4280693421e-06 2.0000000000e+01 0.0000000000e+00 0.0000000000e+00 1
32320 4.4497558820e-02 1.4280693421e-06 2.0000000000e+01 0.0000000000e+00 0.0000000000e+00 1
32360 4.4554681594e-02 1.4280693421e-06 2.0000000000e+01 0.0000000000e+00 0.0000000000e+00 1
32400 4.4611804368e-02 1.4280693421e-06 2.0000000000e+01 0.0000000000e+00 0.0000000000e+00 1
32440 4.4668927142e-02 1.4280693421e-06 2.0000000000e+01 0.0000000000e+00 0.0000000000e+00 1
32480 4.4726049915e-02 1.4280693421e-06 2.0000000000e+01 0.0000000000e+00 0.0000000000e+00 1
32520 4.4783172689e-02 1.4280693421e-06 2.0000000000e+01 0.0000000000e+00 0.0000000000e+00 1
32560 4.4840295463e-02 1.4280693421e-06 2.0000000000e+01 0.0000000000e+00 0.0000000000e+00 1
32600 4.4897418236e-02 1.4280693421e-06 2.0000000000e+01 0.0000000000e+00 0.0000000000e+00 1
32640 4.4954541010e-02 1.4280693421e-06 2.0000000000e+01 0.0000000000e+00 0.0000000000e+00 1
32680 4.5011663784e-02 1.4280693421e-06 2.0000000000e+01 0.0000000000e+00 0.0000000000e+00 1
32720 4.5068786557e-02 1.4280693421e-06 2.0000000000e+01 0.0000000000e+00 0.0000000000e+00 1
32760 4.5125909331e-02 1.4280693421e-06 2.0000000000e+01 0.0000000000e+00 0.0000000000e+00 1
32800 4.5183032105e-02 1.4280693421e-06 2.0000000000e+01 0.0000000000e+00 0.0000000000e+00 1
32840 4.5240154878e-02 1.4280693421e-06 2.0000000000e+01 0.0000000000e+00 0.0000000000e+00 1
32880 4.5297277652e-02 1.4280693421e-06 2.0000000000e+01 0.0000000000e+00 0.0000000000e+00 1
32920 4.5354400426e-02 1.4280693421e-06 2.0000000000e+01 0.0000000000e+00 0.0000000000e+00 1
32960 4.5411523199e-02 1.4280693421e-06 2.0000000000e+01 0.0000000000e+00 0.0000000000e+00 1
33000 4.5468645973e-02 1.4280693421e-06 2.0000000000e+01 0.0000000000e+00 0.0000000000e+00 1
33040 4.5525768747e-02 1.4280693421e-06 2.0000000000e+01 0.0000000000e+00 0.0000000000e+00 1
33080 4.5582891520e-02 1.4280693421e-06 2.0000000000e+01 0.0000000000e+00 0.0000000000e+00 1
33120 4.5640014294e-02 1.4280693421e-06 2.0000000000e+01 0.0000000000e+00 0.0000000000e+00 1
33160 4.5697137068e-02 1.4280693421e-06 2.0000000000e+01 0.0000000000e+00 0.0000000000e+00 1
33200 4.5754259841e-02 1.4280693421e-06 2.0000000000e+01 0.0000000000e+00 0.0000000000e+00 1
33240 4.5811382615e-02 1.4280693421e-06 2.0000000000e+01 0.0000000000e+00 0.0000000000e+00 1
33280 4.5868505389e-02 1.4280693421e-06 2.0000000000e+01 0.0000000000e+00 0.0000000000e+00 1
33320 4.5925628163e-02 1.4280693421e-06 2.0000000000e+01 0.0000000000e+00 0.0000000000e+00 1
33360 4.5982750936e-02 1.4280693421e-06 2.0000000000e+01 0.0000000000e+00 0.0000000000e+00 1
33400 4.6039873710e-02 1.4280693421e-06 2.0000000000e+01 0.0000000000e+00 0.0000000000e+00 1
33440 4.6096996484e-02 1.4280693421e-06 2.0000000000e+01 0.0000000000e+00 0.0000000000e+00 1
33480 4.6154119257e-02 1.4280693421e-06 2.0000000000e+01 0.0000000000e+00 0.0000000000e+00 1
33520 4.6211242031e-02 1.4280693421e-06 2.0000000000e+01 0.0000000000e+00 0.0000000000e+00 1
33560 4.6268364805e-02 1.4280693421e-06 2.0000000000e+01 0.0000000000e+00 0.0000000000e+00 1
33600 4.6325487578e-02 1.4280693421e-06 2.0000000000e+01 0.0000000000e+00 0.0000000000e+00 1
33640 4.6382610352e-02 1.4280693421e-06 2.0000000000e+01 0.0000000000e+00 0.0000000000e+00 1
33680 4.6439733126e-02 1.4280693421e-06 2.0000000000e+01 0.0000000000e+00 0.0000000000e+00 1
33720 4.6496855899e-02 1.4280693421e-06 2.0000000000e+01 0.0000000000e+00 0.0000000000e+00 1
33760 4.6553978673e-02 1.4280693421e-06 2.0000000000e+01 0.0000000000e+00 0.0000000000e+00 1
33800 4.6611101447e-02 1.4280693421e-06 2.0000000000e+01 0.0000000000e+00 0.0000000000e+00 1
33840 4.6668224220e-02 1.4280693421e-06 2.0000000000e+01 0.0000000000e+00 0.0000000000e+00 1
33880 4.6725346994e-02 1.4280693421e-06 2.0000000000e+01 0.0000000000e+00 0.0000000000e+00 1
33920 4.6782469768e-02 1.4280693421e-06 2.0000000000e+01 0.0000000000e+00 0.0000000000e+00 1
33960 4.6839592541e-02 1.4280693421e-06 2.0000000000e+01 0.0000000000e+00 0.0000000000e+00 1
34000 4.6896715315e-02 1.4280693421e-06 2.0000000000e+01 0.0000000000e+00 0.0000000000e+00 1
34040 4.6953838089e-02 1.4280693421e-06 2.0000000000e+01 0.0000000000e+00 0.0000000000e+00 1
34080 4.7010960863e-02 1.4280693421e-06 2.0000000000e+01 0.0000000000e+00 0.0000000000e+00 1
34120 4.7068083636e-02 1.4280693421e-06 2.0000000000e+01 0.0000000000e+00 0.0000000000e+00 1
34160 4.7125206410e-02 1.4280693421e-06 2.0000000000e+01 0.0000000000e+00 0.0000000000e+00 1
34200 4.7182329184e-02 1.4280693421e-06 2.0000000000e+01 0.0000000000e+00 0.0000000000e+00 1
34240 4.7239451957e-02 1.4280693421e-06 2.0000000000e+01 0.0000000000e+00 0.0000000000e+00 1
34280 4.7296574731e-02 1.4280693421e-06 2.0000000000e+01 0.0000000000e+00 0.0000000000e+00 1
34320 4.7353697505e-02 1.4280693421e-06 2.0000000000e+01 0.0000000000e+00 0.0000000000e+00 1
34360 4.7410820278e-02 1.4280693421e-06 2.0000000000e+01 0.0000000000e+00 0.0000000000e+00 1
34400 4.7467943052e-02 1.4280693421e-06 2.0000000000e+01 0.0000000000e+00 0.0000000000e+00 1
34440 4.7525065826e-02 1.4280693421e-06 2.0000000000e+01 0.0000000000e+00 0.0000000000e+00 1
34480 4.7582188599e-02 1.4280693421e-06 2.0000000000e+01 0.0000000000e+00 0.0000000000e+00 1
34520 4.7639311373e-02 1.4280693421e-06 2.0000000000e+01 0.0000000000e+00 0.0000000000e+00 1
34560 4.7696434147e-02 1.4280693421e-06 2.0000000000e+01 0.0000000000e+00 0.0000000000e+00 1
34600 4.7753556920e-02 1.4280693421e-06 2.0000000000e+01 0.0000000000e+00 0.0000000000e+00 1
34640 4.7810679694e-02 1.4280693421e-06 2.0000000000e+01 0.0000000000e+00 0.0000000000e+00 1
34680 4.7867802468e-02 1.4280693421e-06 2.0000000000e+01 0.0000000000e+00 0.0000000000e+00 1
34720 4.7924925241e-02 1.4280693421e-06 2.0000000000e+01 0.0000000000e+00 0.0000000000e+00 1
34760 4.7982048015e-02 1.4280693421e-06 2.0000000000e+01 0.0000000000e+00 0.0000000000e+00 1
34800 4.8039170789e-02 1.4280693421e-06 2.0000000000e+01 0.0000000000e+00 0.0000000000e+00 1
34840 4.8096293562e-02 1.4280693421e-06 2.0000000000e+01 0.0000000000e+00 0.0000000000e+00 1
34880 4.8153416336e-02 1.4280693421e-06 2.0000000000e+01 0.0000000000e+00 0.0000000000e+00 1
34920 4.8210539110e-02 1.4280693421e-06 2.0000000000e+01 0.0000000000e+00 0.0000000000e+00 1
34960 4.8267661884e-02 1.4280693421e-06 2.0000000000e+01 0.0000000000e+00 0.0000000000e+00 1
35000 4.8324784657e-02 1.4280693421e-06 2.0000000000e+01 0.0000000000e+00 0.0000000000e+00 1
35040 4.8381907431e-02 1.4280693421e-06 2.0000000000e+01 0.0000000000e+00 0.0000000000e+00 1
35080 4.8439030205e-02 1.4280693421e-06 2.0000000000e+01 0.0000000000e+00 0.0000000000e+00 1
35120 4.8496152978e-02 1.4280693421e-06 2.0000000000e+01 0.0000000000e+00 0.0000000000e+00 1
35160 4.8553275752e-02 1.4280693421e-06 2.0000000000e+01 0.0000000000e+00 0.0000000000e+00 1
35200 4.8610398526e-02 1.4280693421e-06 2.0000000000e+01 0.0000000000e+00 0.0000000000e+00 1
35240 4.8667521299e-02 1.4280693421e-06 2.0000000000e+01 0.0000000000e+00 0.0000000000e+00 1
35280 4.8724644073e-02 1.4280693421e-06 2.0000000000e+01 0.0000000000e+00 0.0000000000e+00 1
35320 4.8781766847e-02 1.4280693421e-06 2.0000000000e+01 0.0000000000e+00 0.0000000000e+00 1
35360 4.8838889620e-02 1.4280693421e-06 2.0000000000e+01 0.0000000000e+00 0.0000000000e+00 1
35400 4.8896012394e-02 1.4280693421e-06 2.0000000000e+01 0.0000000000e+00 0.0000000000e+00 1
35440 4.8953135168e-02 1.4280693421e-06 2.0000000000e+01 0.0000000000e+00 0.0000000000e+00 1
35480 4.9010257941e-02 1.4280693421e-06 2.0000000000e+01 0.0000000000e+00 0.0000000000e+00 1
35520 4.9067380715e-02 1.4280693421e-06 2.0000000000e+01 0.0000000000e+00 0.0000000000e+00 1
35560 4.9124503489e-02 1.4280693421e-06 2.0000000000e+01 0.0000000000e+00 0.0000000000e+00 1
35600 4.9181626262e-02 1.4280693421e-06 2.0000000000e+01 0.0000000000e+00 0.0000000000e+00 1
35640 4.9238749036e-02 1.4280693421e-06 2.0000000000e+01 0.0000000000e+00 0.0000000000e+00 1
35680 4.9295871810e-02 1.4280693421e-06 2.0000000000e+01 0.0000000000e+00 0.0000000000e+00 1
35720 4.9352994584e-02 1.4280693421e-06 2.0000000000e+01 0.0000000000e+00 0.0000000000e+00 1
35760 4.9410117357e-02 1.4280693421e-06 2.0000000000e+01 0.0000000000e+00 0.0000000000e+00 1
35800 4.9467240131e-02 1.4280693421e-06 2.0000000000e+01 0.0000000000e+00 0.0000000000e+00 1
35840 4.9524362905e-02 1.4280693421e-06 2.0000000000e+01 0.0000000000e+00 0.0000000000e+00 1
35880 4.9581485678e-02 1.4280693421e-06 2.0000000000e+01 0.0000000000e+00 0.0000000000e+00 1
35920 4.9638608452e-02 1.4280693421e-06 2.0000000000e+01 0.0000000000e+00 0.0000000000e+00 1
35960 4.9695731226e-02 1.4280693421e-06 2.0000000000e+01 0.0000000000e+00 0.0000000000e+00 1
36000 4.9752853999e-02 1.4280693421e-06 2.0000000000e+01 0.0000000000e+00 0.0000000000e+00 1
36040 4.9809976773e-02 1.4280693421e-06 2.0000000000e+01 0.0000000000e+00 0.0000000000e+00 1
36080 4.9867099547e-02 1.4280693421e-06 2.0000000000e+01 0.0000000000e+00 0.0000000000e+00 1
36120 4.9924222320e-02 1.4280693421e-06 2.0000000000e+01 0.0000000000e+00 0.0000000000e+00 1
36160 4.9981345094e-02 1.4280693421e-06 2.0000000000e+01 0.0000000000e+00 0.0000000000e+00 1
36200 5.0038467868e-02 1.4280693421e-06 2.0000000000e+01 0.0000000000e+00 0.0000000000e+00 1
36240 5.0095590641e-02 1.4280693421e-06 2.0000000000e+01 0.0000000000e+00 0.0000000000e+00 1
36280 5.0152713415e-02 1.4280693421e-06 2.0000000000e+01 0.0000000000e+00 0.0000000000e+00 1
36320 5.0209836189e-02 1.4280693421e-06 2.0000000000e+01 0.0000000000e+00 0.0000000000e+00 1
36360 5.0266958962e-02 1.4280693421e-06 2.0000000000e+01 0.0000000000e+00 0.0000000000e+00 1
36400 5.0324081736e-02 1.4280693421e-06 2.0000000000e+01 0.0000000000e+00 0.0000000000e+00 1
36440 5.0381204510e-02 1.4280693421e-06 2.0000000000e+01 0.0000000000e+00 0.0000000000e+00 1
36480 5.0438327283e-02 1.4280693421e-06 2.0000000000e+01 0.0000000000e+00 0.0000000000e+00 1
36520 5.0495450057e-02 1.4280693421e-06 2.0000000000e+01 0.0000000000e+00 0.0000000000e+00 1
36560 5.0552572831e-02 1.4280693421e-06 2.0000000000e+01 0.0000000000e+00 0.0000000000e+00 1
36600 5.0609695605e-02 1.4280693421e-06 2.0000000000e+01 0.0000000000e+00 0.0000000000e+00 1
36640 5.0666818378e-02 1.4280693421e-06 2.0000000000e+01 0.0000000000e+00 0.0000000000e+00 1
36680 5.0723941152e-02 1.4280693421e-06 2.0000000000e+01 0.0000000000e+00 0.0000000000e+00 1
36720 5.0781063926e-02 1.4280693421e-06 2.0000000000e+01 0.0000000000e+00 0.0000000000e+00 1
36760 5.0838186699e-02 1.4280693421e-06 2.0000000000e+01 0.0000000000e+00 0.0000000000e+00 1
36800 5.0895309473e-02 1.4280693421e-06 2.0000000000e+01 0.0000000000e+00 0.0000000000e+00 1
36840 5.0952432247e-02 1.4280693421e-06 2.0000000000e+01 0.0000000000e+00 0.0000000000e+00 1
36880 5.1009555020e-02 1.4280693421e-06 2.0000000000e+01 0.0000000000e+00 0.0000000000e+00 1
36920 5.1066677794e-02 1.4280693421e-06 2.0000000000e+01 0.0000000000e+00 0.0000000000e+00 1
36960 5.1123800568e-02 1.4280693421e-06 2.0000000000e+01 0.0000000000e+00 0.0000000000e+00 1
37000 5.1180923341e-02 1.4280693421e-06 2.0000000000e+01 0.0000000000e+00 0.0000000000e+00 1
37040 5.1238046115e-02 1.4280693421e-06 2.0000000000e+01 0.0000000000e+00 0.0000000000e+00 1
37080 5.1295168889e-02 1.4280693421e-06 2.0000000000e+01 0.0000000000e+00 0.0000000000e+00 1
37120 5.1352291662e-02 1.4280693421e-06 2.0000000000e+01 0.0000000000e+00 0.0000000000e+00 1
37160 5.1409414436e-02 1.4280693421e-06 2.0000000000e+01 0.0000000000e+00 0.0000000000e+00 1
37200 5.1466537210e-02 1.4280693421e-06 2.0000000000e+01 0.0000000000e+00 0.0000000000e+00 1
37240 5.1523659983e-02 1.4280693421e-06 2.0000000000e+01 0.0000000000e+00 0.0000000000e+00 1
37280 5.1580782757e-02 1.4280693421e-06 2.0000000000e+01 0.0000000000e+00 0.0000000000e+00 1
37320 5.1637905531e-02 1.4280693421e-06 2.0000000000e+01 0.0000000000e+00 0.0000000000e+00 1
37360 5.1695028305e-02 1.4280693421e-06 2.0000000000e+01 0.0000000000e+00 0.0000000000e+00 1
37400 5.1752151078e-02 1.4280693421e-06 2.0000000000e+01 0.0000000000e+00 0.0000000000e+00 1
37440 5.1809273852e-02 1.4280693421e-06 2.0000000000e+01 0.0000000000e+00 0.0000000000e+00 1
37480 5.1866396626e-02 1.4280693421e-06 2.0000000000e+01 0.0000000000e+00 0.0000000000e+00 1
37520 5.1923519399e-02 1.4280693421e-06 2.0000000000e+01 0.0000000000e+00 0.0000000000e+00 1
37560 5.1980642173e-02 1.4280693421e-06 2.0000000000e+01 0.0000000000e+00 0.0000000000e+00 1
37600 5.2037764947e-02 1.4280693421e-06 2.0000000000e+01 0.0000000000e+00 0.0000000000e+00 1
37640 5.2094887720e-02 1.4280693421e-06 2.0000000000e+01 0.0000000000e+00 0.0000000000e+00 1
37680 5.2152010494e-02 1.4280693421e-06 2.0000000000e+01 0.0000000000e+00 0.0000000000e+00 1
37720 5.2209133268e-02 1.4280693421e-06 2.0000000000e+01 0.0000000000e+00 0.0000000000e+00 1
37760 5.2266256041e-02 1.4280693421e-06 2.0000000000e+01 0.0000000000e+00 0.0000000000e+00 1
37800 5.2323378815e-02 1.4280693421e-06 2.0000000000e+01 0.0000000000e+00 0.0000000000e+00 1
37840 5.2380501589e-02 1.4280693421e-06 2.0000000000e+01 0.0000000000e+00 0.0000000000e+00 1
37880 5.2437624362e-02 1.4280693421e-06 2.0000000000e+01 0.0000000000e+00 0.0000000000e+00 1
37920 5.2494747136e-02 1.4280693421e-06 2.0000000000e+01 0.0000000000e+00 0.0000000000e+00 1
37960 5.2551869910e-02 1.4280693421e-06 2.0000000000e+01 0.0000000000e+00 0.0000000000e+00 1
38000 5.2608992683e-02 1.4280693421e-06 2.0000000000e+01 0.0000000000e+00 0.0000000000e+00 1
38040 5.2666115457e-02 1.4280693421e-06 2.0000000000e+01 0.0000000000e+00 0.0000000000e+00 1
38080 5.2723238231e-02 1.4280693421e-06 2.0000000000e+01 0.0000000000e+00 0.0000000000e+00 1
38120 5.2780361004e-02 1.4280693421e-06 2.0000000000e+01 0.0000000000e+00 0.0000000000e+00 1
38160 5.2837483778e-02 1.4280693421e-06 2.0000000000e+01 0.0000000000e+00 0.0000000000e+00 1
38200 5.2894606552e-02 1.4280693421e-06 2.0000000000e+01 0.0000000000e+00 0.0000000000e+00 1
38240 5.2951729326e-02 1.4280693421e-06 2.0000000000e+01 0.0000000000e+00 0.0000000000e+00 1
38280 5.3008852099e-02 1.4280693421e-06 2.0000000000e+01 0.0000000000e+00 0.0000000000e+00 1
38320 5.3065974873e-02 1.4280693421e-06 2.0000000000e+01 0.0000000000e+00 0.0000000000e+00 1
38360 5.3123097647e-02 1.4280693421e-06 2.0000000000e+01 0.0000000000e+00 0.0000000000e+00 1
38400 5.3180220420e-02 1.4280693421e-06 2.0000000000e+01 0.0000000000e+00 0.0000000000e+00 1
38440 5.3237343194e-02 1.4280693421e-06 2.0000000000e+01 0.0000000000e+00 0.0000000000e+00 1
38480 5.3294465968e-02 1.4280693421e-06 2.0000000000e+01 0.0000000000e+00 0.0000000000e+00 1
38520 5.3351588741e-02 1.4280693421e-06 2.0000000000e+01 0.0000000000e+00 0.0000000000e+00 1
38560 5.3408711515e-02 1.4280693421e-06 2.0000000000e+01 0.0000000000e+00 0.0000000000e+00 1
38600 5.3465834289e-02 1.4280693421e-06 2.0000000000e+01 0.0000000000e+00 0.0000000000e+00 1
38640 5.3522957062e-02 1.4280693421e-06 2.0000000000e+01 0.0000000000e+00 0.0000000000e+00 1
38680 5.3580079836e-02 1.4280693421e-06 2.0000000000e+01 0.0000000000e+00 0.0000000000e+00 1
38720 5.3637202610e-02 1.4280693421e-06 2.0000000000e+01 0.0000000000e+00 0.0000000000e+00 1
38760 5.3694325383e-02 1.4280693421e-06 2.0000000000e+01 0.0000000000e+00 0.0000000000e+00 1
38800 5.3751448157e-02 1.4280693421e-06 2.0000000000e+01 0.0000000000e+00 0.0000000000e+00 1
38840 5.3808570931e-02 1.4280693421e-06 2.0000000000e+01 0.0000000000e+00 0.0000000000e+00 1
38880 5.3865693704e-02 1.4280693421e-06 2.0000000000e+01 0.0000000000e+00 0.0000000000e+00 1
38920 5.3922816478e-02 1.4280693421e-06 2.0000000000e+01 0.0000000000e+00 0.0000000000e+00 1
38960 5.3979939252e-02 1.4280693421e-06 2.0000000000e+01 0.0000000000e+00 0.0000000000e+00 1
39000 5.4037062026e-02 1.4280693421e-06 2.0000000000e+01 0.0000000000e+00 0.0000000000e+00 1
39040 5.4094184799e-02 1.4280693421e-06 2.0000000000e+01 0.0000000000e+00 0.0000000000e+00 1
39080 5.4151307573e-02 1.4280693421e-06 2.0000000000e+01 0.0000000000e+00 0.0000000000e+00 1
39120 5.4208430347e-02 1.4280693421e-06 2.0000000000e+01 0.0000000000e+00 0.0000000000e+00 1
39160 5.4265553120e-02 1.4280693421e-06 2.0000000000e+01 0.0000000000e+00 0.0000000000e+00 1
39200 5.4322675894e-02 1.4280693421e-06 2.0000000000e+01 0.0000000000e+00 0.0000000000e+00 1
39240 5.4379798668e-02 1.4280693421e-06 2.0000000000e+01 0.0000000000e+00 0.0000000000e+00 1
39280 5.4436921441e-02 1.4280693421e-06 2.0000000000e+01 0.0000000000e+00 0.0000000000e+00 1
39320 5.4494044215e-02 1.4280693421e-06 2.0000000000e+01 0.0000000000e+00 0.0000000000e+00 1
39360 5.4551166989e-02 1.4280693421e-06 2.0000000000e+01 0.0000000000e+00 0.0000000000e+00 1
39400 5.4608289762e-02 1.4280693421e-06 2.0000000000e+01 0.0000000000e+00 0.0000000000e+00 1
39440 5.4665412536e-02 1.4280693421e-06 2.0000000000e+01 0.0000000000e+00 0.0000000000e+00 1
39480 5.4722535310e-02 1.4280693421e-06 2.0000000000e+01 0.0000000000e+00 0.0000000000e+00 1
39520 5.4779658083e-02 1.4280693421e-06 2.0000000000e+01 0.0000000000e+00 0.0000000000e+00 1
39560 5.4836780857e-02 1.4280693421e-06 2.0000000000e+01 0.0000000000e+00 0.0000000000e+00 1
39600 5.4893903631e-02 1.4280693421e-06 2.0000000000e+01 0.0000000000e+00 0.0000000000e+00 1
39640 5.4951026404e-02 1.4280693421e-06 2.0000000000e+01 0.0000000000e+00 0.0000000000e+00 1
39680 5.5008149178e-02 1.4280693421e-06 2.0000000000e+01 0.0000000000e+00 0.0000000000e+00 1
39720 5.5065271952e-02 1.4280693421e-06 2.0000000000e+01 0.0000000000e+00 0.0000000000e+00 1
39760 5.5122394725e-02 1.4280693421e-06 2.0000000000e+01 0.0000000000e+00 0.0000000000e+00 1
39800 5.5179517499e-02 1.4280693421e-06 2.0000000000e+01 0.0000000000e+00 0.0000000000e+00 1
39840 5.5236640273e-02 1.4280693421e-06 2.0000000000e+01 0.0000000000e+00 0.0000000000e+00 1
39880 5.5293763047e-02 1.4280693421e-06 2.0000000000e+01 0.0000000000e+00 0.0000000000e+00 1
39920 5.5350885820e-02 1.4280693421e-06 2.0000000000e+01 0.0000000000e+00 0.0000000000e+00 1
39960 5.5408008594e-02 1.4280693421e-06 2.0000000000e+01 0.0000000000e+00 0.0000000000e+00 1
40000 5.5465131368e-02 1.4280693421e-06 2.0000000000e+01 0.0000000000e+00 0.0000000000e+00 1
40040 5.5522254141e-02 1.4280693421e-06 2.0000000000e+01 0.0000000000e+00 0.0000000000e+00 1
40080 5.5579376915e-02 1.4280693421e-06 2.0000000000e+01 0.0000000000e+00 0.0000000000e+00 1
40120 5.5636499689e-02 1.4280693421e-06 2.0000000000e+01 0.0000000000e+00 0.0000000000e+00 1
40160 5.5693622462e-02 1.4280693421e-06 2.0000000000e+01 0.0000000000e+00 0.0000000000e+00 1
40200 5.5750745236e-02 1.4280693421e-06 2.0000000000e+01 0.0000000000e+00 0.0000000000e+00 1
40240 5.5807868010e-02 1.4280693421e-06 2.0000000000e+01 0.0000000000e+00 0.0000000000e+00 1
40280 5.5864990783e-02 1.4280693421e-06 2.0000000000e+01 0.0000000000e+00 0.0000000000e+00 1
40320 5.5922113557e-02 1.4280693421e-06 2.0000000000e+01 0.0000000000e+00 0.0000000000e+00 1
40360 5.5979236331e-02 1.4280693421e-06 2.0000000000e+01 0.0000000000e+00 0.0000000000e+00 1
40400 5.6036359104e-02 1.4280693421e-06 2.0000000000e+01 0.0000000000e+00 0.0000000000e+00 1
40440 5.6093481878e-02 1.4280693421e-06 2.0000000000e+01 0.0000000000e+00 0.0000000000e+00 1
40480 5.6150604652e-02 1.4280693421e-06 2.0000000000e+01 0.0000000000e+00 0.0000000000e+00 1
40520 5.6207727425e-02 1.4280693421e-06 2.0000000000e+01 0.0000000000e+00 0.0000000000e+00 1
40560 5.6264850199e-02 1.4280693421e-06 2.0000000000e+01 0.0000000000e+00 0.0000000000e+00 1
40600 5.6321972973e-02 1.4280693421e-06 2.0000000000e+01 0.0000000000e+00 0.0000000000e+00 1
40640 5.6379095747e-02 1.4280693421e-06 2.0000000000e+01 0.0000000000e+00 0.0000000000e+00 1
40680 5.6436218520e-02 1.4280693421e-06 2.0000000000e+01 0.0000000000e+00 0.0000000000e+00 1
40720 5.6493341294e-02 1.4280693421e-06 2.0000000000e+01 0.0000000000e+00 0.0000000000e+00 1
40760 5.6550464068e-02 1.4280693421e-06 2.0000000000e+01 0.0000000000e+00 0.0000000000e+00 1
40800 5.6607586841e-02 1.4280693421e-06 2.0000000000e+01 0.0000000000e+00 0.0000000000e+00 1
40840 5.6664709615e-02 1.4280693421e-06 2.0000000000e+01 0.0000000000e+00 0.0000000000e+00 1
40880 5.6721832389e-02 1.4280693421e-06 2.0000000000e+01 0.0000000000e+00 0.0000000000e+00 1
40920 5.6778955162e-02 1.4280693421e-06 2.0000000000e+01 0.0000000000e+00 0.0000000000e+00 1
40960 5.6836077936e-02 1.4280693421e-06 2.0000000000e+01 0.0000000000e+00 0.0000000000e+00 1
41000 5.6893200710e-02 1.4280693421e-06 2.0000000000e+01 0.0000000000e+00 0.0000000000e+00 1
41040 5.6950323483e-02 1.4280693421e-06 2.0000000000e+01 0.0000000000e+00 0.0000000000e+00 1
41080 5.7007446257e-02 1.4280693421e-06 2.0000000000e+01 0.0000000000e+00 0.0000000000e+00 1
41120 5.7064569031e-02 1.4280693421e-06 2.0000000000e+01 0.0000000000e+00 0.0000000000e+00 1
41160 5.7121691804e-02 1.4280693421e-06 2.0000000000e+01 0.0000000000e+00 0.0000000000e+00 1
41200 5.7178814578e-02 1.4280693421e-06 2.0000000000e+01 0.0000000000e+00 0.0000000000e+00 1
41240 5.7235937352e-02 1.4280693421e-06 2.0000000000e+01 0.0000000000e+00 0.0000000000e+00 1
41280 5.7293060125e-02 1.4280693421e-06 2.0000000000e+01 0.0000000000e+00 0.0000000000e+00 1
41320 5.7350182899e-02 1.4280693421e-06 2.0000000000e+01 0.0000000000e+00 0.0000000000e+00 1
41360 5.7407305673e-02 1.4280693421e-06 2.0000000000e+01 0.0000000000e+00 0.0000000000e+00 1
41400 5.7464428446e-02 1.4280693421e-06 2.0000000000e+01 0.0000000000e+00 0.0000000000e+00 1
41440 5.7521551220e-02 1.4280693421e-06 2.0000000000e+01 0.0000000000e+00 0.0000000000e+00 1
41480 5.7578673994e-02 1.4280693421e-06 2.0000000000e+01 0.0000000000e+00 0.0000000000e+00 1
41520 5.7635796768e-02 1.4280693421e-06 2.0000000000e+01 0.0000000000e+00 0.0000000000e+00 1
41560 5.7692919541e-02 1.4280693421e-06 2.0000000000e+01 0.0000000000e+00 0.0000000000e+00 1
41600 5.7750042315e-02 1.4280693421e-06 2.0000000000e+01 0.0000000000e+00 0.0000000000e+00 1
41640 5.7807165089e-02 1.4280693421e-06 2.0000000000e+01 0.0000000000e+00 0.0000000000e+00 1
41680 5.7864287862e-02 1.4280693421e-06 2.0000000000e+01 0.0000000000e+00 0.0000000000e+00 1
41720 5.7921410636e-02 1.4280693421e-06 2.0000000000e+01 0.0000000000e+00 0.0000000000e+00 1
41760 5.7978533410e-02 1.4280693421e-06 2.0000000000e+01 0.0000000000e+00 0.0000000000e+00 1
41800 5.8035656183e-02 1.4280693421e-06 2.0000000000e+01 0.0000000000e+00 0.0000000000e+00 1
41840 5.8092778957e-02 1.4280693421e-06 2.0000000000e+01 0.0000000000e+00 0.0000000000e+00 1
41880 5.8149901731e-02 1.4280693421e-06 2.0000000000e+01 0.0000000000e+00 0.0000000000e+00 1
41920 5.8207024504e-02 1.4280693421e-06 2.0000000000e+01 0.0000000000e+00 0.0000000000e+00 1
41960 5.8264147278e-02 1.4280693421e-06 2.0000000000e+01 0.0000000000e+00 0.0000000000e+00 1
42000 5.8321270052e-02 1.4280693421e-06 2.0000000000e+01 0.0000000000e+00 0.0000000000e+00 1
42040 5.8378392825e-02 1.4280693421e-06 2.0000000000e+01 0.0000000000e+00 0.0000000000e+00 1
42080 5.8435515599e-02 1.4280693421e-06 2.0000000000e+01 0.0000000000e+00 0.0000000000e+00 1
42120 5.8492638373e-02 1.4280693421e-06 2.0000000000e+01 0.0000000000e+00 0.0000000000e+00 1
42160 5.8549761146e-02 1.4280693421e-06 2.0000000000e+01 0.0000000000e+00 0.0000000000e+00 1
42200 5.8606883920e-02 1.4280693421e-06 2.0000000000e+01 0.0000000000e+00 0.0000000000e+00 1
42240 5.8664006694e-02 1.4280693421e-06 2.0000000000e+01 0.0000000000e+00 0.0000000000e+00 1
42280 5.8721129468e-02 1.4280693421e-06 2.0000000000e+01 0.0000000000e+00 0.0000000000e+00 1
42320 5.8778252241e-02 1.4280693421e-06 2.0000000000e+01 0.0000000000e+00 0.0000000000e+00 1
42360 5.8835375015e-02 1.4280693421e-06 2.0000000000e+01 0.0000000000e+00 0.0000000000e+00 1
42400 5.8892497789e-02 1.4280693421e-06 2.0000000000e+01 0.0000000000e+00 0.0000000000e+00 1
42440 5.8949620562e-02 1.4280693421e-06 2.0000000000e+01 0.0000000000e+00 0.0000000000e+00 1
42480 5.9006743336e-02 1.4280693421e-06 2.0000000000e+01 0.0000000000e+00 0.0000000000e+00 1
42520 5.9063866110e-02 1.4280693421e-06 2.0000000000e+01 0.0000000000e+00 0.0000000000e+00 1
42560 5.9120988883e-02 1.4280693421e-06 2.0000000000e+01 0.0000000000e+00 0.0000000000e+00 1
42600 5.9178111657e-02 1.4280693421e-06 2.0000000000e+01 0.0000000000e+00 0.0000000000e+00 1
42640 5.9235234431e-02 1.4280693421e-06 2.0000000000e+01 0.0000000000e+00 0.0000000000e+00 1
42680 5.9292357204e-02 1.4280693421e-06 2.0000000000e+01 0.0000000000e+00 0.0000000000e+00 1
42720 5.9349479978e-02 1.4280693421e-06 2.0000000000e+01 0.0000000000e+00 0.0000000000e+00 1
42760 5.9406602752e-02 1.4280693421e-06 2.0000000000e+01 0.0000000000e+00 0.0000000000e+00 1
42800 5.9463725525e-02 1.4280693421e-06 2.0000000000e+01 0.0000000000e+00 0.0000000000e+00 1
42840 5.9520848299e-02 1.4280693421e-06 2.0000000000e+01 0.0000000000e+00 0.0000000000e+00 1
42880 5.9577971073e-02 1.4280693421e-06 2.0000000000e+01 0.0000000000e+00 0.0000000000e+00 1
42920 5.9635093846e-02 1.4280693421e-06 2.0000000000e+01 0.0000000000e+00 0.0000000000e+00 1
42960 5.9692216620e-02 1.4280693421e-06 2.0000000000e+01 0.0000000000e+00 0.0000000000e+00 1
43000 5.9749339394e-02 1.4280693421e-06 2.0000000000e+01 0.0000000000e+00 0.0000000000e+00 1
43040 5.9806462167e-02 1.4280693421e-06 2.0000000000e+01 0.0000000000e+00 0.0000000000e+00 1
43080 5.9863584941e-02 1.4280693421e-06 2.0000000000e+01 0.0000000000e+00 0.0000000000e+00 1
43120 5.9920707715e-02 1.4280693421e-06 2.0000000000e+01 0.0000000000e+00 0.0000000000e+00 1
43160 5.9977830489e-02 1.4280693421e-06 2.0000000000e+01 0.0000000000e+00 0.0000000000e+00 1
43200 6.0034953262e-02 1.4280693421e-06 2.0000000000e+01 0.0000000000e+00 0.0000000000e+00 1
43240 6.0092076036e-02 1.4280693421e-06 2.0000000000e+01 0.0000000000e+00 0.0000000000e+00 1
43280 6.0149198810e-02 1.4280693421e-06 2.0000000000e+01 0.0000000000e+00 0.0000000000e+00 1
43320 6.0206321583e-02 1.4280693421e-06 2.0000000000e+01 0.0000000000e+00 0.0000000000e+00 1
43360 6.0263444357e-02 1.4280693421e-06 2.0000000000e+01 0.0000000000e+00 0.0000000000e+00 1
43400 6.0320567131e-02 1.4280693421e-06 2.0000000000e+01 0.0000000000e+00 0.0000000000e+00 1
43440 6.0377689904e-02 1.4280693421e-06 2.0000000000e+01 0.0000000000e+00 0.0000000000e+00 1
43480 6.0434812678e-02 1.4280693421e-06 2.0000000000e+01 0.0000000000e+00 0.0000000000e+00 1
43520 6.0491935452e-02 1.4280693421e-06 2.0000000000e+01 0.0000000000e+00 0.0000000000e+00 1
43560 6.0549058225e-02 1.4280693421e-06 2.0000000000e+01 0.0000000000e+00 0.0000000000e+00 1
43600 6.0606180999e-02 1.4280693421e-06 2.0000000000e+01 0.0000000000e+00 0.0000000000e+00 1
43640 6.0663303773e-02 1.4280693421e-06 2.0000000000e+01 0.0000000000e+00 0.0000000000e+00 1
43680 6.0720426546e-02 1.4280693421e-06 2.0000000000e+01 0.0000000000e+00 0.0000000000e+00 1
43720 6.0777549320e-02 1.4280693421e-06 2.0000000000e+01 0.0000000000e+00 0.0000000000e+00 1
43760 6.0834672094e-02 1.4280693421e-06 2.0000000000e+01 0.0000000000e+00 0.0000000000e+00 1
43800 6.0891794867e-02 1.4280693421e-06 2.0000000000e+01 0.0000000000e+00 0.0000000000e+00 1
43840 6.0948917641e-02 1.4280693421e-06 2.0000000000e+01 0.0000000000e+00 0.0000000000e+00 1
43880 6.1006040415e-02 1.4280693421e-06 2.0000000000e+01 0.0000000000e+00 0.0000000000e+00 1
43920 6.1063163189e-02 1.4280693421e-06 2.0000000000e+01 0.0000000000e+00 0.0000000000e+00 1
43960 6.1120285962e-02 1.4280693421e-06 2.0000000000e+01 0.0000000000e+00 0.0000000000e+00 1
44000 6.1177408736e-02 1.4280693421e-06 2.0000000000e+01 0.0000000000e+00 0.0000000000e+00 1
44040 6.1234531510e-02 1.4280693421e-06 2.0000000000e+01 0.0000000000e+00 0.0000000000e+00 1
44080 6.1291654283e-02 1.4280693421e-06 2.0000000000e+01 0.0000000000e+00 0.0000000000e+00 1
44120 6.1348777057e-02 1.4280693421e-06 2.0000000000e+01 0.0000000000e+00 0.0000000000e+00 1
44160 6.1405899831e-02 1.4280693421e-06 2.0000000000e+01 0.0000000000e+00 0.0000000000e+00 1
44200 6.1463022604e-02 1.4280693421e-06 2.0000000000e+01 0.0000000000e+00 0.0000000000e+00 1
44240 6.1520145378e-02 1.4280693421e-06 2.0000000000e+01 0.0000000000e+00 0.0000000000e+00 1
44280 6.1577268152e-02 1.4280693421e-06 2.0000000000e+01 0.0000000000e+00 0.0000000000e+00 1
44320 6.1634390925e-02 1.4280693421e-06 2.0000000000e+01 0.0000000000e+00 0.0000000000e+00 1
44360 6.1691513699e-02 1.4280693421e-06 2.0000000000e+01 0.0000000000e+00 0.0000000000e+00 1
44400 6.1748636473e-02 1.4280693421e-06 2.0000000000e+01 0.0000000000e+00 0.0000000000e+00 1
44440 6.1805759246e-02 1.4280693421e-06 2.0000000000e+01 0.0000000000e+00 0.0000000000e+00 1
44480 6.1862882020e-02 1.4280693421e-06 2.0000000000e+01 0.0000000000e+00 0.0000000000e+00 1
44520 6.1920004794e-02 1.4280693421e-06 2.0000000000e+01 0.0000000000e+00 0.0000000000e+00 1
44560 6.1977127567e-02 1.4280693421e-06 2.0000000000e+01 0.0000000000e+00 0.0000000000e+00 1
44600 6.2034250341e-02 1.4280693421e-06 2.0000000000e+01 0.0000000000e+00 0.0000000000e+00 1
44640 6.2091373115e-02 1.4280693421e-06 2.0000000000e+01 0.0000000000e+00 0.0000000000e+00 1
44680 6.2148495888e-02 1.4280693421e-06 2.0000000000e+01 0.0000000000e+00 0.0000000000e+00 1
44720 6.2205618662e-02 1.4280693421e-06 2.0000000000e+01 0.0000000000e+00 0.0000000000e+00 1
44760 6.2262741436e-02 1.4280693421e-06 2.0000000000e+01 0.0000000000e+00 0.0000000000e+00 1
44800 6.2319864210e-02 1.4280693421e-06 2.0000000000e+01 0.0000000000e+00 0.0000000000e+00 1
44840 6.2376986983e-02 1.4280693421e-06 2.0000000000e+01 0.0000000000e+00 0.0000000000e+00 1
44880 6.2434109757e-02 1.4280693421e-06 2.0000000000e+01 0.0000000000e+00 0.0000000000e+00 1
44920 6.2491232531e-02 1.4280693421e-06 2.0000000000e+01 0.0000000000e+00 0.0000000000e+00 1
44960 6.2548355304e-02 1.4280693421e-06 2.0000000000e+01 0.0000000000e+00 0.0000000000e+00 1
45000 6.2605478078e-02 1.4280693421e-06 2.0000000000e+01 0.0000000000e+00 0.0000000000e+00 1
45040 6.2662600852e-02 1.4280693421e-06 2.0000000000e+01 0.0000000000e+00 0.0000000000e+00 1
45080 6.2719723625e-02 1.4280693421e-06 2.0000000000e+01 0.0000000000e+00 0.0000000000e+00 1
45120 6.2776846399e-02 1.4280693421e-06 2.0000000000e+01 0.0000000000e+00 0.0000000000e+00 1
45160 6.2833969173e-02 1.4280693421e-06 2.0000000000e+01 0.0000000000e+00 0.0000000000e+00 1
45200 6.2891091946e-02 1.4280693421e-06 2.0000000000e+01 0.0000000000e+00 0.0000000000e+00 1
45240 6.2948214720e-02 1.4280693421e-06 2.0000000000e+01 0.0000000000e+00 0.0000000000e+00 1
45280 6.3005337494e-02 1.4280693421e-06 2.0000000000e+01 0.0000000000e+00 0.0000000000e+00 1
45320 6.3062460267e-02 1.4280693421e-06 2.0000000000e+01 0.0000000000e+00 0.0000000000e+00 1
45360 6.3119583041e-02 1.4280693421e-06 2.0000000000e+01 0.0000000000e+00 0.0000000000e+00 1
45400 6.3176705815e-02 1.4280693421e-06 2.0000000000e+01 0.0000000000e+00 0.0000000000e+00 1
45440 6.3233828588e-02 1.4280693421e-06 2.0000000000e+01 0.0000000000e+00 0.0000000000e+00 1
45480 6.3290951362e-02 1.4280693421e-06 2.0000000000e+01 0.0000000000e+00 0.0000000000e+00 1
45520 6.3348074136e-02 1.4280693421e-06 2.0000000000e+01 0.0000000000e+00 0.0000000000e+00 1
45560 6.3405196910e-02 1.4280693421e-06 2.0000000000e+01 0.0000000000e+00 0.0000000000e+00 1
45600 6.3462319683e-02 1.4280693421e-06 2.0000000000e+01 0.0000000000e+00 0.0000000000e+00 1
45640 6.3519442457e-02 1.4280693421e-06 2.0000000000e+01 0.0000000000e+00 0.0000000000e+00 1
45680 6.3576565231e-02 1.4280693421e-06 2.0000000000e+01 0.0000000000e+00 0.0000000000e+00 1
45720 6.3633688004e-02 1.4280693421e-06 2.0000000000e+01 0.0000000000e+00 0.0000000000e+00 1
45760 6.3690810778e-02 1.4280693421e-06 2.0000000000e+01 0.0000000000e+00 0.0000000000e+00 1
45800 6.3747933552e-02 1.4280693421e-06 2.0000000000e+01 0.0000000000e+00 0.0000000000e+00 1
45840 6.3805056325e-02 1.4280693421e-06 2.0000000000e+01 0.0000000000e+00 0.0000000000e+00 1
45880 6.3862179099e-02 1.4280693421e-06 2.0000000000e+01 0.0000000000e+00 0.0000000000e+00 1
45920 6.3919301873e-02 1.4280693421e-06 2.0000000000e+01 0.0000000000e+00 0.0000000000e+00 1
45960 6.3976424646e-02 1.4280693421e-06 2.0000000000e+01 0.0000000000e+00 0.0000000000e+00 1
46000 6.4033547420e-02 1.4280693421e-06 2.0000000000e+01 0.0000000000e+00 0.0000000000e+00 1
46040 6.4090670194e-02 1.4280693421e-06 2.0000000000e+01 0.0000000000e+00 0.0000000000e+00 1
46080 6.4147792967e-02 1.4280693421e-06 2.0000000000e+01 0.0000000000e+00 0.0000000000e+00 1
46120 6.4204915741e-02 1.4280693421e-06 2.0000000000e+01 0.0000000000e+00 0.0000000000e+00 1
46160 6.4262038515e-02 1.4280693421e-06 2.0000000000e+01 0.0000000000e+00 0.0000000000e+00 1
46200 6.4319161288e-02 1.4280693421e-06 2.0000000000e+01 0.0000000000e+00 0.0000000000e+00 1
46240 6.4376284062e-02 1.4280693421e-06 2.0000000000e+01 0.0000000000e+00 0.0000000000e+00 1
46280 6.4433406836e-02 1.4280693421e-06 2.0000000000e+01 0.0000000000e+00 0.0000000000e+00 1
46320 6.4490529609e-02 1.4280693421e-06 2.0000000000e+01 0.0000000000e+00 0.0000000000e+00 1
46360 6.4547652383e-02 1.4280693421e-06 2.0000000000e+01 0.0000000000e+00 0.0000000000e+00 1
46400 6.4604775157e-02 1.4280693421e-06 2.0000000000e+01 0.0000000000e+00 0.0000000000e+00 1
46440 6.4661897931e-02 1.4280693421e-06 2.0000000000e+01 0.0000000000e+00 0.0000000000e+00 1
46480 6.4719020704e-02 1.4280693421e-06 2.0000000000e+01 0.0000000000e+00 0.0000000000e+00 1
46520 6.4776143478e-02 1.4280693421e-06 2.0000000000e+01 0.0000000000e+00 0.0000000000e+00 1
46560 6.4833266252e-02 1.4280693421e-06 2.0000000000e+01 0.0000000000e+00 0.0000000000e+00 1
46600 6.4890389025e-02 1.4280693421e-06 2.0000000000e+01 0.0000000000e+00 0.0000000000e+00 1
46640 6.4947511799e-02 1.4280693421e-06 2.0000000000e+01 0.0000000000e+00 0.0000000000e+00 1
46680 6.5004634573e-02 1.4280693421e-06 2.0000000000e+01 0.0000000000e+00 0.0000000000e+00 1
46720 6.5061757346e-02 1.4280693421e-06 2.0000000000e+01 0.0000000000e+00 0.0000000000e+00 1
46760 6.5118880120e-02 1.4280693421e-06 2.0000000000e+01 0.0000000000e+00 0.0000000000e+00 1
46800 6.5176002894e-02 1.4280693421e-06 2.0000000000e+01 0.0000000000e+00 0.0000000000e+00 1
46840 6.5233125667e-02 1.4280693421e-06 2.0000000000e+01 0.0000000000e+00 0.0000000000e+00 1
46880 6.5290248441e-02 1.4280693421e-06 2.0000000000e+01 0.0000000000e+00 0.0000000000e+00 1
46920 6.5347371215e-02 1.4280693421e-06 2.0000000000e+01 0.0000000000e+00 0.0000000000e+00 1
46960 6.5404493988e-02 1.4280693421e-06 2.0000000000e+01 0.0000000000e+00 0.0000000000e+00 1
47000 6.5461616762e-02 1.4280693421e-06 2.0000000000e+01 0.0000000000e+00 0.0000000000e+00 1
47040 6.5518739536e-02 1.4280693421e-06 2.0000000000e+01 0.0000000000e+00 0.0000000000e+00 1
47080 6.5575862309e-02 1.4280693421e-06 2.0000000000e+01 0.0000000000e+00 0.0000000000e+00 1
47120 6.5632985083e-02 1.4280693421e-06 2.0000000000e+01 0.0000000000e+00 0.0000000000e+00 1
47160 6.5690107857e-02 1.4280693421e-06 2.0000000000e+01 0.0000000000e+00 0.0000000000e+00 1
47200 6.5747230631e-02 1.4280693421e-06 2.0000000000e+01 0.0000000000e+00 0.0000000000e+00 1
47240 6.5804353404e-02 1.4280693421e-06 2.0000000000e+01 0.0000000000e+00 0.0000000000e+00 1
47280 6.5861476178e-02 1.4280693421e-06 2.0000000000e+01 0.0000000000e+00 0.0000000000e+00 1
47320 6.5918598952e-02 1.4280693421e-06 2.0000000000e+01 0.0000000000e+00 0.0000000000e+00 1
47360 6.5975721725e-02 1.4280693421e-06 2.0000000000e+01 0.0000000000e+00 0.0000000000e+00 1
47400 6.6032844499e-02 1.4280693421e-06 2.0000000000e+01 0.0000000000e+00 0.0000000000e+00 1
47440 6.6089967273e-02 1.4280693421e-06 2.0000000000e+01 0.0000000000e+00 0.0000000000e+00 1
47480 6.6147090046e-02 1.4280693421e-06 2.0000000000e+01 0.0000000000e+00 0.0000000000e+00 1
47520 6.6204212820e-02 1.4280693421e-06 2.0000000000e+01 0.0000000000e+00 0.0000000000e+00 1
47560 6.6261335594e-02 1.4280693421e-06 2.0000000000e+01 0.0000000000e+00 0.0000000000e+00 1
47600 6.6318458367e-02 1.4280693421e-06 2.0000000000e+01 0.0000000000e+00 0.0000000000e+00 1
47640 6.6375581141e-02 1.4280693421e-06 2.0000000000e+01 0.0000000000e+00 0.0000000000e+00 1
47680 6.6432703915e-02 1.4280693421e-06 2.0000000000e+01 0.0000000000e+00 0.0000000000e+00 1
47720 6.6489826688e-02 1.4280693421e-06 2.0000000000e+01 0.0000000000e+00 0.0000000000e+00 1
47760 6.6546949462e-02 1.4280693421e-06 2.0000000000e+01 0.0000000000e+00 0.0000000000e+00 1
47800 6.6604072236e-02 1.4280693421e-06 2.0000000000e+01 0.0000000000e+00 0.0000000000e+00 1
47840 6.6661195009e-02 1.4280693421e-06 2.0000000000e+01 0.0000000000e+00 0.0000000000e+00 1
47880 6.6718317783e-02 1.4280693421e-06 2.0000000000e+01 0.0000000000e+00 0.0000000000e+00 1
47920 6.6775440557e-02 1.4280693421e-06 2.0000000000e+01 0.0000000000e+00 0.0000000000e+00 1
47960 6.6832563330e-02 1.4280693421e-06 2.0000000000e+01 0.0000000000e+00 0.0000000000e+00 1
48000 6.6889686104e-02 1.4280693421e-06 2.0000000000e+01 0.0000000000e+00 0.0000000000e+00 1
48040 6.6946808878e-02 1.4280693421e-06 2.0000000000e+01 0.0000000000e+00 0.0000000000e+00 1
48080 6.7003931652e-02 1.4280693421e-06 2.0000000000e+01 0.0000000000e+00 0.0000000000e+00 1
48120 6.7061054425e-02 1.4280693421e-06 2.0000000000e+01 0.0000000000e+00 0.0000000000e+00 1
48160 6.7118177199e-02 1.4280693421e-06 2.0000000000e+01 0.0000000000e+00 0.0000000000e+00 1
48200 6.7175299973e-02 1.4280693421e-06 2.0000000000e+01 0.0000000000e+00 0.0000000000e+00 1
48240 6.7232422746e-02 1.4280693421e-06 2.0000000000e+01 0.0000000000e+00 0.0000000000e+00 1
48280 6.7289545520e-02 1.4280693421e-06 2.0000000000e+01 0.0000000000e+00 0.0000000000e+00 1
48320 6.7346668294e-02 1.4280693421e-06 2.0000000000e+01 0.0000000000e+00 0.0000000000e+00 1
48360 6.7403791067e-02 1.4280693421e-06 2.0000000000e+01 0.0000000000e+00 0.0000000000e+00 1
48400 6.7460913841e-02 1.4280693421e-06 2.0000000000e+01 0.0000000000e+00 0.0000000000e+00 1
48440 6.7518036615e-02 1.4280693421e-06 2.0000000000e+01 0.0000000000e+00 0.0000000000e+00 1
48480 6.7575159388e-02 1.4280693421e-06 2.0000000000e+01 0.0000000000e+00 0.0000000000e+00 1
48520 6.7632282162e-02 1.4280693421e-06 2.0000000000e+01 0.0000000000e+00 0.0000000000e+00 1
48560 6.7689404936e-02 1.4280693421e-06 2.0000000000e+01 0.0000000000e+00 0.0000000000e+00 1
48600 6.7746527709e-02 1.4280693421e-06 2.0000000000e+01 0.0000000000e+00 0.0000000000e+00 1
48640 6.7803650483e-02 1.4280693421e-06 2.0000000000e+01 0.0000000000e+00 0.0000000000e+00 1
48680 6.7860773257e-02 1.4280693421e-06 2.0000000000e+01 0.0000000000e+00 0.0000000000e+00 1
48720 6.7917896030e-02 1.4280693421e-06 2.0000000000e+01 0.0000000000e+00 0.0000000000e+00 1
48760 6.7975018804e-02 1.4280693421e-06 2.0000000000e+01 0.0000000000e+00 0.0000000000e+00 1
48800 6.8032141578e-02 1.4280693421e-06 2.0000000000e+01 0.0000000000e+00 0.0000000000e+00 1
48840 6.8089264351e-02 1.4280693421e-06 2.0000000000e+01 0.0000000000e+00 0.0000000000e+00 1
48880 6.8146387125e-02 1.4280693421e-06 2.0000000000e+01 0.0000000000e+00 0.0000000000e+00 1
48920 6.8203509899e-02 1.4280693421e-06 2.0000000000e+01 0.0000000000e+00 0.0000000000e+00 1
48960 6.8260632673e-02 1.4280693421e-06 2.0000000000e+01 0.0000000000e+00 0.0000000000e+00 1
49000 6.8317755446e-02 1.4280693421e-06 2.0000000000e+01 0.0000000000e+00 0.0000000000e+00 1
49040 6.8374878220e-02 1.4280693421e-06 2.0000000000e+01 0.0000000000e+00 0.0000000000e+00 1
49080 6.8432000994e-02 1.4280693421e-06 2.0000000000e+01 0.0000000000e+00 0.0000000000e+00 1
49120 6.8489123767e-02 1.4280693421e-06 2.0000000000e+01 0.0000000000e+00 0.0000000000e+00 1
49160 6.8546246541e-02 1.4280693421e-06 2.0000000000e+01 0.0000000000e+00 0.0000000000e+00 1
49200 6.8603369315e-02 1.4280693421e-06 2.0000000000e+01 0.0000000000e+00 0.0000000000e+00 1
49240 6.8660492088e-02 1.4280693421e-06 2.0000000000e+01 0.0000000000e+00 0.0000000000e+00 1
49280 6.8717614862e-02 1.4280693421e-06 2.0000000000e+01 0.0000000000e+00 0.0000000000e+00 1
49320 6.8774737636e-02 1.4280693421e-06 2.0000000000e+01 0.0000000000e+00 0.0000000000e+00 1
49360 6.8831860409e-02 1.4280693421e-06 2.0000000000e+01 0.0000000000e+00 0.0000000000e+00 1
49400 6.8888983183e-02 1.4280693421e-06 2.0000000000e+01 0.0000000000e+00 0.0000000000e+00 1
49440 6.8946105957e-02 1.4280693421e-06 2.0000000000e+01 0.0000000000e+00 0.0000000000e+00 1
49480 6.9003228730e-02 1.4280693421e-06 2.0000000000e+01 0.0000000000e+00 0.0000000000e+00 1
49520 6.9060351504e-02 1.4280693421e-06 2.0000000000e+01 0.0000000000e+00 0.0000000000e+00 1
49560 6.9117474278e-02 1.4280693421e-06 2.0000000000e+01 0.0000000000e+00 0.0000000000e+00 1
49600 6.9174597051e-02 1.4280693421e-06 2.0000000000e+01 0.0000000000e+00 0.0000000000e+00 1
49640 6.9231719825e-02 1.4280693421e-06 2.0000000000e+01 0.0000000000e+00 0.0000000000e+00 1
49680 6.9288842599e-02 1.4280693421e-06 2.0000000000e+01 0.0000000000e+00 0.0000000000e+00 1
49720 6.9345965373e-02 1.4280693421e-06 2.0000000000e+01 0.0000000000e+00 0.0000000000e+00 1
49760 6.9403088146e-02 1.4280693421e-06 2.0000000000e+01 0.0000000000e+00 0.0000000000e+00 1
49800 6.9460210920e-02 1.4280693421e-06 2.0000000000e+01 0.0000000000e+00 0.0000000000e+00 1
49840 6.9517333694e-02 1.4280693421e-06 2.0000000000e+01 0.0000000000e+00 0.0000000000e+00 1
49880 6.9574456467e-02 1.4280693421e-06 2.0000000000e+01 0.0000000000e+00 0.0000000000e+00 1
49920 6.9631579241e-02 1.4280693421e-06 2.0000000000e+01 0.0000000000e+00 0.0000000000e+00 1
49960 6.9688702015e-02 1.4280693421e-06 2.0000000000e+01 0.0000000000e+00 0.0000000000e+00 1
50000 6.9745824788e-02 1.4280693421e-06 2.0000000000e+01 0.0000000000e+00 0.0000000000e+00 1
50040 6.9802947562e-02 1.4280693421e-06 2.0000000000e+01 0.0000000000e+00 0.0000000000e+00 1
50080 6.9860070336e-02 1.4280693421e-06 2.0000000000e+01 0.0000000000e+00 0.0000000000e+00 1
50120 6.9917193109e-02 1.4280693421e-06 2.0000000000e+01 0.0000000000e+00 0.0000000000e+00 1
50160 6.9974315883e-02 1.4280693421e-06 2.0000000000e+01 0.0000000000e+00 0.0000000000e+00 1
50200 7.0031438657e-02 1.4280693421e-06 2.0000000000e+01 0.0000000000e+00 0.0000000000e+00 1
50240 7.0088561430e-02 1.4280693421e-06 2.0000000000e+01 0.0000000000e+00 0.0000000000e+00 1
50280 7.0145684204e-02 1.4280693421e-06 2.0000000000e+01 0.0000000000e+00 0.0000000000e+00 1
50320 7.0202806978e-02 1.4280693421e-06 2.0000000000e+01 0.0000000000e+00 0.0000000000e+00 1
50360 7.0259929751e-02 1.4280693421e-06 2.0000000000e+01 0.0000000000e+00 0.0000000000e+00 1
50400 7.0317052525e-02 1.4280693421e-06 2.0000000000e+01 0.0000000000e+00 0.0000000000e+00 1
50440 7.0374175299e-02 1.4280693421e-06 2.0000000000e+01 0.0000000000e+00 0.0000000000e+00 1
50480 7.0431298072e-02 1.4280693421e-06 2.0000000000e+01 0.0000000000e+00 0.0000000000e+00 1
50520 7.0488420846e-02 1.4280693421e-06 2.0000000000e+01 0.0000000000e+00 0.0000000000e+00 1
50560 7.0545543620e-02 1.4280693421e-06 2.0000000000e+01 0.0000000000e+00 0.0000000000e+00 1
50600 7.0602666394e-02 1.4280693421e-06 2.0000000000e+01 0.0000000000e+00 0.0000000000e+00 1
50640 7.0659789167e-02 1.4280693421e-06 2.0000000000e+01 0.0000000000e+00 0.0000000000e+00 1
50680 7.0716911941e-02 1.4280693421e-06 2.0000000000e+01 0.0000000000e+00 0.0000000000e+00 1
50720 7.0774034715e-02 1.4280693421e-06 2.0000000000e+01 0.0000000000e+00 0.0000000000e+00 1
50760 7.0831157488e-02 1.4280693421e-06 2.0000000000e+01 0.0000000000e+00 0.0000000000e+00 1
50800 7.0888280262e-02 1.4280693421e-06 2.0000000000e+01 0.0000000000e+00 0.0000000000e+00 1
50840 7.0945403036e-02 1.4280693421e-06 2.0000000000e+01 0.0000000000e+00 0.0000000000e+00 1
50880 7.1002525809e-02 1.4280693421e-06 2.0000000000e+01 0.0000000000e+00 0.0000000000e+00 1
50920 7.1059648583e-02 1.4280693421e-06 2.0000000000e+01 0.0000000000e+00 0.0000000000e+00 1
50960 7.1116771357e-02 1.4280693421e-06 2.0000000000e+01 0.0000000000e+00 0.0000000000e+00 1
51000 7.1173894130e-02 1.4280693421e-06 2.0000000000e+01 0.0000000000e+00 0.0000000000e+00 1
51040 7.1231016904e-02 1.4280693421e-06 2.0000000000e+01 0.0000000000e+00 0.0000000000e+00 1
51080 7.1288139678e-02 1.4280693421e-06 2.0000000000e+01 0.0000000000e+00 0.0000000000e+00 1
51120 7.1345262451e-02 1.4280693421e-06 2.0000000000e+01 0.0000000000e+00 0.0000000000e+00 1
51160 7.1402385225e-02 1.4280693421e-06 2.0000000000e+01 0.0000000000e+00 0.0000000000e+00 1
51200 7.1459507999e-02 1.4280693421e-06 2.0000000000e+01 0.0000000000e+00 0.0000000000e+00 1
51240 7.1516630772e-02 1.4280693421e-06 2.0000000000e+01 0.0000000000e+00 0.0000000000e+00 1
51280 7.1573753546e-02 1.4280693421e-06 2.0000000000e+01 0.0000000000e+00 0.0000000000e+00 1
51320 7.1630876320e-02 1.4280693421e-06 2.0000000000e+01 0.0000000000e+00 0.0000000000e+00 1
51360 7.1687999094e-02 1.4280693421e-06 2.0000000000e+01 0.0000000000e+00 0.0000000000e+00 1
51400 7.1745121867e-02 1.4280693421e-06 2.0000000000e+01 0.0000000000e+00 0.0000000000e+00 1
51440 7.1802244641e-02 1.4280693421e-06 2.0000000000e+01 0.0000000000e+00 0.0000000000e+00 1
51480 7.1859367415e-02 1.4280693421e-06 2.0000000000e+01 0.0000000000e+00 0.0000000000e+00 1
51520 7.1916490188e-02 1.4280693421e-06 2.0000000000e+01 0.0000000000e+00 0.0000000000e+00 1
51560 7.1973612962e-02 1.4280693421e-06 2.0000000000e+01 0.0000000000e+00 0.0000000000e+00 1
51600 7.2030735736e-02 1.4280693421e-06 2.0000000000e+01 0.0000000000e+00 0.0000000000e+00 1
51640 7.2087858509e-02 1.4280693421e-06 2.0000000000e+01 0.0000000000e+00 0.0000000000e+00 1
51680 7.2144981283e-02 1.4280693421e-06 2.0000000000e+01 0.0000000000e+00 0.0000000000e+00 1
51720 7.2202104057e-02 1.4280693421e-06 2.0000000000e+01 0.0000000000e+00 0.0000000000e+00 1
51760 7.2259226830e-02 1.4280693421e-06 2.0000000000e+01 0.0000000000e+00 0.0000000000e+00 1
51800 7.2316349604e-02 1.4280693421e-06 2.0000000000e+01 0.0000000000e+00 0.0000000000e+00 1
51840 7.2373472378e-02 1.4280693421e-06 2.0000000000e+01 0.0000000000e+00 0.0000000000e+00 1
51880 7.2430595151e-02 1.4280693421e-06 2.0000000000e+01 0.0000000000e+00 0.0000000000e+00 1
51920 7.2487717925e-02 1.4280693421e-06 2.0000000000e+01 0.0000000000e+00 0.0000000000e+00 1
51960 7.2544840699e-02 1.4280693421e-06 2.0000000000e+01 0.0000000000e+00 0.0000000000e+00 1
52000 7.2601963472e-02 1.4280693421e-06 2.0000000000e+01 0.0000000000e+00 0.0000000000e+00 1
52040 7.2659086246e-02 1.4280693421e-06 2.0000000000e+01 0.0000000000e+00 0.0000000000e+00 1
52080 7.2716209020e-02 1.4280693421e-06 2.0000000000e+01 0.0000000000e+00 0.0000000000e+00 1
52120 7.2773331793e-02 1.4280693421e-06 2.0000000000e+01 0.0000000000e+00 0.0000000000e+00 1
52160 7.2830454567e-02 1.4280693421e-06 2.0000000000e+01 0.0000000000e+00 0.0000000000e+00 1
52200 7.2887577341e-02 1.4280693421e-06 2.0000000000e+01 0.0000000000e+00 0.0000000000e+00 1
52240 7.2944700115e-02 1.4280693421e-06 2.0000000000e+01 0.0000000000e+00 0.0000000000e+00 1
52280 7.3001822888e-02 1.4280693421e-06 2.0000000000e+01 0.0000000000e+00 0.0000000000e+00 1
52320 7.3058945662e-02 1.4280693421e-06 2.0000000000e+01 0.0000000000e+00 0.0000000000e+00 1
52360 7.3116068436e-02 1.4280693421e-06 2.0000000000e+01 0.0000000000e+00 0.0000000000e+00 1
52400 7.3173191209e-02 1.4280693421e-06 2.0000000000e+01 0.0000000000e+00 0.0000000000e+00 1
52440 7.3230313983e-02 1.4280693421e-06 2.0000000000e+01 0.0000000000e+00 0.0000000000e+00 1
52480 7.3287436757e-02 1.4280693421e-06 2.0000000000e+01 0.0000000000e+00 0.0000000000e+00 1
52520 7.3344559530e-02 1.4280693421e-06 2.0000000000e+01 0.0000000000e+00 0.0000000000e+00 1
52560 7.3401682304e-02 1.4280693421e-06 2.0000000000e+01 0.0000000000e+00 0.0000000000e+00 1
52600 7.3458805078e-02 1.4280693421e-06 2.0000000000e+01 0.0000000000e+00 0.0000000000e+00 1
52640 7.3515927851e-02 1.4280693421e-06 2.0000000000e+01 0.0000000000e+00 0.0000000000e+00 1
52680 7.3573050625e-02 1.4280693421e-06 2.0000000000e+01 0.0000000000e+00 0.0000000000e+00 1
52720 7.3630173399e-02 1.4280693421e-06 2.0000000000e+01 0.0000000000e+00 0.0000000000e+00 1
52760 7.3687296172e-02 1.4280693421e-06 2.0000000000e+01 0.0000000000e+00 0.0000000000e+00 1
52800 7.3744418946e-02 1.4280693421e-06 2.0000000000e+01 0.0000000000e+00 0.0000000000e+00 1
52840 7.3801541720e-02 1.4280693421e-06 2.0000000000e+01 0.0000000000e+00 0.0000000000e+00 1
52880 7.3858664493e-02 1.4280693421e-06 2.0000000000e+01 0.0000000000e+00 0.0000000000e+00 1
52920 7.3915787267e-02 1.4280693421e-06 2.0000000000e+01 0.0000000000e+00 0.0000000000e+00 1
52960 7.3972910041e-02 1.4280693421e-06 2.0000000000e+01 0.0000000000e+00 0.0000000000e+00 1
53000 7.4030032815e-02 1.4280693421e-06 2.0000000000e+01 0.0000000000e+00 0.0000000000e+00 1
53040 7.4087155588e-02 1.4280693421e-06 2.0000000000e+01 0.0000000000e+00 0.0000000000e+00 1
53080 7.4144278362e-02 1.4280693421e-06 2.0000000000e+01 0.0000000000e+00 0.0000000000e+00 1
53120 7.4201401136e-02 1.4280693421e-06 2.0000000000e+01 0.0000000000e+00 0.0000000000e+00 1
53160 7.4258523909e-02 1.4280693421e-06 2.0000000000e+01 0.0000000000e+00 0.0000000000e+00 1
53200 7.4315646683e-02 1.4280693421e-06 2.0000000000e+01 0.0000000000e+00 0.0000000000e+00 1
53240 7.4372769457e-02 1.4280693421e-06 2.0000000000e+01 0.0000000000e+00 0.0000000000e+00 1
53280 7.4429892230e-02 1.4280693421e-06 2.0000000000e+01 0.0000000000e+00 0.0000000000e+00 1
53320 7.4487015004e-02 1.4280693421e-06 2.0000000000e+01 0.0000000000e+00 0.0000000000e+00 1
53360 7.4544137778e-02 1.4280693421e-06 2.0000000000e+01 0.0000000000e+00 0.0000000000e+00 1
53400 7.4601260551e-02 1.4280693421e-06 2.0000000000e+01 0.0000000000e+00 0.0000000000e+00 1
53440 7.4658383325e-02 1.4280693421e-06 2.0000000000e+01 0.0000000000e+00 0.0000000000e+00 1
53480 7.4715506099e-02 1.4280693421e-06 2.0000000000e+01 0.0000000000e+00 0.0000000000e+00 1
53520 7.4772628872e-02 1.4280693421e-06 2.0000000000e+01 0.0000000000e+00 0.0000000000e+00 1
53560 7.4829751646e-02 1.4280693421e-06 2.0000000000e+01 0.0000000000e+00 0.0000000000e+00 1
53600 7.4886874420e-02 1.4280693421e-06 2.0000000000e+01 0.0000000000e+00 0.0000000000e+00 1
53640 7.4943997193e-02 1.4280693421e-06 2.0000000000e+01 0.0000000000e+00 0.0000000000e+00 1
53680 7.5001119967e-02 1.4280693421e-06 2.0000000000e+01 0.0000000000e+00 0.0000000000e+00 1
53720 7.5058242741e-02 1.4280693421e-06 2.0000000000e+01 0.0000000000e+00 0.0000000000e+00 1
53760 7.5115365514e-02 1.4280693421e-06 2.0000000000e+01 0.0000000000e+00 0.0000000000e+00 1
53800 7.5172488288e-02 1.4280693421e-06 2.0000000000e+01 0.0000000000e+00 0.0000000000e+00 1
53840 7.5229611062e-02 1.4280693421e-06 2.0000000000e+01 0.0000000000e+00 0.0000000000e+00 1
53880 7.5286733836e-02 1.4280693421e-06 2.0000000000e+01 0.0000000000e+00 0.0000000000e+00 1
53920 7.5343856609e-02 1.4280693421e-06 2.0000000000e+01 0.0000000000e+00 0.0000000000e+00 1
53960 7.5400979383e-02 1.4280693421e-06 2.0000000000e+01 0.0000000000e+00 0.0000000000e+00 1
54000 7.5458102157e-02 1.4280693421e-06 2.0000000000e+01 0.0000000000e+00 0.0000000000e+00 1
54040 7.5515224930e-02 1.4280693421e-06 2.0000000000e+01 0.0000000000e+00 0.0000000000e+00 1
54080 7.5572347704e-02 1.4280693421e-06 2.0000000000e+01 0.0000000000e+00 0.0000000000e+00 1
54120 7.5629470478e-02 1.4280693421e-06 2.0000000000e+01 0.0000000000e+00 0.0000000000e+00 1
54160 7.5686593251e-02 1.4280693421e-06 2.0000000000e+01 0.0000000000e+00 0.0000000000e+00 1
54200 7.5743716025e-02 1.4280693421e-06 2.0000000000e+01 0.0000000000e+00 0.0000000000e+00 1
54240 7.5800838799e-02 1.4280693421e-06 2.0000000000e+01 0.0000000000e+00 0.0000000000e+00 1
54280 7.5857961572e-02 1.4280693421e-06 2.0000000000e+01 0.0000000000e+00 0.0000000000e+00 1
54320 7.5915084346e-02 1.4280693421e-06 2.0000000000e+01 0.0000000000e+00 0.0000000000e+00 1
54360 7.5972207120e-02 1.4280693421e-06 2.0000000000e+01 0.0000000000e+00 0.0000000000e+00 1
54400 7.6029329893e-02 1.4280693421e-06 2.0000000000e+01 0.0000000000e+00 0.0000000000e+00 1
54440 7.6086452667e-02 1.4280693421e-06 2.0000000000e+01 0.0000000000e+00 0.0000000000e+00 1
54480 7.6143575441e-02 1.4280693421e-06 2.0000000000e+01 0.0000000000e+00 0.0000000000e+00 1
54520 7.6200698214e-02 1.4280693421e-06 2.0000000000e+01 0.0000000000e+00 0.0000000000e+00 1
54560 7.6257820988e-02 1.4280693421e-06 2.0000000000e+01 0.0000000000e+00 0.0000000000e+00 1
54600 7.6314943762e-02 1.4280693421e-06 2.0000000000e+01 0.0000000000e+00 0.0000000000e+00 1
54640 7.6372066536e-02 1.4280693421e-06 2.0000000000e+01 0.0000000000e+00 0.0000000000e+00 1
54680 7.6429189309e-02 1.4280693421e-06 2.0000000000e+01 0.0000000000e+00 0.0000000000e+00 1
54720 7.6486312083e-02 1.4280693421e-06 2.0000000000e+01 0.0000000000e+00 0.0000000000e+00 1
54760 7.6543434857e-02 1.4280693421e-06 2.0000000000e+01 0.0000000000e+00 0.0000000000e+00 1
54800 7.6600557630e-02 1.4280693421e-06 2.0000000000e+01 0.0000000000e+00 0.0000000000e+00 1
54840 7.6657680404e-02 1.4280693421e-06 2.0000000000e+01 0.0000000000e+00 0.0000000000e+00 1
54880 7.6714803178e-02 1.4280693421e-06 2.0000000000e+01 0.0000000000e+00 0.0000000000e+00 1
54920 7.6771925951e-02 1.4280693421e-06 2.0000000000e+01 0.0000000000e+00 0.0000000000e+00 1
54960 7.6829048725e-02 1.4280693421e-06 2.0000000000e+01 0.0000000000e+00 0.0000000000e+00 1
55000 7.6886171499e-02 1.4280693421e-06 2.0000000000e+01 0.0000000000e+00 0.0000000000e+00 1
55040 7.6943294272e-02 1.4280693421e-06 2.0000000000e+01 0.0000000000e+00 0.0000000000e+00 1
55080 7.7000417046e-02 1.4280693421e-06 2.0000000000e+01 0.0000000000e+00 0.0000000000e+00 1
55120 7.7057539820e-02 1.4280693421e-06 2.0000000000e+01 0.0000000000e+00 0.0000000000e+00 1
55160 7.7114662593e-02 1.4280693421e-06 2.0000000000e+01 0.0000000000e+00 0.0000000000e+00 1
55200 7.7171785367e-02 1.4280693421e-06 2.0000000000e+01 0.0000000000e+00 0.0000000000e+00 1
55240 7.7228908141e-02 1.4280693421e-06 2.0000000000e+01 0.0000000000e+00 0.0000000000e+00 1
55280 7.7286030914e-02 1.4280693421e-06 2.0000000000e+01 0.0000000000e+00 0.0000000000e+00 1
55320 7.7343153688e-02 1.4280693421e-06 2.0000000000e+01 0.0000000000e+00 0.0000000000e+00 1
55360 7.7400276462e-02 1.4280693421e-06 2.0000000000e+01 0.0000000000e+00 0.0000000000e+00 1
55400 7.7457399235e-02 1.4280693421e-06 2.0000000000e+01 0.0000000000e+00 0.0000000000e+00 1
55440 7.7514522009e-02 1.4280693421e-06 2.0000000000e+01 0.0000000000e+00 0.0000000000e+00 1
55480 7.7571644783e-02 1.4280693421e-06 2.0000000000e+01 0.0000000000e+00 0.0000000000e+00 1
55520 7.7628767557e-02 1.4280693421e-06 2.0000000000e+01 0.0000000000e+00 0.0000000000e+00 1
55560 7.7685890330e-02 1.4280693421e-06 2.0000000000e+01 0.0000000000e+00 0.0000000000e+00 1
55600 7.7743013104e-02 1.4280693421e-06 2.0000000000e+01 0.0000000000e+00 0.0000000000e+00 1
55640 7.7800135878e-02 1.4280693421e-06 2.0000000000e+01 0.0000000000e+00 0.0000000000e+00 1
55680 7.7857258651e-02 1.4280693421e-06 2.0000000000e+01 0.0000000000e+00 0.0000000000e+00 1
55720 7.7914381425e-02 1.4280693421e-06 2.0000000000e+01 0.0000000000e+00 0.0000000000e+00 1
55760 7.7971504199e-02 1.4280693421e-06 2.0000000000e+01 0.0000000000e+00 0.0000000000e+00 1
55800 7.8028626972e-02 1.4280693421e-06 2.0000000000e+01 0.0000000000e+00 0.0000000000e+00 1
55840 7.8085749746e-02 1.4280693421e-06 2.0000000000e+01 0.0000000000e+00 0.0000000000e+00 1
55880 7.8142872520e-02 1.4280693421e-06 2.0000000000e+01 0.0000000000e+00 0.0000000000e+00 1
55920 7.8199995293e-02 1.4280693421e-06 2.0000000000e+01 0.0000000000e+00 0.0000000000e+00 1
55960 7.8257118067e-02 1.4280693421e-06 2.0000000000e+01 0.0000000000e+00 0.0000000000e+00 1
56000 7.8314240841e-02 1.4280693421e-06 2.0000000000e+01 0.0000000000e+00 0.0000000000e+00 1
56040 7.8371363614e-02 1.4280693421e-06 2.0000000000e+01 0.0000000000e+00 0.0000000000e+00 1
56080 7.8428486388e-02 1.4280693421e-06 2.0000000000e+01 0.0000000000e+00 0.0000000000e+00 1
56120 7.8485609162e-02 1.4280693421e-06 2.0000000000e+01 0.0000000000e+00 0.0000000000e+00 1
56160 7.8542731935e-02 1.4280693421e-06 2.0000000000e+01 0.0000000000e+00 0.0000000000e+00 1
56200 7.8599854709e-02 1.4280693421e-06 2.0000000000e+01 0.0000000000e+00 0.0000000000e+00 1
56240 7.8656977483e-02 1.4280693421e-06 2.0000000000e+01 0.0000000000e+00 0.0000000000e+00 1
56280 7.8714100257e-02 1.4280693421e-06 2.0000000000e+01 0.0000000000e+00 0.0000000000e+00 1
56320 7.8771223030e-02 1.4280693421e-06 2.0000000000e+01 0.0000000000e+00 0.0000000000e+00 1
56360 7.8828345804e-02 1.4280693421e-06 2.0000000000e+01 0.0000000000e+00 0.0000000000e+00 1
56400 7.8885468578e-02 1.4280693421e-06 2.0000000000e+01 0.0000000000e+00 0.0000000000e+00 1
56440 7.8942591351e-02 1.4280693421e-06 2.0000000000e+01 0.0000000000e+00 0.0000000000e+00 1
56480 7.8999714125e-02 1.4280693421e-06 2.0000000000e+01 0.0000000000e+00 0.0000000000e+00 1
56520 7.9056836899e-02 1.4280693421e-06 2.0000000000e+01 0.0000000000e+00 0.0000000000e+00 1
56560 7.9113959672e-02 1.4280693421e-06 2.0000000000e+01 0.0000000000e+00 0.0000000000e+00 1
56600 7.9171082446e-02 1.4280693421e-06 2.0000000000e+01 0.0000000000e+00 0.0000000000e+00 1
56640 7.9228205220e-02 1.4280693421e-06 2.0000000000e+01 0.0000000000e+00 0.0000000000e+00 1
56680 7.9285327993e-02 1.4280693421e-06 2.0000000000e+01 0.0000000000e+00 0.0000000000e+00 1
56720 7.9342450767e-02 1.4280693421e-06 2.0000000000e+01 0.0000000000e+00 0.0000000000e+00 1
56760 7.9399573541e-02 1.4280693421e-06 2.0000000000e+01 0.0000000000e+00 0.0000000000e+00 1
56800 7.9456696314e-02 1.4280693421e-06 2.0000000000e+01 0.0000000000e+00 0.0000000000e+00 1
56840 7.9513819088e-02 1.4280693421e-06 2.0000000000e+01 0.0000000000e+00 0.0000000000e+00 1
56880 7.9570941862e-02 1.4280693421e-06 2.0000000000e+01 0.0000000000e+00 0.0000000000e+00 1
56920 7.9628064635e-02 1.4280693421e-06 2.0000000000e+01 0.0000000000e+00 0.0000000000e+00 1
56960 7.9685187409e-02 1.4280693421e-06 2.0000000000e+01 0.0000000000e+00 0.0000000000e+00 1
57000 7.9742310183e-02 1.4280693421e-06 2.0000000000e+01 0.0000000000e+00 0.0000000000e+00 1
57040 7.9799432956e-02 1.4280693421e-06 2.0000000000e+01 0.0000000000e+00 0.0000000000e+00 1
57080 7.9856555730e-02 1.4280693421e-06 2.0000000000e+01 0.0000000000e+00 0.0000000000e+00 1
57120 7.9913678504e-02 1.4280693421e-06 2.0000000000e+01 0.0000000000e+00 0.0000000000e+00 1
57160 7.9970801278e-02 1.4280693421e-06 2.0000000000e+01 0.0000000000e+00 0.0000000000e+00 1
57200 8.0027924051e-02 1.4280693421e-06 2.0000000000e+01 0.0000000000e+00 0.0000000000e+00 1
57240 8.0085046825e-02 1.4280693421e-06 2.0000000000e+01 0.0000000000e+00 0.0000000000e+00 1
57280 8.0142169599e-02 1.4280693421e-06 2.0000000000e+01 0.0000000000e+00 0.0000000000e+00 1
57320 8.0199292372e-02 1.4280693421e-06 2.0000000000e+01 0.0000000000e+00 0.0000000000e+00 1
57360 8.0256415146e-02 1.4280693421e-06 2.0000000000e+01 0.0000000000e+00 0.0000000000e+00 1
57400 8.0313537920e-02 1.4280693421e-06 2.0000000000e+01 0.0000000000e+00 0.0000000000e+00 1
57440 8.0370660693e-02 1.4280693421e-06 2.0000000000e+01 0.0000000000e+00 0.0000000000e+00 1
57480 8.0427783467e-02 1.4280693421e-06 2.0000000000e+01 0.0000000000e+00 0.0000000000e+00 1
57520 8.0484906241e-02 1.4280693421e-06 2.0000000000e+01 0.0000000000e+00 0.0000000000e+00 1
57560 8.0542029014e-02 1.4280693421e-06 2.0000000000e+01 0.0000000000e+00 0.0000000000e+00 1
57600 8.0599151788e-02 1.4280693421e-06 2.0000000000e+01 0.0000000000e+00 0.0000000000e+00 1
57640 8.0656274562e-02 1.4280693421e-06 2.0000000000e+01 0.0000000000e+00 0.0000000000e+00 1
57680 8.0713397335e-02 1.4280693421e-06 2.0000000000e+01 0.0000000000e+00 0.0000000000e+00 1
57720 8.0770520109e-02 1.4280693421e-06 2.0000000000e+01 0.0000000000e+00 0.0000000000e+00 1
57760 8.0827642883e-02 1.4280693421e-06 2.0000000000e+01 0.0000000000e+00 0.0000000000e+00 1
57800 8.0884765656e-02 1.4280693421e-06 2.0000000000e+01 0.0000000000e+00 0.0000000000e+00 1
57840 8.0941888430e-02 1.4280693421e-06 2.0000000000e+01 0.0000000000e+00 0.0000000000e+00 1
57880 8.0999011204e-02 1.4280693421e-06 2.0000000000e+01 0.0000000000e+00 0.0000000000e+00 1
57920 8.1056133978e-02 1.4280693421e-06 2.0000000000e+01 0.0000000000e+00 0.0000000000e+00 1
57960 8.1113256751e-02 1.4280693421e-06 2.0000000000e+01 0.0000000000e+00 0.0000000000e+00 1
58000 8.1170379525e-02 1.4280693421e-06 2.0000000000e+01 0.0000000000e+00 0.0000000000e+00 1
58040 8.1227502299e-02 1.4280693421e-06 2.0000000000e+01 0.0000000000e+00 0.0000000000e+00 1
58080 8.1284625072e-02 1.4280693421e-06 2.0000000000e+01 0.0000000000e+00 0.0000000000e+00 1
58120 8.1341747846e-02 1.4280693421e-06 2.0000000000e+01 0.0000000000e+00 0.0000000000e+00 1
58160 8.1398870620e-02 1.4280693421e-06 2.0000000000e+01 0.0000000000e+00 0.0000000000e+00 1
58200 8.1455993393e-02 1.4280693421e-06 2.0000000000e+01 0.0000000000e+00 0.0000000000e+00 1
58240 8.1513116167e-02 1.4280693421e-06 2.0000000000e+01 0.0000000000e+00 0.0000000000e+00 1
58280 8.1570238941e-02 1.4280693421e-06 2.0000000000e+01 0.0000000000e+00 0.0000000000e+00 1
58320 8.1627361714e-02 1.4280693421e-06 2.0000000000e+01 0.0000000000e+00 0.0000000000e+00 1
58360 8.1684484488e-02 1.4280693421e-06 2.0000000000e+01 0.0000000000e+00 0.0000000000e+00 1
58400 8.1741607262e-02 1.4280693421e-06 2.0000000000e+01 0.0000000000e+00 0.0000000000e+00 1
58440 8.1798730035e-02 1.4280693421e-06 2.0000000000e+01 0.0000000000e+00 0.0000000000e+00 1
58480 8.1855852809e-02 1.4280693421e-06 2.0000000000e+01 0.0000000000e+00 0.0000000000e+00 1
58520 8.1912975583e-02 1.4280693421e-06 2.0000000000e+01 0.0000000000e+00 0.0000000000e+00 1
58560 8.1970098356e-02 1.4280693421e-06 2.0000000000e+01 0.0000000000e+00 0.0000000000e+00 1
58600 8.2027221130e-02 1.4280693421e-06 2.0000000000e+01 0.0000000000e+00 0.0000000000e+00 1
58640 8.2084343904e-02 1.4280693421e-06 2.0000000000e+01 0.0000000000e+00 0.0000000000e+00 1
58680 8.2141466677e-02 1.4280693421e-06 2.0000000000e+01 0.0000000000e+00 0.0000000000e+00 1
58720 8.2198589451e-02 1.4280693421e-06 2.0000000000e+01 0.0000000000e+00 0.0000000000e+00 1
58760 8.2255712225e-02 1.4280693421e-06 2.0000000000e+01 0.0000000000e+00 0.0000000000e+00 1
58800 8.2312834999e-02 1.4280693421e-06 2.0000000000e+01 0.0000000000e+00 0.0000000000e+00 1
58840 8.2369957772e-02 1.4280693421e-06 2.0000000000e+01 0.0000000000e+00 0.0000000000e+00 1
58880 8.2427080546e-02 1.4280693421e-06 2.0000000000e+01 0.0000000000e+00 0.0000000000e+00 1
58920 8.2484203320e-02 1.4280693421e-06 2.0000000000e+01 0.0000000000e+00 0.0000000000e+00 1
58960 8.2541326093e-02 1.4280693421e-06 2.0000000000e+01 0.0000000000e+00 0.0000000000e+00 1
59000 8.2598448867e-02 1.4280693421e-06 2.0000000000e+01 0.0000000000e+00 0.0000000000e+00 1
59040 8.2655571641e-02 1.4280693421e-06 2.0000000000e+01 0.0000000000e+00 0.0000000000e+00 1
59080 8.2712694414e-02 1.4280693421e-06 2.0000000000e+01 0.0000000000e+00 0.0000000000e+00 1
59120 8.2769817188e-02 1.4280693421e-06 2.0000000000e+01 0.0000000000e+00 0.0000000000e+00 1
59160 8.2826939962e-02 1.4280693421e-06 2.0000000000e+01 0.0000000000e+00 0.0000000000e+00 1
59200 8.2884062735e-02 1.4280693421e-06 2.0000000000e+01 0.0000000000e+00 0.0000000000e+00 1
59240 8.2941185509e-02 1.4280693421e-06 2.0000000000e+01 0.0000000000e+00 0.0000000000e+00 1
59280 8.2998308283e-02 1.4280693421e-06 2.0000000000e+01 0.0000000000e+00 0.0000000000e+00 1
59320 8.3055431056e-02 1.4280693421e-06 2.0000000000e+01 0.0000000000e+00 0.0000000000e+00 1
59360 8.3112553830e-02 1.4280693421e-06 2.0000000000e+01 0.0000000000e+00 0.0000000000e+00 1
59400 8.3169676604e-02 1.4280693421e-06 2.0000000000e+01 0.0000000000e+00 0.0000000000e+00 1
59440 8.3226799377e-02 1.4280693421e-06 2.0000000000e+01 0.0000000000e+00 0.0000000000e+00 1
59480 8.3283922151e-02 1.4280693421e-06 2.0000000000e+01 0.0000000000e+00 0.0000000000e+00 1
59520 8.3341044925e-02 1.4280693421e-06 2.0000000000e+01 0.0000000000e+00 0.0000000000e+00 1
59560 8.3398167699e-02 1.4280693421e-06 2.0000000000e+01 0.0000000000e+00 0.0000000000e+00 1
59600 8.3455290472e-02 1.4280693421e-06 2.0000000000e+01 0.0000000000e+00 0.0000000000e+00 1
59640 8.3512413246e-02 1.4280693421e-06 2.0000000000e+01 0.0000000000e+00 0.0000000000e+00 1
59680 8.3569536020e-02 1.4280693421e-06 2.0000000000e+01 0.0000000000e+00 0.0000000000e+00 1
59720 8.3626658793e-02 1.4280693421e-06 2.0000000000e+01 0.0000000000e+00 0.0000000000e+00 1
59760 8.3683781567e-02 1.4280693421e-06 2.0000000000e+01 0.0000000000e+00 0.0000000000e+00 1
59800 8.3740904341e-02 1.4280693421e-06 2.0000000000e+01 0.0000000000e+00 0.0000000000e+00 1
59840 8.3798027114e-02 1.4280693421e-06 2.0000000000e+01 0.0000000000e+00 0.0000000000e+00 1
59880 8.3855149888e-02 1.4280693421e-06 2.0000000000e+01 0.0000000000e+00 0.0000000000e+00 1
59920 8.3912272662e-02 1.4280693421e-06 2.0000000000e+01 0.0000000000e+00 0.0000000000e+00 1
59960 8.3969395435e-02 1.4280693421e-06 2.0000000000e+01 0.0000000000e+00 0.0000000000e+00 1
60000 8.4026518209e-02 1.4280693421e-06 2.0000000000e+01 0.0000000000e+00 0.0000000000e+00 1
60040 8.4083640983e-02 1.4280693421e-06 2.0000000000e+01 0.0000000000e+00 0.0000000000e+00 1
60080 8.4140763756e-02 1.4280693421e-06 2.0000000000e+01 0.0000000000e+00 0.0000000000e+00 1
60120 8.4197886530e-02 1.4280693421e-06 2.0000000000e+01 0.0000000000e+00 0.0000000000e+00 1
60160 8.4255009304e-02 1.4280693421e-06 2.0000000000e+01 0.0000000000e+00 0.0000000000e+00 1
60200 8.4312132077e-02 1.4280693421e-06 2.0000000000e+01 0.0000000000e+00 0.0000000000e+00 1
60240 8.4369254851e-02 1.4280693421e-06 2.0000000000e+01 0.0000000000e+00 0.0000000000e+00 1
60280 8.4426377625e-02 1.4280693421e-06 2.0000000000e+01 0.0000000000e+00 0.0000000000e+00 1
60320 8.4483500398e-02 1.4280693421e-06 2.0000000000e+01 0.0000000000e+00 0.0000000000e+00 1
60360 8.4540623172e-02 1.4280693421e-06 2.0000000000e+01 0.0000000000e+00 0.0000000000e+00 1
60400 8.4597745946e-02 1.4280693421e-06 2.0000000000e+01 0.0000000000e+00 0.0000000000e+00 1
60440 8.4654868720e-02 1.4280693421e-06 2.0000000000e+01 0.0000000000e+00 0.0000000000e+00 1
60480 8.4711991493e-02 1.4280693421e-06 2.0000000000e+01 0.0000000000e+00 0.0000000000e+00 1
60520 8.4769114267e-02 1.4280693421e-06 2.0000000000e+01 0.0000000000e+00 0.0000000000e+00 1
60560 8.4826237041e-02 1.4280693421e-06 2.0000000000e+01 0.0000000000e+00 0.0000000000e+00 1
60600 8.4883359814e-02 1.4280693421e-06 2.0000000000e+01 0.0000000000e+00 0.0000000000e+00 1
60640 8.4940482588e-02 1.4280693421e-06 2.0000000000e+01 0.0000000000e+00 0.0000000000e+00 1
60680 8.4997605362e-02 1.4280693421e-06 2.0000000000e+01 0.0000000000e+00 0.0000000000e+00 1
60720 8.5054728135e-02 1.4280693421e-06 2.0000000000e+01 0.0000000000e+00 0.0000000000e+00 1
60760 8.5111850909e-02 1.4280693421e-06 2.0000000000e+01 0.0000000000e+00 0.0000000000e+00 1
60800 8.5168973683e-02 1.4280693421e-06 2.0000000000e+01 0.0000000000e+00 0.0000000000e+00 1
60840 8.5226096456e-02 1.4280693421e-06 2.0000000000e+01 0.0000000000e+00 0.0000000000e+00 1
60880 8.5283219230e-02 1.4280693421e-06 2.0000000000e+01 0.0000000000e+00 0.0000000000e+00 1
60920 8.5340342004e-02 1.4280693421e-06 2.0000000000e+01 0.0000000000e+00 0.0000000000e+00 1
60960 8.5397464777e-02 1.4280693421e-06 2.0000000000e+01 0.0000000000e+00 0.0000000000e+00 1
61000 8.5454587551e-02 1.4280693421e-06 2.0000000000e+01 0.0000000000e+00 0.0000000000e+00 1
61040 8.5511710325e-02 1.4280693421e-06 2.0000000000e+01 0.0000000000e+00 0.0000000000e+00 1
61080 8.5568833098e-02 1.4280693421e-06 2.0000000000e+01 0.0000000000e+00 0.0000000000e+00 1
61120 8.5625955872e-02 1.4280693421e-06 2.0000000000e+01 0.0000000000e+00 0.0000000000e+00 1
61160 8.5683078646e-02 1.4280693421e-06 2.0000000000e+01 0.0000000000e+00 0.0000000000e+00 1
61200 8.5740201420e-02 1.4280693421e-06 2.0000000000e+01 0.0000000000e+00 0.0000000000e+00 1
61240 8.5797324193e-02 1.4280693421e-06 2.0000000000e+01 0.0000000000e+00 0.0000000000e+00 1
61280 8.5854446967e-02 1.4280693421e-06 2.0000000000e+01 0.0000000000e+00 0.0000000000e+00 1
61320 8.5911569741e-02 1.4280693421e-06 2.0000000000e+01 0.0000000000e+00 0.0000000000e+00 1
61360 8.5968692514e-02 1.4280693421e-06 2.0000000000e+01 0.0000000000e+00 0.0000000000e+00 1
61400 8.6025815288e-02 1.4280693421e-06 2.0000000000e+01 0.0000000000e+00 0.0000000000e+00 1
61440 8.6082938062e-02 1.4280693421e-06 2.0000000000e+01 0.0000000000e+00 0.0000000000e+00 1
61480 8.6140060835e-02 1.4280693421e-06 2.0000000000e+01 0.0000000000e+00 0.0000000000e+00 1
61520 8.6197183609e-02 1.4280693421e-06 2.0000000000e+01 0.0000000000e+00 0.0000000000e+00 1
61560 8.6254306383e-02 1.4280693421e-06 2.0000000000e+01 0.0000000000e+00 0.0000000000e+00 1
61600 8.6311429156e-02 1.4280693421e-06 2.0000000000e+01 0.0000000000e+00 0.0000000000e+00 1
61640 8.6368551930e-02 1.4280693421e-06 2.0000000000e+01 0.0000000000e+00 0.0000000000e+00 1
61680 8.6425674704e-02 1.4280693421e-06 2.0000000000e+01 0.0000000000e+00 0.0000000000e+00 1
61720 8.6482797477e-02 1.4280693421e-06 2.0000000000e+01 0.0000000000e+00 0.0000000000e+00 1
61760 8.6539920251e-02 1.4280693421e-06 2.0000000000e+01 0.0000000000e+00 0.0000000000e+00 1
61800 8.6597043025e-02 1.4280693421e-06 2.0000000000e+01 0.0000000000e+00 0.0000000000e+00 1
61840 8.6654165798e-02 1.4280693421e-06 2.0000000000e+01 0.0000000000e+00 0.0000000000e+00 1
61880 8.6711288572e-02 1.4280693421e-06 2.0000000000e+01 0.0000000000e+00 0.0000000000e+00 1
61920 8.6768411346e-02 1.4280693421e-06 2.0000000000e+01 0.0000000000e+00 0.0000000000e+00 1
61960 8.6825534119e-02 1.4280693421e-06 2.0000000000e+01 0.0000000000e+00 0.0000000000e+00 1
62000 8.6882656893e-02 1.4280693421e-06 2.0000000000e+01 0.0000000000e+00 0.0000000000e+00 1
62040 8.6939779667e-02 1.4280693421e-06 2.0000000000e+01 0.0000000000e+00 0.0000000000e+00 1
62080 8.6996902441e-02 1.4280693421e-06 2.0000000000e+01 0.0000000000e+00 0.0000000000e+00 1
62120 8.7054025214e-02 1.4280693421e-06 2.0000000000e+01 0.0000000000e+00 0.0000000000e+00 1
62160 8.7111147988e-02 1.4280693421e-06 2.0000000000e+01 0.0000000000e+00 0.0000000000e+00 1
62200 8.7168270762e-02 1.4280693421e-06 2.0000000000e+01 0.0000000000e+00 0.0000000000e+00 1
62240 8.7225393535e-02 1.4280693421e-06 2.0000000000e+01 0.0000000000e+00 0.0000000000e+00 1
62280 8.7282516309e-02 1.4280693421e-06 2.0000000000e+01 0.0000000000e+00 0.0000000000e+00 1
62320 8.7339639083e-02 1.4280693421e-06 2.0000000000e+01 0.0000000000e+00 0.0000000000e+00 1
62360 8.7396761856e-02 1.4280693421e-06 2.0000000000e+01 0.0000000000e+00 0.0000000000e+00 1
62400 8.7453884630e-02 1.4280693421e-06 2.0000000000e+01 0.0000000000e+00 0.0000000000e+00 1
62440 8.7511007404e-02 1.4280693421e-06 2.0000000000e+01 0.0000000000e+00 0.0000000000e+00 1
62480 8.7568130177e-02 1.4280693421e-06 2.0000000000e+01 0.0000000000e+00 0.0000000000e+00 1
62520 8.7625252951e-02 1.4280693421e-06 2.0000000000e+01 0.0000000000e+00 0.0000000000e+00 1
62560 8.7682375725e-02 1.4280693421e-06 2.0000000000e+01 0.0000000000e+00 0.0000000000e+00 1
62600 8.7739498498e-02 1.4280693421e-06 2.0000000000e+01 0.0000000000e+00 0.0000000000e+00 1
62640 8.7796621272e-02 1.4280693421e-06 2.0000000000e+01 0.0000000000e+00 0.0000000000e+00 1
62680 8.7853744046e-02 1.4280693421e-06 2.0000000000e+01 0.0000000000e+00 0.0000000000e+00 1
62720 8.7910866819e-02 1.4280693421e-06 2.0000000000e+01 0.0000000000e+00 0.0000000000e+00 1
62760 8.7967989593e-02 1.4280693421e-06 2.0000000000e+01 0.0000000000e+00 0.0000000000e+00 1
62800 8.8025112367e-02 1.4280693421e-06 2.0000000000e+01 0.0000000000e+00 0.0000000000e+00 1
62840 8.8082235140e-02 1.4280693421e-06 2.0000000000e+01 0.0000000000e+00 0.0000000000e+00 1
62880 8.8139357914e-02 1.4280693421e-06 2.0000000000e+01 0.0000000000e+00 0.0000000000e+00 1
62920 8.8196480688e-02 1.4280693421e-06 2.0000000000e+01 0.0000000000e+00 0.0000000000e+00 1
62960 8.8253603462e-02 1.4280693421e-06 2.0000000000e+01 0.0000000000e+00 0.0000000000e+00 1
63000 8.8310726235e-02 1.4280693421e-06 2.0000000000e+01 0.0000000000e+00 0.0000000000e+00 1
63040 8.8367849009e-02 1.4280693421e-06 2.0000000000e+01 0.0000000000e+00 0.0000000000e+00 1
63080 8.8424971783e-02 1.4280693421e-06 2.0000000000e+01 0.0000000000e+00 0.0000000000e+00 1
63120 8.8482094556e-02 1.4280693421e-06 2.0000000000e+01 0.0000000000e+00 0.0000000000e+00 1
63160 8.8539217330e-02 1.4280693421e-06 2.0000000000e+01 0.0000000000e+00 0.0000000000e+00 1
63200 8.8596340104e-02 1.4280693421e-06 2.0000000000e+01 0.0000000000e+00 0.0000000000e+00 1
63240 8.8653462877e-02 1.4280693421e-06 2.0000000000e+01 0.0000000000e+00 0.0000000000e+00 1
63280 8.8710585651e-02 1.4280693421e-06 2.0000000000e+01 0.0000000000e+00 0.0000000000e+00 1
63320 8.8767708425e-02 1.4280693421e-06 2.0000000000e+01 0.0000000000e+00 0.0000000000e+00 1
63360 8.8824831198e-02 1.4280693421e-06 2.0000000000e+01 0.0000000000e+00 0.0000000000e+00 1
63400 8.8881953972e-02 1.4280693421e-06 2.0000000000e+01 0.0000000000e+00 0.0000000000e+00 1
63440 8.8939076746e-02 1.4280693421e-06 2.0000000000e+01 0.0000000000e+00 0.0000000000e+00 1
63480 8.8996199519e-02 1.4280693421e-06 2.0000000000e+01 0.0000000000e+00 0.0000000000e+00 1
63520 8.9053322293e-02 1.4280693421e-06 2.0000000000e+01 0.0000000000e+00 0.0000000000e+00 1
63560 8.9110445067e-02 1.4280693421e-06 2.0000000000e+01 0.0000000000e+00 0.0000000000e+00 1
63600 8.9167567840e-02 1.4280693421e-06 2.0000000000e+01 0.0000000000e+00 0.0000000000e+00 1
63640 8.9224690614e-02 1.4280693421e-06 2.0000000000e+01 0.0000000000e+00 0.0000000000e+00 1
63680 8.9281813388e-02 1.4280693421e-06 2.0000000000e+01 0.0000000000e+00 0.0000000000e+00 1
63720 8.9338936162e-02 1.4280693421e-06 2.0000000000e+01 0.0000000000e+00 0.0000000000e+00 1
63760 8.9396058935e-02 1.4280693421e-06 2.0000000000e+01 0.0000000000e+00 0.0000000000e+00 1
63800 8.9453181709e-02 1.4280693421e-06 2.0000000000e+01 0.0000000000e+00 0.0000000000e+00 1
63840 8.9510304483e-02 1.4280693421e-06 2.0000000000e+01 0.0000000000e+00 0.0000000000e+00 1
63880 8.9567427256e-02 1.4280693421e-06 2.0000000000e+01 0.0000000000e+00 0.0000000000e+00 1
63920 8.9624550030e-02 1.4280693421e-06 2.0000000000e+01 0.0000000000e+00 0.0000000000e+00 1
63960 8.9681672804e-02 1.4280693421e-06 2.0000000000e+01 0.0000000000e+00 0.0000000000e+00 1
64000 8.9738795577e-02 1.4280693421e-06 2.0000000000e+01 0.0000000000e+00 0.0000000000e+00 1
64040 8.9795918351e-02 1.4280693421e-06 2.0000000000e+01 0.0000000000e+00 0.0000000000e+00 1
64080 8.9853041125e-02 1.4280693421e-06 2.0000000000e+01 0.0000000000e+00 0.0000000000e+00 1
64120 8.9910163898e-02 1.4280693421e-06 2.0000000000e+01 0.0000000000e+00 0.0000000000e+00 1
64160 8.9967286672e-02 1.4280693421e-06 2.0000000000e+01 0.0000000000e+00 0.0000000000e+00 1
64200 9.0024409446e-02 1.4280693421e-06 2.0000000000e+01 0.0000000000e+00 0.0000000000e+00 1
64240 9.0081532219e-02 1.4280693421e-06 2.0000000000e+01 0.0000000000e+00 0.0000000000e+00 1
64280 9.0138654993e-02 1.4280693421e-06 2.0000000000e+01 0.0000000000e+00 0.0000000000e+00 1
64320 9.0195777767e-02 1.4280693421e-06 2.0000000000e+01 0.0000000000e+00 0.0000000000e+00 1
64360 9.0252900540e-02 1.4280693421e-06 2.0000000000e+01 0.0000000000e+00 0.0000000000e+00 1
64400 9.0310023314e-02 1.4280693421e-06 2.0000000000e+01 0.0000000000e+00 0.0000000000e+00 1
64440 9.0367146088e-02 1.4280693421e-06 2.0000000000e+01 0.0000000000e+00 0.0000000000e+00 1
64480 9.0424268861e-02 1.4280693421e-06 2.0000000000e+01 0.0000000000e+00 0.0000000000e+00 1
64520 9.0481391635e-02 1.4280693421e-06 2.0000000000e+01 0.0000000000e+00 0.0000000000e+00 1
64560 9.0538514409e-02 1.4280693421e-06 2.0000000000e+01 0.0000000000e+00 0.0000000000e+00 1
64600 9.0595637183e-02 1.4280693421e-06 2.0000000000e+01 0.0000000000e+00 0.0000000000e+00 1
64640 9.0652759956e-02 1.4280693421e-06 2.0000000000e+01 0.0000000000e+00 0.0000000000e+00 1
64680 9.0709882730e-02 1.4280693421e-06 2.0000000000e+01 0.0000000000e+00 0.0000000000e+00 1
64720 9.0767005504e-02 1.4280693421e-06 2.0000000000e+01 0.0000000000e+00 0.0000000000e+00 1
64760 9.0824128277e-02 1.4280693421e-06 2.0000000000e+01 0.0000000000e+00 0.0000000000e+00 1
64800 9.0881251051e-02 1.4280693421e-06 2.0000000000e+01 0.0000000000e+00 0.0000000000e+00 1
64840 9.0938373825e-02 1.4280693421e-06 2.0000000000e+01 0.0000000000e+00 0.0000000000e+00 1
64880 9.0995496598e-02 1.4280693421e-06 2.0000000000e+01 0.0000000000e+00 0.0000000000e+00 1
64920 9.1052619372e-02 1.4280693421e-06 2.0000000000e+01 0.0000000000e+00 0.0000000000e+00 1
64960 9.1109742146e-02 1.4280693421e-06 2.0000000000e+01 0.0000000000e+00 0.0000000000e+00 1
65000 9.1166864919e-02 1.4280693421e-06 2.0000000000e+01 0.0000000000e+00 0.0000000000e+00 1
65040 9.1223987693e-02 1.4280693421e-06 2.0000000000e+01 0.0000000000e+00 0.0000000000e+00 1
65080 9.1281110467e-02 1.4280693421e-06 2.0000000000e+01 0.0000000000e+00 0.0000000000e+00 1
65120 9.1338233240e-02 1.4280693421e-06 2.0000000000e+01 0.0000000000e+00 0.0000000000e+00 1
65160 9.1395356014e-02 1.4280693421e-06 2.0000000000e+01 0.0000000000e+00 0.0000000000e+00 1
65200 9.1452478788e-02 1.4280693421e-06 2.0000000000e+01 0.0000000000e+00 0.0000000000e+00 1
65240 9.1509601561e-02 1.4280693421e-06 2.0000000000e+01 0.0000000000e+00 0.0000000000e+00 1
65280 9.1566724335e-02 1.4280693421e-06 2.0000000000e+01 0.0000000000e+00 0.0000000000e+00 1
65320 9.1623847109e-02 1.4280693421e-06 2.0000000000e+01 0.0000000000e+00 0.0000000000e+00 1
65360 9.1680969883e-02 1.4280693421e-06 2.0000000000e+01 0.0000000000e+00 0.0000000000e+00 1
65400 9.1738092656e-02 1.4280693421e-06 2.0000000000e+01 0.0000000000e+00 0.0000000000e+00 1
65440 9.1795215430e-02 1.4280693421e-06 2.0000000000e+01 0.0000000000e+00 0.0000000000e+00 1
65480 9.1852338204e-02 1.4280693421e-06 2.0000000000e+01 0.0000000000e+00 0.0000000000e+00 1
65520 9.1909460977e-02 1.4280693421e-06 2.0000000000e+01 0.0000000000e+00 0.0000000000e+00 1
65560 9.1966583751e-02 1.4280693421e-06 2.0000000000e+01 0.0000000000e+00 0.0000000000e+00 1
65600 9.2023706525e-02 1.4280693421e-06 2.0000000000e+01 0.0000000000e+00 0.0000000000e+00 1
65640 9.2080829298e-02 1.4280693421e-06 2.0000000000e+01 0.0000000000e+00 0.0000000000e+00 1
65680 9.2137952072e-02 1.4280693421e-06 2.0000000000e+01 0.0000000000e+00 0.0000000000e+00 1
65720 9.2195074846e-02 1.4280693421e-06 2.0000000000e+01 0.0000000000e+00 0.0000000000e+00 1
65760 9.2252197619e-02 1.4280693421e-06 2.0000000000e+01 0.0000000000e+00 0.0000000000e+00 1
65800 9.2309320393e-02 1.4280693421e-06 2.0000000000e+01 0.0000000000e+00 0.0000000000e+00 1
65840 9.2366443167e-02 1.4280693421e-06 2.0000000000e+01 0.0000000000e+00 0.0000000000e+00 1
65880 9.2423565940e-02 1.4280693421e-06 2.0000000000e+01 0.0000000000e+00 0.0000000000e+00 1
65920 9.2480688714e-02 1.4280693421e-06 2.0000000000e+01 0.0000000000e+00 0.0000000000e+00 1
65960 9.2537811488e-02 1.4280693421e-06 2.0000000000e+01 0.0000000000e+00 0.0000000000e+00 1
66000 9.2594934261e-02 1.4280693421e-06 2.0000000000e+01 0.0000000000e+00 0.0000000000e+00 1
66040 9.2652057035e-02 1.4280693421e-06 2.0000000000e+01 0.0000000000e+00 0.0000000000e+00 1
66080 9.2709179809e-02 1.4280693421e-06 2.0000000000e+01 0.0000000000e+00 0.0000000000e+00 1
66120 9.2766302582e-02 1.4280693421e-06 2.0000000000e+01 0.0000000000e+00 0.0000000000e+00 1
66160 9.2823425356e-02 1.4280693421e-06 2.0000000000e+01 0.0000000000e+00 0.0000000000e+00 1
66200 9.2880548130e-02 1.4280693421e-06 2.0000000000e+01 0.0000000000e+00 0.0000000000e+00 1
66240 9.2937670904e-02 1.4280693421e-06 2.0000000000e+01 0.0000000000e+00 0.0000000000e+00 1
66280 9.2994793677e-02 1.4280693421e-06 2.0000000000e+01 0.0000000000e+00 0.0000000000e+00 1
66320 9.3051916451e-02 1.4280693421e-06 2.0000000000e+01 0.0000000000e+00 0.0000000000e+00 1
66360 9.3109039225e-02 1.4280693421e-06 2.0000000000e+01 0.0000000000e+00 0.0000000000e+00 1
66400 9.3166161998e-02 1.4280693421e-06 2.0000000000e+01 0.0000000000e+00 0.0000000000e+00 1
66440 9.3223284772e-02 1.4280693421e-06 2.0000000000e+01 0.0000000000e+00 0.0000000000e+00 1
66480 9.3280407546e-02 1.4280693421e-06 2.0000000000e+01 0.0000000000e+00 0.0000000000e+00 1
66520 9.3337530319e-02 1.4280693421e-06 2.0000000000e+01 0.0000000000e+00 0.0000000000e+00 1
66560 9.3394653093e-02 1.4280693421e-06 2.0000000000e+01 0.0000000000e+00 0.0000000000e+00 1
66600 9.3451775867e-02 1.4280693421e-06 2.0000000000e+01 0.0000000000e+00 0.0000000000e+00 1
66640 9.3508898640e-02 1.4280693421e-06 2.0000000000e+01 0.0000000000e+00 0.0000000000e+00 1
66680 9.3566021414e-02 1.4280693421e-06 2.0000000000e+01 0.0000000000e+00 0.0000000000e+00 1
66720 9.3623144188e-02 1.4280693421e-06 2.0000000000e+01 0.0000000000e+00 0.0000000000e+00 1
66760 9.3680266961e-02 1.4280693421e-06 2.0000000000e+01 0.0000000000e+00 0.0000000000e+00 1
66800 9.3737389735e-02 1.4280693421e-06 2.0000000000e+01 0.0000000000e+00 0.0000000000e+00 1
66840 9.3794512509e-02 1.4280693421e-06 2.0000000000e+01 0.0000000000e+00 0.0000000000e+00 1
66880 9.3851635282e-02 1.4280693421e-06 2.0000000000e+01 0.0000000000e+00 0.0000000000e+00 1
66920 9.3908758056e-02 1.4280693421e-06 2.0000000000e+01 0.0000000000e+00 0.0000000000e+00 1
66960 9.3965880830e-02 1.4280693421e-06 2.0000000000e+01 0.0000000000e+00 0.0000000000e+00 1
67000 9.4023003604e-02 1.4280693421e-06 2.0000000000e+01 0.0000000000e+00 0.0000000000e+00 1
67040 9.4080126377e-02 1.4280693421e-06 2.0000000000e+01 0.0000000000e+00 0.0000000000e+00 1
67080 9.4137249151e-02 1.4280693421e-06 2.0000000000e+01 0.0000000000e+00 0.0000000000e+00 1
67120 9.4194371925e-02 1.4280693421e-06 2.0000000000e+01 0.0000000000e+00 0.0000000000e+00 1
67160 9.4251494698e-02 1.4280693421e-06 2.0000000000e+01 0.0000000000e+00 0.0000000000e+00 1
67200 9.4308617472e-02 1.4280693421e-06 2.0000000000e+01 0.0000000000e+00 0.0000000000e+00 1
67240 9.4365740246e-02 1.4280693421e-06 2.0000000000e+01 0.0000000000e+00 0.0000000000e+00 1
67280 9.4422863019e-02 1.4280693421e-06 2.0000000000e+01 0.0000000000e+00 0.0000000000e+00 1
67320 9.4479985793e-02 1.4280693421e-06 2.0000000000e+01 0.0000000000e+00 0.0000000000e+00 1
67360 9.4537108567e-02 1.4280693421e-06 2.0000000000e+01 0.0000000000e+00 0.0000000000e+00 1
67400 9.4594231340e-02 1.4280693421e-06 2.0000000000e+01 0.0000000000e+00 0.0000000000e+00 1
67440 9.4651354114e-02 1.4280693421e-06 2.0000000000e+01 0.0000000000e+00 0.0000000000e+00 1
67480 9.4708476888e-02 1.4280693421e-06 2.0000000000e+01 0.0000000000e+00 0.0000000000e+00 1
67520 9.4765599661e-02 1.4280693421e-06 2.0000000000e+01 0.0000000000e+00 0.0000000000e+00 1
67560 9.4822722435e-02 1.4280693421e-06 2.0000000000e+01 0.0000000000e+00 0.0000000000e+00 1
67600 9.4879845209e-02 1.4280693421e-06 2.0000000000e+01 0.0000000000e+00 0.0000000000e+00 1
67640 9.4936967982e-02 1.4280693421e-06 2.0000000000e+01 0.0000000000e+00 0.0000000000e+00 1
67680 9.4994090756e-02 1.4280693421e-06 2.0000000000e+01 0.0000000000e+00 0.0000000000e+00 1
67720 9.5051213530e-02 1.4280693421e-06 2.0000000000e+01 0.0000000000e+00 0.0000000000e+00 1
67760 9.5108336303e-02 1.4280693421e-06 2.0000000000e+01 0.0000000000e+00 0.0000000000e+00 1
67800 9.5165459077e-02 1.4280693421e-06 2.0000000000e+01 0.0000000000e+00 0.0000000000e+00 1
67840 9.5222581851e-02 1.4280693421e-06 2.0000000000e+01 0.0000000000e+00 0.0000000000e+00 1
67880 9.5279704625e-02 1.4280693421e-06 2.0000000000e+01 0.0000000000e+00 0.0000000000e+00 1
67920 9.5336827398e-02 1.4280693421e-06 2.0000000000e+01 0.0000000000e+00 0.0000000000e+00 1
67960 9.5393950172e-02 1.4280693421e-06 2.0000000000e+01 0.0000000000e+00 0.0000000000e+00 1
68000 9.5451072946e-02 1.4280693421e-06 2.0000000000e+01 0.0000000000e+00 0.0000000000e+00 1
68040 9.5508195719e-02 1.4280693421e-06 2.0000000000e+01 0.0000000000e+00 0.0000000000e+00 1
68080 9.5565318493e-02 1.4280693421e-06 2.0000000000e+01 0.0000000000e+00 0.0000000000e+00 1
68120 9.5622441267e-02 1.4280693421e-06 2.0000000000e+01 0.0000000000e+00 0.0000000000e+00 1
68160 9.5679564040e-02 1.4280693421e-06 2.0000000000e+01 0.0000000000e+00 0.0000000000e+00 1
68200 9.5736686814e-02 1.4280693421e-06 2.0000000000e+01 0.0000000000e+00 0.0000000000e+00 1
68240 9.5793809588e-02 1.4280693421e-06 2.0000000000e+01 0.0000000000e+00 0.0000000000e+00 1
68280 9.5850932361e-02 1.4280693421e-06 2.0000000000e+01 0.0000000000e+00 0.0000000000e+00 1
68320 9.5908055135e-02 1.4280693421e-06 2.0000000000e+01 0.0000000000e+00 0.0000000000e+00 1
68360 9.5965177909e-02 1.4280693421e-06 2.0000000000e+01 0.0000000000e+00 0.0000000000e+00 1
68400 9.6022300682e-02 1.4280693421e-06 2.0000000000e+01 0.0000000000e+00 0.0000000000e+00 1
68440 9.6079423456e-02 1.4280693421e-06 2.0000000000e+01 0.0000000000e+00 0.0000000000e+00 1
68480 9.6136546230e-02 1.4280693421e-06 2.0000000000e+01 0.0000000000e+00 0.0000000000e+00 1
68520 9.6193669003e-02 1.4280693421e-06 2.0000000000e+01 0.0000000000e+00 0.0000000000e+00 1
68560 9.6250791777e-02 1.4280693421e-06 2.0000000000e+01 0.0000000000e+00 0.0000000000e+00 1
68600 9.6307914551e-02 1.4280693421e-06 2.0000000000e+01 0.0000000000e+00 0.0000000000e+00 1
68640 9.6365037325e-02 1.4280693421e-06 2.0000000000e+01 0.0000000000e+00 0.0000000000e+00 1
68680 9.6422160098e-02 1.4280693421e-06 2.0000000000e+01 0.0000000000e+00 0.0000000000e+00 1
68720 9.6479282872e-02 1.4280693421e-06 2.0000000000e+01 0.0000000000e+00 0.0000000000e+00 1
68760 9.6536405646e-02 1.4280693421e-06 2.0000000000e+01 0.0000000000e+00 0.0000000000e+00 1
68800 9.6593528419e-02 1.4280693421e-06 2.0000000000e+01 0.0000000000e+00 0.0000000000e+00 1
68840 9.6650651193e-02 1.4280693421e-06 2.0000000000e+01 0.0000000000e+00 0.0000000000e+00 1
68880 9.6707773967e-02 1.4280693421e-06 2.0000000000e+01 0.0000000000e+00 0.0000000000e+00 1
68920 9.6764896740e-02 1.4280693421e-06 2.0000000000e+01 0.0000000000e+00 0.0000000000e+00 1
68960 9.6822019514e-02 1.4280693421e-06 2.0000000000e+01 0.0000000000e+00 0.0000000000e+00 1
69000 9.6879142288e-02 1.4280693421e-06 2.0000000000e+01 0.0000000000e+00 0.0000000000e+00 1
69040 9.6936265061e-02 1.4280693421e-06 2.0000000000e+01 0.0000000000e+00 0.0000000000e+00 1
69080 9.6993387835e-02 1.4280693421e-06 2.0000000000e+01 0.0000000000e+00 0.0000000000e+00 1
69120 9.7050510609e-02 1.4280693421e-06 2.0000000000e+01 0.0000000000e+00 0.0000000000e+00 1
69160 9.7107633382e-02 1.4280693421e-06 2.0000000000e+01 0.0000000000e+00 0.0000000000e+00 1
69200 9.7164756156e-02 1.4280693421e-06 2.0000000000e+01 0.0000000000e+00 0.0000000000e+00 1
69240 9.7221878930e-02 1.4280693421e-06 2.0000000000e+01 0.0000000000e+00 0.0000000000e+00 1
69280 9.7279001703e-02 1.4280693421e-06 2.0000000000e+01 0.0000000000e+00 0.0000000000e+00 1
69320 9.7336124477e-02 1.4280693421e-06 2.0000000000e+01 0.0000000000e+00 0.0000000000e+00 1
69360 9.7393247251e-02 1.4280693421e-06 2.0000000000e+01 0.0000000000e+00 0.0000000000e+00 1
69400 9.7450370024e-02 1.4280693421e-06 2.0000000000e+01 0.0000000000e+00 0.0000000000e+00 1
69440 9.7507492798e-02 1.4280693421e-06 2.0000000000e+01 0.0000000000e+00 0.0000000000e+00 1
69480 9.7564615572e-02 1.4280693421e-06 2.0000000000e+01 0.0000000000e+00 0.0000000000e+00 1
69520 9.7621738346e-02 1.4280693421e-06 2.0000000000e+01 0.0000000000e+00 0.0000000000e+00 1
69560 9.7678861119e-02 1.4280693421e-06 2.0000000000e+01 0.0000000000e+00 0.0000000000e+00 1
69600 9.7735983893e-02 1.4280693421e-06 2.0000000000e+01 0.0000000000e+00 0.0000000000e+00 1
69640 9.7793106667e-02 1.4280693421e-06 2.0000000000e+01 0.0000000000e+00 0.0000000000e+00 1
69680 9.7850229440e-02 1.4280693421e-06 2.0000000000e+01 0.0000000000e+00 0.0000000000e+00 1
69720 9.7907352214e-02 1.4280693421e-06 2.0000000000e+01 0.0000000000e+00 0.0000000000e+00 1
69760 9.7964474988e-02 1.4280693421e-06 2.0000000000e+01 0.0000000000e+00 0.0000000000e+00 1
69800 9.8021597761e-02 1.4280693421e-06 2.0000000000e+01 0.0000000000e+00 0.0000000000e+00 1
69840 9.8078720535e-02 1.4280693421e-06 2.0000000000e+01 0.0000000000e+00 0.0000000000e+00 1
69880 9.8135843309e-02 1.4280693421e-06 2.0000000000e+01 0.0000000000e+00 0.0000000000e+00 1
69920 9.8192966082e-02 1.4280693421e-06 2.0000000000e+01 0.0000000000e+00 0.0000000000e+00 1
69960 9.8250088856e-02 1.4280693421e-06 2.0000000000e+01 0.0000000000e+00 0.0000000000e+00 1
70000 9.8307211630e-02 1.4280693421e-06 2.0000000000e+01 0.0000000000e+00 0.0000000000e+00 1
70040 9.8364334403e-02 1.4280693421e-06 2.0000000000e+01 0.0000000000e+00 0.0000000000e+00 1
70080 9.8421457177e-02 1.4280693421e-06 2.0000000000e+01 0.0000000000e+00 0.0000000000e+00 1
70120 9.8478579951e-02 1.4280693421e-06 2.0000000000e+01 0.0000000000e+00 0.0000000000e+00 1
70160 9.8535702724e-02 1.4280693421e-06 2.0000000000e+01 0.0000000000e+00 0.0000000000e+00 1
70200 9.8592825498e-02 1.4280693421e-06 2.0000000000e+01 0.0000000000e+00 0.0000000000e+00 1
70240 9.8649948272e-02 1.4280693421e-06 2.0000000000e+01 0.0000000000e+00 0.0000000000e+00 1
70280 9.8707071046e-02 1.4280693421e-06 2.0000000000e+01 0.0000000000e+00 0.0000000000e+00 1
70320 9.8764193819e-02 1.4280693421e-06 2.0000000000e+01 0.0000000000e+00 0.0000000000e+00 1
70360 9.8821316593e-02 1.4280693421e-06 2.0000000000e+01 0.0000000000e+00 0.0000000000e+00 1
70400 9.8878439367e-02 1.4280693421e-06 2.0000000000e+01 0.0000000000e+00 0.0000000000e+00 1
70440 9.8935562140e-02 1.4280693421e-06 2.0000000000e+01 0.0000000000e+00 0.0000000000e+00 1
70480 9.8992684914e-02 1.4280693421e-06 2.0000000000e+01 0.0000000000e+00 0.0000000000e+00 1
70520 9.9049807688e-02 1.4280693421e-06 2.0000000000e+01 0.0000000000e+00 0.0000000000e+00 1
70560 9.9106930461e-02 1.4280693421e-06 2.0000000000e+01 0.0000000000e+00 0.0000000000e+00 1
70600 9.9164053235e-02 1.4280693421e-06 2.0000000000e+01 0.0000000000e+00 0.0000000000e+00 1
70640 9.9221176009e-02 1.4280693421e-06 2.0000000000e+01 0.0000000000e+00 0.0000000000e+00 1
70680 9.9278298782e-02 1.4280693421e-06 2.0000000000e+01 0.0000000000e+00 0.0000000000e+00 1
70720 9.9335421556e-02 1.4280693421e-06 2.0000000000e+01 0.0000000000e+00 0.0000000000e+00 1
70760 9.9392544330e-02 1.4280693421e-06 2.0000000000e+01 0.0000000000e+00 0.0000000000e+00 1
70800 9.9449667103e-02 1.4280693421e-06 2.0000000000e+01 0.0000000000e+00 0.0000000000e+00 1
70840 9.9506789877e-02 1.4280693421e-06 2.0000000000e+01 0.0000000000e+00 0.0000000000e+00 1
70880 9.9563912651e-02 1.4280693421e-06 2.0000000000e+01 0.0000000000e+00 0.0000000000e+00 1
70920 9.9621035424e-02 1.4280693421e-06 2.0000000000e+01 0.0000000000e+00 0.0000000000e+00 1
70960 9.9678158198e-02 1.4280693421e-06 2.0000000000e+01 0.0000000000e+00 0.0000000000e+00 1
71000 9.9735280972e-02 1.4280693421e-06 2.0000000000e+01 0.0000000000e+00 0.0000000000e+00 1
71040 9.9792403745e-02 1.4280693421e-06 2.0000000000e+01 0.0000000000e+00 0.0000000000e+00 1
71080 9.9849526519e-02 1.4280693421e-06 2.0000000000e+01 0.0000000000e+00 0.0000000000e+00 1
71120 9.9906649293e-02 1.4280693421e-06 2.0000000000e+01 0.0000000000e+00 0.0000000000e+00 1
71160 9.9963772067e-02 1.4280693421e-06 2.0000000000e+01 0.0000000000e+00 0.0000000000e+00 1
71200 1.0002089484e-01 1.4280693421e-06 2.0000000000e+01 0.0000000000e+00 0.0000000000e+00 1
71240 1.0007801761e-01 1.4280693421e-06 2.0000000000e+01 0.0000000000e+00 0.0000000000e+00 1
71280 1.0013514039e-01 1.4280693421e-06 2.0000000000e+01 0.0000000000e+00 0.0000000000e+00 1
71320 1.0019226316e-01 1.4280693421e-06 2.0000000000e+01 0.0000000000e+00 0.0000000000e+00 1
71360 1.0024938593e-01 1.4280693421e-06 2.0000000000e+01 0.0000000000e+00 0.0000000000e+00 1
71400 1.0030650871e-01 1.4280693421e-06 2.0000000000e+01 0.0000000000e+00 0.0000000000e+00 1
71440 1.0036363148e-01 1.4280693421e-06 2.0000000000e+01 0.0000000000e+00 0.0000000000e+00 1
71480 1.0042075426e-01 1.4280693421e-06 2.0000000000e+01 0.0000000000e+00 0.0000000000e+00 1
71520 1.0047787703e-01 1.4280693421e-06 2.0000000000e+01 0.0000000000e+00 0.0000000000e+00 1
71560 1.0053499980e-01 1.4280693421e-06 2.0000000000e+01 0.0000000000e+00 0.0000000000e+00 1
71600 1.0059212258e-01 1.4280693421e-06 2.0000000000e+01 0.0000000000e+00 0.0000000000e+00 1
71640 1.0064924535e-01 1.4280693421e-06 2.0000000000e+01 0.0000000000e+00 0.0000000000e+00 1
71680 1.0070636812e-01 1.4280693421e-06 2.0000000000e+01 0.0000000000e+00 0.0000000000e+00 1
71720 1.0076349090e-01 1.4280693421e-06 2.0000000000e+01 0.0000000000e+00 0.0000000000e+00 1
71760 1.0082061367e-01 1.4280693421e-06 2.0000000000e+01 0.0000000000e+00 0.0000000000e+00 1
71800 1.0087773645e-01 1.4280693421e-06 2.0000000000e+01 0.0000000000e+00 0.0000000000e+00 1
71840 1.0093485922e-01 1.4280693421e-06 2.0000000000e+01 0.0000000000e+00 0.0000000000e+00 1
71880 1.0099198199e-01 1.4280693421e-06 2.0000000000e+01 0.0000000000e+00 0.0000000000e+00 1
71920 1.0104910477e-01 1.4280693421e-06 2.0000000000e+01 0.0000000000e+00 0.0000000000e+00 1
71960 1.0110622754e-01 1.4280693421e-06 2.0000000000e+01 0.0000000000e+00 0.0000000000e+00 1
72000 1.0116335031e-01 1.4280693421e-06 2.0000000000e+01 0.0000000000e+00 0.0000000000e+00 1
72040 1.0122047309e-01 1.4280693421e-06 2.0000000000e+01 0.0000000000e+00 0.0000000000e+00 1
72080 1.0127759586e-01 1.4280693421e-06 2.0000000000e+01 0.0000000000e+00 0.0000000000e+00 1
72120 1.0133471863e-01 1.4280693421e-06 2.0000000000e+01 0.0000000000e+00 0.0000000000e+00 1
72160 1.0139184141e-01 1.4280693421e-06 2.0000000000e+01 0.0000000000e+00 0.0000000000e+00 1
72200 1.0144896418e-01 1.4280693421e-06 2.0000000000e+01 0.0000000000e+00 0.0000000000e+00 1
72240 1.0150608696e-01 1.4280693421e-06 2.0000000000e+01 0.0000000000e+00 0.0000000000e+00 1
72280 1.0156320973e-01 1.4280693421e-06 2.0000000000e+01 0.0000000000e+00 0.0000000000e+00 1
72320 1.0162033250e-01 1.4280693421e-06 2.0000000000e+01 0.0000000000e+00 0.0000000000e+00 1
72360 1.0167745528e-01 1.4280693421e-06 2.0000000000e+01 0.0000000000e+00 0.0000000000e+00 1
72400 1.0173457805e-01 1.4280693421e-06 2.0000000000e+01 0.0000000000e+00 0.0000000000e+00 1
72440 1.0179170082e-01 1.4280693421e-06 2.0000000000e+01 0.0000000000e+00 0.0000000000e+00 1
72480 1.0184882360e-01 1.4280693421e-06 2.0000000000e+01 0.0000000000e+00 0.0000000000e+00 1
72520 1.0190594637e-01 1.4280693421e-06 2.0000000000e+01 0.0000000000e+00 0.0000000000e+00 1
72560 1.0196306915e-01 1.4280693421e-06 2.0000000000e+01 0.0000000000e+00 0.0000000000e+00 1
72600 1.0202019192e-01 1.4280693421e-06 2.0000000000e+01 0.0000000000e+00 0.0000000000e+00 1
72640 1.0207731469e-01 1.4280693421e-06 2.0000000000e+01 0.0000000000e+00 0.0000000000e+00 1
72680 1.0213443747e-01 1.4280693421e-06 2.0000000000e+01 0.0000000000e+00 0.0000000000e+00 1
72720 1.0219156024e-01 1.4280693421e-06 2.0000000000e+01 0.0000000000e+00 0.0000000000e+00 1
72760 1.0224868301e-01 1.4280693421e-06 2.0000000000e+01 0.0000000000e+00 0.0000000000e+00 1
72800 1.0230580579e-01 1.4280693421e-06 2.0000000000e+01 0.0000000000e+00 0.0000000000e+00 1
72840 1.0236292856e-01 1.4280693421e-06 2.0000000000e+01 0.0000000000e+00 0.0000000000e+00 1
72880 1.0242005133e-01 1.4280693421e-06 2.0000000000e+01 0.0000000000e+00 0.0000000000e+00 1
72920 1.0247717411e-01 1.4280693421e-06 2.0000000000e+01 0.0000000000e+00 0.0000000000e+00 1
72960 1.0253429688e-01 1.4280693421e-06 2.0000000000e+01 0.0000000000e+00 0.0000000000e+00 1
73000 1.0259141966e-01 1.4280693421e-06 2.0000000000e+01 0.0000000000e+00 0.0000000000e+00 1
73040 1.0264854243e-01 1.4280693421e-06 2.0000000000e+01 0.0000000000e+00 0.0000000000e+00 1
73080 1.0270566520e-01 1.4280693421e-06 2.0000000000e+01 0.0000000000e+00 0.0000000000e+00 1
73120 1.0276278798e-01 1.4280693421e-06 2.0000000000e+01 0.0000000000e+00 0.0000000000e+00 1
73160 1.0281991075e-01 1.4280693421e-06 2.0000000000e+01 0.0000000000e+00 0.0000000000e+00 1
73200 1.0287703352e-01 1.4280693421e-06 2.0000000000e+01 0.0000000000e+00 0.0000000000e+00 1
73240 1.0293415630e-01 1.4280693421e-06 2.0000000000e+01 0.0000000000e+00 0.0000000000e+00 1
73280 1.0299127907e-01 1.4280693421e-06 2.0000000000e+01 0.0000000000e+00 0.0000000000e+00 1
73320 1.0304840185e-01 1.4280693421e-06 2.0000000000e+01 0.0000000000e+00 0.0000000000e+00 1
73360 1.0310552462e-01 1.4280693421e-06 2.0000000000e+01 0.0000000000e+00 0.0000000000e+00 1
73400 1.0316264739e-01 1.4280693421e-06 2.0000000000e+01 0.0000000000e+00 0.0000000000e+00 1
73440 1.0321977017e-01 1.4280693421e-06 2.0000000000e+01 0.0000000000e+00 0.0000000000e+00 1
73480 1.0327689294e-01 1.4280693421e-06 2.0000000000e+01 0.0000000000e+00 0.0000000000e+00 1
73520 1.0333401571e-01 1.4280693421e-06 2.0000000000e+01 0.0000000000e+00 0.0000000000e+00 1
73560 1.0339113849e-01 1.4280693421e-06 2.0000000000e+01 0.0000000000e+00 0.0000000000e+00 1
73600 1.0344826126e-01 1.4280693421e-06 2.0000000000e+01 0.0000000000e+00 0.0000000000e+00 1
73640 1.0350538403e-01 1.4280693421e-06 2.0000000000e+01 0.0000000000e+00 0.0000000000e+00 1
73680 1.0356250681e-01 1.4280693421e-06 2.0000000000e+01 0.0000000000e+00 0.0000000000e+00 1
73720 1.0361962958e-01 1.4280693421e-06 2.0000000000e+01 0.0000000000e+00 0.0000000000e+00 1
73760 1.0367675236e-01 1.4280693421e-06 2.0000000000e+01 0.0000000000e+00 0.0000000000e+00 1
73800 1.0373387513e-01 1.4280693421e-06 2.0000000000e+01 0.0000000000e+00 0.0000000000e+00 1
73840 1.0379099790e-01 1.4280693421e-06 2.0000000000e+01 0.0000000000e+00 0.0000000000e+00 1
73880 1.0384812068e-01 1.4280693421e-06 2.0000000000e+01 0.0000000000e+00 0.0000000000e+00 1
73920 1.0390524345e-01 1.4280693421e-06 2.0000000000e+01 0.0000000000e+00 0.0000000000e+00 1
73960 1.0396236622e-01 1.4280693421e-06 2.0000000000e+01 0.0000000000e+00 0.0000000000e+00 1
74000 1.0401948900e-01 1.4280693421e-06 2.0000000000e+01 0.0000000000e+00 0.0000000000e+00 1
74040 1.0407661177e-01 1.4280693421e-06 2.0000000000e+01 0.0000000000e+00 0.0000000000e+00 1
74080 1.0413373455e-01 1.4280693421e-06 2.0000000000e+01 0.0000000000e+00 0.0000000000e+00 1
74120 1.0419085732e-01 1.4280693421e-06 2.0000000000e+01 0.0000000000e+00 0.0000000000e+00 1
74160 1.0424798009e-01 1.4280693421e-06 2.0000000000e+01 0.0000000000e+00 0.0000000000e+00 1
74200 1.0430510287e-01 1.4280693421e-06 2.0000000000e+01 0.0000000000e+00 0.0000000000e+00 1
74240 1.0436222564e-01 1.4280693421e-06 2.0000000000e+01 0.0000000000e+00 0.0000000000e+00 1
74280 1.0441934841e-01 1.4280693421e-06 2.0000000000e+01 0.0000000000e+00 0.0000000000e+00 1
74320 1.0447647119e-01 1.4280693421e-06 2.0000000000e+01 0.0000000000e+00 0.0000000000e+00 1
74360 1.0453359396e-01 1.4280693421e-06 2.0000000000e+01 0.0000000000e+00 0.0000000000e+00 1
74400 1.0459071673e-01 1.4280693421e-06 2.0000000000e+01 0.0000000000e+00 0.0000000000e+00 1
74440 1.0464783951e-01 1.4280693421e-06 2.0000000000e+01 0.0000000000e+00 0.0000000000e+00 1
74480 1.0470496228e-01 1.4280693421e-06 2.0000000000e+01 0.0000000000e+00 0.0000000000e+00 1
74520 1.0476208506e-01 1.4280693421e-06 2.0000000000e+01 0.0000000000e+00 0.0000000000e+00 1
74560 1.0481920783e-01 1.4280693421e-06 2.0000000000e+01 0.0000000000e+00 0.0000000000e+00 1
74600 1.0487633060e-01 1.4280693421e-06 2.0000000000e+01 0.0000000000e+00 0.0000000000e+00 1
74640 1.0493345338e-01 1.4280693421e-06 2.0000000000e+01 0.0000000000e+00 0.0000000000e+00 1
74680 1.0499057615e-01 1.4280693421e-06 2.0000000000e+01 0.0000000000e+00 0.0000000000e+00 1
74720 1.0504769892e-01 1.4280693421e-06 2.0000000000e+01 0.0000000000e+00 0.0000000000e+00 1
74760 1.0510482170e-01 1.4280693421e-06 2.0000000000e+01 0.0000000000e+00 0.0000000000e+00 1
74800 1.0516194447e-01 1.4280693421e-06 2.0000000000e+01 0.0000000000e+00 0.0000000000e+00 1
74840 1.0521906725e-01 1.4280693421e-06 2.0000000000e+01 0.0000000000e+00 0.0000000000e+00 1
74880 1.0527619002e-01 1.4280693421e-06 2.0000000000e+01 0.0000000000e+00 0.0000000000e+00 1
74920 1.0533331279e-01 1.4280693421e-06 2.0000000000e+01 0.0000000000e+00 0.0000000000e+00 1
74960 1.0539043557e-01 1.4280693421e-06 2.0000000000e+01 0.0000000000e+00 0.0000000000e+00 1
75000 1.0544755834e-01 1.4280693421e-06 2.0000000000e+01 0.0000000000e+00 0.0000000000e+00 1
75040 1.0550468111e-01 1.4280693421e-06 2.0000000000e+01 0.0000000000e+00 0.0000000000e+00 1
75080 1.0556180389e-01 1.4280693421e-06 2.0000000000e+01 0.0000000000e+00 0.0000000000e+00 1
75120 1.0561892666e-01 1.4280693421e-06 2.0000000000e+01 0.0000000000e+00 0.0000000000e+00 1
75160 1.0567604943e-01 1.4280693421e-06 2.0000000000e+01 0.0000000000e+00 0.0000000000e+00 1
75200 1.0573317221e-01 1.4280693421e-06 2.0000000000e+01 0.0000000000e+00 0.0000000000e+00 1
75240 1.0579029498e-01 1.4280693421e-06 2.0000000000e+01 0.0000000000e+00 0.0000000000e+00 1
75280 1.0584741776e-01 1.4280693421e-06 2.0000000000e+01 0.0000000000e+00 0.0000000000e+00 1
75320 1.0590454053e-01 1.4280693421e-06 2.0000000000e+01 0.0000000000e+00 0.0000000000e+00 1
75360 1.0596166330e-01 1.4280693421e-06 2.0000000000e+01 0.0000000000e+00 0.0000000000e+00 1
75400 1.0601878608e-01 1.4280693421e-06 2.0000000000e+01 0.0000000000e+00 0.0000000000e+00 1
75440 1.0607590885e-01 1.4280693421e-06 2.0000000000e+01 0.0000000000e+00 0.0000000000e+00 1
75480 1.0613303162e-01 1.4280693421e-06 2.0000000000e+01 0.0000000000e+00 0.0000000000e+00 1
75520 1.0619015440e-01 1.4280693421e-06 2.0000000000e+01 0.0000000000e+00 0.0000000000e+00 1
75560 1.0624727717e-01 1.4280693421e-06 2.0000000000e+01 0.0000000000e+00 0.0000000000e+00 1
75600 1.0630439995e-01 1.4280693421e-06 2.0000000000e+01 0.0000000000e+00 0.0000000000e+00 1
75640 1.0636152272e-01 1.4280693421e-06 2.0000000000e+01 0.0000000000e+00 0.0000000000e+00 1
75680 1.0641864549e-01 1.4280693421e-06 2.0000000000e+01 0.0000000000e+00 0.0000000000e+00 1
75720 1.0647576827e-01 1.4280693421e-06 2.0000000000e+01 0.0000000000e+00 0.0000000000e+00 1
75760 1.0653289104e-01 1.4280693421e-06 2.0000000000e+01 0.0000000000e+00 0.0000000000e+00 1
75800 1.0659001381e-01 1.4280693421e-06 2.0000000000e+01 0.0000000000e+00 0.0000000000e+00 1
75840 1.0664713659e-01 1.4280693421e-06 2.0000000000e+01 0.0000000000e+00 0.0000000000e+00 1
75880 1.0670425936e-01 1.4280693421e-06 2.0000000000e+01 0.0000000000e+00 0.0000000000e+00 1
75920 1.0676138213e-01 1.4280693421e-06 2.0000000000e+01 0.0000000000e+00 0.0000000000e+00 1
75960 1.0681850491e-01 1.4280693421e-06 2.0000000000e+01 0.0000000000e+00 0.0000000000e+00 1
76000 1.0687562768e-01 1.4280693421e-06 2.0000000000e+01 0.0000000000e+00 0.0000000000e+00 1
76040 1.0693275046e-01 1.4280693421e-06 2.0000000000e+01 0.0000000000e+00 0.0000000000e+00 1
76080 1.0698987323e-01 1.4280693421e-06 2.0000000000e+01 0.0000000000e+00 0.0000000000e+00 1
76120 1.0704699600e-01 1.4280693421e-06 2.0000000000e+01 0.0000000000e+00 0.0000000000e+00 1
76160 1.0710411878e-01 1.4280693421e-06 2.0000000000e+01 0.0000000000e+00 0.0000000000e+00 1
76200 1.0716124155e-01 1.4280693421e-06 2.0000000000e+01 0.0000000000e+00 0.0000000000e+00 1
76240 1.0721836432e-01 1.4280693421e-06 2.0000000000e+01 0.0000000000e+00 0.0000000000e+00 1
76280 1.0727548710e-01 1.4280693421e-06 2.0000000000e+01 0.0000000000e+00 0.0000000000e+00 1
76320 1.0733260987e-01 1.4280693421e-06 2.0000000000e+01 0.0000000000e+00 0.0000000000e+00 1
76360 1.0738973265e-01 1.4280693421e-06 2.0000000000e+01 0.0000000000e+00 0.0000000000e+00 1
76400 1.0744685542e-01 1.4280693421e-06 2.0000000000e+01 0.0000000000e+00 0.0000000000e+00 1
76440 1.0750397819e-01 1.4280693421e-06 2.0000000000e+01 0.0000000000e+00 0.0000000000e+00 1
76480 1.0756110097e-01 1.4280693421e-06 2.0000000000e+01 0.0000000000e+00 0.0000000000e+00 1
76520 1.0761822374e-01 1.4280693421e-06 2.0000000000e+01 0.0000000000e+00 0.0000000000e+00 1
76560 1.0767534651e-01 1.4280693421e-06 2.0000000000e+01 0.0000000000e+00 0.0000000000e+00 1
76600 1.0773246929e-01 1.4280693421e-06 2.0000000000e+01 0.0000000000e+00 0.0000000000e+00 1
76640 1.0778959206e-01 1.4280693421e-06 2.0000000000e+01 0.0000000000e+00 0.0000000000e+00 1
76680 1.0784671483e-01 1.4280693421e-06 2.0000000000e+01 0.0000000000e+00 0.0000000000e+00 1
76720 1.0790383761e-01 1.4280693421e-06 2.0000000000e+01 0.0000000000e+00 0.0000000000e+00 1
76760 1.0796096038e-01 1.4280693421e-06 2.0000000000e+01 0.0000000000e+00 0.0000000000e+00 1
76800 1.0801808316e-01 1.4280693421e-06 2.0000000000e+01 0.0000000000e+00 0.0000000000e+00 1
76840 1.0807520593e-01 1.4280693421e-06 2.0000000000e+01 0.0000000000e+00 0.0000000000e+00 1
76880 1.0813232870e-01 1.4280693421e-06 2.0000000000e+01 0.0000000000e+00 0.0000000000e+00 1
76920 1.0818945148e-01 1.4280693421e-06 2.0000000000e+01 0.0000000000e+00 0.0000000000e+00 1
76960 1.0824657425e-01 1.4280693421e-06 2.0000000000e+01 0.0000000000e+00 0.0000000000e+00 1
77000 1.0830369702e-01 1.4280693421e-06 2.0000000000e+01 0.0000000000e+00 0.0000000000e+00 1
77040 1.0836081980e-01 1.4280693421e-06 2.0000000000e+01 0.0000000000e+00 0.0000000000e+00 1
77080 1.0841794257e-01 1.4280693421e-06 2.0000000000e+01 0.0000000000e+00 0.0000000000e+00 1
77120 1.0847506535e-01 1.4280693421e-06 2.0000000000e+01 0.0000000000e+00 0.0000000000e+00 1
77160 1.0853218812e-01 1.4280693421e-06 2.0000000000e+01 0.0000000000e+00 0.0000000000e+00 1
77200 1.0858931089e-01 1.4280693421e-06 2.0000000000e+01 0.0000000000e+00 0.0000000000e+00 1
77240 1.0864643367e-01 1.4280693421e-06 2.0000000000e+01 0.0000000000e+00 0.0000000000e+00 1
77280 1.0870355644e-01 1.4280693421e-06 2.0000000000e+01 0.0000000000e+00 0.0000000000e+00 1
77320 1.0876067921e-01 1.4280693421e-06 2.0000000000e+01 0.0000000000e+00 0.0000000000e+00 1
77360 1.0881780199e-01 1.4280693421e-06 2.0000000000e+01 0.0000000000e+00 0.0000000000e+00 1
77400 1.0887492476e-01 1.4280693421e-06 2.0000000000e+01 0.0000000000e+00 0.0000000000e+00 1
77440 1.0893204753e-01 1.4280693421e-06 2.0000000000e+01 0.0000000000e+00 0.0000000000e+00 1
77480 1.0898917031e-01 1.4280693421e-06 2.0000000000e+01 0.0000000000e+00 0.0000000000e+00 1
77520 1.0904629308e-01 1.4280693421e-06 2.0000000000e+01 0.0000000000e+00 0.0000000000e+00 1
77560 1.0910341586e-01 1.4280693421e-06 2.0000000000e+01 0.0000000000e+00 0.0000000000e+00 1
77600 1.0916053863e-01 1.4280693421e-06 2.0000000000e+01 0.0000000000e+00 0.0000000000e+00 1
77640 1.0921766140e-01 1.4280693421e-06 2.0000000000e+01 0.0000000000e+00 0.0000000000e+00 1
77680 1.0927478418e-01 1.4280693421e-06 2.0000000000e+01 0.0000000000e+00 0.0000000000e+00 1
77720 1.0933190695e-01 1.4280693421e-06 2.0000000000e+01 0.0000000000e+00 0.0000000000e+00 1
77760 1.0938902972e-01 1.4280693421e-06 2.0000000000e+01 0.0000000000e+00 0.0000000000e+00 1
77800 1.0944615250e-01 1.4280693421e-06 2.0000000000e+01 0.0000000000e+00 0.0000000000e+00 1
77840 1.0950327527e-01 1.4280693421e-06 2.0000000000e+01 0.0000000000e+00 0.0000000000e+00 1
77880 1.0956039805e-01 1.4280693421e-06 2.0000000000e+01 0.0000000000e+00 0.0000000000e+00 1
77920 1.0961752082e-01 1.4280693421e-06 2.0000000000e+01 0.0000000000e+00 0.0000000000e+00 1
77960 1.0967464359e-01 1.4280693421e-06 2.0000000000e+01 0.0000000000e+00 0.0000000000e+00 1
78000 1.0973176637e-01 1.4280693421e-06 2.0000000000e+01 0.0000000000e+00 0.0000000000e+00 1
78040 1.0978888914e-01 1.4280693421e-06 2.0000000000e+01 0.0000000000e+00 0.0000000000e+00 1
78080 1.0984601191e-01 1.4280693421e-06 2.0000000000e+01 0.0000000000e+00 0.0000000000e+00 1
78120 1.0990313469e-01 1.4280693421e-06 2.0000000000e+01 0.0000000000e+00 0.0000000000e+00 1
78160 1.0996025746e-01 1.4280693421e-06 2.0000000000e+01 0.0000000000e+00 0.0000000000e+00 1
78200 1.1001738023e-01 1.4280693421e-06 2.0000000000e+01 0.0000000000e+00 0.0000000000e+00 1
78240 1.1007450301e-01 1.4280693421e-06 2.0000000000e+01 0.0000000000e+00 0.0000000000e+00 1
78280 1.1013162578e-01 1.4280693421e-06 2.0000000000e+01 0.0000000000e+00 0.0000000000e+00 1
78320 1.1018874856e-01 1.4280693421e-06 2.0000000000e+01 0.0000000000e+00 0.0000000000e+00 1
78360 1.1024587133e-01 1.4280693421e-06 2.0000000000e+01 0.0000000000e+00 0.0000000000e+00 1
78400 1.1030299410e-01 1.4280693421e-06 2.0000000000e+01 0.0000000000e+00 0.0000000000e+00 1
78440 1.1036011688e-01 1.4280693421e-06 2.0000000000e+01 0.0000000000e+00 0.0000000000e+00 1
78480 1.1041723965e-01 1.4280693421e-06 2.0000000000e+01 0.0000000000e+00 0.0000000000e+00 1
78520 1.1047436242e-01 1.4280693421e-06 2.0000000000e+01 0.0000000000e+00 0.0000000000e+00 1
78560 1.1053148520e-01 1.4280693421e-06 2.0000000000e+01 0.0000000000e+00 0.0000000000e+00 1
78600 1.1058860797e-01 1.4280693421e-06 2.0000000000e+01 0.0000000000e+00 0.0000000000e+00 1
78640 1.1064573075e-01 1.4280693421e-06 2.0000000000e+01 0.0000000000e+00 0.0000000000e+00 1
78680 1.1070285352e-01 1.4280693421e-06 2.0000000000e+01 0.0000000000e+00 0.0000000000e+00 1
78720 1.1075997629e-01 1.4280693421e-06 2.0000000000e+01 0.0000000000e+00 0.0000000000e+00 1
78760 1.1081709907e-01 1.4280693421e-06 2.0000000000e+01 0.0000000000e+00 0.0000000000e+00 1
78800 1.1087422184e-01 1.4280693421e-06 2.0000000000e+01 0.0000000000e+00 0.0000000000e+00 1
78840 1.1093134461e-01 1.4280693421e-06 2.0000000000e+01 0.0000000000e+00 0.0000000000e+00 1
78880 1.1098846739e-01 1.4280693421e-06 2.0000000000e+01 0.0000000000e+00 0.0000000000e+00 1
78920 1.1104559016e-01 1.4280693421e-06 2.0000000000e+01 0.0000000000e+00 0.0000000000e+00 1
78960 1.1110271293e-01 1.4280693421e-06 2.0000000000e+01 0.0000000000e+00 0.0000000000e+00 1
79000 1.1115983571e-01 1.4280693421e-06 2.0000000000e+01 0.0000000000e+00 0.0000000000e+00 1
79040 1.1121695848e-01 1.4280693421e-06 2.0000000000e+01 0.0000000000e+00 0.0000000000e+00 1
79080 1.1127408126e-01 1.4280693421e-06 2.0000000000e+01 0.0000000000e+00 0.0000000000e+00 1
79120 1.1133120403e-01 1.4280693421e-06 2.0000000000e+01 0.0000000000e+00 0.0000000000e+00 1
79160 1.1138832680e-01 1.4280693421e-06 2.0000000000e+01 0.0000000000e+00 0.0000000000e+00 1
79200 1.1144544958e-01 1.4280693421e-06 2.0000000000e+01 0.0000000000e+00 0.0000000000e+00 1
79240 1.1150257235e-01 1.4280693421e-06 2.0000000000e+01 0.0000000000e+00 0.0000000000e+00 1
79280 1.1155969512e-01 1.4280693421e-06 2.0000000000e+01 0.0000000000e+00 0.0000000000e+00 1
79320 1.1161681790e-01 1.4280693421e-06 2.0000000000e+01 0.0000000000e+00 0.0000000000e+00 1
79360 1.1167394067e-01 1.4280693421e-06 2.0000000000e+01 0.0000000000e+00 0.0000000000e+00 1
79400 1.1173106345e-01 1.4280693421e-06 2.0000000000e+01 0.0000000000e+00 0.0000000000e+00 1
79440 1.1178818622e-01 1.4280693421e-06 2.0000000000e+01 0.0000000000e+00 0.0000000000e+00 1
79480 1.1184530899e-01 1.4280693421e-06 2.0000000000e+01 0.0000000000e+00 0.0000000000e+00 1
79520 1.1190243177e-01 1.4280693421e-06 2.0000000000e+01 0.0000000000e+00 0.0000000000e+00 1
79560 1.1195955454e-01 1.4280693421e-06 2.0000000000e+01 0.0000000000e+00 0.0000000000e+00 1
79600 1.1201667731e-01 1.4280693421e-06 2.0000000000e+01 0.0000000000e+00 0.0000000000e+00 1
79640 1.1207380009e-01 1.4280693421e-06 2.0000000000e+01 0.0000000000e+00 0.0000000000e+00 1
79680 1.1213092286e-01 1.4280693421e-06 2.0000000000e+01 0.0000000000e+00 0.0000000000e+00 1
79720 1.1218804563e-01 1.4280693421e-06 2.0000000000e+01 0.0000000000e+00 0.0000000000e+00 1
79760 1.1224516841e-01 1.4280693421e-06 2.0000000000e+01 0.0000000000e+00 0.0000000000e+00 1
79800 1.1230229118e-01 1.4280693421e-06 2.0000000000e+01 0.0000000000e+00 0.0000000000e+00 1
79840 1.1235941396e-01 1.4280693421e-06 2.0000000000e+01 0.0000000000e+00 0.0000000000e+00 1
79880 1.1241653673e-01 1.4280693421e-06 2.0000000000e+01 0.0000000000e+00 0.0000000000e+00 1
79920 1.1247365950e-01 1.4280693421e-06 2.0000000000e+01 0.0000000000e+00 0.0000000000e+00 1
79960 1.1253078228e-01 1.4280693421e-06 2.0000000000e+01 0.0000000000e+00 0.0000000000e+00 1
80000 1.1258790505e-01 1.4280693421e-06 2.0000000000e+01 0.0000000000e+00 0.0000000000e+00 1
80040 1.1264502782e-01 1.4280693421e-06 2.0000000000e+01 0.0000000000e+00 0.0000000000e+00 1
80080 1.1270215060e-01 1.4280693421e-06 2.0000000000e+01 0.0000000000e+00 0.0000000000e+00 1
80120 1.1275927337e-01 1.4280693421e-06 2.0000000000e+01 0.0000000000e+00 0.0000000000e+00 1
80160 1.1281639615e-01 1.4280693421e-06 2.0000000000e+01 0.0000000000e+00 0.0000000000e+00 1
80200 1.1287351892e-01 1.4280693421e-06 2.0000000000e+01 0.0000000000e+00 0.0000000000e+00 1
80240 1.1293064169e-01 1.4280693421e-06 2.0000000000e+01 0.0000000000e+00 0.0000000000e+00 1
80280 1.1298776447e-01 1.4280693421e-06 2.0000000000e+01 0.0000000000e+00 0.0000000000e+00 1
80320 1.1304488724e-01 1.4280693421e-06 2.0000000000e+01 0.0000000000e+00 0.0000000000e+00 1
80360 1.1310201001e-01 1.4280693421e-06 2.0000000000e+01 0.0000000000e+00 0.0000000000e+00 1
80400 1.1315913279e-01 1.4280693421e-06 2.0000000000e+01 0.0000000000e+00 0.0000000000e+00 1
80440 1.1321625556e-01 1.4280693421e-06 2.0000000000e+01 0.0000000000e+00 0.0000000000e+00 1
80480 1.1327337833e-01 1.4280693421e-06 2.0000000000e+01 0.0000000000e+00 0.0000000000e+00 1
80520 1.1333050111e-01 1.4280693421e-06 2.0000000000e+01 0.0000000000e+00 0.0000000000e+00 1
80560 1.1338762388e-01 1.4280693421e-06 2.0000000000e+01 0.0000000000e+00 0.0000000000e+00 1
80600 1.1344474666e-01 1.4280693421e-06 2.0000000000e+01 0.0000000000e+00 0.0000000000e+00 1
80640 1.1350186943e-01 1.4280693421e-06 2.0000000000e+01 0.0000000000e+00 0.0000000000e+00 1
80680 1.1355899220e-01 1.4280693421e-06 2.0000000000e+01 0.0000000000e+00 0.0000000000e+00 1
80720 1.1361611498e-01 1.4280693421e-06 2.0000000000e+01 0.0000000000e+00 0.0000000000e+00 1
80760 1.1367323775e-01 1.4280693421e-06 2.0000000000e+01 0.0000000000e+00 0.0000000000e+00 1
80800 1.1373036052e-01 1.4280693421e-06 2.0000000000e+01 0.0000000000e+00 0.0000000000e+00 1
80840 1.1378748330e-01 1.4280693421e-06 2.0000000000e+01 0.0000000000e+00 0.0000000000e+00 1
80880 1.1384460607e-01 1.4280693421e-06 2.0000000000e+01 0.0000000000e+00 0.0000000000e+00 1
80920 1.1390172885e-01 1.4280693421e-06 2.0000000000e+01 0.0000000000e+00 0.0000000000e+00 1
80960 1.1395885162e-01 1.4280693421e-06 2.0000000000e+01 0.0000000000e+00 0.0000000000e+00 1
81000 1.1401597439e-01 1.4280693421e-06 2.0000000000e+01 0.0000000000e+00 0.0000000000e+00 1
81040 1.1407309717e-01 1.4280693421e-06 2.0000000000e+01 0.0000000000e+00 0.0000000000e+00 1
81080 1.1413021994e-01 1.4280693421e-06 2.0000000000e+01 0.0000000000e+00 0.0000000000e+00 1
81120 1.1418734271e-01 1.4280693421e-06 2.0000000000e+01 0.0000000000e+00 0.0000000000e+00 1
81160 1.1424446549e-01 1.4280693421e-06 2.0000000000e+01 0.0000000000e+00 0.0000000000e+00 1
81200 1.1430158826e-01 1.4280693421e-06 2.0000000000e+01 0.0000000000e+00 0.0000000000e+00 1
81240 1.1435871103e-01 1.4280693421e-06 2.0000000000e+01 0.0000000000e+00 0.0000000000e+00 1
81280 1.1441583381e-01 1.4280693421e-06 2.0000000000e+01 0.0000000000e+00 0.0000000000e+00 1
81320 1.1447295658e-01 1.4280693421e-06 2.0000000000e+01 0.0000000000e+00 0.0000000000e+00 1
81360 1.1453007936e-01 1.4280693421e-06 2.0000000000e+01 0.0000000000e+00 0.0000000000e+00 1
81400 1.1458720213e-01 1.4280693421e-06 2.0000000000e+01 0.0000000000e+00 0.0000000000e+00 1
81440 1.1464432490e-01 1.4280693421e-06 2.0000000000e+01 0.0000000000e+00 0.0000000000e+00 1
81480 1.1470144768e-01 1.4280693421e-06 2.0000000000e+01 0.0000000000e+00 0.0000000000e+00 1
81520 1.1475857045e-01 1.4280693421e-06 2.0000000000e+01 0.0000000000e+00 0.0000000000e+00 1
81560 1.1481569322e-01 1.4280693421e-06 2.0000000000e+01 0.0000000000e+00 0.0000000000e+00 1
81600 1.1487281600e-01 1.4280693421e-06 2.0000000000e+01 0.0000000000e+00 0.0000000000e+00 1
81640 1.1492993877e-01 1.4280693421e-06 2.0000000000e+01 0.0000000000e+00 0.0000000000e+00 1
81680 1.1498706155e-01 1.4280693421e-06 2.0000000000e+01 0.0000000000e+00 0.0000000000e+00 1
81720 1.1504418432e-01 1.4280693421e-06 2.0000000000e+01 0.0000000000e+00 0.0000000000e+00 1
81760 1.1510130709e-01 1.4280693421e-06 2.0000000000e+01 0.0000000000e+00 0.0000000000e+00 1
81800 1.1515842987e-01 1.4280693421e-06 2.0000000000e+01 0.0000000000e+00 0.0000000000e+00 1
81840 1.1521555264e-01 1.4280693421e-06 2.0000000000e+01 0.0000000000e+00 0.0000000000e+00 1
81880 1.1527267541e-01 1.4280693421e-06 2.0000000000e+01 0.0000000000e+00 0.0000000000e+00 1
81920 1.1532979819e-01 1.4280693421e-06 2.0000000000e+01 0.0000000000e+00 0.0000000000e+00 1
81960 1.1538692096e-01 1.4280693421e-06 2.0000000000e+01 0.0000000000e+00 0.0000000000e+00 1
82000 1.1544404373e-01 1.4280693421e-06 2.0000000000e+01 0.0000000000e+00 0.0000000000e+00 1
82040 1.1550116651e-01 1.4280693421e-06 2.0000000000e+01 0.0000000000e+00 0.0000000000e+00 1
82080 1.1555828928e-01 1.4280693421e-06 2.0000000000e+01 0.0000000000e+00 0.0000000000e+00 1
82120 1.1561541206e-01 1.4280693421e-06 2.0000000000e+01 0.0000000000e+00 0.0000000000e+00 1
82160 1.1567253483e-01 1.4280693421e-06 2.0000000000e+01 0.0000000000e+00 0.0000000000e+00 1
82200 1.1572965760e-01 1.4280693421e-06 2.0000000000e+01 0.0000000000e+00 0.0000000000e+00 1
82240 1.1578678038e-01 1.4280693421e-06 2.0000000000e+01 0.0000000000e+00 0.0000000000e+00 1
82280 1.1584390315e-01 1.4280693421e-06 2.0000000000e+01 0.0000000000e+00 0.0000000000e+00 1
82320 1.1590102592e-01 1.4280693421e-06 2.0000000000e+01 0.0000000000e+00 0.0000000000e+00 1
82360 1.1595814870e-01 1.4280693421e-06 2.0000000000e+01 0.0000000000e+00 0.0000000000e+00 1
82400 1.1601527147e-01 1.4280693421e-06 2.0000000000e+01 0.0000000000e+00 0.0000000000e+00 1
82440 1.1607239425e-01 1.4280693421e-06 2.0000000000e+01 0.0000000000e+00 0.0000000000e+00 1
82480 1.1612951702e-01 1.4280693421e-06 2.0000000000e+01 0.0000000000e+00 0.0000000000e+00 1
82520 1.1618663979e-01 1.4280693421e-06 2.0000000000e+01 0.0000000000e+00 0.0000000000e+00 1
82560 1.1624376257e-01 1.4280693421e-06 2.0000000000e+01 0.0000000000e+00 0.0000000000e+00 1
82600 1.1630088534e-01 1.4280693421e-06 2.0000000000e+01 0.0000000000e+00 0.0000000000e+00 1
82640 1.1635800811e-01 1.4280693421e-06 2.0000000000e+01 0.0000000000e+00 0.0000000000e+00 1
82680 1.1641513089e-01 1.4280693421e-06 2.0000000000e+01 0.0000000000e+00 0.0000000000e+00 1
82720 1.1647225366e-01 1.4280693421e-06 2.0000000000e+01 0.0000000000e+00 0.0000000000e+00 1
82760 1.1652937643e-01 1.4280693421e-06 2.0000000000e+01 0.0000000000e+00 0.0000000000e+00 1
82800 1.1658649921e-01 1.4280693421e-06 2.0000000000e+01 0.0000000000e+00 0.0000000000e+00 1
82840 1.1664362198e-01 1.4280693421e-06 2.0000000000e+01 0.0000000000e+00 0.0000000000e+00 1
82880 1.1670074476e-01 1.4280693421e-06 2.0000000000e+01 0.0000000000e+00 0.0000000000e+00 1
82920 1.1675786753e-01 1.4280693421e-06 2.0000000000e+01 0.0000000000e+00 0.0000000000e+00 1
82960 1.1681499030e-01 1.4280693421e-06 2.0000000000e+01 0.0000000000e+00 0.0000000000e+00 1
83000 1.1687211308e-01 1.4280693421e-06 2.0000000000e+01 0.0000000000e+00 0.0000000000e+00 1
83040 1.1692923585e-01 1.4280693421e-06 2.0000000000e+01 0.0000000000e+00 0.0000000000e+00 1
83080 1.1698635862e-01 1.4280693421e-06 2.0000000000e+01 0.0000000000e+00 0.0000000000e+00 1
83120 1.1704348140e-01 1.4280693421e-06 2.0000000000e+01 0.0000000000e+00 0.0000000000e+00 1
83160 1.1710060417e-01 1.4280693421e-06 2.0000000000e+01 0.0000000000e+00 0.0000000000e+00 1
83200 1.1715772695e-01 1.4280693421e-06 2.0000000000e+01 0.0000000000e+00 0.0000000000e+00 1
83240 1.1721484972e-01 1.4280693421e-06 2.0000000000e+01 0.0000000000e+00 0.0000000000e+00 1
83280 1.1727197249e-01 1.4280693421e-06 2.0000000000e+01 0.0000000000e+00 0.0000000000e+00 1
83320 1.1732909527e-01 1.4280693421e-06 2.0000000000e+01 0.0000000000e+00 0.0000000000e+00 1
83360 1.1738621804e-01 1.4280693421e-06 2.0000000000e+01 0.0000000000e+00 0.0000000000e+00 1
83400 1.1744334081e-01 1.4280693421e-06 2.0000000000e+01 0.0000000000e+00 0.0000000000e+00 1
83440 1.1750046359e-01 1.4280693421e-06 2.0000000000e+01 0.0000000000e+00 0.0000000000e+00 1
83480 1.1755758636e-01 1.4280693421e-06 2.0000000000e+01 0.0000000000e+00 0.0000000000e+00 1
83520 1.1761470913e-01 1.4280693421e-06 2.0000000000e+01 0.0000000000e+00 0.0000000000e+00 1
83560 1.1767183191e-01 1.4280693421e-06 2.0000000000e+01 0.0000000000e+00 0.0000000000e+00 1
83600 1.1772895468e-01 1.4280693421e-06 2.0000000000e+01 0.0000000000e+00 0.0000000000e+00 1
83640 1.1778607746e-01 1.4280693421e-06 2.0000000000e+01 0.0000000000e+00 0.0000000000e+00 1
83680 1.1784320023e-01 1.4280693421e-06 2.0000000000e+01 0.0000000000e+00 0.0000000000e+00 1
83720 1.1790032300e-01 1.4280693421e-06 2.0000000000e+01 0.0000000000e+00 0.0000000000e+00 1
83760 1.1795744578e-01 1.4280693421e-06 2.0000000000e+01 0.0000000000e+00 0.0000000000e+00 1
83800 1.1801456855e-01 1.4280693421e-06 2.0000000000e+01 0.0000000000e+00 0.0000000000e+00 1
83840 1.1807169132e-01 1.4280693421e-06 2.0000000000e+01 0.0000000000e+00 0.0000000000e+00 1
83880 1.1812881410e-01 1.4280693421e-06 2.0000000000e+01 0.0000000000e+00 0.0000000000e+00 1
83920 1.1818593687e-01 1.4280693421e-06 2.0000000000e+01 0.0000000000e+00 0.0000000000e+00 1
83960 1.1824305965e-01 1.4280693421e-06 2.0000000000e+01 0.0000000000e+00 0.0000000000e+00 1
84000 1.1830018242e-01 1.4280693421e-06 2.0000000000e+01 0.0000000000e+00 0.0000000000e+00 1
84040 1.1835730519e-01 1.4280693421e-06 2.0000000000e+01 0.0000000000e+00 0.0000000000e+00 1
84080 1.1841442797e-01 1.4280693421e-06 2.0000000000e+01 0.0000000000e+00 0.0000000000e+00 1
84120 1.1847155074e-01 1.4280693421e-06 2.0000000000e+01 0.0000000000e+00 0.0000000000e+00 1
84160 1.1852867351e-01 1.4280693421e-06 2.0000000000e+01 0.0000000000e+00 0.0000000000e+00 1
84200 1.1858579629e-01 1.4280693421e-06 2.0000000000e+01 0.0000000000e+00 0.0000000000e+00 1
84240 1.1864291906e-01 1.4280693421e-06 2.0000000000e+01 0.0000000000e+00 0.0000000000e+00 1
84280 1.1870004183e-01 1.4280693421e-06 2.0000000000e+01 0.0000000000e+00 0.0000000000e+00 1
84320 1.1875716461e-01 1.4280693421e-06 2.0000000000e+01 0.0000000000e+00 0.0000000000e+00 1
84360 1.1881428738e-01 1.4280693421e-06 2.0000000000e+01 0.0000000000e+00 0.0000000000e+00 1
84400 1.1887141016e-01 1.4280693421e-06 2.0000000000e+01 0.0000000000e+00 0.0000000000e+00 1
84440 1.1892853293e-01 1.4280693421e-06 2.0000000000e+01 0.0000000000e+00 0.0000000000e+00 1
84480 1.1898565570e-01 1.4280693421e-06 2.0000000000e+01 0.0000000000e+00 0.0000000000e+00 1
84520 1.1904277848e-01 1.4280693421e-06 2.0000000000e+01 0.0000000000e+00 0.0000000000e+00 1
84560 1.1909990125e-01 1.4280693421e-06 2.0000000000e+01 0.0000000000e+00 0.0000000000e+00 1
84600 1.1915702402e-01 1.4280693421e-06 2.0000000000e+01 0.0000000000e+00 0.0000000000e+00 1
84640 1.1921414680e-01 1.4280693421e-06 2.0000000000e+01 0.0000000000e+00 0.0000000000e+00 1
84680 1.1927126957e-01 1.4280693421e-06 2.0000000000e+01 0.0000000000e+00 0.0000000000e+00 1
84720 1.1932839235e-01 1.4280693421e-06 2.0000000000e+01 0.0000000000e+00 0.0000000000e+00 1
84760 1.1938551512e-01 1.4280693421e-06 2.0000000000e+01 0.0000000000e+00 0.0000000000e+00 1
84800 1.1944263789e-01 1.4280693421e-06 2.0000000000e+01 0.0000000000e+00 0.0000000000e+00 1
84840 1.1949976067e-01 1.4280693421e-06 2.0000000000e+01 0.0000000000e+00 0.0000000000e+00 1
84880 1.1955688344e-01 1.4280693421e-06 2.0000000000e+01 0.0000000000e+00 0.0000000000e+00 1
84920 1.1961400621e-01 1.4280693421e-06 2.0000000000e+01 0.0000000000e+00 0.0000000000e+00 1
84960 1.1967112899e-01 1.4280693421e-06 2.0000000000e+01 0.0000000000e+00 0.0000000000e+00 1
85000 1.1972825176e-01 1.4280693421e-06 2.0000000000e+01 0.0000000000e+00 0.0000000000e+00 1
85040 1.1978537453e-01 1.4280693421e-06 2.0000000000e+01 0.0000000000e+00 0.0000000000e+00 1
85080 1.1984249731e-01 1.4280693421e-06 2.0000000000e+01 0.0000000000e+00 0.0000000000e+00 1
85120 1.1989962008e-01 1.4280693421e-06 2.0000000000e+01 0.0000000000e+00 0.0000000000e+00 1
85160 1.1995674286e-01 1.4280693421e-06 2.0000000000e+01 0.0000000000e+00 0.0000000000e+00 1
85200 1.2001386563e-01 1.4280693421e-06 2.0000000000e+01 0.0000000000e+00 0.0000000000e+00 1
85240 1.2007098840e-01 1.4280693421e-06 2.0000000000e+01 0.0000000000e+00 0.0000000000e+00 1
85280 1.2012811118e-01 1.4280693421e-06 2.0000000000e+01 0.0000000000e+00 0.0000000000e+00 1
85320 1.2018523395e-01 1.4280693421e-06 2.0000000000e+01 0.0000000000e+00 0.0000000000e+00 1
85360 1.2024235672e-01 1.4280693421e-06 2.0000000000e+01 0.0000000000e+00 0.0000000000e+00 1
85400 1.2029947950e-01 1.4280693421e-06 2.0000000000e+01 0.0000000000e+00 0.0000000000e+00 1
85440 1.2035660227e-01 1.4280693421e-06 2.0000000000e+01 0.0000000000e+00 0.0000000000e+00 1
85480 1.2041372504e-01 1.4280693421e-06 2.0000000000e+01 0.0000000000e+00 0.0000000000e+00 1
85520 1.2047084782e-01 1.4280693421e-06 2.0000000000e+01 0.0000000000e+00 0.0000000000e+00 1
85560 1.2052797059e-01 1.4280693421e-06 2.0000000000e+01 0.0000000000e+00 0.0000000000e+00 1
85600 1.2058509337e-01 1.4280693421e-06 2.0000000000e+01 0.0000000000e+00 0.0000000000e+00 1
85640 1.2064221614e-01 1.4280693421e-06 2.0000000000e+01 0.0000000000e+00 0.0000000000e+00 1
85680 1.2069933891e-01 1.4280693421e-06 2.0000000000e+01 0.0000000000e+00 0.0000000000e+00 1
85720 1.2075646169e-01 1.4280693421e-06 2.0000000000e+01 0.0000000000e+00 0.0000000000e+00 1
85760 1.2081358446e-01 1.4280693421e-06 2.0000000000e+01 0.0000000000e+00 0.0000000000e+00 1
85800 1.2087070723e-01 1.4280693421e-06 2.0000000000e+01 0.0000000000e+00 0.0000000000e+00 1
85840 1.2092783001e-01 1.4280693421e-06 2.0000000000e+01 0.0000000000e+00 0.0000000000e+00 1
85880 1.2098495278e-01 1.4280693421e-06 2.0000000000e+01 0.0000000000e+00 0.0000000000e+00 1
85920 1.2104207556e-01 1.4280693421e-06 2.0000000000e+01 0.0000000000e+00 0.0000000000e+00 1
85960 1.2109919833e-01 1.4280693421e-06 2.0000000000e+01 0.0000000000e+00 0.0000000000e+00 1
86000 1.2115632110e-01 1.4280693421e-06 2.0000000000e+01 0.0000000000e+00 0.0000000000e+00 1
86040 1.2121344388e-01 1.4280693421e-06 2.0000000000e+01 0.0000000000e+00 0.0000000000e+00 1
86080 1.2127056665e-01 1.4280693421e-06 2.0000000000e+01 0.0000000000e+00 0.0000000000e+00 1
86120 1.2132768942e-01 1.4280693421e-06 2.0000000000e+01 0.0000000000e+00 0.0000000000e+00 1
86160 1.2138481220e-01 1.4280693421e-06 2.0000000000e+01 0.0000000000e+00 0.0000000000e+00 1
86200 1.2144193497e-01 1.4280693421e-06 2.0000000000e+01 0.0000000000e+00 0.0000000000e+00 1
86240 1.2149905774e-01 1.4280693421e-06 2.0000000000e+01 0.0000000000e+00 0.0000000000e+00 1
86280 1.2155618052e-01 1.4280693421e-06 2.0000000000e+01 0.0000000000e+00 0.0000000000e+00 1
86320 1.2161330329e-01 1.4280693421e-06 2.0000000000e+01 0.0000000000e+00 0.0000000000e+00 1
86360 1.2167042607e-01 1.4280693421e-06 2.0000000000e+01 0.0000000000e+00 0.0000000000e+00 1
86400 1.2172754884e-01 1.4280693421e-06 2.0000000000e+01 0.0000000000e+00 0.0000000000e+00 1
86440 1.2178467161e-01 1.4280693421e-06 2.0000000000e+01 0.0000000000e+00 0.0000000000e+00 1
86480 1.2184179439e-01 1.4280693421e-06 2.0000000000e+01 0.0000000000e+00 0.0000000000e+00 1
86520 1.2189891716e-01 1.4280693421e-06 2.0000000000e+01 0.0000000000e+00 0.0000000000e+00 1
86560 1.2195603993e-01 1.4280693421e-06 2.0000000000e+01 0.0000000000e+00 0.0000000000e+00 1
86600 1.2201316271e-01 1.4280693421e-06 2.0000000000e+01 0.0000000000e+00 0.0000000000e+00 1
86640 1.2207028548e-01 1.4280693421e-06 2.0000000000e+01 0.0000000000e+00 0.0000000000e+00 1
86680 1.2212740826e-01 1.4280693421e-06 2.0000000000e+01 0.0000000000e+00 0.0000000000e+00 1
86720 1.2218453103e-01 1.4280693421e-06 2.0000000000e+01 0.0000000000e+00 0.0000000000e+00 1
86760 1.2224165380e-01 1.4280693421e-06 2.0000000000e+01 0.0000000000e+00 0.0000000000e+00 1
86800 1.2229877658e-01 1.4280693421e-06 2.0000000000e+01 0.0000000000e+00 0.0000000000e+00 1
86840 1.2235589935e-01 1.4280693421e-06 2.0000000000e+01 0.0000000000e+00 0.0000000000e+00 1
86880 1.2241302212e-01 1.4280693421e-06 2.0000000000e+01 0.0000000000e+00 0.0000000000e+00 1
86920 1.2247014490e-01 1.4280693421e-06 2.0000000000e+01 0.0000000000e+00 0.0000000000e+00 1
86960 1.2252726767e-01 1.4280693421e-06 2.0000000000e+01 0.0000000000e+00 0.0000000000e+00 1
87000 1.2258439044e-01 1.4280693421e-06 2.0000000000e+01 0.0000000000e+00 0.0000000000e+00 1
87040 1.2264151322e-01 1.4280693421e-06 2.0000000000e+01 0.0000000000e+00 0.0000000000e+00 1
87080 1.2269863599e-01 1.4280693421e-06 2.0000000000e+01 0.0000000000e+00 0.0000000000e+00 1
87120 1.2275575877e-01 1.4280693421e-06 2.0000000000e+01 0.0000000000e+00 0.0000000000e+00 1
87160 1.2281288154e-01 1.4280693421e-06 2.0000000000e+01 0.0000000000e+00 0.0000000000e+00 1
87200 1.2287000431e-01 1.4280693421e-06 2.0000000000e+01 0.0000000000e+00 0.0000000000e+00 1
87240 1.2292712709e-01 1.4280693421e-06 2.0000000000e+01 0.0000000000e+00 0.0000000000e+00 1
87280 1.2298424986e-01 1.4280693421e-06 2.0000000000e+01 0.0000000000e+00 0.0000000000e+00 1
87320 1.2304137263e-01 1.4280693421e-06 2.0000000000e+01 0.0000000000e+00 0.0000000000e+00 1
87360 1.2309849541e-01 1.4280693421e-06 2.0000000000e+01 0.0000000000e+00 0.0000000000e+00 1
87400 1.2315561818e-01 1.4280693421e-06 2.0000000000e+01 0.0000000000e+00 0.0000000000e+00 1
87440 1.2321274096e-01 1.4280693421e-06 2.0000000000e+01 0.0000000000e+00 0.0000000000e+00 1
87480 1.2326986373e-01 1.4280693421e-06 2.0000000000e+01 0.0000000000e+00 0.0000000000e+00 1
87520 1.2332698650e-01 1.4280693421e-06 2.0000000000e+01 0.0000000000e+00 0.0000000000e+00 1
87560 1.2338410928e-01 1.4280693421e-06 2.0000000000e+01 0.0000000000e+00 0.0000000000e+00 1
87600 1.2344123205e-01 1.4280693421e-06 2.0000000000e+01 0.0000000000e+00 0.0000000000e+00 1
87640 1.2349835482e-01 1.4280693421e-06 2.0000000000e+01 0.0000000000e+00 0.0000000000e+00 1
87680 1.2355547760e-01 1.4280693421e-06 2.0000000000e+01 0.0000000000e+00 0.0000000000e+00 1
87720 1.2361260037e-01 1.4280693421e-06 2.0000000000e+01 0.0000000000e+00 0.0000000000e+00 1
87760 1.2366972314e-01 1.4280693421e-06 2.0000000000e+01 0.0000000000e+00 0.0000000000e+00 1
87800 1.2372684592e-01 1.4280693421e-06 2.0000000000e+01 0.0000000000e+00 0.0000000000e+00 1
87840 1.2378396869e-01 1.4280693421e-06 2.0000000000e+01 0.0000000000e+00 0.0000000000e+00 1
87880 1.2384109147e-01 1.4280693421e-06 2.0000000000e+01 0.0000000000e+00 0.0000000000e+00 1
87920 1.2389821424e-01 1.4280693421e-06 2.0000000000e+01 0.0000000000e+00 0.0000000000e+00 1
87960 1.2395533701e-01 1.4280693421e-06 2.0000000000e+01 0.0000000000e+00 0.0000000000e+00 1
88000 1.2401245979e-01 1.4280693421e-06 2.0000000000e+01 0.0000000000e+00 0.0000000000e+00 1
88040 1.2406958256e-01 1.4280693421e-06 2.0000000000e+01 0.0000000000e+00 0.0000000000e+00 1
88080 1.2412670533e-01 1.4280693421e-06 2.0000000000e+01 0.0000000000e+00 0.0000000000e+00 1
88120 1.2418382811e-01 1.4280693421e-06 2.0000000000e+01 0.0000000000e+00 0.0000000000e+00 1
88160 1.2424095088e-01 1.4280693421e-06 2.0000000000e+01 0.0000000000e+00 0.0000000000e+00 1
88200 1.2429807366e-01 1.4280693421e-06 2.0000000000e+01 0.0000000000e+00 0.0000000000e+00 1
88240 1.2435519643e-01 1.4280693421e-06 2.0000000000e+01 0.0000000000e+00 0.0000000000e+00 1
88280 1.2441231920e-01 1.4280693421e-06 2.0000000000e+01 0.0000000000e+00 0.0000000000e+00 1
88320 1.2446944198e-01 1.4280693421e-06 2.0000000000e+01 0.0000000000e+00 0.0000000000e+00 1
88360 1.2452656475e-01 1.4280693421e-06 2.0000000000e+01 0.0000000000e+00 0.0000000000e+00 1
88400 1.2458368752e-01 1.4280693421e-06 2.0000000000e+01 0.0000000000e+00 0.0000000000e+00 1
88440 1.2464081030e-01 1.4280693421e-06 2.0000000000e+01 0.0000000000e+00 0.0000000000e+00 1
88480 1.2469793307e-01 1.4280693421e-06 2.0000000000e+01 0.0000000000e+00 0.0000000000e+00 1
88520 1.2475505584e-01 1.4280693421e-06 2.0000000000e+01 0.0000000000e+00 0.0000000000e+00 1
88560 1.2481217862e-01 1.4280693421e-06 2.0000000000e+01 0.0000000000e+00 0.0000000000e+00 1
88600 1.2486930139e-01 1.4280693421e-06 2.0000000000e+01 0.0000000000e+00 0.0000000000e+00 1
88640 1.2492642417e-01 1.4280693421e-06 2.0000000000e+01 0.0000000000e+00 0.0000000000e+00 1
88680 1.2498354694e-01 1.4280693421e-06 2.0000000000e+01 0.0000000000e+00 0.0000000000e+00 1
88720 1.2504066971e-01 1.4280693421e-06 2.0000000000e+01 0.0000000000e+00 0.0000000000e+00 1
88760 1.2509779249e-01 1.4280693421e-06 2.0000000000e+01 0.0000000000e+00 0.0000000000e+00 1
88800 1.2515491526e-01 1.4280693421e-06 2.0000000000e+01 0.0000000000e+00 0.0000000000e+00 1
88840 1.2521203803e-01 1.4280693421e-06 2.0000000000e+01 0.0000000000e+00 0.0000000000e+00 1
88880 1.2526916081e-01 1.4280693421e-06 2.0000000000e+01 0.0000000000e+00 0.0000000000e+00 1
88920 1.2532628358e-01 1.4280693421e-06 2.0000000000e+01 0.0000000000e+00 0.0000000000e+00 1
88960 1.2538340636e-01 1.4280693421e-06 2.0000000000e+01 0.0000000000e+00 0.0000000000e+00 1
89000 1.2544052913e-01 1.4280693421e-06 2.0000000000e+01 0.0000000000e+00 0.0000000000e+00 1
89040 1.2549765190e-01 1.4280693421e-06 2.0000000000e+01 0.0000000000e+00 0.0000000000e+00 1
89080 1.2555477468e-01 1.4280693421e-06 2.0000000000e+01 0.0000000000e+00 0.0000000000e+00 1
89120 1.2561189745e-01 1.4280693421e-06 2.0000000000e+01 0.0000000000e+00 0.0000000000e+00 1
89160 1.2566902022e-01 1.4280693421e-06 2.0000000000e+01 0.0000000000e+00 0.0000000000e+00 1
89200 1.2572614300e-01 1.4280693421e-06 2.0000000000e+01 0.0000000000e+00 0.0000000000e+00 1
89240 1.2578326577e-01 1.4280693421e-06 2.0000000000e+01 0.0000000000e+00 0.0000000000e+00 1
89280 1.2584038854e-01 1.4280693421e-06 2.0000000000e+01 0.0000000000e+00 0.0000000000e+00 1
89320 1.2589751132e-01 1.4280693421e-06 2.0000000000e+01 0.0000000000e+00 0.0000000000e+00 1
89360 1.2595463409e-01 1.4280693421e-06 2.0000000000e+01 0.0000000000e+00 0.0000000000e+00 1
89400 1.2601175687e-01 1.4280693421e-06 2.0000000000e+01 0.0000000000e+00 0.0000000000e+00 1
89440 1.2606887964e-01 1.4280693421e-06 2.0000000000e+01 0.0000000000e+00 0.0000000000e+00 1
89480 1.2612600241e-01 1.4280693421e-06 2.0000000000e+01 0.0000000000e+00 0.0000000000e+00 1
89520 1.2618312519e-01 1.4280693421e-06 2.0000000000e+01 0.0000000000e+00 0.0000000000e+00 1
89560 1.2624024796e-01 1.4280693421e-06 2.0000000000e+01 0.0000000000e+00 0.0000000000e+00 1
89600 1.2629737073e-01 1.4280693421e-06 2.0000000000e+01 0.0000000000e+00 0.0000000000e+00 1
89640 1.2635449351e-01 1.4280693421e-06 2.0000000000e+01 0.0000000000e+00 0.0000000000e+00 1
89680 1.2641161628e-01 1.4280693421e-06 2.0000000000e+01 0.0000000000e+00 0.0000000000e+00 1
89720 1.2646873906e-01 1.4280693421e-06 2.0000000000e+01 0.0000000000e+00 0.0000000000e+00 1
89760 1.2652586183e-01 1.4280693421e-06 2.0000000000e+01 0.0000000000e+00 0.0000000000e+00 1
89800 1.2658298460e-01 1.4280693421e-06 2.0000000000e+01 0.0000000000e+00 0.0000000000e+00 1
89840 1.2664010738e-01 1.4280693421e-06 2.0000000000e+01 0.0000000000e+00 0.0000000000e+00 1
89880 1.2669723015e-01 1.4280693421e-06 2.0000000000e+01 0.0000000000e+00 0.0000000000e+00 1
89920 1.2675435292e-01 1.4280693421e-06 2.0000000000e+01 0.0000000000e+00 0.0000000000e+00 1
89960 1.2681147570e-01 1.4280693421e-06 2.0000000000e+01 0.0000000000e+00 0.0000000000e+00 1
90000 1.2686859847e-01 1.4280693421e-06 2.0000000000e+01 0.0000000000e+00 0.0000000000e+00 1
90040 1.2692572124e-01 1.4280693421e-06 2.0000000000e+01 0.0000000000e+00 0.0000000000e+00 1
90080 1.2698284402e-01 1.4280693421e-06 2.0000000000e+01 0.0000000000e+00 0.0000000000e+00 1
90120 1.2703996679e-01 1.4280693421e-06 2.0000000000e+01 0.0000000000e+00 0.0000000000e+00 1
90160 1.2709708957e-01 1.4280693421e-06 2.0000000000e+01 0.0000000000e+00 0.0000000000e+00 1
90200 1.2715421234e-01 1.4280693421e-06 2.0000000000e+01 0.0000000000e+00 0.0000000000e+00 1
90240 1.2721133511e-01 1.4280693421e-06 2.0000000000e+01 0.0000000000e+00 0.0000000000e+00 1
90280 1.2726845789e-01 1.4280693421e-06 2.0000000000e+01 0.0000000000e+00 0.0000000000e+00 1
90320 1.2732558066e-01 1.4280693421e-06 2.0000000000e+01 0.0000000000e+00 0.0000000000e+00 1
90360 1.2738270343e-01 1.4280693421e-06 2.0000000000e+01 0.0000000000e+00 0.0000000000e+00 1
90400 1.2743982621e-01 1.4280693421e-06 2.0000000000e+01 0.0000000000e+00 0.0000000000e+00 1
90440 1.2749694898e-01 1.4280693421e-06 2.0000000000e+01 0.0000000000e+00 0.0000000000e+00 1
90480 1.2755407176e-01 1.4280693421e-06 2.0000000000e+01 0.0000000000e+00 0.0000000000e+00 1
90520 1.2761119453e-01 1.4280693421e-06 2.0000000000e+01 0.0000000000e+00 0.0000000000e+00 1
90560 1.2766831730e-01 1.4280693421e-06 2.0000000000e+01 0.0000000000e+00 0.0000000000e+00 1
90600 1.2772544008e-01 1.4280693421e-06 2.0000000000e+01 0.0000000000e+00 0.0000000000e+00 1
90640 1.2778256285e-01 1.4280693421e-06 2.0000000000e+01 0.0000000000e+00 0.0000000000e+00 1
90680 1.2783968562e-01 1.4280693421e-06 2.0000000000e+01 0.0000000000e+00 0.0000000000e+00 1
90720 1.2789680840e-01 1.4280693421e-06 2.0000000000e+01 0.0000000000e+00 0.0000000000e+00 1
90760 1.2795393117e-01 1.4280693421e-06 2.0000000000e+01 0.0000000000e+00 0.0000000000e+00 1
90800 1.2801105394e-01 1.4280693421e-06 2.0000000000e+01 0.0000000000e+00 0.0000000000e+00 1
90840 1.2806817672e-01 1.4280693421e-06 2.0000000000e+01 0.0000000000e+00 0.0000000000e+00 1
90880 1.2812529949e-01 1.4280693421e-06 2.0000000000e+01 0.0000000000e+00 0.0000000000e+00 1
90920 1.2818242227e-01 1.4280693421e-06 2.0000000000e+01 0.0000000000e+00 0.0000000000e+00 1
90960 1.2823954504e-01 1.4280693421e-06 2.0000000000e+01 0.0000000000e+00 0.0000000000e+00 1
91000 1.2829666781e-01 1.4280693421e-06 2.0000000000e+01 0.0000000000e+00 0.0000000000e+00 1
91040 1.2835379059e-01 1.4280693421e-06 2.0000000000e+01 0.0000000000e+00 0.0000000000e+00 1
91080 1.2841091336e-01 1.4280693421e-06 2.0000000000e+01 0.0000000000e+00 0.0000000000e+00 1
91120 1.2846803613e-01 1.4280693421e-06 2.0000000000e+01 0.0000000000e+00 0.0000000000e+00 1
91160 1.2852515891e-01 1.4280693421e-06 2.0000000000e+01 0.0000000000e+00 0.0000000000e+00 1
91200 1.2858228168e-01 1.4280693421e-06 2.0000000000e+01 0.0000000000e+00 0.0000000000e+00 1
91240 1.2863940446e-01 1.4280693421e-06 2.0000000000e+01 0.0000000000e+00 0.0000000000e+00 1
91280 1.2869652723e-01 1.4280693421e-06 2.0000000000e+01 0.0000000000e+00 0.0000000000e+00 1
91320 1.2875365000e-01 1.4280693421e-06 2.0000000000e+01 0.0000000000e+00 0.0000000000e+00 1
91360 1.2881077278e-01 1.4280693421e-06 2.0000000000e+01 0.0000000000e+00 0.0000000000e+00 1
91400 1.2886789555e-01 1.4280693421e-06 2.0000000000e+01 0.0000000000e+00 0.0000000000e+00 1
91440 1.2892501832e-01 1.4280693421e-06 2.0000000000e+01 0.0000000000e+00 0.0000000000e+00 1
91480 1.2898214110e-01 1.4280693421e-06 2.0000000000e+01 0.0000000000e+00 0.0000000000e+00 1
91520 1.2903926387e-01 1.4280693421e-06 2.0000000000e+01 0.0000000000e+00 0.0000000000e+00 1
91560 1.2909638664e-01 1.4280693421e-06 2.0000000000e+01 0.0000000000e+00 0.0000000000e+00 1
91600 1.2915350942e-01 1.4280693421e-06 2.0000000000e+01 0.0000000000e+00 0.0000000000e+00 1
91640 1.2921063219e-01 1.4280693421e-06 2.0000000000e+01 0.0000000000e+00 0.0000000000e+00 1
91680 1.2926775497e-01 1.4280693421e-06 2.0000000000e+01 0.0000000000e+00 0.0000000000e+00 1
91720 1.2932487774e-01 1.4280693421e-06 2.0000000000e+01 0.0000000000e+00 0.0000000000e+00 1
91760 1.2938200051e-01 1.4280693421e-06 2.0000000000e+01 0.0000000000e+00 0.0000000000e+00 1
91800 1.2943912329e-01 1.4280693421e-06 2.0000000000e+01 0.0000000000e+00 0.0000000000e+00 1
91840 1.2949624606e-01 1.4280693421e-06 2.0000000000e+01 0.0000000000e+00 0.0000000000e+00 1
91880 1.2955336883e-01 1.4280693421e-06 2.0000000000e+01 0.0000000000e+00 0.0000000000e+00 1
91920 1.2961049161e-01 1.4280693421e-06 2.0000000000e+01 0.0000000000e+00 0.0000000000e+00 1
91960 1.2966761438e-01 1.4280693421e-06 2.0000000000e+01 0.0000000000e+00 0.0000000000e+00 1
92000 1.2972473716e-01 1.4280693421e-06 2.0000000000e+01 0.0000000000e+00 0.0000000000e+00 1
92040 1.2978185993e-01 1.4280693421e-06 2.0000000000e+01 0.0000000000e+00 0.0000000000e+00 1
92080 1.2983898270e-01 1.4280693421e-06 2.0000000000e+01 0.0000000000e+00 0.0000000000e+00 1
92120 1.2989610548e-01 1.4280693421e-06 2.0000000000e+01 0.0000000000e+00 0.0000000000e+00 1
92160 1.2995322825e-01 1.4280693421e-06 2.0000000000e+01 0.0000000000e+00 0.0000000000e+00 1
92200 1.3001035102e-01 1.4280693421e-06 2.0000000000e+01 0.0000000000e+00 0.0000000000e+00 1
92240 1.3006747380e-01 1.4280693421e-06 2.0000000000e+01 0.0000000000e+00 0.0000000000e+00 1
92280 1.3012459657e-01 1.4280693421e-06 2.0000000000e+01 0.0000000000e+00 0.0000000000e+00 1
92320 1.3018171934e-01 1.4280693421e-06 2.0000000000e+01 0.0000000000e+00 0.0000000000e+00 1
92360 1.3023884212e-01 1.4280693421e-06 2.0000000000e+01 0.0000000000e+00 0.0000000000e+00 1
92400 1.3029596489e-01 1.4280693421e-06 2.0000000000e+01 0.0000000000e+00 0.0000000000e+00 1
92440 1.3035308767e-01 1.4280693421e-06 2.0000000000e+01 0.0000000000e+00 0.0000000000e+00 1
92480 1.3041021044e-01 1.4280693421e-06 2.0000000000e+01 0.0000000000e+00 0.0000000000e+00 1
92520 1.3046733321e-01 1.4280693421e-06 2.0000000000e+01 0.0000000000e+00 0.0000000000e+00 1
92560 1.3052445599e-01 1.4280693421e-06 2.0000000000e+01 0.0000000000e+00 0.0000000000e+00 1
92600 1.3058157876e-01 1.4280693421e-06 2.0000000000e+01 0.0000000000e+00 0.0000000000e+00 1
92640 1.3063870153e-01 1.4280693421e-06 2.0000000000e+01 0.0000000000e+00 0.0000000000e+00 1
92680 1.3069582431e-01 1.4280693421e-06 2.0000000000e+01 0.0000000000e+00 0.0000000000e+00 1
92720 1.3075294708e-01 1.4280693421e-06 2.0000000000e+01 0.0000000000e+00 0.0000000000e+00 1
92760 1.3081006986e-01 1.4280693421e-06 2.0000000000e+01 0.0000000000e+00 0.0000000000e+00 1
92800 1.3086719263e-01 1.4280693421e-06 2.0000000000e+01 0.0000000000e+00 0.0000000000e+00 1
92840 1.3092431540e-01 1.4280693421e-06 2.0000000000e+01 0.0000000000e+00 0.0000000000e+00 1
92880 1.3098143818e-01 1.4280693421e-06 2.0000000000e+01 0.0000000000e+00 0.0000000000e+00 1
92920 1.3103856095e-01 1.4280693421e-06 2.0000000000e+01 0.0000000000e+00 0.0000000000e+00 1
92960 1.3109568372e-01 1.4280693421e-06 2.0000000000e+01 0.0000000000e+00 0.0000000000e+00 1
93000 1.3115280650e-01 1.4280693421e-06 2.0000000000e+01 0.0000000000e+00 0.0000000000e+00 1
93040 1.3120992927e-01 1.4280693421e-06 2.0000000000e+01 0.0000000000e+00 0.0000000000e+00 1
93080 1.3126705204e-01 1.4280693421e-06 2.0000000000e+01 0.0000000000e+00 0.0000000000e+00 1
93120 1.3132417482e-01 1.4280693421e-06 2.0000000000e+01 0.0000000000e+00 0.0000000000e+00 1
93160 1.3138129759e-01 1.4280693421e-06 2.0000000000e+01 0.0000000000e+00 0.0000000000e+00 1
93200 1.3143842037e-01 1.4280693421e-06 2.0000000000e+01 0.0000000000e+00 0.0000000000e+00 1
93240 1.3149554314e-01 1.428