
# Surface 0 of 1 surfaces

# Curve title: ""cylinder_wake_map.dat" using 1:2:(($4 > omega_cap) ? omega_cap : (($4 < -omega_cap) ? -omega_cap : $4))"

# Contour 0, label:      180
 0.0500894 -0.245161  180 

-0.147406 -0.202151  180 

-0.233274 -0.0903226  180 

-0.24186 -0.0645161  180 


# Contour 1, label:      150
 0.0500894 -0.243728  150 
 0.0486583 -0.245161  150 
 0.0500894 -0.246595  150 
 0.0515206 -0.245161  150 
 0.0500894 -0.243728  150 

-0.147406 -0.200717  150 
-0.148837 -0.202151  150 
-0.147406 -0.203584  150 
-0.145975 -0.202151  150 
-0.147406 -0.200717  150 

-0.233274 -0.0888889  150 
-0.234705 -0.0903226  150 
-0.233274 -0.0917563  150 
-0.231843 -0.0903226  150 
-0.233274 -0.0888889  150 

-0.24186 -0.0630824  150 
-0.243292 -0.0645161  150 
-0.24186 -0.0659498  150 
-0.240429 -0.0645161  150 
-0.24186 -0.0630824  150 


# Contour 2, label:      120
 0.0500894 -0.242294  120 
 0.0472272 -0.245161  120 
 0.0500894 -0.248029  120 
 0.0529517 -0.245161  120 
 0.0500894 -0.242294  120 

-0.147406 -0.199283  120 
-0.150268 -0.202151  120 
-0.147406 -0.205018  120 
-0.144544 -0.202151  120 
-0.147406 -0.199283  120 

-0.233274 -0.0874552  120 
-0.236136 -0.0903226  120 
-0.233274 -0.09319  120 
-0.230411 -0.0903226  120 
-0.233274 -0.0874552  120 

-0.24186 -0.0616487  120 
-0.244723 -0.0645161  120 
-0.24186 -0.0673835  120 
-0.238998 -0.0645161  120 
-0.24186 -0.0616487  120 


# Contour 3, label:       90
 0.0500894 -0.24086  90 
 0.0457961 -0.245161  90 
 0.0500894 -0.249462  90 
 0.0543828 -0.245161  90 
 0.0500894 -0.24086  90 

-0.147406 -0.197849  90 
-0.151699 -0.202151  90 
-0.147406 -0.206452  90 
-0.143113 -0.202151  90 
-0.147406 -0.197849  90 

 0.221825 -0.115011  90 
 0.220709 -0.116129  90 
 0.221825 -0.117247  90 
 0.222941 -0.116129  90 
 0.221825 -0.115011  90 

-0.233274 -0.0860215  90 
-0.237567 -0.0903226  90 
-0.233274 -0.0946237  90 
-0.22898 -0.0903226  90 
-0.233274 -0.0860215  90 

-0.24186 -0.0602151  90 
-0.246154 -0.0645161  90 
-0.24186 -0.0688172  90 
-0.237567 -0.0645161  90 
-0.24186 -0.0602151  90 


# Contour 4, label:       60
 0.0500894 -0.239427  60 
 0.0443649 -0.245161  60 
 0.0500894 -0.250896  60 
 0.055814 -0.245161  60 
 0.0500894 -0.239427  60 

-0.147406 -0.196416  60 
-0.153131 -0.202151  60 
-0.147406 -0.207885  60 
-0.141682 -0.202151  60 
-0.147406 -0.196416  60 

 0.221825 -0.112516  60 
 0.218218 -0.116129  60 
 0.221825 -0.119742  60 
 0.225431 -0.116129  60 
 0.221825 -0.112516  60 

-0.233274 -0.0845878  60 
-0.238998 -0.0903226  60 
-0.233274 -0.0960573  60 
-0.227549 -0.0903226  60 
-0.233274 -0.0845878  60 

-0.24186 -0.0587814  60 
-0.247585 -0.0645161  60 
-0.24186 -0.0702509  60 
-0.236136 -0.0645161  60 
-0.24186 -0.0587814  60 


# Contour 5, label:       30
 0.0500894 -0.237993  30 
 0.0429338 -0.245161  30 
 0.0500894 -0.25233  30 
 0.0572451 -0.245161  30 
 0.0500894 -0.237993  30 

-0.147406 -0.194982  30 
-0.154562 -0.202151  30 
-0.147406 -0.209319  30 
-0.14025 -0.202151  30 
-0.147406 -0.194982  30 

 0.221825 -0.110022  30 
 0.215728 -0.116129  30 
 0.221825 -0.122236  30 
 0.227921 -0.116129  30 
 0.221825 -0.110022  30 

-0.233274 -0.0831541  30 
-0.240429 -0.0903226  30 
-0.233274 -0.097491  30 
-0.226118 -0.0903226  30 
-0.233274 -0.0831541  30 

-0.24186 -0.0573477  30 
-0.249016 -0.0645161  30 
-0.24186 -0.0716846  30 
-0.234705 -0.0645161  30 
-0.24186 -0.0573477  30 


# Contour 6, label:        0
-0.53381 -0.735228  0 
-0.534131 -0.735484  0 
-0.541794 -0.744086  0 
-0.542397 -0.745253  0 
-0.550105 -0.752688  0 
-0.550984 -0.755149  0 
-0.557792 -0.76129  0 
-0.559117 -0.769892  0 
-0.559571 -0.771105  0 
-0.567705 -0.778495  0 
-0.568129 -0.787097  0 
-0.559571 -0.795539  0 
-0.559439 -0.795699  0 
-0.550984 -0.804071  0 
-0.549487 -0.804301  0 
-0.542397 -0.810936  0 
-0.53381 -0.812795  0 
-0.525224 -0.809235  0 
-0.524506 -0.804301  0 
-0.516637 -0.797036  0 
-0.516135 -0.795699  0 
-0.515063 -0.787097  0 
-0.50805 -0.780653  0 
-0.50721 -0.778495  0 
-0.499463 -0.770193  0 
-0.49931 -0.769892  0 
-0.498039 -0.76129  0 
-0.499095 -0.752688  0 
-0.499463 -0.752523  0 
-0.507932 -0.744086  0 
-0.50805 -0.743973  0 
-0.516637 -0.743424  0 
-0.52496 -0.735484  0 
-0.525224 -0.734902  0 
-0.53381 -0.735228  0 

-0.24186 -0.638117  0 
-0.248738 -0.64086  0 
-0.249437 -0.649462  0 
-0.250447 -0.653994  0 
-0.255771 -0.658065  0 
-0.257823 -0.666667  0 
-0.258553 -0.675269  0 
-0.250447 -0.683802  0 
-0.250332 -0.683871  0 
-0.24186 -0.692259  0 
-0.233274 -0.692393  0 
-0.224687 -0.692426  0 
-0.222759 -0.683871  0 
-0.220684 -0.675269  0 
-0.2161 -0.671415  0 
-0.214939 -0.666667  0 
-0.213945 -0.658065  0 
-0.212315 -0.649462  0 
-0.2161 -0.649351  0 
-0.224687 -0.649099  0 
-0.233064 -0.64086  0 
-0.233274 -0.64077  0 
-0.24186 -0.638117  0 

-0.19034 -0.614844  0 
-0.198775 -0.615054  0 
-0.198927 -0.615719  0 
-0.205416 -0.623656  0 
-0.206303 -0.632258  0 
-0.207217 -0.64086  0 
-0.207469 -0.649462  0 
-0.198927 -0.657786  0 
-0.19034 -0.657982  0 
-0.181753 -0.658014  0 
-0.173166 -0.658002  0 
-0.17205 -0.649462  0 
-0.17082 -0.64086  0 
-0.169733 -0.632258  0 
-0.166205 -0.623656  0 
-0.172902 -0.615054  0 
-0.173166 -0.61499  0 
-0.181753 -0.614961  0 
-0.19034 -0.614844  0 

-0.113059 -0.554689  0 
-0.12008 -0.554839  0 
-0.12045 -0.563441  0 
-0.120674 -0.572043  0 
-0.121646 -0.578708  0 
-0.126197 -0.580645  0 
-0.130233 -0.589172  0 
-0.138819 -0.589128  0 
-0.147406 -0.588885  0 
-0.155993 -0.586921  0 
-0.159364 -0.589247  0 
-0.162365 -0.597849  0 
-0.163179 -0.606452  0 
-0.164104 -0.615054  0 
-0.155993 -0.623575  0 
-0.147406 -0.623606  0 
-0.138819 -0.623618  0 
-0.138605 -0.623656  0 
-0.130233 -0.631806  0 
-0.121646 -0.631845  0 
-0.113059 -0.631801  0 
-0.104472 -0.63173  0 
-0.104354 -0.623656  0 
-0.104217 -0.615054  0 
-0.102075 -0.606452  0 
-0.0958855 -0.600734  0 
-0.0958355 -0.597849  0 
-0.094919 -0.589247  0 
-0.0944123 -0.580645  0 
-0.0938142 -0.572043  0 
-0.0923243 -0.563441  0 
-0.0958855 -0.563213  0 
-0.104472 -0.562939  0 
-0.112881 -0.554839  0 
-0.113059 -0.554689  0 

-0.396422 -0.552196  0 
-0.404817 -0.554839  0 
-0.405009 -0.555244  0 
-0.413324 -0.563441  0 
-0.413596 -0.564355  0 
-0.421666 -0.572043  0 
-0.422061 -0.580645  0 
-0.422182 -0.581717  0 
-0.430769 -0.588848  0 
-0.439077 -0.580645  0 
-0.439356 -0.580327  0 
-0.447943 -0.576945  0 
-0.45492 -0.572043  0 
-0.45653 -0.564366  0 
-0.464918 -0.572043  0 
-0.465116 -0.572398  0 
-0.473457 -0.580645  0 
-0.473703 -0.581198  0 
-0.481968 -0.589247  0 
-0.48229 -0.590488  0 
-0.490481 -0.597849  0 
-0.490877 -0.606393  0 
-0.499265 -0.597849  0 
-0.499463 -0.597603  0 
-0.50805 -0.595926  0 
-0.515622 -0.589247  0 
-0.516637 -0.587758  0 
-0.525224 -0.58095  0 
-0.533577 -0.589247  0 
-0.53381 -0.589624  0 
-0.542133 -0.597849  0 
-0.542397 -0.598349  0 
-0.550692 -0.606452  0 
-0.550984 -0.607252  0 
-0.559341 -0.615054  0 
-0.559536 -0.623656  0 
-0.550984 -0.631913  0 
-0.550809 -0.632258  0 
-0.542397 -0.640538  0 
-0.542096 -0.64086  0 
-0.53381 -0.649032  0 
-0.525224 -0.648165  0 
-0.524634 -0.64086  0 
-0.516637 -0.633684  0 
-0.51618 -0.632258  0 
-0.50805 -0.624394  0 
-0.507695 -0.623656  0 
-0.499463 -0.615552  0 
-0.499174 -0.615054  0 
-0.490877 -0.606533  0 
-0.48229 -0.614677  0 
-0.482067 -0.615054  0 
-0.473703 -0.623232  0 
-0.472867 -0.623656  0 
-0.465116 -0.631096  0 
-0.464204 -0.632258  0 
-0.465116 -0.638705  0 
-0.46782 -0.64086  0 
-0.473304 -0.649462  0 
-0.473703 -0.650352  0 
-0.481735 -0.658065  0 
-0.48229 -0.660143  0 
-0.489933 -0.666667  0 
-0.490793 -0.675269  0 
-0.48229 -0.6837  0 
-0.4822 -0.683871  0 
-0.473703 -0.692297  0 
-0.473473 -0.692473  0 
-0.465116 -0.700745  0 
-0.45653 -0.700972  0 
-0.455119 -0.692473  0 
-0.447943 -0.687034  0 
-0.447283 -0.683871  0 
-0.439356 -0.676359  0 
-0.438904 -0.675269  0 
-0.437842 -0.666667  0 
-0.430769 -0.660055  0 
-0.430107 -0.658065  0 
-0.430624 -0.649462  0 
-0.430769 -0.649333  0 
-0.439356 -0.649003  0 
-0.447678 -0.64086  0 
-0.447943 -0.640588  0 
-0.456488 -0.632258  0 
-0.456276 -0.623656  0 
-0.447943 -0.615822  0 
-0.447685 -0.615054  0 
-0.446443 -0.606452  0 
-0.439356 -0.599991  0 
-0.438809 -0.597849  0 
-0.430769 -0.589994  0 
-0.422182 -0.597039  0 
-0.413596 -0.597725  0 
-0.413506 -0.597849  0 
-0.405009 -0.606224  0 
-0.404708 -0.606452  0 
-0.404136 -0.615054  0 
-0.404672 -0.623656  0 
-0.405009 -0.624391  0 
-0.413127 -0.632258  0 
-0.413596 -0.633938  0 
-0.42133 -0.64086  0 
-0.421985 -0.649462  0 
-0.42204 -0.658065  0 
-0.413596 -0.66615  0 
-0.405009 -0.666539  0 
-0.404858 -0.666667  0 
-0.396422 -0.675054  0 
-0.387835 -0.67523  0 
-0.387361 -0.666667  0 
-0.382376 -0.658065  0 
-0.379249 -0.656119  0 
-0.378462 -0.649462  0 
-0.370662 -0.642036  0 
-0.370192 -0.64086  0 
-0.369512 -0.632258  0 
-0.370662 -0.631732  0 
-0.378882 -0.623656  0 
-0.379249 -0.623445  0 
-0.387736 -0.615054  0 
-0.387835 -0.614843  0 
-0.396282 -0.606452  0 
-0.391439 -0.597849  0 
-0.387835 -0.595874  0 
-0.387293 -0.589247  0 
-0.379249 -0.581518  0 
-0.378927 -0.580645  0 
-0.376878 -0.572043  0 
-0.379249 -0.570224  0 
-0.386601 -0.563441  0 
-0.387835 -0.56271  0 
-0.396174 -0.554839  0 
-0.396422 -0.552196  0 

-0.344902 -0.535361  0 
-0.353246 -0.537634  0 
-0.353488 -0.538796  0 
-0.361316 -0.546237  0 
-0.361927 -0.554839  0 
-0.362075 -0.555397  0 
-0.370488 -0.563441  0 
-0.370642 -0.572043  0 
-0.362075 -0.580166  0 
-0.360697 -0.580645  0 
-0.353488 -0.587024  0 
-0.344902 -0.589  0 
-0.336315 -0.583177  0 
-0.336095 -0.580645  0 
-0.335647 -0.572043  0 
-0.327728 -0.564623  0 
-0.32741 -0.563441  0 
-0.326205 -0.554839  0 
-0.327728 -0.550758  0 
-0.33326 -0.546237  0 
-0.336315 -0.544831  0 
-0.344516 -0.537634  0 
-0.344902 -0.535361  0 

-0.293381 -0.452251  0 
-0.301629 -0.460215  0 
-0.301968 -0.461914  0 
-0.310147 -0.468817  0 
-0.310555 -0.477189  0 
-0.318994 -0.468817  0 
-0.319141 -0.468642  0 
-0.327728 -0.46751  0 
-0.336315 -0.461064  0 
-0.344404 -0.468817  0 
-0.344902 -0.470906  0 
-0.352707 -0.477419  0 
-0.353488 -0.485913  0 
-0.362075 -0.48539  0 
-0.370317 -0.477419  0 
-0.370662 -0.477068  0 
-0.379249 -0.468823  0 
-0.387464 -0.477419  0 
-0.387835 -0.478235  0 
-0.396031 -0.486022  0 
-0.396422 -0.487843  0 
-0.405009 -0.494523  0 
-0.413534 -0.486022  0 
-0.413596 -0.485917  0 
-0.422182 -0.485105  0 
-0.430769 -0.478086  0 
-0.438904 -0.486022  0 
-0.439356 -0.486857  0 
-0.447499 -0.494624  0 
-0.447943 -0.495975  0 
-0.456434 -0.503226  0 
-0.45645 -0.511828  0 
-0.447943 -0.519718  0 
-0.439356 -0.520413  0 
-0.430769 -0.529014  0 
-0.422182 -0.523785  0 
-0.421318 -0.52043  0 
-0.413596 -0.512321  0 
-0.413369 -0.511828  0 
-0.410348 -0.503226  0 
-0.405009 -0.498694  0 
-0.396422 -0.503125  0 
-0.396393 -0.503226  0 
-0.387835 -0.511755  0 
-0.387735 -0.511828  0 
-0.379249 -0.520277  0 
-0.377841 -0.511828  0 
-0.370662 -0.509342  0 
-0.369541 -0.503226  0 
-0.362075 -0.49664  0 
-0.361297 -0.494624  0 
-0.353488 -0.487186  0 
-0.344902 -0.494504  0 
-0.344814 -0.494624  0 
-0.336315 -0.503058  0 
-0.327728 -0.503172  0 
-0.326611 -0.494624  0 
-0.319141 -0.488703  0 
-0.31854 -0.486022  0 
-0.310555 -0.47844  0 
-0.301968 -0.485305  0 
-0.293381 -0.485906  0 
-0.293245 -0.486022  0 
-0.284794 -0.494569  0 
-0.284535 -0.486022  0 
-0.276208 -0.478854  0 
-0.275894 -0.477419  0 
-0.275444 -0.468817  0 
-0.275873 -0.460215  0 
-0.276208 -0.45994  0 
-0.284794 -0.458671  0 
-0.293381 -0.452251  0 

-0.447943 -0.400353  0 
-0.456282 -0.408602  0 
-0.45653 -0.408947  0 
-0.464929 -0.417204  0 
-0.465116 -0.41763  0 
-0.473665 -0.425806  0 
-0.473502 -0.434409  0 
-0.465116 -0.442402  0 
-0.464855 -0.443011  0 
-0.45653 -0.451179  0 
-0.447943 -0.444927  0 
-0.447614 -0.443011  0 
-0.439356 -0.435188  0 
-0.438926 -0.434409  0 
-0.430769 -0.426474  0 
-0.422182 -0.430696  0 
-0.420589 -0.434409  0 
-0.413596 -0.439959  0 
-0.405009 -0.442823  0 
-0.396422 -0.435897  0 
-0.396039 -0.434409  0 
-0.387835 -0.426561  0 
-0.387475 -0.425806  0 
-0.387304 -0.417204  0 
-0.387835 -0.416444  0 
-0.39609 -0.408602  0 
-0.396422 -0.407034  0 
-0.405009 -0.40054  0 
-0.41326 -0.408602  0 
-0.413596 -0.40925  0 
-0.421945 -0.417204  0 
-0.422182 -0.421209  0 
-0.430769 -0.4233  0 
-0.43774 -0.417204  0 
-0.439356 -0.409832  0 
-0.442933 -0.408602  0 
-0.447943 -0.400353  0 

-0.688372 -0.391874  0 
-0.696575 -0.4  0 
-0.696959 -0.400225  0 
-0.705546 -0.40105  0 
-0.713491 -0.408602  0 
-0.714132 -0.408963  0 
-0.72267 -0.417204  0 
-0.722644 -0.425806  0 
-0.721337 -0.434409  0 
-0.714132 -0.440716  0 
-0.713979 -0.443011  0 
-0.705546 -0.451383  0 
-0.705455 -0.451613  0 
-0.705546 -0.452532  0 
-0.713328 -0.460215  0 
-0.714132 -0.460619  0 
-0.722389 -0.468817  0 
-0.722719 -0.469098  0 
-0.731306 -0.469662  0 
-0.739319 -0.477419  0 
-0.739893 -0.47788  0 
-0.748288 -0.486022  0 
-0.748479 -0.486669  0 
-0.757016 -0.494624  0 
-0.748479 -0.502908  0 
-0.748416 -0.503226  0 
-0.746195 -0.511828  0 
-0.739893 -0.517255  0 
-0.739733 -0.52043  0 
-0.731306 -0.528809  0 
-0.722719 -0.521918  0 
-0.721565 -0.52043  0 
-0.714132 -0.514018  0 
-0.705546 -0.5123  0 
-0.705098 -0.511828  0 
-0.696959 -0.503827  0 
-0.69616 -0.503226  0 
-0.688372 -0.495593  0 
-0.684806 -0.494624  0 
-0.687588 -0.486022  0 
-0.688294 -0.477419  0 
-0.688372 -0.477207  0 
-0.696849 -0.468817  0 
-0.696959 -0.467815  0 
-0.705425 -0.460215  0 
-0.696959 -0.452798  0 
-0.696795 -0.451613  0 
-0.688372 -0.443473  0 
-0.687636 -0.443011  0 
-0.679785 -0.43551  0 
-0.671199 -0.434668  0 
-0.670872 -0.434409  0 
-0.662612 -0.426208  0 
-0.661384 -0.425806  0 
-0.662432 -0.417204  0 
-0.662612 -0.414788  0 
-0.669628 -0.408602  0 
-0.671103 -0.4  0 
-0.671199 -0.39893  0 
-0.679785 -0.391575  0 
-0.688372 -0.391874  0 

-0.542397 -0.348608  0 
-0.550824 -0.356989  0 
-0.550984 -0.35715  0 
-0.559571 -0.35754  0 
-0.567984 -0.365591  0 
-0.568099 -0.374194  0 
-0.567916 -0.382796  0 
-0.559571 -0.390894  0 
-0.559417 -0.391398  0 
-0.550984 -0.399759  0 
-0.542397 -0.391772  0 
-0.54218 -0.391398  0 
-0.53381 -0.383206  0 
-0.533055 -0.382796  0 
-0.525224 -0.375225  0 
-0.52126 -0.374194  0 
-0.525053 -0.365591  0 
-0.525224 -0.365056  0 
-0.533591 -0.356989  0 
-0.53381 -0.352152  0 
-0.542397 -0.348608  0 

-0.662612 -0.331558  0 
-0.670905 -0.339785  0 
-0.671199 -0.339936  0 
-0.679785 -0.34025  0 
-0.688167 -0.348387  0 
-0.688372 -0.348679  0 
-0.696901 -0.356989  0 
-0.688372 -0.365095  0 
-0.688292 -0.365591  0 
-0.688173 -0.374194  0 
-0.679785 -0.382469  0 
-0.679682 -0.382796  0 
-0.671199 -0.383651  0 
-0.668361 -0.382796  0 
-0.662612 -0.379092  0 
-0.654025 -0.374432  0 
-0.65351 -0.374194  0 
-0.645438 -0.366267  0 
-0.636852 -0.365767  0 
-0.628265 -0.366188  0 
-0.628103 -0.374194  0 
-0.619678 -0.382426  0 
-0.619571 -0.382796  0 
-0.619215 -0.391398  0 
-0.619324 -0.4  0 
-0.619678 -0.400241  0 
-0.628265 -0.402269  0 
-0.635125 -0.408602  0 
-0.636852 -0.409047  0 
-0.645213 -0.417204  0 
-0.645438 -0.417586  0 
-0.65401 -0.425806  0 
-0.653571 -0.434409  0 
-0.645438 -0.441915  0 
-0.645285 -0.443011  0 
-0.636852 -0.45136  0 
-0.63675 -0.451613  0 
-0.63634 -0.460215  0 
-0.636852 -0.4606  0 
-0.645128 -0.468817  0 
-0.645438 -0.469123  0 
-0.654025 -0.469878  0 
-0.661891 -0.477419  0 
-0.662612 -0.47804  0 
-0.670939 -0.486022  0 
-0.671199 -0.48697  0 
-0.679776 -0.494624  0 
-0.671199 -0.502859  0 
-0.67113 -0.503226  0 
-0.662612 -0.51169  0 
-0.662552 -0.511828  0 
-0.66172 -0.52043  0 
-0.654025 -0.527817  0 
-0.645438 -0.522417  0 
-0.64504 -0.52043  0 
-0.636852 -0.512804  0 
-0.63601 -0.511828  0 
-0.628265 -0.504484  0 
-0.626272 -0.503226  0 
-0.619678 -0.497099  0 
-0.611091 -0.49509  0 
-0.610636 -0.494624  0 
-0.610997 -0.486022  0 
-0.611091 -0.485828  0 
-0.619556 -0.477419  0 
-0.619678 -0.477008  0 
-0.628081 -0.468817  0 
-0.628238 -0.460215  0 
-0.627701 -0.451613  0 
-0.619678 -0.444598  0 
-0.611091 -0.443313  0 
-0.610824 -0.443011  0 
-0.602504 -0.434785  0 
-0.602012 -0.434409  0 
-0.593918 -0.426419  0 
-0.585331 -0.431244  0 
-0.585258 -0.434409  0 
-0.576744 -0.442811  0 
-0.576667 -0.443011  0 
-0.576349 -0.451613  0 
-0.568157 -0.459889  0 
-0.559571 -0.452465  0 
-0.559371 -0.451613  0 
-0.550984 -0.443485  0 
-0.550608 -0.443011  0 
-0.542397 -0.434976  0 
-0.541696 -0.434409  0 
-0.53381 -0.426709  0 
-0.525224 -0.431248  0 
-0.525153 -0.434409  0 
-0.516637 -0.442813  0 
-0.516551 -0.443011  0 
-0.515684 -0.451613  0 
-0.515883 -0.460215  0 
-0.516637 -0.461015  0 
-0.524674 -0.468817  0 
-0.525224 -0.469558  0 
-0.533438 -0.477419  0 
-0.53381 -0.478409  0 
-0.542397 -0.485875  0 
-0.550888 -0.477419  0 
-0.550984 -0.477218  0 
-0.559471 -0.468817  0 
-0.559571 -0.468368  0 
-0.568157 -0.460392  0 
-0.576744 -0.461613  0 
-0.584262 -0.468817  0 
-0.585331 -0.469629  0 
-0.593411 -0.477419  0 
-0.593918 -0.478104  0 
-0.602297 -0.486022  0 
-0.602473 -0.494624  0 
-0.601771 -0.503226  0 
-0.593918 -0.510426  0 
-0.593678 -0.511828  0 
-0.585331 -0.520067  0 
-0.576744 -0.517998  0 
-0.568157 -0.512199  0 
-0.567988 -0.511828  0 
-0.559571 -0.503863  0 
-0.559117 -0.503226  0 
-0.550984 -0.495263  0 
-0.550452 -0.494624  0 
-0.542397 -0.486699  0 
-0.53381 -0.494422  0 
-0.533766 -0.494624  0 
-0.525224 -0.503127  0 
-0.52517 -0.503226  0 
-0.516637 -0.511745  0 
-0.50805 -0.505174  0 
-0.507315 -0.503226  0 
-0.499463 -0.495992  0 
-0.498604 -0.494624  0 
-0.490877 -0.487253  0 
-0.489976 -0.486022  0 
-0.49062 -0.477419  0 
-0.490877 -0.476969  0 
-0.499218 -0.468817  0 
-0.499463 -0.468013  0 
-0.507937 -0.460215  0 
-0.507972 -0.451613  0 
-0.499463 -0.444705  0 
-0.498125 -0.443011  0 
-0.490877 -0.436654  0 
-0.48229 -0.434524  0 
-0.482204 -0.434409  0 
-0.481744 -0.425806  0 
-0.48229 -0.42364  0 
-0.489551 -0.417204  0 
-0.490788 -0.408602  0 
-0.490877 -0.407833  0 
-0.499463 -0.400405  0 
-0.507751 -0.408602  0 
-0.50805 -0.408931  0 
-0.516438 -0.417204  0 
-0.516637 -0.417533  0 
-0.525224 -0.422054  0 
-0.53381 -0.425467  0 
-0.542195 -0.417204  0 
-0.542397 -0.416298  0 
-0.550654 -0.408602  0 
-0.550984 -0.400202  0 
-0.559571 -0.400727  0 
-0.56761 -0.408602  0 
-0.568157 -0.408991  0 
-0.576511 -0.417204  0 
-0.576744 -0.417536  0 
-0.585331 -0.42176  0 
-0.593918 -0.42511  0 
-0.602063 -0.417204  0 
-0.602418 -0.408602  0 
-0.602504 -0.408241  0 
-0.611029 -0.4  0 
-0.602504 -0.391435  0 
-0.602491 -0.391398  0 
-0.593918 -0.383054  0 
-0.593604 -0.382796  0 
-0.585331 -0.374646  0 
-0.576744 -0.374356  0 
-0.576556 -0.374194  0 
-0.576576 -0.365591  0 
-0.576744 -0.364985  0 
-0.584991 -0.356989  0 
-0.585233 -0.348387  0 
-0.585331 -0.347001  0 
-0.593918 -0.339959  0 
-0.602504 -0.341437  0 
-0.609805 -0.348387  0 
-0.611091 -0.348637  0 
-0.619539 -0.356989  0 
-0.619678 -0.357181  0 
-0.628265 -0.364367  0 
-0.636691 -0.356989  0 
-0.636852 -0.356015  0 
-0.64487 -0.348387  0 
-0.645327 -0.339785  0 
-0.645438 -0.337729  0 
-0.654025 -0.331317  0 
-0.662612 -0.331558  0 

-0.525224 -0.297034  0 
-0.533616 -0.305376  0 
-0.53381 -0.305494  0 
-0.542397 -0.306175  0 
-0.550748 -0.313978  0 
-0.550896 -0.322581  0 
-0.550654 -0.331183  0 
-0.542397 -0.339088  0 
-0.542197 -0.339785  0 
-0.53381 -0.342431  0 
-0.525224 -0.339962  0 
-0.525105 -0.339785  0 
-0.516637 -0.331394  0 
-0.516185 -0.331183  0 
-0.50805 -0.323179  0 
-0.507533 -0.322581  0 
-0.50805 -0.321027  0 
-0.515796 -0.313978  0 
-0.51636 -0.305376  0 
-0.516637 -0.297076  0 
-0.525224 -0.297034  0 

-0.748479 -0.280196  0 
-0.756557 -0.288172  0 
-0.757066 -0.288276  0 
-0.765653 -0.288394  0 
-0.774142 -0.296774  0 
-0.77424 -0.296908  0 
-0.782723 -0.305376  0 
-0.782083 -0.313978  0 
-0.77424 -0.321177  0 
-0.774125 -0.322581  0 
-0.773938 -0.331183  0 
-0.765653 -0.339349  0 
-0.757066 -0.331575  0 
-0.748479 -0.331326  0 
-0.748183 -0.331183  0 
-0.739893 -0.323008  0 
-0.731306 -0.322723  0 
-0.730564 -0.322581  0 
-0.722719 -0.314827  0 
-0.714132 -0.314136  0 
-0.714018 -0.313978  0 
-0.714132 -0.31349  0 
-0.7224 -0.305376  0 
-0.722594 -0.296774  0 
-0.722719 -0.294992  0 
-0.730591 -0.288172  0 
-0.731306 -0.27965  0 
-0.739893 -0.279706  0 
-0.748479 -0.280196  0 

-0.0357782 -0.245161  0 
-0.0441605 -0.253763  0 
-0.0443649 -0.26122  0 
-0.0529517 -0.258836  0 
-0.0599091 -0.262366  0 
-0.0612202 -0.270968  0 
-0.0614351 -0.27957  0 
-0.0615385 -0.285911  0 
-0.0701252 -0.284102  0 
-0.0781116 -0.288172  0 
-0.078712 -0.291567  0 
-0.0861408 -0.296774  0 
-0.0871591 -0.305376  0 
-0.0872987 -0.312704  0 
-0.0958855 -0.310738  0 
-0.103677 -0.313978  0 
-0.104472 -0.32224  0 
-0.105309 -0.322581  0 
-0.112484 -0.331183  0 
-0.112641 -0.339785  0 
-0.11278 -0.348387  0 
-0.113059 -0.350153  0 
-0.120662 -0.356989  0 
-0.121098 -0.365591  0 
-0.121191 -0.374194  0 
-0.121646 -0.377339  0 
-0.129358 -0.382796  0 
-0.129664 -0.391398  0 
-0.129956 -0.4  0 
-0.130233 -0.402575  0 
-0.137771 -0.408602  0 
-0.138513 -0.417204  0 
-0.138406 -0.425806  0 
-0.138819 -0.429718  0 
-0.146981 -0.434409  0 
-0.146842 -0.443011  0 
-0.147051 -0.451613  0 
-0.147406 -0.45937  0 
-0.154945 -0.460215  0 
-0.155519 -0.468817  0 
-0.155728 -0.477419  0 
-0.147406 -0.485935  0 
-0.14724 -0.486022  0 
-0.138819 -0.494348  0 
-0.130233 -0.494611  0 
-0.129911 -0.486022  0 
-0.129709 -0.477419  0 
-0.12944 -0.468817  0 
-0.128584 -0.460215  0 
-0.121646 -0.456325  0 
-0.121125 -0.451613  0 
-0.121429 -0.443011  0 
-0.120612 -0.434409  0 
-0.117812 -0.425806  0 
-0.113059 -0.424844  0 
-0.112501 -0.417204  0 
-0.112247 -0.408602  0 
-0.111805 -0.4  0 
-0.104472 -0.392899  0 
-0.104287 -0.391398  0 
-0.103874 -0.382796  0 
-0.103794 -0.374194  0 
-0.10313 -0.365591  0 
-0.0958855 -0.360196  0 
-0.0955171 -0.356989  0 
-0.0954676 -0.348387  0 
-0.0952301 -0.339785  0 
-0.0930233 -0.331183  0 
-0.0872987 -0.327083  0 
-0.078712 -0.329245  0 
-0.0701252 -0.326756  0 
-0.0700213 -0.322581  0 
-0.0698693 -0.313978  0 
-0.0694154 -0.305376  0 
-0.0615385 -0.298972  0 
-0.0529517 -0.300659  0 
-0.0528523 -0.296774  0 
-0.0523079 -0.288172  0 
-0.0443649 -0.281758  0 
-0.04393 -0.27957  0 
-0.0357782 -0.273457  0 
-0.0356239 -0.270968  0 
-0.0328165 -0.262366  0 
-0.0271914 -0.259477  0 
-0.0265491 -0.253763  0 
-0.0271914 -0.245161  0 
-0.0357782 -0.245161  0 

-0.490877 -0.245405  0 
-0.49937 -0.253763  0 
-0.499463 -0.2541  0 
-0.508035 -0.262366  0 
-0.499463 -0.270877  0 
-0.499452 -0.270968  0 
-0.499406 -0.27957  0 
-0.490877 -0.281984  0 
-0.490763 -0.27957  0 
-0.48229 -0.272136  0 
-0.473703 -0.271186  0 
-0.473391 -0.270968  0 
-0.473072 -0.262366  0 
-0.473589 -0.253763  0 
-0.473703 -0.25227  0 
-0.48229 -0.245278  0 
-0.490877 -0.245405  0 

-0.19034 -0.15914  0 
-0.198927 -0.167742  0 
-0.198863 -0.176344  0 
-0.198484 -0.184946  0 
-0.19034 -0.186192  0 
-0.190174 -0.184946  0 
-0.181753 -0.184946  0 
-0.173166 -0.176344  0 
-0.181753 -0.167742  0 
-0.19034 -0.15914  0 

-0.748479 -0.15347  0 
-0.755598 -0.15914  0 
-0.757066 -0.159171  0 
-0.765418 -0.167742  0 
-0.765019 -0.176344  0 
-0.757066 -0.18376  0 
-0.756928 -0.184946  0 
-0.75688 -0.193548  0 
-0.748479 -0.193774  0 
-0.739893 -0.193619  0 
-0.731306 -0.193592  0 
-0.722719 -0.193581  0 
-0.722629 -0.193548  0 
-0.714132 -0.185049  0 
-0.705546 -0.184998  0 
-0.705091 -0.184946  0 
-0.705204 -0.176344  0 
-0.705546 -0.174099  0 
-0.712788 -0.167742  0 
-0.713543 -0.15914  0 
-0.714132 -0.150557  0 
-0.722719 -0.150562  0 
-0.731306 -0.150573  0 
-0.739893 -0.150606  0 
-0.748479 -0.15347  0 

-0.207513 -0.150538  0 
-0.2161 -0.150538  0 
-0.216097 -0.15914  0 
-0.210462 -0.167742  0 
-0.2161 -0.168171  0 
-0.223783 -0.176344  0 
-0.224687 -0.176736  0 
-0.232988 -0.184946  0 
-0.233274 -0.185312  0 
-0.24172 -0.193548  0 
-0.24186 -0.19394  0 
-0.250389 -0.202151  0 
-0.250141 -0.210753  0 
-0.243085 -0.219355  0 
-0.250447 -0.219844  0 
-0.258611 -0.227957  0 
-0.259034 -0.228466  0 
-0.267376 -0.236559  0 
-0.267621 -0.237085  0 
-0.276022 -0.245161  0 
-0.276208 -0.245718  0 
-0.284639 -0.253763  0 
-0.284794 -0.254275  0 
-0.293274 -0.262366  0 
-0.293381 -0.262741  0 
-0.301917 -0.270968  0 
-0.301968 -0.271239  0 
-0.310494 -0.27957  0 
-0.310555 -0.280168  0 
-0.319141 -0.281423  0 
-0.327303 -0.288172  0 
-0.327728 -0.291096  0 
-0.335943 -0.296774  0 
-0.336315 -0.297576  0 
-0.344897 -0.305376  0 
-0.344902 -0.305617  0 
-0.353386 -0.313978  0 
-0.353488 -0.314399  0 
-0.362075 -0.319748  0 
-0.369109 -0.313978  0 
-0.370662 -0.308332  0 
-0.379249 -0.305582  0 
-0.387749 -0.313978  0 
-0.387835 -0.314384  0 
-0.396381 -0.322581  0 
-0.387835 -0.330679  0 
-0.387703 -0.331183  0 
-0.379249 -0.339525  0 
-0.370662 -0.331675  0 
-0.370513 -0.331183  0 
-0.362075 -0.322897  0 
-0.353488 -0.328773  0 
-0.352924 -0.331183  0 
-0.344902 -0.338584  0 
-0.336315 -0.331868  0 
-0.336156 -0.331183  0 
-0.327728 -0.322936  0 
-0.327722 -0.322581  0 
-0.319141 -0.314707  0 
-0.318906 -0.313978  0 
-0.310555 -0.307679  0 
-0.310407 -0.305376  0 
-0.301968 -0.297381  0 
-0.301876 -0.296774  0 
-0.293381 -0.289119  0 
-0.293132 -0.288172  0 
-0.284794 -0.280883  0 
-0.284582 -0.27957  0 
-0.276208 -0.271775  0 
-0.276025 -0.270968  0 
-0.267621 -0.263017  0 
-0.26743 -0.262366  0 
-0.259034 -0.254414  0 
-0.258792 -0.253763  0 
-0.250447 -0.245789  0 
-0.250127 -0.245161  0 
-0.24186 -0.237052  0 
-0.241368 -0.236559  0 
-0.233879 -0.227957  0 
-0.241852 -0.219355  0 
-0.241223 -0.210753  0 
-0.233274 -0.20486  0 
-0.224687 -0.202472  0 
-0.224537 -0.202151  0 
-0.2161 -0.193816  0 
-0.215863 -0.193548  0 
-0.207513 -0.185139  0 
-0.205924 -0.184946  0 
-0.204865 -0.176344  0 
-0.207488 -0.167742  0 
-0.198927 -0.167742  0 
-0.19034 -0.15914  0 
-0.198927 -0.150538  0 
-0.207513 -0.150538  0 

-0.224687 -0.107527  0 
-0.233274 -0.116129  0 
-0.224687 -0.124731  0 
-0.2161 -0.116129  0 
-0.224687 -0.107527  0 

-0.24186 -0.0731183  0 
-0.250447 -0.0731183  0 
-0.250447 -0.0817204  0 
-0.250447 -0.0903226  0 
-0.24186 -0.0989247  0 
-0.24186 -0.0903226  0 
-0.233274 -0.0817204  0 
-0.233274 -0.0731183  0 
-0.24186 -0.0731183  0 

-0.267621 -0.0646376  0 
-0.276011 -0.0731183  0 
-0.276208 -0.073166  0 
-0.284794 -0.0731787  0 
-0.293381 -0.0732147  0 
-0.301968 -0.0733941  0 
-0.310498 -0.0817204  0 
-0.310555 -0.0818328  0 
-0.316127 -0.0903226  0 
-0.310555 -0.0972341  0 
-0.301968 -0.0908462  0 
-0.293381 -0.0904411  0 
-0.284794 -0.0903968  0 
-0.284497 -0.0903226  0 
-0.276208 -0.0821667  0 
-0.267621 -0.0818085  0 
-0.259034 -0.0817579  0 
-0.259034 -0.0817204  0 
-0.259034 -0.0731183  0 
-0.267621 -0.0646376  0 

-0.45653 -0.064634  0 
-0.465027 -0.0731183  0 
-0.465116 -0.0731369  0 
-0.473703 -0.0731615  0 
-0.48186 -0.0817204  0 
-0.473703 -0.0888128  0 
-0.473609 -0.0903226  0 
-0.465116 -0.0931456  0 
-0.45653 -0.0904051  0 
-0.447943 -0.0903411  0 
-0.447249 -0.0903226  0 
-0.447943 -0.08519  0 
-0.450606 -0.0817204  0 
-0.454198 -0.0731183  0 
-0.45653 -0.064634  0 

-0.559571 -0.055932  0 
-0.567758 -0.0645161  0 
-0.567428 -0.0731183  0 
-0.564636 -0.0817204  0 
-0.568157 -0.0820959  0 
-0.576431 -0.0903226  0 
-0.576744 -0.0903456  0 
-0.585331 -0.0903527  0 
-0.593823 -0.0989247  0 
-0.593781 -0.107527  0 
-0.593718 -0.116129  0 
-0.585331 -0.117282  0 
-0.576744 -0.116236  0 
-0.568157 -0.116186  0 
-0.559571 -0.116169  0 
-0.559201 -0.116129  0 
-0.559335 -0.107527  0 
-0.559398 -0.0989247  0 
-0.559479 -0.0903226  0 
-0.550984 -0.0817636  0 
-0.542397 -0.081749  0 
-0.53381 -0.0817424  0 
-0.53227 -0.0817204  0 
-0.532672 -0.0731183  0 
-0.532908 -0.0645161  0 
-0.53381 -0.0559236  0 
-0.542397 -0.0559248  0 
-0.550984 -0.0559265  0 
-0.559571 -0.055932  0 

-0.319141  0.0301289  0 
-0.326758  0.0301075  0 
-0.327028  0.0215054  0 
-0.327728  0.0129114  0 
-0.336315  0.012913  0 
-0.344902  0.0129138  0 
-0.353488  0.0129148  0 
-0.362075  0.0129176  0 
-0.370662  0.0129193  0 
-0.379249  0.012922  0 
-0.387835  0.0129352  0 
-0.396422  0.0129428  0 
-0.405009  0.0129963  0 
-0.413533  0.0215054  0 
-0.413596  0.0215108  0 
-0.422182  0.0215101  0 
-0.430769  0.0215106  0 
-0.439252  0.0215054  0 
-0.439255  0.0129032  0 
-0.439257  0.00430108  0 
-0.439356 -8.27265e-07  0 
-0.447943 -8.20674e-07  0 
-0.45653 -7.75931e-07  0 
-0.465116 -3.66863e-07  0 
-0.473703 -3.64556e-07  0 
-0.482082 -0.00430108  0 
-0.48208 -0.0129032  0 
-0.482074 -0.0215054  0 
-0.48229 -0.0215141  0 
-0.490877 -0.0215151  0 
-0.499463 -0.0215165  0 
-0.508041 -0.0301075  0 
-0.508039 -0.0387097  0 
-0.508038 -0.0473118  0 
-0.499463 -0.0473429  0 
-0.490877 -0.0473344  0 
-0.48229 -0.0473304  0 
-0.482079 -0.0473118  0 
-0.4821 -0.0387097  0 
-0.482122 -0.0301075  0 
-0.473703 -0.0215121  0 
-0.465116 -0.0215114  0 
-0.45653 -0.021516  0 
-0.447943 -0.0215147  0 
-0.439356 -0.0215141  0 
-0.439253 -0.0215054  0 
-0.439255 -0.0129032  0 
-0.439257 -0.00430108  0 
-0.430769 -4.52151e-07  0 
-0.422182 -4.54555e-07  0 
-0.413596 -6.03163e-07  0 
-0.405009 -6.06057e-07  0 
-0.396422 -7.05483e-07  0 
-0.387835 -7.50277e-07  0 
-0.379249 -8.07269e-07  0 
-0.370662 -9.00002e-07  0 
-0.362075 -9.49423e-07  0 
-0.353488 -1.04394e-06  0 
-0.344902 -1.18507e-06  0 
-0.336315 -1.41438e-06  0 
-0.327728 -3.08473e-06  0 
-0.327146  0.00430108  0 
-0.327093  0.0129032  0 
-0.319141  0.0129123  0 
-0.310555  0.0129116  0 
-0.301968  0.0129116  0 
-0.293381  0.0129114  0 
-0.284794  0.0135944  0 
-0.284794  0.0215054  0 
-0.284794  0.0218187  0 
-0.293111  0.0301075  0 
-0.293381  0.0301229  0 
-0.301968  0.030125  0 
-0.310555  0.030125  0 
-0.319141  0.0301289  0 

-0.319141  0.0473984  0 
-0.3254  0.0473118  0 
-0.326469  0.0387097  0 
-0.327728  0.0301234  0 
-0.336315  0.0301308  0 
-0.344902  0.0301376  0 
-0.353488  0.0301507  0 
-0.362075  0.0301998  0 
-0.370616  0.0387097  0 
-0.379249  0.0387232  0 
-0.387835  0.038723  0 
-0.396422  0.0387263  0 
-0.405009  0.0387258  0 
-0.413596  0.0387315  0 
-0.422182  0.0387311  0 
-0.430769  0.0387425  0 
-0.439287  0.0387097  0 
-0.439294  0.0301075  0 
-0.439356  0.0215141  0 
-0.447943  0.0215147  0 
-0.45653  0.021516  0 
-0.465116  0.0215114  0 
-0.473703  0.0215121  0 
-0.482074  0.0215054  0 
-0.48208  0.0129032  0 
-0.482082  0.00430108  0 
-0.48229 -5.41715e-07  0 
-0.490877 -5.41261e-07  0 
-0.499463 -5.39769e-07  0 
-0.508004 -0.00430108  0 
-0.508003 -0.0129032  0 
-0.508002 -0.0215054  0 
-0.50805 -0.0215626  0 
-0.516637 -0.0215694  0 
-0.525224 -0.0215754  0 
-0.53381 -0.0215424  0 
-0.542397 -0.0215213  0 
-0.550984 -0.0215273  0 
-0.559571 -0.0215413  0 
-0.568037 -0.0301075  0 
-0.567864 -0.0387097  0 
-0.567818 -0.0473118  0 
-0.567748 -0.055914  0 
-0.568157 -0.0559325  0 
-0.576744 -0.0559366  0 
-0.585331 -0.0559438  0 
-0.593918 -0.0559656  0 
-0.602338 -0.0645161  0 
-0.602098 -0.0731183  0 
-0.601345 -0.0817204  0 
-0.593918 -0.0883487  0 
-0.593805 -0.0903226  0 
-0.593918 -0.0903585  0 
-0.602504 -0.0903713  0 
-0.611091 -0.0904012  0 
-0.619678 -0.0905423  0 
-0.628214 -0.0989247  0 
-0.628265 -0.0989981  0 
-0.636346 -0.107527  0 
-0.628265 -0.114754  0 
-0.6282 -0.116129  0 
-0.628183 -0.124731  0 
-0.619678 -0.124941  0 
-0.611091 -0.124815  0 
-0.602504 -0.124786  0 
-0.593918 -0.124773  0 
-0.585331 -0.128  0 
-0.585259 -0.133333  0 
-0.585232 -0.141935  0 
-0.585185 -0.150538  0 
-0.585331 -0.150703  0 
-0.593777 -0.15914  0 
-0.593918 -0.159197  0 
-0.602504 -0.159218  0 
-0.611091 -0.159287  0 
-0.619674 -0.167742  0 
-0.619658 -0.176344  0 
-0.611091 -0.184897  0 
-0.611084 -0.184946  0 
-0.611081 -0.193548  0 
-0.602504 -0.193771  0 
-0.601951 -0.193548  0 
-0.593918 -0.186197  0 
-0.585331 -0.185163  0 
-0.576744 -0.18507  0 
-0.568157 -0.190673  0 
-0.568123 -0.193548  0 
-0.568102 -0.202151  0 
-0.568032 -0.210753  0 
-0.559571 -0.219099  0 
-0.550984 -0.210869  0 
-0.550845 -0.210753  0 
-0.542397 -0.20239  0 
-0.53381 -0.202261  0 
-0.525224 -0.207971  0 
-0.525164 -0.210753  0 
-0.525116 -0.219355  0 
-0.524818 -0.227957  0 
-0.525224 -0.228302  0 
-0.533568 -0.236559  0 
-0.53381 -0.236725  0 
-0.542397 -0.236955  0 
-0.550984 -0.245161  0 
-0.559571 -0.245162  0 
-0.568157 -0.245163  0 
-0.57171 -0.245161  0 
-0.576744 -0.236875  0 
-0.577111 -0.236559  0 
-0.585331 -0.22941  0 
-0.593918 -0.228527  0 
-0.602504 -0.228003  0 
-0.611091 -0.228072  0 
-0.619597 -0.236559  0 
-0.619678 -0.2366  0 
-0.628265 -0.236644  0 
-0.63681 -0.245161  0 
-0.636481 -0.253763  0 
-0.628265 -0.261474  0 
-0.628089 -0.262366  0 
-0.627949 -0.270968  0 
-0.619678 -0.272044  0 
-0.611091 -0.271049  0 
-0.610998 -0.270968  0 
-0.602504 -0.262524  0 
-0.593918 -0.262435  0 
-0.593737 -0.262366  0 
-0.585331 -0.253973  0 
-0.585165 -0.262366  0 
-0.583435 -0.270968  0 
-0.576744 -0.276023  0 
-0.576329 -0.27957  0 
-0.574879 -0.288172  0 
-0.576744 -0.288368  0 
-0.585181 -0.296774  0 
-0.585331 -0.296872  0 
-0.593918 -0.297022  0 
-0.602422 -0.305376  0 
-0.602504 -0.305876  0 
-0.610676 -0.313978  0 
-0.602504 -0.320392  0 
-0.602328 -0.322581  0 
-0.599412 -0.331183  0 
-0.593918 -0.335611  0 
-0.585331 -0.331984  0 
-0.576744 -0.331341  0 
-0.576581 -0.331183  0 
-0.568157 -0.322839  0 
-0.559571 -0.32269  0 
-0.55943 -0.322581  0 
-0.559238 -0.313978  0 
-0.559571 -0.311049  0 
-0.5664 -0.305376  0 
-0.567953 -0.296774  0 
-0.568146 -0.288172  0 
-0.559571 -0.279721  0 
-0.550984 -0.27963  0 
-0.550904 -0.27957  0 
-0.542397 -0.271078  0 
-0.53381 -0.271645  0 
-0.53357 -0.270968  0 
-0.525224 -0.263832  0 
-0.516637 -0.263042  0 
-0.515691 -0.262366  0 
-0.50805 -0.254996  0 
-0.507988 -0.253763  0 
-0.50805 -0.253435  0 
-0.516477 -0.245161  0 
-0.516592 -0.236559  0 
-0.516595 -0.227957  0 
-0.50805 -0.219739  0 
-0.499463 -0.219475  0 
-0.49896 -0.219355  0 
-0.49819 -0.210753  0 
-0.49925 -0.202151  0 
-0.499402 -0.193548  0 
-0.490877 -0.185041  0 
-0.48229 -0.185  0 
-0.482208 -0.184946  0 
-0.473703 -0.176379  0 
-0.472948 -0.176344  0 
-0.473703 -0.173128  0 
-0.478623 -0.167742  0 
-0.480832 -0.15914  0 
-0.48229 -0.150817  0 
-0.490797 -0.15914  0 
-0.490877 -0.15918  0 
-0.499463 -0.159203  0 
-0.507957 -0.167742  0 
-0.507835 -0.176344  0 
-0.507566 -0.184946  0 
-0.507871 -0.193548  0 
-0.50805 -0.193622  0 
-0.516637 -0.193684  0 
-0.525224 -0.194835  0 
-0.533699 -0.193548  0 
-0.53381 -0.192145  0 
-0.541836 -0.184946  0 
-0.542393 -0.176344  0 
-0.53381 -0.167923  0 
-0.525224 -0.167814  0 
-0.516637 -0.16779  0 
-0.516539 -0.167742  0 
-0.516088 -0.15914  0 
-0.516358 -0.150538  0 
-0.51649 -0.141935  0 
-0.50805 -0.133376  0 
-0.499463 -0.133362  0 
-0.499388 -0.133333  0 
-0.490877 -0.124995  0 
-0.48229 -0.124886  0 
-0.473703 -0.124829  0 
-0.465116 -0.125413  0 
-0.465087 -0.133333  0 
-0.465067 -0.141935  0 
-0.45653 -0.142312  0 
-0.447943 -0.142011  0 
-0.439356 -0.141983  0 
-0.43872 -0.150538  0 
-0.430769 -0.157367  0 
-0.430439 -0.15914  0 
-0.430769 -0.159297  0 
-0.439253 -0.167742  0 
-0.439356 -0.167817  0 
-0.447943 -0.168308  0 
-0.45653 -0.167808  0 
-0.465083 -0.176344  0 
-0.473318 -0.184946  0 
-0.472584 -0.193548  0 
-0.465116 -0.199845  0 
-0.464521 -0.202151  0 
-0.465116 -0.202273  0 
-0.473616 -0.210753  0 
-0.473703 -0.210825  0 
-0.48229 -0.210909  0 
-0.490845 -0.219355  0 
-0.490451 -0.227957  0 
-0.48229 -0.235486  0 
-0.482134 -0.236559  0 
-0.473703 -0.237053  0 
-0.465116 -0.236665  0 
-0.465021 -0.236559  0 
-0.45653 -0.22811  0 
-0.455964 -0.227957  0 
-0.45653 -0.22127  0 
-0.46005 -0.219355  0 
-0.464777 -0.210753  0 
-0.45653 -0.202219  0 
-0.456483 -0.202151  0 
-0.447943 -0.193647  0 
-0.439356 -0.194575  0 
-0.439299 -0.193548  0 
-0.430769 -0.185267  0 
-0.422182 -0.185051  0 
-0.421888 -0.193548  0 
-0.413596 -0.201071  0 
-0.413408 -0.202151  0 
-0.405009 -0.202386  0 
-0.403632 -0.202151  0 
-0.396422 -0.196145  0 
-0.387835 -0.193904  0 
-0.387138 -0.193548  0 
-0.379249 -0.186492  0 
-0.370662 -0.1852  0 
-0.370137 -0.184946  0 
-0.362075 -0.177932  0 
-0.353488 -0.176518  0 
-0.353153 -0.176344  0 
-0.344902 -0.169142  0 
-0.336315 -0.167883  0 
-0.336108 -0.167742  0 
-0.327728 -0.159885  0 
-0.319141 -0.159306  0 
-0.318831 -0.15914  0 
-0.310555 -0.151167  0 
-0.301968 -0.150659  0 
-0.301186 -0.150538  0 
-0.293381 -0.141957  0 
-0.293381 -0.141386  0 
-0.301968 -0.13338  0 
-0.310555 -0.133465  0 
-0.319062 -0.141935  0 
-0.319141 -0.142028  0 
-0.327728 -0.142082  0 
-0.336315 -0.142507  0 
-0.344746 -0.150538  0 
-0.344902 -0.150643  0 
-0.353488 -0.150995  0 
-0.361974 -0.15914  0 
-0.362075 -0.159253  0 
-0.370662 -0.159321  0 
-0.379175 -0.167742  0 
-0.379249 -0.167889  0 
-0.387835 -0.167867  0 
-0.396375 -0.176344  0 
-0.396422 -0.176533  0 
-0.405009 -0.176431  0 
-0.413596 -0.176869  0 
-0.422182 -0.183072  0 
-0.429964 -0.176344  0 
-0.430605 -0.167742  0 
-0.422182 -0.159217  0 
-0.421829 -0.15914  0 
-0.413596 -0.15117  0 
-0.405009 -0.150687  0 
-0.396422 -0.1506  0 
-0.396403 -0.150538  0 
-0.387835 -0.142211  0 
-0.379249 -0.142018  0 
-0.370662 -0.142019  0 
-0.370596 -0.141935  0 
-0.362075 -0.133606  0 
-0.353488 -0.133414  0 
-0.353378 -0.133333  0 
-0.344902 -0.125138  0 
-0.336315 -0.124865  0 
-0.327728 -0.124807  0 
-0.327638 -0.124731  0 
-0.319141 -0.116292  0 
-0.310555 -0.116194  0 
-0.301968 -0.11692  0 
-0.301746 -0.124731  0 
-0.293381 -0.125067  0 
-0.284794 -0.124861  0 
-0.284692 -0.124731  0 
-0.276208 -0.116428  0 
-0.267621 -0.116249  0 
-0.267152 -0.116129  0 
-0.259034 -0.107971  0 
-0.250447 -0.107582  0 
-0.245438 -0.116129  0 
-0.249349 -0.124731  0 
-0.250447 -0.124842  0 
-0.259034 -0.125126  0 
-0.267361 -0.133333  0 
-0.267621 -0.133492  0 
-0.276208 -0.133948  0 
-0.284663 -0.141935  0 
-0.284794 -0.142191  0 
-0.292927 -0.150538  0 
-0.284794 -0.158548  0 
-0.284713 -0.15914  0 
-0.284794 -0.159154  0 
-0.293099 -0.167742  0 
-0.293381 -0.167863  0 
-0.301968 -0.168121  0 
-0.310377 -0.176344  0 
-0.310555 -0.176543  0 
-0.319141 -0.177371  0 
-0.327433 -0.184946  0 
-0.327728 -0.185142  0 
-0.336274 -0.193548  0 
-0.336315 -0.193686  0 
-0.344902 -0.193881  0 
-0.353445 -0.202151  0 
-0.353488 -0.202289  0 
-0.362075 -0.203037  0 
-0.370578 -0.210753  0 
-0.370662 -0.210916  0 
-0.379249 -0.215099  0 
-0.387512 -0.219355  0 
-0.387835 -0.21953  0 
-0.396396 -0.227957  0 
-0.39635 -0.236559  0 
-0.395162 -0.245161  0 
-0.39589 -0.253763  0 
-0.396422 -0.254259  0 
-0.404985 -0.262366  0 
-0.405009 -0.262472  0 
-0.413596 -0.262692  0 
-0.422069 -0.270968  0 
-0.422182 -0.27208  0 
-0.430512 -0.270968  0 
-0.430769 -0.269967  0 
-0.438984 -0.262366  0 
-0.439355 -0.253763  0 
-0.430769 -0.24532  0 
-0.43056 -0.245161  0 
-0.422182 -0.236921  0 
-0.413596 -0.237088  0 
-0.413447 -0.236559  0 
-0.405009 -0.22834  0 
-0.404636 -0.227957  0 
-0.404885 -0.219355  0 
-0.405009 -0.21828  0 
-0.413596 -0.210841  0 
-0.422182 -0.210985  0 
-0.430766 -0.219355  0 
-0.430769 -0.219413  0 
-0.439356 -0.21947  0 
-0.447908 -0.227957  0 
-0.447943 -0.229015  0 
-0.453497 -0.236559  0 
-0.447943 -0.238823  0 
-0.447521 -0.245161  0 
-0.4412 -0.253763  0 
-0.447943 -0.253981  0 
-0.456425 -0.262366  0 
-0.45653 -0.262575  0 
-0.465074 -0.270968  0 
-0.45653 -0.279252  0 
-0.456464 -0.27957  0 
-0.456343 -0.288172  0 
-0.45653 -0.294627  0 
-0.459552 -0.296774  0 
-0.465116 -0.297517  0 
-0.473559 -0.305376  0 
-0.473703 -0.307236  0 
-0.48229 -0.305906  0 
-0.490523 -0.313978  0 
-0.490877 -0.314118  0 
-0.499416 -0.322581  0 
-0.499463 -0.323085  0 
-0.507615 -0.331183  0 
-0.499463 -0.336059  0 
-0.499033 -0.339785  0 
-0.490877 -0.347545  0 
-0.490564 -0.348387  0 
-0.490877 -0.35125  0 
-0.49719 -0.356989  0 
-0.499463 -0.357414  0 
-0.507817 -0.365591  0 
-0.50805 -0.365924  0 
-0.516633 -0.374194  0 
-0.516396 -0.382796  0 
-0.50805 -0.390674  0 
-0.507848 -0.391398  0 
-0.499463 -0.399654  0 
-0.490877 -0.392363  0 
-0.489954 -0.391398  0 
-0.48229 -0.384512  0 
-0.473703 -0.383006  0 
-0.473529 -0.382796  0 
-0.473338 -0.374194  0 
-0.473703 -0.373119  0 
-0.481739 -0.365591  0 
-0.482245 -0.356989  0 
-0.482217 -0.348387  0 
-0.473703 -0.340014  0 
-0.473443 -0.339785  0 
-0.465116 -0.331587  0 
-0.45653 -0.33181  0 
-0.454384 -0.339785  0 
-0.447943 -0.344078  0 
-0.445981 -0.348387  0 
-0.447338 -0.356989  0 
-0.447943 -0.357382  0 
-0.456296 -0.365591  0 
-0.45653 -0.365922  0 
-0.465045 -0.374194  0 
-0.464988 -0.382796  0 
-0.45653 -0.39094  0 
-0.456353 -0.391398  0 
-0.447943 -0.399694  0 
-0.439356 -0.391958  0 
-0.439123 -0.391398  0 
-0.430769 -0.383249  0 
-0.430409 -0.382796  0 
-0.429449 -0.374194  0 
-0.430769 -0.369994  0 
-0.437115 -0.365591  0 
-0.439288 -0.356989  0 
-0.430769 -0.34844  0 
-0.430748 -0.348387  0 
-0.422182 -0.33983  0 
-0.422147 -0.339785  0 
-0.413596 -0.336818  0 
-0.413387 -0.331183  0 
-0.405009 -0.323214  0 
-0.404341 -0.322581  0 
-0.404501 -0.313978  0 
-0.404907 -0.305376  0 
-0.405009 -0.30448  0 
-0.413596 -0.297049  0 
-0.422021 -0.305376  0 
-0.422182 -0.305634  0 
-0.430769 -0.308179  0 
-0.439322 -0.305376  0 
-0.439356 -0.305263  0 
-0.447913 -0.296774  0 
-0.447867 -0.288172  0 
-0.439356 -0.279984  0 
-0.430769 -0.279715  0 
-0.422182 -0.284534  0 
-0.421887 -0.288172  0 
-0.413596 -0.296146  0 
-0.405009 -0.288749  0 
-0.400885 -0.288172  0 
-0.396422 -0.285156  0 
-0.387835 -0.280051  0 
-0.384977 -0.288172  0 
-0.379249 -0.291475  0 
-0.376454 -0.296774  0 
-0.370662 -0.296996  0 
-0.37064 -0.296774  0 
-0.362075 -0.288251  0 
-0.362074 -0.288172  0 
-0.353488 -0.280629  0 
-0.351401 -0.27957  0 
-0.344902 -0.274756  0 
-0.336315 -0.271544  0 
-0.336218 -0.270968  0 
-0.327728 -0.262697  0 
-0.327686 -0.262366  0 
-0.319141 -0.254166  0 
-0.31901 -0.253763  0 
-0.310555 -0.246041  0 
-0.309625 -0.245161  0 
-0.301968 -0.239697  0 
-0.293381 -0.236807  0 
-0.293301 -0.236559  0 
-0.284794 -0.228259  0 
-0.284662 -0.227957  0 
-0.276208 -0.219718  0 
-0.275953 -0.219355  0 
-0.267621 -0.211219  0 
-0.266652 -0.210753  0 
-0.259034 -0.202515  0 
-0.257973 -0.202151  0 
-0.259034 -0.197801  0 
-0.267621 -0.193641  0 
-0.276208 -0.194122  0 
-0.284405 -0.202151  0 
-0.284794 -0.202477  0 
-0.293254 -0.210753  0 
-0.293381 -0.210999  0 
-0.301895 -0.219355  0 
-0.301968 -0.219576  0 
-0.310555 -0.219966  0 
-0.319017 -0.227957  0 
-0.319141 -0.228253  0 
-0.327691 -0.236559  0 
-0.327728 -0.236743  0 
-0.336315 -0.238183  0 
-0.344749 -0.245161  0 
-0.344902 -0.245501  0 
-0.353394 -0.253763  0 
-0.353488 -0.255182  0 
-0.361982 -0.262366  0 
-0.362075 -0.262547  0 
-0.370662 -0.270467  0 
-0.379213 -0.262366  0 
-0.379249 -0.262183  0 
-0.387818 -0.253763  0 
-0.379249 -0.245404  0 
-0.379172 -0.245161  0 
-0.370662 -0.236734  0 
-0.370641 -0.236559  0 
-0.362075 -0.228638  0 
-0.353488 -0.228096  0 
-0.35347 -0.227957  0 
-0.344902 -0.219627  0 
-0.344682 -0.219355  0 
-0.336315 -0.212126  0 
-0.327728 -0.210923  0 
-0.327672 -0.210753  0 
-0.319141 -0.202454  0 
-0.318533 -0.202151  0 
-0.310555 -0.195466  0 
-0.301968 -0.193789  0 
-0.301819 -0.193548  0 
-0.293381 -0.185285  0 
-0.284794 -0.185079  0 
-0.284642 -0.184946  0 
-0.276208 -0.176383  0 
-0.269536 -0.184946  0 
-0.267621 -0.185872  0 
-0.259034 -0.185635  0 
-0.258924 -0.184946  0 
-0.250447 -0.176861  0 
-0.249575 -0.176344  0 
-0.24186 -0.169402  0 
-0.233274 -0.167938  0 
-0.233015 -0.167742  0 
-0.224687 -0.159294  0 
-0.216342 -0.15914  0 
-0.223373 -0.150538  0 
-0.224687 -0.141935  0 
-0.229941 -0.141935  0 
-0.232485 -0.150538  0 
-0.233274 -0.150649  0 
-0.24186 -0.150908  0 
-0.250163 -0.15914  0 
-0.250447 -0.159378  0 
-0.258941 -0.167742  0 
-0.259034 -0.167966  0 
-0.267621 -0.16838  0 
-0.276208 -0.173638  0 
-0.283153 -0.167742  0 
-0.276208 -0.159473  0 
-0.276158 -0.15914  0 
-0.267621 -0.150797  0 
-0.267276 -0.150538  0 
-0.259034 -0.14267  0 
-0.250447 -0.142092  0 
-0.250129 -0.141935  0 
-0.24186 -0.133534  0 
-0.235205 -0.133333  0 
-0.240516 -0.124731  0 
-0.24186 -0.116129  0 
-0.233274 -0.116129  0 
-0.224687 -0.107527  0 
-0.224687 -0.0989247  0 
-0.233274 -0.0989247  0 
-0.24186 -0.0989247  0 
-0.24186 -0.107527  0 
-0.250447 -0.0993579  0 
-0.259034 -0.0989842  0 
-0.267621 -0.0990222  0 
-0.276208 -0.0991789  0 
-0.284673 -0.107527  0 
-0.284794 -0.107621  0 
-0.293381 -0.107694  0 
-0.301968 -0.110868  0 
-0.309827 -0.107527  0 
-0.310555 -0.0989377  0 
-0.319141 -0.0990073  0 
-0.327728 -0.0991827  0 
-0.336183 -0.107527  0 
-0.336315 -0.107587  0 
-0.344902 -0.107629  0 
-0.353488 -0.107792  0 
-0.362001 -0.116129  0 
-0.362075 -0.116191  0 
-0.370662 -0.116204  0 
-0.379249 -0.116353  0 
-0.387807 -0.124731  0 
-0.387835 -0.124783  0 
-0.396422 -0.124854  0 
-0.405009 -0.124878  0 
-0.41354 -0.133333  0 
-0.413596 -0.133441  0 
-0.422182 -0.133379  0 
-0.430769 -0.133455  0 
-0.438885 -0.133333  0 
-0.439356 -0.130076  0 
-0.446928 -0.124731  0 
-0.439356 -0.116168  0 
-0.439297 -0.116129  0 
-0.430769 -0.107684  0 
-0.422182 -0.107737  0 
-0.413596 -0.107574  0 
-0.405009 -0.107647  0 
-0.40498 -0.107527  0 
-0.396422 -0.0990832  0 
-0.387835 -0.0990457  0 
-0.379249 -0.098972  0 
-0.370662 -0.098976  0 
-0.370603 -0.0989247  0 
-0.362075 -0.0904982  0 
-0.353488 -0.0903852  0 
-0.344902 -0.0903739  0 
-0.344361 -0.0903226  0 
-0.336315 -0.0827343  0 
-0.327728 -0.0818108  0 
-0.319141 -0.0817536  0 
-0.317968 -0.0817204  0 
-0.318755 -0.0731183  0 
-0.310555 -0.0645568  0 
-0.310442 -0.0645161  0 
-0.301968 -0.0564017  0 
-0.293381 -0.0559985  0 
-0.284794 -0.0559662  0 
-0.276208 -0.0559534  0 
-0.267621 -0.0633473  0 
-0.259034 -0.0644891  0 
-0.250447 -0.0645161  0 
-0.24186 -0.055914  0 
-0.250447 -0.055914  0 
-0.259034 -0.0558757  0 
-0.267621 -0.0473118  0 
-0.259034 -0.0472507  0 
-0.250447 -0.0473118  0 
-0.24186 -0.0387097  0 
-0.24186 -0.0301075  0 
-0.250447 -0.0301075  0 
-0.259034 -0.0301075  0 
-0.259034 -0.0385566  0 
-0.267621 -0.0387097  0 
-0.267621 -0.0471846  0 
-0.276208 -0.0387126  0 
-0.284794 -0.0387636  0 
-0.293381 -0.0388343  0 
-0.301908 -0.0473118  0 
-0.301968 -0.0473369  0 
-0.310555 -0.0473427  0 
-0.319141 -0.0473983  0 
-0.322902 -0.055914  0 
-0.319141 -0.061108  0 
-0.319002 -0.0645161  0 
-0.319141 -0.0645304  0 
-0.327728 -0.0645678  0 
-0.336315 -0.0646124  0 
-0.344853 -0.0731183  0 
-0.344902 -0.073148  0 
-0.353488 -0.0731636  0 
-0.362075 -0.0731653  0 
-0.370662 -0.0731774  0 
-0.379249 -0.0733449  0 
-0.387772 -0.0817204  0 
-0.387835 -0.0817526  0 
-0.396422 -0.0817517  0 
-0.405009 -0.0817687  0 
-0.413596 -0.0817796  0 
-0.422182 -0.0819709  0 
-0.430769 -0.0903226  0 
-0.439356 -0.0903312  0 
-0.447607 -0.0989247  0 
-0.447024 -0.107527  0 
-0.446646 -0.116129  0 
-0.447943 -0.116181  0 
-0.45653 -0.116232  0 
-0.465116 -0.12223  0 
-0.473546 -0.116129  0 
-0.47362 -0.107527  0 
-0.473703 -0.0989687  0 
-0.48229 -0.0989838  0 
-0.490877 -0.0990283  0 
-0.499463 -0.0990021  0 
-0.507988 -0.107527  0 
-0.50805 -0.107546  0 
-0.516637 -0.107554  0 
-0.524944 -0.116129  0 
-0.524718 -0.124731  0 
-0.523931 -0.133333  0 
-0.525224 -0.133521  0 
-0.533674 -0.141935  0 
-0.53381 -0.141978  0 
-0.542397 -0.142021  0 
-0.550827 -0.150538  0 
-0.549846 -0.15914  0 
-0.542397 -0.165435  0 
-0.542265 -0.167742  0 
-0.542397 -0.171384  0 
-0.547711 -0.176344  0 
-0.550984 -0.176425  0 
-0.559571 -0.176497  0 
-0.568157 -0.178251  0 
-0.576654 -0.176344  0 
-0.576682 -0.167742  0 
-0.576744 -0.166911  0 
-0.585202 -0.15914  0 
-0.576744 -0.150684  0 
-0.568157 -0.150595  0 
-0.567835 -0.150538  0 
-0.559571 -0.142397  0 
-0.550984 -0.142035  0 
-0.550801 -0.141935  0 
-0.55085 -0.133333  0 
-0.550984 -0.131144  0 
-0.558812 -0.124731  0 
-0.550984 -0.116214  0 
-0.550928 -0.116129  0 
-0.542397 -0.107733  0 
-0.53381 -0.107592  0 
-0.525224 -0.107567  0 
-0.524817 -0.107527  0 
-0.525224 -0.100048  0 
-0.527376 -0.0989247  0 
-0.532704 -0.0903226  0 
-0.525224 -0.0817353  0 
-0.516637 -0.0817291  0 
-0.50805 -0.0731585  0 
-0.499463 -0.0732427  0 
-0.490877 -0.0731624  0 
-0.48229 -0.0731507  0 
-0.481964 -0.0731183  0 
-0.482064 -0.0645161  0 
-0.482122 -0.055914  0 
-0.473703 -0.0473265  0 
-0.465116 -0.0473236  0 
-0.45653 -0.0473245  0 
-0.456443 -0.0473118  0 
-0.447943 -0.039351  0 
-0.439356 -0.0388442  0 
-0.439287 -0.0387097  0 
-0.439294 -0.0301075  0 
-0.430769 -0.0215106  0 
-0.422182 -0.0215101  0 
-0.413596 -0.0215108  0 
-0.413533 -0.0215054  0 
-0.405009 -0.0129963  0 
-0.396422 -0.0129428  0 
-0.387835 -0.0129352  0 
-0.379249 -0.012922  0 
-0.370662 -0.0129193  0 
-0.362075 -0.0129176  0 
-0.353488 -0.0129148  0 
-0.344902 -0.0129138  0 
-0.336315 -0.012913  0 
-0.327728 -0.0129114  0 
-0.327094 -0.0129032  0 
-0.327147 -0.00430108  0 
-0.319141 -8.17442e-07  0 
-0.310555 -1.19677e-06  0 
-0.301968 -1.47422e-06  0 
-0.293381 -1.73029e-06  0 
-0.284794 -9.43635e-06  0 
-0.284794  0.00430108  0 
-0.284794  0.0129032  0 
-0.276208  0.0201403  0 
-0.276208  0.0129032  0 
-0.276208  0.00430108  0 
-0.276208 -8.78955e-06  0 
-0.284794 -0.00430108  0 
-0.284794 -0.0129032  0 
-0.284794 -0.0135942  0 
-0.293381 -0.0129114  0 
-0.301968 -0.0129116  0 
-0.310555 -0.0129116  0 
-0.319141 -0.0129123  0 
-0.327028 -0.0215054  0 
-0.326759 -0.0301075  0 
-0.327728 -0.0301234  0 
-0.336315 -0.0301308  0 
-0.344902 -0.0301376  0 
-0.353488 -0.0301507  0 
-0.362075 -0.0301998  0 
-0.370616 -0.0387097  0 
-0.379249 -0.0387232  0 
-0.387835 -0.038723  0 
-0.396422 -0.0387263  0 
-0.405009 -0.0387258  0 
-0.413596 -0.0387315  0 
-0.422182 -0.0387311  0 
-0.430769 -0.0387425  0 
-0.439339 -0.0473118  0 
-0.439323 -0.055914  0 
-0.439312 -0.0645161  0 
-0.430769 -0.0645552  0 
-0.422182 -0.0645367  0 
-0.413596 -0.0645814  0 
-0.413529 -0.0645161  0 
-0.405009 -0.0561757  0 
-0.396422 -0.0559983  0 
-0.387835 -0.055952  0 
-0.379249 -0.0559476  0 
-0.370662 -0.0559383  0 
-0.362075 -0.0559366  0 
-0.353488 -0.0559363  0 
-0.344902 -0.0474003  0 
-0.336315 -0.0473572  0 
-0.327728 -0.0473371  0 
-0.325401 -0.0473118  0 
-0.32647 -0.0387097  0 
-0.319141 -0.0301289  0 
-0.310555 -0.030125  0 
-0.301968 -0.030125  0 
-0.293381 -0.0301229  0 
-0.293111 -0.0301075  0 
-0.284794 -0.0218187  0 
-0.284794 -0.0215054  0 
-0.276208 -0.0201399  0 
-0.276208 -0.0129032  0 
-0.276208 -0.00430108  0 
-0.267621 -8.13776e-06  0 
-0.267621  0.00430108  0 
-0.267621  0.0129032  0 
-0.259034  0.0213669  0 
-0.259034  0.0129032  0 
-0.259034  0.00430108  0 
-0.259034 -7.3773e-06  0 
-0.267621 -0.00430108  0 
-0.267621 -0.0129032  0 
-0.259034 -0.0213669  0 
-0.259034 -0.0129032  0 
-0.259034 -0.00430108  0 
-0.250447 -1.05768e-06  0 
-0.24186  0.00430108  0 
-0.24186  0.0129032  0 
-0.24186  0.0215054  0 
-0.250447  0.0301075  0 
-0.259034  0.0301075  0 
-0.259034  0.0385565  0 
-0.267621  0.0387097  0 
-0.259034  0.0472507  0 
-0.250447  0.0473118  0 
-0.24186  0.0473118  0 
-0.250447  0.055914  0 
-0.259034  0.0558757  0 
-0.267621  0.0473118  0 
-0.267621  0.0471846  0 
-0.276208  0.0387126  0 
-0.284794  0.0387636  0 
-0.293381  0.0388343  0 
-0.301908  0.0473118  0 
-0.301968  0.0473369  0 
-0.310555  0.0473427  0 
-0.319141  0.0473984  0 

-0.233274  0.0989247  0 
-0.24186  0.0903226  0 
-0.233274  0.0817204  0 
-0.224687  0.0903226  0 
-0.233274  0.0989247  0 

 0.221825  0.124731  0 
 0.213238  0.116129  0 
 0.221825  0.107527  0 
 0.23041  0.116129  0 
 0.221825  0.124731  0 

-0.525224  0.194835  0 
-0.533699  0.193548  0 
-0.53381  0.192144  0 
-0.541836  0.184946  0 
-0.542393  0.176344  0 
-0.542397  0.171384  0 
-0.547711  0.176344  0 
-0.550984  0.176425  0 
-0.559571  0.176497  0 
-0.568157  0.178251  0 
-0.576654  0.176344  0 
-0.576682  0.167742  0 
-0.576744  0.166911  0 
-0.585202  0.15914  0 
-0.585331  0.150703  0 
-0.593777  0.15914  0 
-0.593918  0.159197  0 
-0.602504  0.159218  0 
-0.611091  0.159287  0 
-0.619627  0.15914  0 
-0.619678  0.158011  0 
-0.627641  0.150538  0 
-0.628154  0.141935  0 
-0.628265  0.133389  0 
-0.636852  0.133403  0 
-0.645438  0.133428  0 
-0.654025  0.133489  0 
-0.662612  0.133881  0 
-0.671158  0.133333  0 
-0.671169  0.124731  0 
-0.671175  0.116129  0 
-0.671199  0.113789  0 
-0.679785  0.107594  0 
-0.688372  0.107606  0 
-0.696959  0.107624  0 
-0.705546  0.107655  0 
-0.714132  0.107742  0 
-0.722716  0.107527  0 
-0.722717  0.0989247  0 
-0.722717  0.0903226  0 
-0.722717  0.0817204  0 
-0.714132  0.0731496  0 
-0.705546  0.0731449  0 
-0.696959  0.0731419  0 
-0.696771  0.0731183  0 
-0.688372  0.0647175  0 
-0.679785  0.0646094  0 
-0.679735  0.0731183  0 
-0.679699  0.0817204  0 
-0.679666  0.0903226  0 
-0.679591  0.0989247  0 
-0.671199  0.0994869  0 
-0.662612  0.0990191  0 
-0.654025  0.0989846  0 
-0.645438  0.0989695  0 
-0.636852  0.098961  0 
-0.636346  0.107527  0 
-0.628265  0.114754  0 
-0.6282  0.116129  0 
-0.628183  0.124731  0 
-0.619678  0.124941  0 
-0.611091  0.124815  0 
-0.602504  0.124786  0 
-0.593918  0.124773  0 
-0.585331  0.127999  0 
-0.585259  0.133333  0 
-0.585232  0.141935  0 
-0.585185  0.150538  0 
-0.576744  0.150684  0 
-0.568157  0.150595  0 
-0.567835  0.150538  0 
-0.559571  0.142397  0 
-0.550984  0.142035  0 
-0.550827  0.150538  0 
-0.549846  0.15914  0 
-0.542397  0.165435  0 
-0.542265  0.167742  0 
-0.53381  0.167923  0 
-0.525224  0.167814  0 
-0.516637  0.16779  0 
-0.516539  0.167742  0 
-0.516088  0.15914  0 
-0.516358  0.150538  0 
-0.51649  0.141935  0 
-0.50805  0.133376  0 
-0.499463  0.133362  0 
-0.499388  0.133333  0 
-0.490877  0.124995  0 
-0.48229  0.124886  0 
-0.473703  0.124829  0 
-0.465116  0.125413  0 
-0.465087  0.133333  0 
-0.465067  0.141935  0 
-0.45653  0.142312  0 
-0.447943  0.142011  0 
-0.439356  0.141983  0 
-0.43872  0.150538  0 
-0.430769  0.157367  0 
-0.430439  0.15914  0 
-0.422182  0.159217  0 
-0.421829  0.15914  0 
-0.413596  0.15117  0 
-0.405009  0.150687  0 
-0.396422  0.1506  0 
-0.396403  0.150538  0 
-0.387835  0.142211  0 
-0.379249  0.142018  0 
-0.370662  0.142019  0 
-0.370596  0.141935  0 
-0.362075  0.133606  0 
-0.353488  0.133414  0 
-0.353378  0.133333  0 
-0.344902  0.125138  0 
-0.336315  0.124865  0 
-0.327728  0.124807  0 
-0.327638  0.124731  0 
-0.319141  0.116292  0 
-0.310555  0.116194  0 
-0.301968  0.116917  0 
-0.301745  0.124731  0 
-0.293381  0.125067  0 
-0.284794  0.124861  0 
-0.284692  0.124731  0 
-0.276208  0.116428  0 
-0.267621  0.116249  0 
-0.267152  0.116129  0 
-0.259034  0.107971  0 
-0.250447  0.107582  0 
-0.245431  0.116129  0 
-0.249351  0.124731  0 
-0.250447  0.124842  0 
-0.259034  0.125126  0 
-0.267361  0.133333  0 
-0.267621  0.133492  0 
-0.276208  0.133948  0 
-0.284663  0.141935  0 
-0.284794  0.142191  0 
-0.293341  0.141935  0 
-0.293381  0.141377  0 
-0.301968  0.13338  0 
-0.310555  0.133465  0 
-0.319062  0.141935  0 
-0.319141  0.142028  0 
-0.327728  0.142082  0 
-0.336315  0.142507  0 
-0.344746  0.150538  0 
-0.344902  0.150643  0 
-0.353488  0.150995  0 
-0.361974  0.15914  0 
-0.362075  0.159253  0 
-0.370662  0.159321  0 
-0.379175  0.167742  0 
-0.379249  0.167889  0 
-0.387835  0.167867  0 
-0.396375  0.176344  0 
-0.396422  0.176533  0 
-0.405009  0.176431  0 
-0.413596  0.176869  0 
-0.422182  0.183072  0 
-0.429964  0.176344  0 
-0.430605  0.167742  0 
-0.430769  0.159297  0 
-0.439253  0.167742  0 
-0.439356  0.167817  0 
-0.447943  0.168308  0 
-0.45653  0.167808  0 
-0.465083  0.176344  0 
-0.472946  0.176344  0 
-0.473703  0.173121  0 
-0.478619  0.167742  0 
-0.480831  0.15914  0 
-0.48229  0.150817  0 
-0.490797  0.15914  0 
-0.490877  0.15918  0 
-0.499463  0.159203  0 
-0.507957  0.167742  0 
-0.507835  0.176344  0 
-0.507566  0.184946  0 
-0.507871  0.193548  0 
-0.50805  0.193622  0 
-0.516637  0.193684  0 
-0.525224  0.194835  0 

 0.0844365  0.245161  0 
 0.0758497  0.236559  0 
 0.0844365  0.227957  0 
 0.0930233  0.236559  0 
 0.0844365  0.245161  0 

-0.147406  0.248365  0 
-0.155495  0.245161  0 
-0.155949  0.236559  0 
-0.147406  0.229525  0 
-0.138819  0.236171  0 
-0.138528  0.227957  0 
-0.130233  0.219693  0 
-0.130233  0.219355  0 
-0.121646  0.210753  0 
-0.113059  0.219355  0 
-0.104472  0.219355  0 
-0.0958855  0.227957  0 
-0.104472  0.236559  0 
-0.113059  0.236467  0 
-0.121376  0.236559  0 
-0.121646  0.237315  0 
-0.130129  0.245161  0 
-0.130233  0.253  0 
-0.138819  0.248399  0 
-0.147406  0.248365  0 

-0.207513  0.252524  0 
-0.216069  0.245161  0 
-0.215972  0.236559  0 
-0.207513  0.228609  0 
-0.207319  0.227957  0 
-0.198927  0.219789  0 
-0.198674  0.219355  0 
-0.19034  0.211044  0 
-0.189535  0.210753  0 
-0.181753  0.202636  0 
-0.180004  0.210753  0 
-0.173166  0.214534  0 
-0.173057  0.210753  0 
-0.16458  0.202594  0 
-0.155993  0.210753  0 
-0.155993  0.202151  0 
-0.147406  0.193548  0 
-0.138819  0.202151  0 
-0.147406  0.210753  0 
-0.147378  0.219355  0 
-0.147406  0.220465  0 
-0.153491  0.219355  0 
-0.155993  0.211555  0 
-0.164076  0.219355  0 
-0.16458  0.221919  0 
-0.173166  0.219529  0 
-0.181753  0.220008  0 
-0.189727  0.227957  0 
-0.19034  0.22982  0 
-0.198019  0.236559  0 
-0.198781  0.245161  0 
-0.198927  0.246174  0 
-0.207513  0.252524  0 

-0.722719  0.271341  0 
-0.731189  0.270968  0 
-0.731306  0.270332  0 
-0.739504  0.262366  0 
-0.739744  0.253763  0 
-0.739818  0.245161  0 
-0.731306  0.236627  0 
-0.731186  0.236559  0 
-0.722719  0.228168  0 
-0.714132  0.22804  0 
-0.705546  0.22801  0 
-0.70535  0.227957  0 
-0.696959  0.219569  0 
-0.696761  0.227957  0 
-0.688372  0.234927  0 
-0.688241  0.236559  0 
-0.688151  0.245161  0 
-0.687694  0.253763  0 
-0.68809  0.262366  0 
-0.688372  0.262443  0 
-0.696959  0.262509  0 
-0.705546  0.265997  0 
-0.711326  0.270968  0 
-0.714132  0.27108  0 
-0.722719  0.271341  0 

-0.499463  0.399654  0 
-0.507848  0.391398  0 
-0.50805  0.390674  0 
-0.516396  0.382796  0 
-0.516633  0.374194  0 
-0.50805  0.365924  0 
-0.507817  0.365591  0 
-0.499463  0.357414  0 
-0.49719  0.356989  0 
-0.490877  0.35125  0 
-0.490563  0.348387  0 
-0.490877  0.347545  0 
-0.499033  0.339785  0 
-0.499463  0.336058  0 
-0.507615  0.331183  0 
-0.50805  0.323179  0 
-0.516186  0.331183  0 
-0.516637  0.331394  0 
-0.525105  0.339785  0 
-0.525224  0.339962  0 
-0.53381  0.342431  0 
-0.542197  0.339785  0 
-0.542397  0.339088  0 
-0.550654  0.331183  0 
-0.550896  0.322581  0 
-0.550748  0.313978  0 
-0.542397  0.306175  0 
-0.53381  0.305494  0 
-0.533616  0.305376  0 
-0.525224  0.297034  0 
-0.516637  0.297077  0 
-0.51636  0.305376  0 
-0.515796  0.313978  0 
-0.50805  0.321026  0 
-0.507533  0.322581  0 
-0.499463  0.323085  0 
-0.499416  0.322581  0 
-0.490877  0.314118  0 
-0.490523  0.313978  0 
-0.48229  0.305906  0 
-0.473703  0.307237  0 
-0.473559  0.305376  0 
-0.465116  0.297517  0 
-0.459554  0.296774  0 
-0.45653  0.294625  0 
-0.456343  0.288172  0 
-0.456464  0.27957  0 
-0.45653  0.279252  0 
-0.465074  0.270968  0 
-0.45653  0.262575  0 
-0.456425  0.262366  0 
-0.447943  0.253981  0 
-0.4412  0.253763  0 
-0.447521  0.245161  0 
-0.447943  0.238822  0 
-0.453497  0.236559  0 
-0.45653  0.22811  0 
-0.465021  0.236559  0 
-0.465116  0.236665  0 
-0.473703  0.237053  0 
-0.482134  0.236559  0 
-0.48229  0.235486  0 
-0.490451  0.227957  0 
-0.490845  0.219355  0 
-0.48229  0.210909  0 
-0.473703  0.210825  0 
-0.473616  0.210753  0 
-0.465116  0.202273  0 
-0.464777  0.210753  0 
-0.460049  0.219355  0 
-0.45653  0.221269  0 
-0.455964  0.227957  0 
-0.447943  0.229015  0 
-0.447908  0.227957  0 
-0.439356  0.21947  0 
-0.430769  0.219413  0 
-0.430766  0.219355  0 
-0.422182  0.210985  0 
-0.413596  0.210841  0 
-0.405009  0.21828  0 
-0.404885  0.219355  0 
-0.404636  0.227957  0 
-0.405009  0.22834  0 
-0.413447  0.236559  0 
-0.413596  0.237088  0 
-0.422182  0.236921  0 
-0.43056  0.245161  0 
-0.430769  0.24532  0 
-0.439355  0.253763  0 
-0.438984  0.262366  0 
-0.430769  0.269967  0 
-0.430512  0.270968  0 
-0.422182  0.27208  0 
-0.422069  0.270968  0 
-0.413596  0.262692  0 
-0.405009  0.262472  0 
-0.404985  0.262366  0 
-0.396422  0.254259  0 
-0.395891  0.253763  0 
-0.395162  0.245161  0 
-0.39635  0.236559  0 
-0.396396  0.227957  0 
-0.387835  0.21953  0 
-0.387512  0.219355  0 
-0.379249  0.215099  0 
-0.370662  0.210916  0 
-0.370578  0.210753  0 
-0.362075  0.203037  0 
-0.353488  0.202289  0 
-0.353445  0.202151  0 
-0.344902  0.193881  0 
-0.336315  0.193686  0 
-0.336274  0.193548  0 
-0.327728  0.185142  0 
-0.327433  0.184946  0 
-0.319141  0.177371  0 
-0.310555  0.176543  0 
-0.310377  0.176344  0 
-0.301968  0.168121  0 
-0.293381  0.167863  0 
-0.293099  0.167742  0 
-0.284794  0.159154  0 
-0.283152  0.167742  0 
-0.276208  0.173633  0 
-0.267621  0.16838  0 
-0.259034  0.167966  0 
-0.258941  0.167742  0 
-0.250447  0.159378  0 
-0.250163  0.15914  0 
-0.24186  0.150908  0 
-0.233274  0.150649  0 
-0.232486  0.150538  0 
-0.229937  0.141935  0 
-0.224687  0.141935  0 
-0.223371  0.150538  0 
-0.216413  0.15914  0 
-0.224687  0.159294  0 
-0.233015  0.167742  0 
-0.233274  0.167938  0 
-0.24186  0.169402  0 
-0.249575  0.176344  0 
-0.250447  0.176861  0 
-0.258924  0.184946  0 
-0.259034  0.185636  0 
-0.267621  0.185868  0 
-0.269529  0.184946  0 
-0.276208  0.176383  0 
-0.284642  0.184946  0 
-0.284794  0.185079  0 
-0.293381  0.185285  0 
-0.301819  0.193548  0 
-0.301968  0.193789  0 
-0.310555  0.195466  0 
-0.318533  0.202151  0 
-0.319141  0.202454  0 
-0.327672  0.210753  0 
-0.327728  0.210923  0 
-0.336315  0.212126  0 
-0.344682  0.219355  0 
-0.344902  0.219627  0 
-0.35347  0.227957  0 
-0.353488  0.228096  0 
-0.362075  0.228638  0 
-0.370641  0.236559  0 
-0.370662  0.236734  0 
-0.379172  0.245161  0 
-0.379249  0.245404  0 
-0.387818  0.253763  0 
-0.379249  0.262183  0 
-0.379213  0.262366  0 
-0.370662  0.270468  0 
-0.362075  0.262547  0 
-0.361982  0.262366  0 
-0.353488  0.255182  0 
-0.353394  0.253763  0 
-0.344902  0.245501  0 
-0.344749  0.245161  0 
-0.336315  0.238183  0 
-0.327728  0.236743  0 
-0.327691  0.236559  0 
-0.319141  0.228253  0 
-0.319017  0.227957  0 
-0.310555  0.219966  0 
-0.301968  0.219576  0 
-0.301895  0.219355  0 
-0.293381  0.211  0 
-0.293254  0.210753  0 
-0.284794  0.202477  0 
-0.284406  0.202151  0 
-0.276208  0.194122  0 
-0.267621  0.193641  0 
-0.259034  0.197797  0 
-0.257972  0.202151  0 
-0.259034  0.202515  0 
-0.266652  0.210753  0 
-0.267621  0.211219  0 
-0.275953  0.219355  0 
-0.276208  0.219718  0 
-0.284662  0.227957  0 
-0.284794  0.228259  0 
-0.293301  0.236559  0 
-0.293381  0.236807  0 
-0.301968  0.239697  0 
-0.309625  0.245161  0 
-0.310555  0.246041  0 
-0.31901  0.253763  0 
-0.319141  0.254166  0 
-0.327686  0.262366  0 
-0.327728  0.262697  0 
-0.336218  0.270968  0 
-0.336315  0.271544  0 
-0.344902  0.274756  0 
-0.351401  0.27957  0 
-0.353488  0.280629  0 
-0.362074  0.288172  0 
-0.362075  0.288251  0 
-0.370641  0.296774  0 
-0.370662  0.296996  0 
-0.376451  0.296774  0 
-0.379249  0.291471  0 
-0.384974  0.288172  0 
-0.387835  0.280051  0 
-0.396422  0.285156  0 
-0.400885  0.288172  0 
-0.405009  0.288749  0 
-0.413596  0.296146  0 
-0.421887  0.288172  0 
-0.422182  0.284534  0 
-0.430769  0.279715  0 
-0.439356  0.279984  0 
-0.447867  0.288172  0 
-0.447913  0.296774  0 
-0.439356  0.305263  0 
-0.439322  0.305376  0 
-0.430769  0.308179  0 
-0.422182  0.305634  0 
-0.422021  0.305376  0 
-0.413596  0.297049  0 
-0.405009  0.30448  0 
-0.404907  0.305376  0 
-0.404501  0.313978  0 
-0.404341  0.322581  0 
-0.405009  0.323214  0 
-0.413387  0.331183  0 
-0.413596  0.336818  0 
-0.422147  0.339785  0 
-0.422182  0.33983  0 
-0.430748  0.348387  0 
-0.430769  0.34844  0 
-0.439288  0.356989  0 
-0.437114  0.365591  0 
-0.430769  0.369994  0 
-0.429449  0.374194  0 
-0.430409  0.382796  0 
-0.430769  0.383249  0 
-0.439123  0.391398  0 
-0.439356  0.391958  0 
-0.447943  0.399694  0 
-0.456353  0.391398  0 
-0.45653  0.39094  0 
-0.464988  0.382796  0 
-0.465045  0.374194  0 
-0.45653  0.365922  0 
-0.456296  0.365591  0 
-0.447943  0.357382  0 
-0.447338  0.356989  0 
-0.445979  0.348387  0 
-0.447943  0.344074  0 
-0.454381  0.339785  0 
-0.45653  0.33181  0 
-0.465116  0.331587  0 
-0.473443  0.339785  0 
-0.473703  0.340014  0 
-0.482217  0.348387  0 
-0.482245  0.356989  0 
-0.481739  0.365591  0 
-0.473703  0.373118  0 
-0.473338  0.374194  0 
-0.473529  0.382796  0 
-0.473703  0.383006  0 
-0.48229  0.384512  0 
-0.489954  0.391398  0 
-0.490877  0.392363  0 
-0.499463  0.399654  0 

-0.550984  0.399759  0 
-0.559417  0.391398  0 
-0.559571  0.390894  0 
-0.567916  0.382796  0 
-0.568099  0.374194  0 
-0.567984  0.365591  0 
-0.559571  0.35754  0 
-0.550984  0.35715  0 
-0.550824  0.356989  0 
-0.542397  0.348608  0 
-0.53381  0.352152  0 
-0.533591  0.356989  0 
-0.525224  0.365055  0 
-0.525053  0.365591  0 
-0.52126  0.374194  0 
-0.525224  0.375225  0 
-0.533055  0.382796  0 
-0.53381  0.383206  0 
-0.54218  0.391398  0 
-0.542397  0.391772  0 
-0.550984  0.399759  0 

-0.45653  0.451179  0 
-0.464855  0.443011  0 
-0.465116  0.442402  0 
-0.473502  0.434409  0 
-0.473665  0.425806  0 
-0.465116  0.41763  0 
-0.464929  0.417204  0 
-0.45653  0.408947  0 
-0.456282  0.408602  0 
-0.447943  0.400353  0 
-0.442933  0.408602  0 
-0.439356  0.409832  0 
-0.43774  0.417204  0 
-0.430769  0.4233  0 
-0.422182  0.421209  0 
-0.421945  0.417204  0 
-0.413596  0.40925  0 
-0.41326  0.408602  0 
-0.405009  0.40054  0 
-0.396422  0.407033  0 
-0.39609  0.408602  0 
-0.387835  0.416444  0 
-0.387304  0.417204  0 
-0.387475  0.425806  0 
-0.387835  0.426561  0 
-0.396039  0.434409  0 
-0.396422  0.435897  0 
-0.405009  0.442823  0 
-0.413596  0.439959  0 
-0.420589  0.434409  0 
-0.422182  0.430696  0 
-0.430769  0.426474  0 
-0.438926  0.434409  0 
-0.439356  0.435188  0 
-0.447614  0.443011  0 
-0.447943  0.444927  0 
-0.45653  0.451179  0 

-0.696959  0.452798  0 
-0.705455  0.451613  0 
-0.705546  0.451383  0 
-0.713979  0.443011  0 
-0.714132  0.440716  0 
-0.721337  0.434409  0 
-0.722644  0.425806  0 
-0.72267  0.417204  0 
-0.714132  0.408963  0 
-0.713491  0.408602  0 
-0.705546  0.40105  0 
-0.696959  0.400225  0 
-0.696575  0.4  0 
-0.688372  0.391874  0 
-0.679785  0.391575  0 
-0.671199  0.39893  0 
-0.671103  0.4  0 
-0.669628  0.408602  0 
-0.662612  0.414788  0 
-0.662432  0.417204  0 
-0.661384  0.425806  0 
-0.662612  0.426208  0 
-0.670872  0.434409  0 
-0.671199  0.434668  0 
-0.679785  0.43551  0 
-0.687636  0.443011  0 
-0.688372  0.443473  0 
-0.696795  0.451613  0 
-0.696959  0.452798  0 

-0.121646  0.494609  0 
-0.129911  0.486022  0 
-0.129709  0.477419  0 
-0.12944  0.468817  0 
-0.128584  0.460215  0 
-0.121646  0.456325  0 
-0.121125  0.451613  0 
-0.121429  0.443011  0 
-0.120612  0.434409  0 
-0.117813  0.425806  0 
-0.113059  0.424844  0 
-0.112501  0.417204  0 
-0.112247  0.408602  0 
-0.111805  0.4  0 
-0.104472  0.392898  0 
-0.104287  0.391398  0 
-0.103874  0.382796  0 
-0.103794  0.374194  0 
-0.10313  0.365591  0 
-0.0958855  0.360196  0 
-0.095517  0.356989  0 
-0.0954675  0.348387  0 
-0.0952299  0.339785  0 
-0.0930235  0.331183  0 
-0.0872987  0.327082  0 
-0.078712  0.329244  0 
-0.0701252  0.326755  0 
-0.0700214  0.322581  0 
-0.0698693  0.313978  0 
-0.0694154  0.305376  0 
-0.0615385  0.298972  0 
-0.0529517  0.300659  0 
-0.0528523  0.296774  0 
-0.0523079  0.288172  0 
-0.0443649  0.281758  0 
-0.04393  0.27957  0 
-0.0357782  0.273457  0 
-0.0356239  0.270968  0 
-0.0328165  0.262366  0 
-0.0271914  0.259477  0 
-0.0265491  0.253763  0 
-0.0186047  0.245161  0 
-0.0100179  0.245161  0 
-0.00143113  0.245161  0 
-0.00125732  0.253763  0 
-0.00143113  0.260607  0 
-0.0100179  0.260776  0 
-0.0164981  0.262366  0 
-0.0181539  0.270968  0 
-0.0184233  0.27957  0 
-0.0186047  0.286988  0 
-0.0271914  0.286658  0 
-0.0332622  0.288172  0 
-0.0352898  0.296774  0 
-0.0355659  0.305376  0 
-0.0357307  0.313978  0 
-0.0357782  0.317475  0 
-0.0443649  0.315968  0 
-0.0524363  0.322581  0 
-0.0527235  0.331183  0 
-0.0529517  0.334346  0 
-0.0608785  0.339785  0 
-0.061521  0.348387  0 
-0.0615385  0.349453  0 
-0.0701252  0.349154  0 
-0.0780246  0.356989  0 
-0.0782648  0.365591  0 
-0.078712  0.371649  0 
-0.0838368  0.374194  0 
-0.0861432  0.382796  0 
-0.0865749  0.391398  0 
-0.0865552  0.4  0 
-0.0867404  0.408602  0 
-0.0872987  0.415239  0 
-0.0921977  0.417204  0 
-0.094661  0.425806  0 
-0.0948391  0.434409  0 
-0.0951367  0.443011  0 
-0.0953027  0.451613  0 
-0.0958855  0.455732  0 
-0.102055  0.460215  0 
-0.103683  0.468817  0 
-0.103647  0.477419  0 
-0.103839  0.486022  0 
-0.104472  0.494614  0 
-0.113059  0.494612  0 
-0.121646  0.494609  0 

-0.731306  0.528809  0 
-0.739733  0.52043  0 
-0.739893  0.517255  0 
-0.746194  0.511828  0 
-0.748416  0.503226  0 
-0.748479  0.502908  0 
-0.757016  0.494624  0 
-0.748479  0.486669  0 
-0.748288  0.486022  0 
-0.739893  0.47788  0 
-0.739319  0.477419  0 
-0.731306  0.469662  0 
-0.722719  0.469098  0 
-0.722389  0.468817  0 
-0.714132  0.460619  0 
-0.713328  0.460215  0 
-0.705546  0.452532  0 
-0.705425  0.460215  0 
-0.696959  0.467815  0 
-0.696849  0.468817  0 
-0.688372  0.477207  0 
-0.688294  0.477419  0 
-0.687588  0.486022  0 
-0.684806  0.494624  0 
-0.688372  0.495593  0 
-0.69616  0.503226  0 
-0.696959  0.503827  0 
-0.705098  0.511828  0 
-0.705546  0.5123  0 
-0.714132  0.514018  0 
-0.721565  0.52043  0 
-0.722719  0.521918  0 
-0.731306  0.528809  0 

-0.353488  0.587024  0 
-0.360697  0.580645  0 
-0.362075  0.580166  0 
-0.370642  0.572043  0 
-0.370488  0.563441  0 
-0.362075  0.555397  0 
-0.361927  0.554839  0 
-0.361316  0.546237  0 
-0.353488  0.538796  0 
-0.353246  0.537634  0 
-0.344902  0.535361  0 
-0.344516  0.537634  0 
-0.336315  0.544831  0 
-0.333258  0.546237  0 
-0.327728  0.550755  0 
-0.326205  0.554839  0 
-0.32741  0.563441  0 
-0.327728  0.564623  0 
-0.335647  0.572043  0 
-0.336095  0.580645  0 
-0.336315  0.583177  0 
-0.344902  0.589  0 
-0.353488  0.587024  0 

-0.198927  0.657786  0 
-0.207469  0.649462  0 
-0.207217  0.64086  0 
-0.206303  0.632258  0 
-0.205416  0.623656  0 
-0.198927  0.615719  0 
-0.198775  0.615054  0 
-0.19034  0.614844  0 
-0.181753  0.614961  0 
-0.173166  0.61499  0 
-0.172902  0.615054  0 
-0.166206  0.623656  0 
-0.169733  0.632258  0 
-0.17082  0.64086  0 
-0.17205  0.649462  0 
-0.173166  0.658002  0 
-0.181753  0.658014  0 
-0.19034  0.657982  0 
-0.198927  0.657786  0 

-0.465116  0.700745  0 
-0.473473  0.692473  0 
-0.473703  0.692297  0 
-0.4822  0.683871  0 
-0.48229  0.6837  0 
-0.490793  0.675269  0 
-0.489933  0.666667  0 
-0.48229  0.660143  0 
-0.481735  0.658065  0 
-0.473703  0.650352  0 
-0.473304  0.649462  0 
-0.46782  0.64086  0 
-0.465116  0.638705  0 
-0.464204  0.632258  0 
-0.465116  0.631096  0 
-0.472867  0.623656  0 
-0.473703  0.623232  0 
-0.482067  0.615054  0 
-0.48229  0.614676  0 
-0.490877  0.606533  0 
-0.499174  0.615054  0 
-0.499463  0.615552  0 
-0.507695  0.623656  0 
-0.50805  0.624394  0 
-0.51618  0.632258  0 
-0.516637  0.633684  0 
-0.524634  0.64086  0 
-0.525224  0.648165  0 
-0.53381  0.649032  0 
-0.542096  0.64086  0 
-0.542397  0.640538  0 
-0.550809  0.632258  0 
-0.550984  0.631913  0 
-0.559536  0.623656  0 
-0.559341  0.615054  0 
-0.550984  0.607251  0 
-0.550692  0.606452  0 
-0.542397  0.598349  0 
-0.542133  0.597849  0 
-0.53381  0.589624  0 
-0.533577  0.589247  0 
-0.525224  0.58095  0 
-0.516637  0.587758  0 
-0.515622  0.589247  0 
-0.50805  0.595926  0 
-0.499463  0.597603  0 
-0.499265  0.597849  0 
-0.490877  0.606393  0 
-0.490481  0.597849  0 
-0.48229  0.590488  0 
-0.481968  0.589247  0 
-0.473703  0.581198  0 
-0.473457  0.580645  0 
-0.465116  0.572398  0 
-0.464918  0.572043  0 
-0.45653  0.564368  0 
-0.45492  0.572043  0 
-0.447943  0.576945  0 
-0.439356  0.580327  0 
-0.439077  0.580645  0 
-0.430769  0.588848  0 
-0.422182  0.581717  0 
-0.422061  0.580645  0 
-0.421666  0.572043  0 
-0.413596  0.564355  0 
-0.413324  0.563441  0 
-0.405009  0.555244  0 
-0.404817  0.554839  0 
-0.396422  0.552196  0 
-0.396174  0.554839  0 
-0.387835  0.56271  0 
-0.386601  0.563441  0 
-0.379249  0.570224  0 
-0.376878  0.572043  0 
-0.378927  0.580645  0 
-0.379249  0.581518  0 
-0.387293  0.589247  0 
-0.387835  0.595874  0 
-0.391439  0.597849  0 
-0.396282  0.606452  0 
-0.387835  0.614843  0 
-0.387736  0.615054  0 
-0.379249  0.623445  0 
-0.378882  0.623656  0 
-0.370662  0.631732  0 
-0.369512  0.632258  0 
-0.370192  0.64086  0 
-0.370662  0.642036  0 
-0.378462  0.649462  0 
-0.379249  0.656118  0 
-0.382376  0.658065  0 
-0.387361  0.666667  0 
-0.387835  0.67523  0 
-0.396422  0.675054  0 
-0.404858  0.666667  0 
-0.405009  0.666539  0 
-0.413596  0.66615  0 
-0.42204  0.658065  0 
-0.421985  0.649462  0 
-0.42133  0.64086  0 
-0.413596  0.633938  0 
-0.413127  0.632258  0 
-0.405009  0.624391  0 
-0.404672  0.623656  0 
-0.404136  0.615054  0 
-0.404708  0.606452  0 
-0.405009  0.606224  0 
-0.413506  0.597849  0 
-0.413596  0.597725  0 
-0.422182  0.597039  0 
-0.430769  0.589994  0 
-0.438809  0.597849  0 
-0.439356  0.599991  0 
-0.446443  0.606452  0 
-0.447685  0.615054  0 
-0.447943  0.615822  0 
-0.456276  0.623656  0 
-0.456488  0.632258  0 
-0.447943  0.640588  0 
-0.447678  0.64086  0 
-0.439356  0.649003  0 
-0.430769  0.649333  0 
-0.430624  0.649462  0 
-0.430107  0.658065  0 
-0.430769  0.660054  0 
-0.437842  0.666667  0 
-0.438904  0.675269  0 
-0.439356  0.676359  0 
-0.447283  0.683871  0 
-0.447943  0.687034  0 
-0.455119  0.692473  0 
-0.45653  0.700972  0 
-0.465116  0.700745  0 

-0.293381  0.726742  0 
-0.30188  0.71828  0 
-0.301968  0.718214  0 
-0.310555  0.718122  0 
-0.31891  0.709677  0 
-0.315354  0.701075  0 
-0.310555  0.698293  0 
-0.309553  0.692473  0 
-0.308048  0.683871  0 
-0.301968  0.678681  0 
-0.301042  0.675269  0 
-0.300133  0.666667  0 
-0.301968  0.666474  0 
-0.310417  0.658065  0 
-0.310555  0.657971  0 
-0.319141  0.657856  0 
-0.32769  0.649462  0 
-0.327335  0.64086  0 
-0.326659  0.632258  0 
-0.319141  0.625554  0 
-0.318625  0.623656  0 
-0.317916  0.615054  0 
-0.310555  0.608173  0 
-0.301968  0.614698  0 
-0.293381  0.614924  0 
-0.293192  0.615054  0 
-0.284794  0.623375  0 
-0.281471  0.623656  0 
-0.283865  0.632258  0 
-0.284662  0.64086  0 
-0.284794  0.641346  0 
-0.292354  0.649462  0 
-0.292893  0.658065  0 
-0.29333  0.666667  0 
-0.284794  0.675007  0 
-0.276208  0.675173  0 
-0.275695  0.675269  0 
-0.267621  0.683183  0 
-0.264655  0.683871  0 
-0.266041  0.692473  0 
-0.267621  0.700622  0 
-0.268347  0.701075  0 
-0.274111  0.709677  0 
-0.275028  0.71828  0 
-0.276208  0.725942  0 
-0.284794  0.726814  0 
-0.293381  0.726742  0 

-0.465116  0.777  0 
-0.472635  0.769892  0 
-0.473703  0.769706  0 
-0.482202  0.76129  0 
-0.48229  0.761132  0 
-0.490715  0.752688  0 
-0.486652  0.744086  0 
-0.48229  0.741625  0 
-0.481307  0.735484  0 
-0.473703  0.728419  0 
-0.473093  0.726882  0 
-0.470585  0.71828  0 
-0.465116  0.713475  0 
-0.464161  0.709677  0 
-0.45653  0.702285  0 
-0.447943  0.709455  0 
-0.447735  0.709677  0 
-0.439356  0.717865  0 
-0.430769  0.718173  0 
-0.430625  0.71828  0 
-0.422182  0.72669  0 
-0.421274  0.726882  0 
-0.422182  0.729581  0 
-0.428594  0.735484  0 
-0.430012  0.744086  0 
-0.430769  0.746029  0 
-0.437976  0.752688  0 
-0.438874  0.76129  0 
-0.439356  0.762764  0 
-0.447094  0.769892  0 
-0.447943  0.77714  0 
-0.45653  0.778381  0 
-0.465116  0.777  0 

-0.542397  0.810936  0 
-0.549487  0.804301  0 
-0.550984  0.804071  0 
-0.559439  0.795699  0 
-0.559571  0.795539  0 
-0.568129  0.787097  0 
-0.567705  0.778495  0 
-0.559571  0.771105  0 
-0.559117  0.769892  0 
-0.557792  0.76129  0 
-0.550984  0.755149  0 
-0.550105  0.752688  0 
-0.542397  0.745253  0 
-0.541794  0.744086  0 
-0.534131  0.735484  0 
-0.53381  0.735228  0 
-0.525224  0.734902  0 
-0.52496  0.735484  0 
-0.516637  0.743424  0 
-0.50805  0.743973  0 
-0.507932  0.744086  0 
-0.499463  0.752523  0 
-0.499095  0.752688  0 
-0.498039  0.76129  0 
-0.49931  0.769892  0 
-0.499463  0.770193  0 
-0.50721  0.778495  0 
-0.50805  0.780653  0 
-0.515063  0.787097  0 
-0.516135  0.795699  0 
-0.516637  0.797036  0 
-0.524506  0.804301  0 
-0.525224  0.809235  0 
-0.53381  0.812795  0 
-0.542397  0.810936  0 

-0.379249  0.821367  0 
-0.387738  0.812903  0 
-0.387835  0.812839  0 
-0.396422  0.812755  0 
-0.404974  0.804301  0 
-0.404604  0.795699  0 
-0.403534  0.787097  0 
-0.396422  0.780518  0 
-0.395742  0.778495  0 
-0.394762  0.769892  0 
-0.387835  0.763419  0 
-0.386973  0.76129  0 
-0.386099  0.752688  0 
-0.387458  0.744086  0 
-0.387835  0.743974  0 
-0.396422  0.743333  0 
-0.404526  0.735484  0 
-0.405009  0.735332  0 
-0.41355  0.726882  0 
-0.413596  0.726192  0 
-0.419504  0.71828  0 
-0.413596  0.71578  0 
-0.412764  0.709677  0 
-0.405009  0.702558  0 
-0.404467  0.701075  0 
-0.403749  0.692473  0 
-0.396422  0.685597  0 
-0.395772  0.683871  0 
-0.387835  0.675644  0 
-0.379249  0.683692  0 
-0.37888  0.683871  0 
-0.370662  0.691839  0 
-0.362075  0.692351  0 
-0.361743  0.692473  0 
-0.360526  0.701075  0 
-0.361312  0.709677  0 
-0.362075  0.711754  0 
-0.369204  0.71828  0 
-0.369949  0.726882  0 
-0.370662  0.729357  0 
-0.378081  0.735484  0 
-0.379065  0.744086  0 
-0.370662  0.752562  0 
-0.370412  0.752688  0 
-0.362075  0.760816  0 
-0.353488  0.761192  0 
-0.352711  0.76129  0 
-0.344902  0.768917  0 
-0.343025  0.769892  0 
-0.344902  0.777793  0 
-0.34585  0.778495  0 
-0.351318  0.787097  0 
-0.352761  0.795699  0 
-0.353488  0.79803  0 
-0.35958  0.804301  0 
-0.360797  0.812903  0 
-0.362075  0.819736  0 
-0.370662  0.821443  0 
-0.379249  0.821367  0 

-0.2161  0.880916  0 
-0.224306  0.873118  0 
-0.224687  0.873062  0 
-0.232381  0.864516  0 
-0.231668  0.855914  0 
-0.229943  0.847312  0 
-0.224687  0.843111  0 
-0.223753  0.83871  0 
-0.22341  0.830108  0 
-0.222748  0.821505  0 
-0.220074  0.812903  0 
-0.224687  0.812055  0 
-0.232586  0.804301  0 
-0.233274  0.804156  0 
-0.24186  0.804089  0 
-0.250447  0.803857  0 
-0.259011  0.795699  0 
-0.267621  0.795671  0 
-0.276208  0.795635  0 
-0.284759  0.787097  0 
-0.293381  0.787063  0 
-0.300635  0.778495  0 
-0.293381  0.770779  0 
-0.293282  0.769892  0 
-0.291076  0.76129  0 
-0.289207  0.752688  0 
-0.284794  0.748187  0 
-0.283512  0.744086  0 
-0.281977  0.735484  0 
-0.276208  0.734956  0 
-0.267621  0.735411  0 
-0.259034  0.735443  0 
-0.258936  0.735484  0 
-0.250447  0.743948  0 
-0.24186  0.744029  0 
-0.234985  0.735484  0 
-0.233274  0.734263  0 
-0.231471  0.726882  0 
-0.228722  0.71828  0 
-0.226439  0.709677  0 
-0.224687  0.706778  0 
-0.223096  0.701075  0 
-0.2161  0.701004  0 
-0.207513  0.701045  0 
-0.198927  0.701055  0 
-0.198766  0.701075  0 
-0.19034  0.709472  0 
-0.181753  0.708958  0 
-0.173166  0.70897  0 
-0.16458  0.709009  0 
-0.155993  0.709431  0 
-0.155917  0.709677  0 
-0.155409  0.71828  0 
-0.155538  0.726882  0 
-0.155924  0.735484  0 
-0.155993  0.735985  0 
-0.163261  0.744086  0 
-0.1639  0.752688  0 
-0.16458  0.761242  0 
-0.173166  0.76123  0 
-0.181753  0.761205  0 
-0.19034  0.761131  0 
-0.198927  0.75963  0 
-0.206763  0.76129  0 
-0.206973  0.769892  0 
-0.207513  0.774376  0 
-0.21261  0.778495  0 
-0.215029  0.787097  0 
-0.215474  0.795699  0 
-0.215763  0.804301  0 
-0.207513  0.812792  0 
-0.198927  0.812828  0 
-0.198659  0.812903  0 
-0.19034  0.821126  0 
-0.181753  0.821349  0 
-0.177071  0.821505  0 
-0.179729  0.830108  0 
-0.180415  0.83871  0 
-0.180734  0.847312  0 
-0.181075  0.855914  0 
-0.181753  0.860228  0 
-0.187016  0.864516  0 
-0.188802  0.873118  0 
-0.19034  0.881672  0 
-0.198927  0.881652  0 
-0.207513  0.881598  0 
-0.2161  0.880916  0 

 0.342039  0.88999  0 
 0.334572  0.88172  0 
 0.334052  0.873118  0 
 0.333453  0.87108  0 
 0.327155  0.864516  0 
 0.325636  0.855914  0 
 0.325348  0.847312  0 
 0.324866  0.846984  0 
 0.320497  0.83871  0 
 0.316983  0.830108  0 
 0.316279  0.827585  0 
 0.311281  0.821505  0 
 0.308495  0.812903  0 
 0.308161  0.804301  0 
 0.307692  0.803075  0 
 0.300473  0.795699  0 
 0.299686  0.787097  0 
 0.300189  0.778495  0 
 0.299106  0.778449  0 
 0.291453  0.769892  0 
 0.290991  0.76129  0 
 0.290519  0.759941  0 
 0.283635  0.752688  0 
 0.282507  0.744086  0 
 0.282293  0.735484  0 
 0.281932  0.73466  0 
 0.278409  0.726882  0 
 0.273877  0.71828  0 
 0.273345  0.716618  0 
 0.267333  0.709677  0 
 0.265334  0.701075  0 
 0.265097  0.692473  0 
 0.264758  0.691603  0 
 0.257136  0.683871  0 
 0.257051  0.675269  0 
 0.256172  0.668282  0 
 0.255508  0.666667  0 
 0.248163  0.658065  0 
 0.247898  0.649462  0 
 0.247585  0.648458  0 
 0.240133  0.64086  0 
 0.239927  0.632258  0 
 0.239275  0.623656  0 
 0.238998  0.623289  0 
 0.230986  0.615054  0 
 0.230693  0.606452  0 
 0.230411  0.605025  0 
 0.225102  0.597849  0 
 0.22228  0.589247  0 
 0.222048  0.580645  0 
 0.221825  0.580225  0 
 0.213813  0.572043  0 
 0.213485  0.563441  0 
 0.213238  0.563007  0 
 0.209537  0.554839  0 
 0.204988  0.546237  0 
 0.204831  0.537634  0 
 0.204651  0.53711  0 
 0.198512  0.529032  0 
 0.19632  0.52043  0 
 0.196205  0.511828  0 
 0.196064  0.511601  0 
 0.187777  0.503226  0 
 0.187733  0.494624  0 
 0.187478  0.494204  0 
 0.179763  0.486022  0 
 0.179088  0.477419  0 
 0.179152  0.468817  0 
 0.178891  0.468645  0 
 0.170702  0.460215  0 
 0.170473  0.451613  0 
 0.170304  0.450966  0 
 0.166705  0.443011  0 
 0.16206  0.434409  0 
 0.162451  0.425806  0 
 0.161717  0.425323  0 
 0.15435  0.417204  0 
 0.154301  0.408602  0 
 0.153777  0.4  0 
 0.153131  0.399109  0 
 0.147102  0.391398  0 
 0.146563  0.382796  0 
 0.146648  0.374194  0 
 0.153131  0.372083  0 
 0.161717  0.369083  0 
 0.161752  0.365591  0 
 0.161717  0.365566  0 
 0.153341  0.356989  0 
 0.153496  0.348387  0 
 0.153131  0.347642  0 
 0.146452  0.339785  0 
 0.145666  0.331183  0 
 0.145786  0.322581  0 
 0.153131  0.316621  0 
 0.15319  0.313978  0 
 0.1533  0.305376  0 
 0.153131  0.304927  0 
 0.145786  0.296774  0 
 0.145403  0.288172  0 
 0.144972  0.27957  0 
 0.153131  0.272552  0 
 0.153153  0.270968  0 
 0.153131  0.270884  0 
 0.145427  0.262366  0 
 0.145116  0.253763  0 
 0.144544  0.248612  0 
 0.140582  0.245161  0 
 0.144544  0.243784  0 
 0.149269  0.236559  0 
 0.144865  0.227957  0 
 0.144544  0.225368  0 
 0.138131  0.219355  0 
 0.135957  0.219355  0 
 0.12737  0.210753  0 
 0.135957  0.202151  0 
 0.144544  0.202151  0 
 0.153131  0.193548  0 
 0.161717  0.184946  0 
 0.170304  0.192627  0 
 0.170491  0.193548  0 
 0.170737  0.202151  0 
 0.171015  0.210753  0 
 0.172011  0.219355  0 
 0.178891  0.227135  0 
 0.17904  0.227957  0 
 0.178891  0.234374  0 
 0.173973  0.236559  0 
 0.178891  0.243897  0 
 0.179049  0.245161  0 
 0.179705  0.253763  0 
 0.187478  0.262083  0 
 0.187611  0.262366  0 
 0.187478  0.270052  0 
 0.184452  0.270968  0 
 0.181073  0.27957  0 
 0.187478  0.287455  0 
 0.187793  0.288172  0 
 0.188225  0.296774  0 
 0.196064  0.305229  0 
 0.196185  0.305376  0 
 0.196229  0.313978  0 
 0.196064  0.317177  0 
 0.189195  0.322581  0 
 0.189798  0.331183  0 
 0.196064  0.338937  0 
 0.196777  0.339785  0 
 0.197215  0.348387  0 
 0.204651  0.35671  0 
 0.204987  0.356989  0 
 0.205082  0.365591  0 
 0.213238  0.374143  0 
 0.213297  0.374194  0 
 0.213238  0.380646  0 
 0.208444  0.382796  0 
 0.204651  0.389541  0 
 0.200151  0.391398  0 
 0.204651  0.398762  0 
 0.205986  0.4  0 
 0.207976  0.408602  0 
 0.213238  0.416967  0 
 0.213496  0.417204  0 
 0.215851  0.425806  0 
 0.221825  0.434338  0 
 0.221977  0.434409  0 
 0.223213  0.443011  0 
 0.230411  0.451576  0 
 0.230674  0.451613  0 
 0.23148  0.460215  0 
 0.238998  0.468364  0 
 0.239702  0.468817  0 
 0.241526  0.477419  0 
 0.247585  0.485266  0 
 0.248215  0.486022  0 
 0.248879  0.494624  0 
 0.256172  0.503023  0 
 0.258148  0.503226  0 
 0.25732  0.511828  0 
 0.264758  0.51962  0 
 0.26548  0.52043  0 
 0.266528  0.529032  0 
 0.273345  0.53755  0 
 0.274014  0.537634  0 
 0.274715  0.546237  0 
 0.281932  0.553881  0 
 0.282747  0.554839  0 
 0.284089  0.563441  0 
 0.290519  0.571944  0 
 0.291277  0.572043  0 
 0.292169  0.580645  0 
 0.299106  0.588002  0 
 0.29999  0.589247  0 
 0.301298  0.597849  0 
 0.307692  0.606315  0 
 0.309274  0.606452  0 
 0.309714  0.615054  0 
 0.316279  0.621967  0 
 0.317242  0.623656  0 
 0.318681  0.632258  0 
 0.324866  0.639506  0 
 0.326348  0.64086  0 
 0.330549  0.649462  0 
 0.333453  0.655757  0 
 0.334529  0.658065  0 
 0.336357  0.666667  0 
 0.342039  0.672932  0 
 0.342039  0.675269  0 
 0.342039  0.683871  0 
 0.342039  0.692473  0 
 0.342039  0.701075  0 
 0.342039  0.709677  0 
 0.342039  0.71828  0 
 0.342039  0.726882  0 
 0.342039  0.735484  0 
 0.342039  0.744086  0 
 0.342039  0.752688  0 
 0.342039  0.76129  0 
 0.342039  0.769892  0 
 0.342039  0.778495  0 
 0.342039  0.787097  0 
 0.342039  0.795699  0 
 0.342039  0.804301  0 
 0.342039  0.812903  0 
 0.342039  0.821505  0 
 0.342039  0.830108  0 
 0.342039  0.83871  0 
 0.342039  0.847312  0 
 0.342039  0.855914  0 
 0.342039  0.864516  0 
 0.342039  0.873118  0 
 0.342039  0.88172  0 
 0.342039  0.88999  0 

-0.336315  1.19123  0 
-0.344763  1.1828  0 
-0.344902  1.18276  0 
-0.353488  1.18274  0 
-0.362075  1.18268  0 
-0.370646  1.17419  0 
-0.377381  1.16559  0 
-0.375906  1.15699  0 
-0.371278  1.14839  0 
-0.370662  1.148  0 
-0.368405  1.13978  0 
-0.367298  1.13118  0 
-0.363529  1.12258  0 
-0.362075  1.12145  0 
-0.359864  1.11398  0 
-0.35886  1.10538  0 
-0.355641  1.09677  0 
-0.353488  1.09491  0 
-0.351414  1.08817  0 
-0.344902  1.08794  0 
-0.336315  1.08809  0 
-0.327728  1.08812  0 
-0.327546  1.08817  0 
-0.319141  1.09652  0 
-0.310555  1.09669  0 
-0.301968  1.09672  0 
-0.293381  1.09674  0 
-0.289463  1.08817  0 
-0.286919  1.07957  0 
-0.284794  1.07674  0 
-0.283553  1.07097  0 
-0.281401  1.06237  0 
-0.280185  1.05376  0 
-0.277278  1.04516  0 
-0.276208  1.04373  0 
-0.27441  1.03656  0 
-0.272616  1.02796  0 
-0.271198  1.01935  0 
-0.276208  1.01891  0 
-0.284413  1.01075  0 
-0.284794  1.0107  0 
-0.293381  1.01067  0 
-0.301968  1.01057  0 
-0.310445  1.00215  0 
-0.310555  1.0021  0 
-0.319141  1.00203  0 
-0.326536  0.993548  0 
-0.319141  0.985871  0 
-0.319041  0.984946  0 
-0.318014  0.976344  0 
-0.317221  0.967742  0 
-0.311569  0.95914  0 
-0.310555  0.958407  0 
-0.309426  0.950538  0 
-0.308723  0.941935  0 
-0.304508  0.933333  0 
-0.301968  0.931243  0 
-0.293381  0.931179  0 
-0.284794  0.933179  0 
-0.276208  0.933253  0 
-0.267621  0.933278  0 
-0.267438  0.933333  0 
-0.259034  0.941714  0 
-0.250447  0.941911  0 
-0.249816  0.941935  0 
-0.250447  0.944616  0 
-0.253996  0.950538  0 
-0.255738  0.95914  0 
-0.256723  0.967742  0 
-0.258929  0.976344  0 
-0.259034  0.976877  0 
-0.263168  0.984946  0 
-0.26462  0.993548  0 
-0.266015  1.00215  0 
-0.267621  1.01026  0 
-0.271206  1.01075  0 
-0.267621  1.01891  0 
-0.259034  1.01929  0 
-0.250447  1.01931  0 
-0.250228  1.01935  0 
-0.24186  1.02765  0 
-0.233274  1.02786  0 
-0.224687  1.0279  0 
-0.221557  1.02796  0 
-0.222888  1.03656  0 
-0.223393  1.04516  0 
-0.22366  1.05376  0 
-0.224687  1.06144  0 
-0.225915  1.06237  0 
-0.230664  1.07097  0 
-0.231647  1.07957  0 
-0.232082  1.08817  0 
-0.232345  1.09677  0 
-0.233274  1.10361  0 
-0.237779  1.10538  0 
-0.24186  1.11392  0 
-0.250447  1.11387  0 
-0.258945  1.10538  0 
-0.259034  1.10535  0 
-0.267621  1.10534  0 
-0.276208  1.10533  0 
-0.284794  1.10527  0 
-0.291032  1.10538  0 
-0.293254  1.11398  0 
-0.293381  1.11453  0 
-0.295947  1.12258  0 
-0.29786  1.13118  0 
-0.300107  1.13978  0 
-0.301968  1.14728  0 
-0.302528  1.14839  0 
-0.304889  1.15699  0 
-0.307017  1.16559  0 
-0.309245  1.17419  0 
-0.310555  1.18092  0 
-0.312018  1.1828  0 
-0.319141  1.19135  0 
-0.327728  1.19133  0 
-0.336315  1.19123  0 

 0.187551 -1.2  0 
 0.187537 -1.1914  0 
 0.187478 -1.18901  0 
 0.181636 -1.1828  0 
 0.179143 -1.17419  0 
 0.179024 -1.16559  0 
 0.178982 -1.15699  0 
 0.178961 -1.14839  0 
 0.178948 -1.13978  0 
 0.178939 -1.13118  0 
 0.178891 -1.13085  0 
 0.170626 -1.12258  0 
 0.170329 -1.11398  0 
 0.170318 -1.10538  0 
 0.170314 -1.09677  0 
 0.170312 -1.08817  0 
 0.170311 -1.07957  0 
 0.170304 -1.07951  0 
 0.161785 -1.07097  0 
 0.16174 -1.06237  0 
 0.161731 -1.05376  0 
 0.161727 -1.04516  0 
 0.161725 -1.03656  0 
 0.161569 -1.03656  0 
 0.153131 -1.04505  0 
 0.144544 -1.04512  0 
 0.135957 -1.04513  0 
 0.12737 -1.04514  0 
 0.118784 -1.04514  0 
 0.110197 -1.04502  0 
 0.106954 -1.03656  0 
 0.104547 -1.02796  0 
 0.103639 -1.01935  0 
 0.103166 -1.01075  0 
 0.102876 -1.00215  0 
 0.10268 -0.993548  0 
 0.102539 -0.984946  0 
 0.102432 -0.976344  0 
 0.102349 -0.967742  0 
 0.10161 -0.967628  0 
 0.0976369 -0.95914  0 
 0.0950537 -0.950538  0 
 0.0943253 -0.941935  0 
 0.0939857 -0.933333  0 
 0.0937896 -0.924731  0 
 0.093662 -0.916129  0 
 0.0935724 -0.907527  0 
 0.093506 -0.898925  0 
 0.0934422 -0.890323  0 
 0.0930233 -0.883711  0 
 0.0920961 -0.88172  0 
 0.086375 -0.873118  0 
 0.0855474 -0.864516  0 
 0.0852187 -0.855914  0 
 0.0850427 -0.847312  0 
 0.0849333 -0.83871  0 
 0.0851032 -0.830108  0 
 0.0847755 -0.821505  0 
 0.084726 -0.812903  0 
 0.0846939 -0.804301  0 
 0.0844365 -0.802165  0 
 0.0781313 -0.795699  0 
 0.0769018 -0.787097  0 
 0.0765384 -0.778495  0 
 0.0763688 -0.769892  0 
 0.0762226 -0.76129  0 
 0.0761551 -0.752688  0 
 0.0761108 -0.744086  0 
 0.0760789 -0.735484  0 
 0.0760547 -0.726882  0 
 0.0758497 -0.726703  0 
 0.0708391 -0.71828  0 
 0.0681718 -0.709677  0 
 0.0677832 -0.701075  0 
 0.06763 -0.692473  0 
 0.0675482 -0.683871  0 
 0.0675979 -0.675269  0 
 0.0674208 -0.666667  0 
 0.0673954 -0.658065  0 
 0.0673793 -0.649462  0 
 0.0673674 -0.64086  0 
 0.067263 -0.640794  0 
 0.0592611 -0.632258  0 
 0.058896 -0.623656  0 
 0.058817 -0.615054  0 
 0.0587809 -0.606452  0 
 0.0587601 -0.597849  0 
 0.0586762 -0.596998  0 
 0.0500894 -0.597185  0 
 0.0415027 -0.597597  0 
 0.0346587 -0.589247  0 
 0.033952 -0.580645  0 
 0.0333798 -0.572043  0 
 0.0329159 -0.572012  0 
 0.0264107 -0.563441  0 
 0.0257804 -0.554839  0 
 0.0255925 -0.546237  0 
 0.0254576 -0.537634  0 
 0.0250734 -0.529032  0 
 0.0249737 -0.52043  0 
 0.0249168 -0.511828  0 
 0.0248638 -0.503226  0 
 0.0247758 -0.494624  0 
 0.0247409 -0.486022  0 
 0.0247748 -0.477419  0 
 0.0247181 -0.468817  0 
 0.0244826 -0.460215  0 
 0.0243292 -0.459554  0 
 0.0214851 -0.451613  0 
 0.0187791 -0.443011  0 
 0.0218771 -0.434409  0 
 0.0218225 -0.425806  0 
 0.0243292 -0.425543  0 
 0.0329159 -0.423946  0 
 0.0415027 -0.421589  0 
 0.0415321 -0.417204  0 
 0.0415999 -0.408602  0 
 0.0416938 -0.4  0 
 0.0415027 -0.397878  0 
 0.0372989 -0.391398  0 
 0.0350207 -0.382796  0 
 0.0345537 -0.374194  0 
 0.0415027 -0.366591  0 
 0.0418886 -0.365591  0 
 0.0500894 -0.364479  0 
 0.0502965 -0.356989  0 
 0.050382 -0.348387  0 
 0.0505478 -0.339785  0 
 0.050818 -0.331183  0 
 0.0525612 -0.322581  0 
 0.0586762 -0.32139  0 
 0.0596642 -0.313978  0 
 0.0592766 -0.305376  0 
 0.0593998 -0.296774  0 
 0.0603987 -0.288172  0 
 0.067263 -0.285755  0 
 0.0677817 -0.27957  0 
 0.0677632 -0.270968  0 
 0.0679836 -0.262366  0 
 0.0728687 -0.253763  0 
 0.0758497 -0.253493  0 
 0.0761074 -0.245161  0 
 0.0844365 -0.245161  0 
 0.0930233 -0.236559  0 
 0.0930233 -0.227957  0 
 0.0987975 -0.236559  0 
 0.0937094 -0.245161  0 
 0.0934948 -0.253763  0 
 0.0936828 -0.262366  0 
 0.0930233 -0.269628  0 
 0.0874565 -0.270968  0 
 0.0859567 -0.27957  0 
 0.0930233 -0.286767  0 
 0.0932818 -0.288172  0 
 0.093143 -0.296774  0 
 0.0930233 -0.302732  0 
 0.0848605 -0.305376  0 
 0.0847727 -0.313978  0 
 0.0848387 -0.322581  0 
 0.084706 -0.331183  0 
 0.0845997 -0.339785  0 
 0.0844365 -0.345861  0 
 0.0766353 -0.348387  0 
 0.0765256 -0.356989  0 
 0.0763076 -0.365591  0 
 0.0762592 -0.374194  0 
 0.0760809 -0.382796  0 
 0.076256 -0.391398  0 
 0.0758497 -0.398839  0 
 0.067263 -0.399532  0 
 0.0621149 -0.4  0 
 0.0627433 -0.408602  0 
 0.0612804 -0.417204  0 
 0.067263 -0.423832  0 
 0.0677813 -0.425806  0 
 0.067563 -0.434409  0 
 0.067635 -0.443011  0 
 0.0678989 -0.451613  0 
 0.0677056 -0.460215  0 
 0.0681135 -0.468817  0 
 0.0727489 -0.477419  0 
 0.0758497 -0.48081  0 
 0.0760558 -0.486022  0 
 0.0761246 -0.494624  0 
 0.076157 -0.503226  0 
 0.0762764 -0.511828  0 
 0.076594 -0.52043  0 
 0.0800675 -0.529032  0 
 0.0844365 -0.535281  0 
 0.0846973 -0.537634  0 
 0.0847554 -0.546237  0 
 0.0849201 -0.554839  0 
 0.0850141 -0.563441  0 
 0.0853301 -0.572043  0 
 0.0865438 -0.580645  0 
 0.0930233 -0.588331  0 
 0.0935075 -0.589247  0 
 0.0934834 -0.597849  0 
 0.0935884 -0.606452  0 
 0.093773 -0.615054  0 
 0.0942105 -0.623656  0 
 0.0956709 -0.632258  0 
 0.10161 -0.638664  0 
 0.102049 -0.64086  0 
 0.102252 -0.649462  0 
 0.102406 -0.658065  0 
 0.102769 -0.666667  0 
 0.103722 -0.675269  0 
 0.105319 -0.683871  0 
 0.110197 -0.690558  0 
 0.110601 -0.692473  0 
 0.111268 -0.701075  0 
 0.111571 -0.709677  0 
 0.118406 -0.71828  0 
 0.118784 -0.722859  0 
 0.119545 -0.726882  0 
 0.121024 -0.735484  0 
 0.122517 -0.744086  0 
 0.123844 -0.752688  0 
 0.125236 -0.76129  0 
 0.12737 -0.768269  0 
 0.135957 -0.768948  0 
 0.144544 -0.768764  0 
 0.153131 -0.768072  0 
 0.161678 -0.76129  0 
 0.161764 -0.769892  0 
 0.161781 -0.778495  0 
 0.161817 -0.787097  0 
 0.161969 -0.795699  0 
 0.170304 -0.804125  0 
 0.170352 -0.804301  0 
 0.170381 -0.812903  0 
 0.170446 -0.821505  0 
 0.170546 -0.830108  0 
 0.171248 -0.83871  0 
 0.178891 -0.846446  0 
 0.178985 -0.847312  0 
 0.179014 -0.855914  0 
 0.179076 -0.864516  0 
 0.179287 -0.873118  0 
 0.187478 -0.881717  0 
 0.187527 -0.88172  0 
 0.187617 -0.890323  0 
 0.187663 -0.898925  0 
 0.187764 -0.907527  0 
 0.188146 -0.916129  0 
 0.196064 -0.924172  0 
 0.196195 -0.924731  0 
 0.196235 -0.933333  0 
 0.19633 -0.941935  0 
 0.196488 -0.950538  0 
 0.197467 -0.95914  0 
 0.204651 -0.966357  0 
 0.204817 -0.967742  0 
 0.204865 -0.976344  0 
 0.20496 -0.984946  0 
 0.205227 -0.993548  0 
 0.210166 -1.00215  0 
 0.213238 -1.00598  0 
 0.213441 -1.01075  0 
 0.213551 -1.01935  0 
 0.213647 -1.02796  0 
 0.214132 -1.03656  0 
 0.221825 -1.04428  0 
 0.222009 -1.04516  0 
 0.222057 -1.05376  0 
 0.222143 -1.06237  0 
 0.222345 -1.07097  0 
 0.22335 -1.07957  0 
 0.230411 -1.08693  0 
 0.230627 -1.08817  0 
 0.230701 -1.09677  0 
 0.230911 -1.10538  0 
 0.231123 -1.11398  0 
 0.234614 -1.12258  0 
 0.238998 -1.12699  0 
 0.239242 -1.13118  0 
 0.23932 -1.13978  0 
 0.23948 -1.14839  0 
 0.239997 -1.15699  0 
 0.247585 -1.16469  0 
 0.247807 -1.16559  0 
 0.247867 -1.17419  0 
 0.247975 -1.1828  0 
 0.248233 -1.1914  0 
 0.24957 -1.2  0 

-0.00126937 -1.2  0 
-0.00127057 -1.1914  0 
-0.00127177 -1.1828  0 
-0.00127297 -1.17419  0 
-0.00127416 -1.16559  0 
-0.00127535 -1.15699  0 
-0.00127654 -1.14839  0 
-0.00127773 -1.13978  0 
-0.00127659 -1.13118  0 
-0.00127831 -1.12258  0 
-0.00127961 -1.11398  0 
-0.00128085 -1.10538  0 
-0.00128208 -1.09677  0 
-0.00128329 -1.08817  0 
-0.0012845 -1.07957  0 
-0.0012857 -1.07097  0 
-0.00128691 -1.06237  0 
-0.00128811 -1.05376  0 
-0.00129064 -1.04516  0 
-0.00129252 -1.03656  0 
-0.00129382 -1.02796  0 
-0.00129505 -1.01935  0 
-0.00129625 -1.01075  0 
-0.00129745 -1.00215  0 
-0.00129864 -0.993548  0 
-0.00129982 -0.984946  0 
-0.00130101 -0.976344  0 
-0.00131211 -0.967742  0 
-0.00131427 -0.95914  0 
-0.00131549 -0.950538  0 
-0.00131662 -0.941935  0 
-0.00131773 -0.933333  0 
-0.00131882 -0.924731  0 
-0.00131991 -0.916129  0 
-0.001321 -0.907527  0 
-0.0013476 -0.898925  0 
-0.00135293 -0.890323  0 
-0.00135395 -0.88172  0 
-0.00135481 -0.873118  0 
-0.00135563 -0.864516  0 
-0.00135643 -0.855914  0 
-0.00135722 -0.847312  0 
-0.00135801 -0.83871  0 
-0.00143113 -0.836897  0 
-0.0100179 -0.836831  0 
-0.0186047 -0.836696  0 
-0.0271914 -0.836394  0 
-0.0357782 -0.835061  0 
-0.0394174 -0.830108  0 
-0.0399181 -0.821505  0 
-0.0398371 -0.812903  0 
-0.0396502 -0.804301  0 
-0.0393982 -0.795699  0 
-0.0390827 -0.787097  0 
-0.0386922 -0.778495  0 
-0.0438321 -0.769892  0 
-0.0437729 -0.76129  0 
-0.0437106 -0.752688  0 
-0.0436336 -0.744086  0 
-0.0435323 -0.735484  0 
-0.0433913 -0.726882  0 
-0.0435396 -0.71828  0 
-0.0432673 -0.709677  0 
-0.042759 -0.701075  0 
-0.0412692 -0.692473  0 
-0.0357782 -0.687282  0 
-0.0356269 -0.683871  0 
-0.0356164 -0.675269  0 
-0.0356018 -0.666667  0 
-0.0355937 -0.658065  0 
-0.0355859 -0.649462  0 
-0.0355774 -0.64086  0 
-0.0356406 -0.632258  0 
-0.0356273 -0.623656  0 
-0.0356171 -0.615054  0 
-0.035606 -0.606452  0 
-0.0357136 -0.597849  0 
-0.0357023 -0.589247  0 
-0.035694 -0.580645  0 
-0.0356836 -0.572043  0 
-0.0357782 -0.57121  0 
-0.0443649 -0.570397  0 
-0.0519544 -0.563441  0 
-0.0529517 -0.563256  0 
-0.0615385 -0.562474  0 
-0.0701252 -0.562108  0 
-0.078712 -0.559099  0 
-0.080117 -0.554839  0 
-0.079211 -0.546237  0 
-0.078712 -0.544098  0 
-0.0780181 -0.537634  0 
-0.0701252 -0.537597  0 
-0.0615385 -0.537607  0 
-0.060235 -0.529032  0 
-0.0590964 -0.52043  0 
-0.0558144 -0.511828  0 
-0.0529517 -0.511645  0 
-0.0523472 -0.503226  0 
-0.0519326 -0.494624  0 
-0.051812 -0.486022  0 
-0.0520177 -0.477419  0 
-0.0515818 -0.468817  0 
-0.0513078 -0.460215  0 
-0.0514818 -0.451613  0 
-0.0508215 -0.443011  0 
-0.0499762 -0.434409  0 
-0.0443649 -0.431211  0 
-0.0441108 -0.425806  0 
-0.0436067 -0.417204  0 
-0.0426299 -0.408602  0 
-0.0357782 -0.406813  0 
-0.0271914 -0.407061  0 
-0.0270645 -0.4  0 
-0.0269131 -0.391398  0 
-0.0264324 -0.382796  0 
-0.025854 -0.374194  0 
-0.0197563 -0.365591  0 
-0.0186047 -0.36527  0 
-0.0100179 -0.357561  0 
-0.00143113 -0.35726  0 
-0.00142933 -0.356989  0 
-0.00131763 -0.348387  0 
-0.00120987 -0.339785  0 
-0.00104017 -0.331183  0 
-0.000402864 -0.322581  0 
 0.00715564 -0.319609  0 
 0.0157424 -0.319024  0 
 0.0158134 -0.313978  0 
 0.0159457 -0.305376  0 
 0.0159505 -0.296774  0 
 0.0165759 -0.288172  0 
 0.0243292 -0.286143  0 
 0.0245375 -0.27957  0 
 0.0247608 -0.270968  0 
 0.0253124 -0.262366  0 
 0.0329159 -0.258331  0 
 0.0332577 -0.253763  0 
 0.0415027 -0.245161  0 
 0.0500894 -0.253763  0 
 0.0505991 -0.253763  0 
 0.0504003 -0.262366  0 
 0.0500894 -0.270101  0 
 0.0444472 -0.270968  0 
 0.0420995 -0.27957  0 
 0.0418502 -0.288172  0 
 0.0416552 -0.296774  0 
 0.0415027 -0.302046  0 
 0.0333119 -0.305376  0 
 0.0333148 -0.313978  0 
 0.0331419 -0.322581  0 
 0.0330078 -0.331183  0 
 0.0329159 -0.337679  0 
 0.0243292 -0.338819  0 
 0.0182514 -0.339785  0 
 0.0164389 -0.348387  0 
 0.0161583 -0.356989  0 
 0.0159851 -0.365591  0 
 0.0158382 -0.374194  0 
 0.0157693 -0.382796  0 
 0.0157424 -0.385734  0 
 0.00715564 -0.386562  0 
-0.000742766 -0.391398  0 
-0.000909539 -0.4  0 
-0.00115148 -0.408602  0 
-0.00118588 -0.417204  0 
-0.00129798 -0.425806  0 
-0.00130419 -0.434409  0 
-0.00138181 -0.443011  0 
-0.0013816 -0.451613  0 
-0.00140673 -0.460215  0 
-0.00140598 -0.468817  0 
-0.00140427 -0.477419  0 
-0.00138651 -0.486022  0 
-0.00138517 -0.494624  0 
-0.00138159 -0.503226  0 
-0.00134019 -0.511828  0 
-0.00133816 -0.52043  0 
-0.00133491 -0.529032  0 
-0.00128307 -0.537634  0 
-0.00128033 -0.546237  0 
-0.00127717 -0.554839  0 
-0.00126952 -0.563441  0 
-0.00121497 -0.572043  0 
-0.00121128 -0.580645  0 
-0.00120714 -0.589247  0 
-0.0011977 -0.597849  0 
-0.0011284 -0.606452  0 
-0.00112364 -0.615054  0 
-0.00111855 -0.623656  0 
-0.0011117 -0.632258  0 
-0.000966728 -0.64086  0 
-0.000959899 -0.649462  0 
-0.000952812 -0.658065  0 
-0.00094498 -0.666667  0 
-0.000932565 -0.675269  0 
 0.000396705 -0.683871  0 
 0.000425302 -0.692473  0 
 0.000457186 -0.701075  0 
 0.000497362 -0.709677  0 
 0.000571452 -0.71828  0 
 0.00715564 -0.726512  0 
 0.0157424 -0.726489  0 
 0.0243292 -0.726498  0 
 0.0329159 -0.726492  0 
 0.0330322 -0.726882  0 
 0.0330502 -0.735484  0 
 0.0330749 -0.744086  0 
 0.033111 -0.752688  0 
 0.0331686 -0.76129  0 
 0.033279 -0.769892  0 
 0.0339109 -0.778495  0 
 0.0358403 -0.787097  0 
 0.0415027 -0.792739  0 
 0.0416057 -0.795699  0 
 0.041612 -0.804301  0 
 0.0416193 -0.812903  0 
 0.0416285 -0.821505  0 
 0.0416459 -0.830108  0 
 0.0416758 -0.83871  0 
 0.0416898 -0.847312  0 
 0.0417063 -0.855914  0 
 0.0417262 -0.864516  0 
 0.0417506 -0.873118  0 
 0.0417819 -0.88172  0 
 0.0418271 -0.890323  0 
 0.0418994 -0.898925  0 
 0.0419713 -0.907527  0 
 0.0420749 -0.916129  0 
 0.0422372 -0.924731  0 
 0.0425274 -0.933333  0 
 0.0431938 -0.941935  0 
 0.0462837 -0.950538  0 
 0.0500894 -0.955342  0 
 0.0502656 -0.95914  0 
 0.0503578 -0.967742  0 
 0.0502914 -0.976344  0 
 0.0503046 -0.984946  0 
 0.0503196 -0.993548  0 
 0.0503369 -1.00215  0 
 0.0503571 -1.01075  0 
 0.0503813 -1.01935  0 
 0.050411 -1.02796  0 
 0.050451 -1.03656  0 
 0.0505679 -1.04516  0 
 0.0505612 -1.05376  0 
 0.0506331 -1.06237  0 
 0.0507309 -1.07097  0 
 0.0508715 -1.07957  0 
 0.0510907 -1.08817  0 
 0.0514802 -1.09677  0 
 0.0523614 -1.10538  0 
 0.0562263 -1.11398  0 
 0.0586762 -1.11727  0 
 0.0589099 -1.12258  0 
 0.0589651 -1.13118  0 
 0.0589598 -1.13978  0 
 0.0589781 -1.14839  0 
 0.058999 -1.15699  0 
 0.0590229 -1.16559  0 
 0.0590508 -1.17419  0 
 0.0590836 -1.1828  0 
 0.0591228 -1.1914  0 
 0.0591707 -1.2  0 

-0.190273 -1.2  0 
-0.19026 -1.1914  0 
-0.190242 -1.1828  0 
-0.190213 -1.17419  0 
-0.190157 -1.16559  0 
-0.19 -1.15699  0 
-0.186358 -1.14839  0 
-0.181753 -1.14434  0 
-0.181678 -1.13978  0 
-0.181663 -1.13118  0 
-0.18164 -1.12258  0 
-0.181594 -1.11398  0 
-0.181461 -1.10538  0 
-0.180718 -1.09677  0 
-0.173166 -1.08974  0 
-0.173085 -1.08817  0 
-0.17307 -1.07957  0 
-0.173047 -1.07097  0 
-0.173008 -1.06237  0 
-0.172922 -1.05376  0 
-0.172591 -1.04516  0 
-0.16458 -1.0373  0 
-0.164565 -1.03656  0 
-0.164542 -1.02796  0 
-0.164531 -1.01935  0 
-0.164515 -1.01075  0 
-0.164485 -1.00215  0 
-0.164395 -0.993548  0 
-0.155993 -0.985151  0 
-0.155967 -0.984946  0 
-0.155954 -0.976344  0 
-0.155947 -0.967742  0 
-0.155935 -0.95914  0 
-0.147406 -0.950991  0 
-0.138819 -0.954687  0 
-0.130233 -0.956253  0 
-0.121646 -0.957534  0 
-0.113059 -0.958671  0 
-0.109587 -0.95914  0 
-0.104472 -0.959996  0 
-0.104385 -0.967742  0 
-0.104394 -0.976344  0 
-0.104402 -0.984946  0 
-0.104408 -0.993548  0 
-0.104472 -0.994332  0 
-0.112502 -1.00215  0 
-0.112783 -1.01075  0 
-0.112874 -1.01935  0 
-0.11292 -1.02796  0 
-0.112954 -1.03656  0 
-0.112944 -1.04516  0 
-0.112958 -1.05376  0 
-0.112969 -1.06237  0 
-0.112977 -1.07097  0 
-0.113059 -1.07286  0 
-0.120193 -1.07957  0 
-0.121193 -1.08817  0 
-0.121373 -1.09677  0 
-0.121449 -1.10538  0 
-0.121493 -1.11398  0 
-0.121527 -1.12258  0 
-0.121533 -1.13118  0 
-0.121546 -1.13978  0 
-0.121556 -1.14839  0 
-0.121564 -1.15699  0 
-0.121646 -1.15793  0 
-0.129509 -1.16559  0 
-0.129874 -1.17419  0 
-0.129991 -1.1828  0 
-0.130049 -1.1914  0 
-0.130084 -1.2  0 

-0.315782 -1.2  0 
-0.310555 -1.19697  0 
-0.301968 -1.19986  0 
-0.293381 -1.19993  0 
-0.284794 -1.19995  0 
-0.276208 -1.19997  0 
-0.276085 -1.2  0 

-0.462663 -1.2  0 
-0.45653 -1.19277  0 
-0.456086 -1.1914  0 
-0.454861 -1.1828  0 
-0.452935 -1.17419  0 
-0.447943 -1.16964  0 
-0.446669 -1.16559  0 
-0.445864 -1.15699  0 
-0.439356 -1.15618  0 
-0.430769 -1.1569  0 
-0.422182 -1.15694  0 
-0.422087 -1.15699  0 
-0.413596 -1.16545  0 
-0.405009 -1.16552  0 
-0.40323 -1.16559  0 
-0.396422 -1.17212  0 
-0.387835 -1.17407  0 
-0.379249 -1.17418  0 
-0.377381 -1.16559  0 
-0.375905 -1.15699  0 
-0.371278 -1.14839  0 
-0.370662 -1.148  0 
-0.368405 -1.13978  0 
-0.367298 -1.13118  0 
-0.363528 -1.12258  0 
-0.362075 -1.12145  0 
-0.359864 -1.11398  0 
-0.358859 -1.10538  0 
-0.355641 -1.09677  0 
-0.353488 -1.09491  0 
-0.351414 -1.08817  0 
-0.344902 -1.08794  0 
-0.336315 -1.08809  0 
-0.327728 -1.08812  0 
-0.327546 -1.08817  0 
-0.319141 -1.09652  0 
-0.310555 -1.09669  0 
-0.301968 -1.09672  0 
-0.293381 -1.09674  0 
-0.289463 -1.08817  0 
-0.286919 -1.07957  0 
-0.284794 -1.07674  0 
-0.283553 -1.07097  0 
-0.281401 -1.06237  0 
-0.280185 -1.05376  0 
-0.277278 -1.04516  0 
-0.276208 -1.04373  0 
-0.27441 -1.03656  0 
-0.272616 -1.02796  0 
-0.271198 -1.01935  0 
-0.267621 -1.01891  0 
-0.259034 -1.01929  0 
-0.250447 -1.01931  0 
-0.250228 -1.01935  0 
-0.24186 -1.02765  0 
-0.233274 -1.02786  0 
-0.224687 -1.0279  0 
-0.221557 -1.02796  0 
-0.222888 -1.03656  0 
-0.223393 -1.04516  0 
-0.22366 -1.05376  0 
-0.224687 -1.06144  0 
-0.225916 -1.06237  0 
-0.230664 -1.07097  0 
-0.231647 -1.07957  0 
-0.232082 -1.08817  0 
-0.232345 -1.09677  0 
-0.233274 -1.10361  0 
-0.23778 -1.10538  0 
-0.24186 -1.11392  0 
-0.250447 -1.11387  0 
-0.258945 -1.10538  0 
-0.259034 -1.10535  0 
-0.267621 -1.10534  0 
-0.276208 -1.10533  0 
-0.284794 -1.10527  0 
-0.291031 -1.10538  0 
-0.293254 -1.11398  0 
-0.293381 -1.11453  0 
-0.295946 -1.12258  0 
-0.29786 -1.13118  0 
-0.300107 -1.13978  0 
-0.301968 -1.14728  0 
-0.302528 -1.14839  0 
-0.304889 -1.15699  0 
-0.307016 -1.16559  0 
-0.309245 -1.17419  0 
-0.310555 -1.18092  0 
-0.312018 -1.1828  0 
-0.319141 -1.19135  0 
-0.327728 -1.19133  0 
-0.336315 -1.19123  0 
-0.344763 -1.1828  0 
-0.344902 -1.18276  0 
-0.353488 -1.18274  0 
-0.362075 -1.18268  0 
-0.370646 -1.17419  0 
-0.377396 -1.17419  0 
-0.379249 -1.17652  0 
-0.382935 -1.1828  0 
-0.384629 -1.1914  0 
-0.386897 -1.2  0 

-0.691724 -1.2  0 
-0.688372 -1.19705  0 
-0.685499 -1.1914  0 
-0.680745 -1.1828  0 
-0.679785 -1.18197  0 
-0.676388 -1.17419  0 
-0.671199 -1.16743  0 
-0.67024 -1.16559  0 
-0.662612 -1.16545  0 
-0.662515 -1.16559  0 
-0.654025 -1.17394  0 
-0.645438 -1.17413  0 
-0.645336 -1.17419  0 
-0.636852 -1.18265  0 
-0.628265 -1.18275  0 
-0.628172 -1.1828  0 
-0.619678 -1.19129  0 
-0.611091 -1.19135  0 
-0.610778 -1.1914  0 
-0.602504 -1.19971  0 
-0.601592 -1.1914  0 
-0.596789 -1.1828  0 
-0.593918 -1.17918  0 
-0.592118 -1.17419  0 
-0.587752 -1.16559  0 
-0.585331 -1.16168  0 
-0.583341 -1.15699  0 
-0.579045 -1.14839  0 
-0.576744 -1.14449  0 
-0.574628 -1.13978  0 
-0.570383 -1.13118  0 
-0.568157 -1.12739  0 
-0.565934 -1.12258  0 
-0.561735 -1.11398  0 
-0.559571 -1.11031  0 
-0.557249 -1.10538  0 
-0.550984 -1.10531  0 
-0.549394 -1.10538  0 
-0.542397 -1.11052  0 
-0.53381 -1.11393  0 
-0.525224 -1.11395  0 
-0.525183 -1.11398  0 
-0.516637 -1.12253  0 
-0.50805 -1.12255  0 
-0.507998 -1.12258  0 
-0.499463 -1.13089  0 
-0.490877 -1.13107  0 
-0.490656 -1.13118  0 
-0.48229 -1.13939  0 
-0.473703 -1.13965  0 
-0.471994 -1.13978  0 
-0.465116 -1.1463  0 
-0.45653 -1.14821  0 
-0.447943 -1.14829  0 
-0.439356 -1.14694  0 
-0.438684 -1.13978  0 
-0.437939 -1.13118  0 
-0.430769 -1.12441  0 
-0.430282 -1.12258  0 
-0.429808 -1.11398  0 
-0.428344 -1.10538  0 
-0.422182 -1.09976  0 
-0.421456 -1.09677  0 
-0.420924 -1.08817  0 
-0.415435 -1.07957  0 
-0.413596 -1.07803  0 
-0.412734 -1.07097  0 
-0.411785 -1.06237  0 
-0.405009 -1.05771  0 
-0.404949 -1.06237  0 
-0.396422 -1.07061  0 
-0.387835 -1.07086  0 
-0.379249 -1.07091  0 
-0.379084 -1.07097  0 
-0.370662 -1.07936  0 
-0.362075 -1.07948  0 
-0.353488 -1.07951  0 
-0.349767 -1.07097  0 
-0.344902 -1.0678  0 
-0.343703 -1.06237  0 
-0.342843 -1.05376  0 
-0.341061 -1.04516  0 
-0.336315 -1.04041  0 
-0.335264 -1.03656  0 
-0.334299 -1.02796  0 
-0.332739 -1.01935  0 
-0.327728 -1.01367  0 
-0.326892 -1.01075  0 
-0.325799 -1.00215  0 
-0.319141 -1.00203  0 
-0.310555 -1.0021  0 
-0.310445 -1.00215  0 
-0.301968 -1.01057  0 
-0.293381 -1.01067  0 
-0.284794 -1.0107  0 
-0.284413 -1.01075  0 
-0.276208 -1.01891  0 
-0.271206 -1.01075  0 
-0.267621 -1.01026  0 
-0.266015 -1.00215  0 
-0.26462 -0.993548  0 
-0.263168 -0.984946  0 
-0.259034 -0.976877  0 
-0.258929 -0.976344  0 
-0.256723 -0.967742  0 
-0.255738 -0.95914  0 
-0.253995 -0.950538  0 
-0.250447 -0.944616  0 
-0.249816 -0.941935  0 
-0.24186 -0.941876  0 
-0.233274 -0.941896  0 
-0.233177 -0.941935  0 
-0.224687 -0.950391  0 
-0.2161 -0.950463  0 
-0.207513 -0.950486  0 
-0.198927 -0.950476  0 
-0.198564 -0.950538  0 
-0.19034 -0.958394  0 
-0.181753 -0.958808  0 
-0.173166 -0.958907  0 
-0.16458 -0.958953  0 
-0.155993 -0.958981  0 
-0.148554 -0.950538  0 
-0.148065 -0.941935  0 
-0.147406 -0.941413  0 
-0.146425 -0.933333  0 
-0.145946 -0.924731  0 
-0.145712 -0.916129  0 
-0.145322 -0.907527  0 
-0.144604 -0.898925  0 
-0.142906 -0.890323  0 
-0.145827 -0.88172  0 
-0.138819 -0.876709  0 
-0.138619 -0.873118  0 
-0.138581 -0.864516  0 
-0.138528 -0.855914  0 
-0.138442 -0.847312  0 
-0.138264 -0.83871  0 
-0.137687 -0.830108  0 
-0.130233 -0.829557  0 
-0.130157 -0.821505  0 
-0.130132 -0.812903  0 
-0.130109 -0.804301  0 
-0.130075 -0.795699  0 
-0.130012 -0.787097  0 
-0.129846 -0.778495  0 
-0.128029 -0.769892  0 
-0.121646 -0.769834  0 
-0.121466 -0.76129  0 
-0.121419 -0.752688  0 
-0.121361 -0.744086  0 
-0.121261 -0.735484  0 
-0.121032 -0.726882  0 
-0.119866 -0.71828  0 
-0.113059 -0.716629  0 
-0.113038 -0.709677  0 
-0.113034 -0.701075  0 
-0.113029 -0.692473  0 
-0.11302 -0.683871  0 
-0.113002 -0.675269  0 
-0.112748 -0.666667  0 
-0.104472 -0.659221  0 
-0.104412 -0.658065  0 
-0.104401 -0.649462  0 
-0.104387 -0.64086  0 
-0.104364 -0.632258  0 
-0.0958855 -0.631683  0 
-0.0872987 -0.631869  0 
-0.0852828 -0.632258  0 
-0.078712 -0.638213  0 
-0.0701252 -0.639545  0 
-0.0700015 -0.64086  0 
-0.0700143 -0.649462  0 
-0.0700247 -0.658065  0 
-0.0700349 -0.666667  0 
-0.0701252 -0.670696  0 
-0.0783764 -0.675269  0 
-0.0782048 -0.683871  0 
-0.0783663 -0.692473  0 
-0.0784464 -0.701075  0 
-0.0784969 -0.709677  0 
-0.0785452 -0.71828  0 
-0.0784999 -0.726882  0 
-0.0785205 -0.735484  0 
-0.0785369 -0.744086  0 
-0.078712 -0.748506  0 
-0.0841252 -0.752688  0 
-0.0863873 -0.76129  0 
-0.0868123 -0.769892  0 
-0.0868225 -0.778495  0 
-0.086918 -0.787097  0 
-0.0869787 -0.795699  0 
-0.0870211 -0.804301  0 
-0.0870538 -0.812903  0 
-0.0870835 -0.821505  0 
-0.0871585 -0.830108  0 
-0.0872987 -0.838598  0 
-0.0914393 -0.83871  0 
-0.0937927 -0.847312  0 
-0.0944869 -0.855914  0 
-0.094821 -0.864516  0 
-0.0950204 -0.873118  0 
-0.0951596 -0.88172  0 
-0.0953014 -0.890323  0 
-0.0872987 -0.898618  0 
-0.078712 -0.898687  0 
-0.0701252 -0.898717  0 
-0.0615385 -0.898736  0 
-0.0529517 -0.898749  0 
-0.0528025 -0.898925  0 
-0.0528209 -0.907527  0 
-0.0528348 -0.916129  0 
-0.0528457 -0.924731  0 
-0.0528544 -0.933333  0 
-0.0528618 -0.941935  0 
-0.0528682 -0.950538  0 
-0.0528745 -0.95914  0 
-0.0528935 -0.967742  0 
-0.0528516 -0.976344  0 
-0.0528562 -0.984946  0 
-0.0528603 -0.993548  0 
-0.052864 -1.00215  0 
-0.0528865 -1.01075  0 
-0.0529517 -1.01234  0 
-0.0601847 -1.01935  0 
-0.0608495 -1.02796  0 
-0.0610783 -1.03656  0 
-0.0612491 -1.04516  0 
-0.0612249 -1.05376  0 
-0.0612725 -1.06237  0 
-0.0613065 -1.07097  0 
-0.061332 -1.07957  0 
-0.061352 -1.08817  0 
-0.0613681 -1.09677  0 
-0.0613816 -1.10538  0 
-0.0613932 -1.11398  0 
-0.0614044 -1.12258  0 
-0.0614267 -1.13118  0 
-0.0614173 -1.13978  0 
-0.0614232 -1.14839  0 
-0.0614283 -1.15699  0 
-0.061433 -1.16559  0 
-0.0614371 -1.17419  0 
-0.0615385 -1.17643  0 
-0.0683784 -1.1828  0 
-0.0692557 -1.1914  0 
-0.0695417 -1.2  0 

-0.8 -1.07916  0 
-0.791413 -1.0795  0 
-0.782826 -1.07841  0 
-0.781072 -1.07097  0 
-0.77424 -1.06541  0 
-0.772999 -1.06237  0 
-0.765653 -1.05556  0 
-0.764694 -1.05376  0 
-0.762055 -1.04516  0 
-0.757066 -1.04076  0 
-0.755305 -1.03656  0 
-0.748479 -1.03006  0 
-0.747287 -1.02796  0 
-0.739893 -1.01985  0 
-0.739584 -1.01935  0 
-0.737231 -1.01075  0 
-0.731306 -1.00512  0 
-0.729795 -1.00215  0 
-0.731165 -0.993548  0 
-0.731306 -0.993445  0 
-0.73981 -0.984946  0 
-0.739893 -0.984867  0 
-0.748479 -0.984506  0 
-0.756759 -0.976344  0 
-0.757066 -0.976142  0 
-0.765544 -0.967742  0 
-0.765653 -0.967567  0 
-0.774222 -0.95914  0 
-0.77343 -0.950538  0 
-0.765653 -0.944155  0 
-0.76481 -0.941935  0 
-0.757066 -0.934696  0 
-0.756345 -0.933333  0 
-0.748479 -0.925273  0 
-0.748152 -0.924731  0 
-0.745741 -0.916129  0 
-0.739893 -0.910746  0 
-0.738398 -0.907527  0 
-0.731306 -0.900691  0 
-0.730264 -0.898925  0 
-0.722719 -0.891539  0 
-0.721913 -0.890323  0 
-0.721991 -0.88172  0 
-0.722719 -0.881423  0 
-0.731073 -0.873118  0 
-0.731306 -0.872923  0 
-0.739754 -0.864516  0 
-0.739893 -0.864357  0 
-0.748387 -0.855914  0 
-0.748479 -0.85575  0 
-0.757025 -0.847312  0 
-0.756743 -0.83871  0 
-0.748479 -0.831095  0 
-0.748041 -0.830108  0 
-0.739893 -0.822231  0 
-0.739457 -0.821505  0 
-0.733525 -0.812903  0 
-0.731306 -0.81114  0 
-0.728816 -0.804301  0 
-0.722719 -0.798631  0 
-0.721148 -0.795699  0 
-0.714132 -0.788937  0 
-0.712978 -0.787097  0 
-0.705546 -0.779828  0 
-0.696959 -0.786655  0 
-0.696855 -0.787097  0 
-0.688372 -0.79545  0 
-0.688172 -0.795699  0 
-0.679785 -0.803991  0 
-0.67934 -0.804301  0 
-0.671199 -0.81231  0 
-0.662612 -0.812808  0 
-0.654025 -0.806395  0 
-0.653492 -0.804301  0 
-0.645438 -0.796735  0 
-0.644945 -0.795699  0 
-0.636892 -0.787097  0 
-0.636852 -0.787069  0 
-0.635103 -0.778495  0 
-0.628265 -0.772058  0 
-0.627257 -0.769892  0 
-0.619678 -0.762517  0 
-0.61896 -0.76129  0 
-0.619082 -0.752688  0 
-0.619678 -0.752366  0 
-0.628028 -0.744086  0 
-0.628265 -0.743856  0 
-0.636709 -0.735484  0 
-0.636852 -0.735272  0 
-0.645363 -0.726882  0 
-0.645438 -0.72585  0 
-0.654025 -0.725879  0 
-0.655201 -0.726882  0 
-0.662219 -0.735484  0 
-0.662612 -0.736025  0 
-0.67077 -0.744086  0 
-0.671199 -0.744715  0 
-0.679318 -0.752688  0 
-0.679785 -0.75345  0 
-0.687871 -0.76129  0 
-0.688372 -0.762296  0 
-0.69648 -0.769892  0 
-0.696959 -0.771993  0 
-0.705546 -0.77834  0 
-0.714013 -0.769892  0 
-0.714132 -0.769746  0 
-0.722617 -0.76129  0 
-0.722719 -0.76114  0 
-0.731223 -0.752688  0 
-0.731306 -0.752499  0 
-0.739858 -0.744086  0 
-0.739573 -0.735484  0 
-0.731306 -0.727862  0 
-0.730809 -0.726882  0 
-0.722719 -0.719092  0 
-0.722171 -0.71828  0 
-0.714132 -0.710431  0 
-0.713563 -0.709677  0 
-0.705546 -0.701797  0 
-0.704966 -0.701075  0 
-0.696959 -0.693173  0 
-0.696375 -0.692473  0 
-0.688372 -0.684296  0 
-0.679785 -0.692124  0 
-0.679718 -0.692473  0 
-0.671199 -0.700917  0 
-0.671107 -0.701075  0 
-0.662612 -0.709533  0 
-0.662504 -0.709677  0 
-0.654025 -0.718133  0 
-0.645438 -0.713561  0 
-0.64453 -0.709677  0 
-0.636852 -0.702807  0 
-0.636085 -0.701075  0 
-0.628265 -0.693604  0 
-0.627632 -0.692473  0 
-0.619678 -0.684712  0 
-0.619143 -0.683871  0 
-0.611091 -0.675939  0 
-0.61063 -0.675269  0 
-0.61055 -0.666667  0 
-0.611091 -0.666162  0 
-0.619322 -0.658065  0 
-0.619678 -0.657609  0 
-0.628008 -0.649462  0 
-0.628265 -0.648926  0 
-0.63675 -0.64086  0 
-0.63676 -0.632258  0 
-0.628265 -0.624205  0 
-0.628034 -0.623656  0 
-0.619678 -0.615469  0 
-0.619415 -0.615054  0 
-0.611091 -0.606829  0 
-0.610816 -0.606452  0 
-0.602504 -0.598208  0 
-0.602224 -0.597849  0 
-0.593918 -0.589593  0 
-0.585331 -0.597222  0 
-0.585203 -0.597849  0 
-0.576744 -0.606152  0 
-0.576566 -0.606452  0 
-0.568157 -0.614777  0 
-0.567944 -0.615054  0 
-0.567205 -0.623656  0 
-0.568157 -0.625701  0 
-0.575077 -0.632258  0 
-0.576744 -0.640367  0 
-0.577418 -0.64086  0 
-0.585093 -0.649462  0 
-0.585331 -0.649897  0 
-0.593688 -0.658065  0 
-0.593918 -0.658756  0 
-0.602441 -0.666667  0 
-0.602008 -0.675269  0 
-0.593918 -0.682141  0 
-0.585331 -0.683722  0 
-0.585229 -0.683871  0 
-0.576744 -0.692318  0 
-0.576605 -0.692473  0 
-0.568157 -0.700891  0 
-0.566896 -0.692473  0 
-0.559571 -0.687443  0 
-0.558774 -0.683871  0 
-0.550984 -0.676606  0 
-0.550424 -0.675269  0 
-0.542397 -0.667467  0 
-0.541964 -0.666667  0 
-0.53381 -0.658635  0 
-0.533456 -0.658065  0 
-0.525224 -0.652813  0 
-0.516637 -0.657869  0 
-0.516542 -0.658065  0 
-0.50805 -0.666485  0 
-0.50788 -0.666667  0 
-0.499463 -0.675024  0 
-0.499044 -0.675269  0 
-0.498902 -0.683871  0 
-0.499463 -0.685026  0 
-0.507167 -0.692473  0 
-0.50805 -0.695665  0 
-0.514192 -0.701075  0 
-0.516212 -0.709677  0 
-0.516637 -0.710745  0 
-0.524726 -0.71828  0 
-0.525224 -0.721563  0 
-0.53381 -0.726743  0 
-0.542295 -0.71828  0 
-0.542397 -0.718167  0 
-0.550984 -0.717749  0 
-0.559299 -0.709677  0 
-0.559571 -0.709297  0 
-0.568157 -0.701694  0 
-0.576243 -0.709677  0 
-0.576744 -0.710507  0 
-0.584685 -0.71828  0 
-0.585331 -0.719541  0 
-0.592991 -0.726882  0 
-0.593918 -0.729446  0 
-0.600758 -0.735484  0 
-0.602215 -0.744086  0 
-0.602504 -0.745079  0 
-0.611019 -0.752688  0 
-0.602504 -0.761112  0 
-0.602435 -0.76129  0 
-0.593918 -0.769747  0 
-0.593789 -0.769892  0 
-0.585331 -0.778303  0 
-0.585037 -0.778495  0 
-0.576744 -0.786713  0 
-0.575465 -0.787097  0 
-0.576744 -0.791124  0 
-0.581777 -0.795699  0 
-0.584679 -0.804301  0 
-0.585331 -0.805471  0 
-0.593013 -0.812903  0 
-0.593918 -0.815011  0 
-0.600941 -0.821505  0 
-0.602459 -0.830108  0 
-0.602504 -0.830219  0 
-0.61052 -0.83871  0 
-0.611091 -0.841502  0 
-0.619678 -0.847215  0 
-0.628265 -0.846474  0 
-0.636213 -0.83871  0 
-0.636852 -0.838461  0 
-0.645278 -0.830108  0 
-0.645438 -0.829935  0 
-0.653953 -0.821505  0 
-0.654025 -0.821239  0 
-0.662612 -0.814872  0 
-0.669485 -0.821505  0 
-0.671199 -0.826642  0 
-0.675081 -0.830108  0 
-0.679192 -0.83871  0 
-0.679785 -0.839632  0 
-0.68765 -0.847312  0 
-0.688372 -0.848575  0 
-0.696028 -0.855914  0 
-0.696959 -0.857913  0 
-0.704224 -0.864516  0 
-0.705546 -0.868904  0 
-0.711767 -0.873118  0 
-0.71407 -0.88172  0 
-0.705546 -0.890177  0 
-0.705481 -0.890323  0 
-0.696959 -0.898795  0 
-0.69684 -0.898925  0 
-0.688372 -0.907352  0 
-0.688089 -0.907527  0 
-0.679785 -0.915761  0 
-0.671199 -0.916049  0 
-0.662612 -0.911526  0 
-0.66173 -0.907527  0 
-0.654025 -0.9006  0 
-0.653305 -0.898925  0 
-0.649917 -0.890323  0 
-0.645438 -0.886623  0 
-0.643936 -0.88172  0 
-0.636852 -0.875008  0 
-0.6359 -0.873118  0 
-0.628265 -0.865686  0 
-0.627555 -0.864516  0 
-0.625656 -0.855914  0 
-0.619678 -0.850279  0 
-0.611091 -0.85562  0 
-0.61096 -0.855914  0 
-0.602504 -0.864205  0 
-0.593918 -0.864433  0 
-0.593837 -0.864516  0 
-0.585331 -0.873005  0 
-0.585153 -0.873118  0 
-0.576744 -0.881496  0 
-0.575083 -0.88172  0 
-0.576744 -0.887495  0 
-0.579972 -0.890323  0 
-0.584247 -0.898925  0 
-0.585331 -0.901167  0 
-0.592079 -0.907527  0 
-0.593918 -0.915829  0 
-0.594324 -0.916129  0 
-0.60139 -0.924731  0 
-0.602504 -0.927537  0 
-0.609172 -0.933333  0 
-0.610795 -0.941935  0 
-0.611091 -0.943297  0 
-0.619523 -0.950538  0 
-0.611091 -0.958991  0 
-0.611009 -0.95914  0 
-0.602504 -0.967557  0 
-0.593918 -0.967677  0 
-0.593845 -0.967742  0 
-0.585331 -0.976244  0 
-0.585079 -0.976344  0 
-0.576744 -0.984632  0 
-0.568157 -0.984895  0 
-0.566329 -0.976344  0 
-0.559571 -0.971791  0 
-0.558309 -0.967742  0 
-0.555857 -0.95914  0 
-0.550984 -0.955213  0 
-0.549358 -0.950538  0 
-0.542975 -0.941935  0 
-0.542397 -0.941498  0 
-0.540337 -0.933333  0 
-0.53381 -0.927095  0 
-0.532636 -0.924731  0 
-0.53103 -0.916129  0 
-0.525224 -0.910453  0 
-0.516637 -0.915983  0 
-0.516433 -0.916129  0 
-0.50805 -0.924306  0 
-0.499463 -0.92465  0 
-0.499287 -0.924731  0 
-0.490877 -0.933098  0 
-0.48229 -0.933263  0 
-0.473703 -0.933193  0 
-0.4719 -0.924731  0 
-0.465116 -0.916177  0 
-0.465103 -0.916129  0 
-0.462967 -0.907527  0 
-0.45653 -0.899321  0 
-0.456381 -0.898925  0 
-0.45428 -0.890323  0 
-0.447943 -0.882421  0 
-0.447651 -0.88172  0 
-0.445635 -0.873118  0 
-0.444989 -0.864516  0 
-0.447943 -0.864418  0 
-0.45653 -0.863194  0 
-0.464136 -0.855914  0 
-0.465116 -0.855793  0 
-0.473637 -0.847312  0 
-0.473703 -0.847228  0 
-0.48229 -0.846603  0 
-0.48965 -0.847312  0 
-0.490877 -0.850294  0 
-0.496953 -0.855914  0 
-0.498417 -0.864516  0 
-0.499463 -0.866807  0 
-0.506272 -0.873118  0 
-0.507963 -0.88172  0 
-0.50805 -0.881948  0 
-0.515326 -0.890323  0 
-0.516637 -0.895408  0 
-0.522269 -0.898925  0 
-0.525224 -0.907473  0 
-0.53381 -0.907384  0 
-0.542287 -0.898925  0 
-0.542397 -0.898846  0 
-0.550984 -0.898619  0 
-0.559392 -0.890323  0 
-0.559571 -0.890186  0 
-0.568129 -0.88172  0 
-0.567559 -0.873118  0 
-0.565084 -0.864516  0 
-0.559571 -0.860389  0 
-0.558355 -0.855914  0 
-0.550984 -0.849047  0 
-0.550183 -0.847312  0 
-0.548289 -0.83871  0 
-0.542397 -0.833364  0 
-0.541226 -0.830108  0 
-0.53381 -0.822944  0 
-0.533034 -0.821505  0 
-0.525224 -0.820902  0 
-0.516637 -0.82141  0 
-0.51657 -0.821505  0 
-0.50805 -0.829988  0 
-0.507833 -0.830108  0 
-0.499463 -0.838407  0 
-0.490877 -0.838627  0 
-0.48229 -0.836656  0 
-0.481282 -0.830108  0 
-0.473703 -0.822328  0 
-0.473433 -0.821505  0 
-0.472156 -0.812903  0 
-0.465116 -0.80643  0 
-0.464231 -0.804301  0 
-0.462807 -0.795699  0 
-0.45653 -0.789925  0 
-0.455476 -0.787097  0 
-0.447943 -0.785565  0 
-0.439356 -0.786987  0 
-0.439251 -0.787097  0 
-0.430769 -0.795506  0 
-0.422182 -0.795624  0 
-0.422067 -0.795699  0 
-0.413596 -0.804152  0 
-0.411603 -0.804301  0 
-0.412987 -0.812903  0 
-0.413596 -0.814351  0 
-0.420248 -0.821505  0 
-0.421731 -0.830108  0 
-0.422182 -0.831297  0 
-0.428933 -0.83871  0 
-0.430482 -0.847312  0 
-0.430769 -0.848367  0 
-0.437878 -0.855914  0 
-0.439333 -0.864516  0 
-0.430769 -0.873013  0 
-0.430408 -0.873118  0 
-0.422182 -0.881051  0 
-0.413596 -0.881635  0 
-0.409764 -0.88172  0 
-0.405009 -0.885926  0 
-0.396422 -0.890229  0 
-0.393618 -0.88172  0 
-0.387835 -0.878063  0 
-0.386596 -0.873118  0 
-0.384666 -0.864516  0 
-0.379249 -0.857358  0 
-0.378786 -0.855914  0 
-0.376466 -0.847312  0 
-0.372355 -0.83871  0 
-0.370662 -0.83739  0 
-0.368213 -0.830108  0 
-0.362075 -0.829806  0 
-0.353488 -0.830046  0 
-0.353314 -0.830108  0 
-0.344902 -0.838407  0 
-0.336315 -0.838642  0 
-0.327728 -0.83867  0 
-0.327537 -0.83871  0 
-0.319141 -0.846916  0 
-0.317608 -0.83871  0 
-0.31367 -0.830108  0 
-0.310555 -0.824462  0 
-0.309847 -0.821505  0 
-0.306722 -0.812903  0 
-0.303773 -0.804301  0 
-0.301968 -0.801255  0 
-0.30011 -0.795699  0 
-0.296887 -0.787097  0 
-0.293381 -0.787063  0 
-0.284794 -0.787077  0 
-0.276208 -0.795635  0 
-0.267621 -0.795671  0 
-0.259034 -0.79568  0 
-0.250447 -0.803857  0 
-0.24186 -0.804089  0 
-0.233274 -0.804156  0 
-0.232586 -0.804301  0 
-0.224687 -0.812055  0 
-0.220073 -0.812903  0 
-0.222748 -0.821505  0 
-0.22341 -0.830108  0 
-0.223752 -0.83871  0 
-0.224687 -0.843112  0 
-0.229943 -0.847312  0 
-0.231668 -0.855914  0 
-0.232381 -0.864516  0 
-0.233274 -0.873047  0 
-0.24186 -0.872887  0 
-0.250262 -0.864516  0 
-0.250447 -0.864448  0 
-0.259034 -0.864419  0 
-0.267621 -0.864334  0 
-0.276208 -0.862913  0 
-0.284223 -0.864516  0 
-0.284418 -0.873118  0 
-0.284794 -0.875142  0 
-0.291843 -0.88172  0 
-0.292787 -0.890323  0 
-0.293004 -0.898925  0 
-0.293381 -0.90168  0 
-0.300321 -0.907527  0 
-0.301492 -0.916129  0 
-0.301968 -0.924549  0 
-0.310555 -0.924399  0 
-0.319141 -0.920697  0 
-0.324355 -0.916129  0 
-0.327728 -0.915946  0 
-0.336315 -0.915764  0 
-0.34479 -0.907527  0 
-0.344902 -0.907426  0 
-0.353488 -0.907483  0 
-0.362075 -0.907378  0 
-0.370554 -0.898925  0 
-0.370662 -0.89889  0 
-0.379249 -0.898846  0 
-0.387813 -0.890323  0 
-0.387835 -0.890271  0 
-0.392374 -0.890323  0 
-0.396064 -0.898925  0 
-0.396422 -0.899891  0 
-0.400435 -0.907527  0 
-0.403709 -0.916129  0 
-0.405009 -0.91966  0 
-0.408351 -0.924731  0 
-0.41141 -0.933333  0 
-0.413596 -0.939403  0 
-0.416092 -0.941935  0 
-0.419473 -0.950538  0 
-0.422182 -0.959029  0 
-0.430769 -0.959079  0 
-0.439356 -0.958928  0 
-0.44778 -0.950538  0 
-0.447943 -0.95048  0 
-0.45653 -0.950362  0 
-0.465024 -0.941935  0 
-0.465116 -0.941864  0 
-0.473703 -0.939087  0 
-0.479464 -0.941935  0 
-0.482132 -0.950538  0 
-0.48229 -0.950908  0 
-0.488104 -0.95914  0 
-0.490852 -0.967742  0 
-0.490877 -0.967805  0 
-0.496769 -0.976344  0 
-0.499463 -0.984608  0 
-0.499971 -0.984946  0 
-0.505535 -0.993548  0 
-0.50805 -1.0016  0 
-0.509371 -1.00215  0 
-0.516568 -1.01075  0 
-0.516637 -1.01868  0 
-0.522351 -1.01075  0 
-0.525224 -1.01066  0 
-0.533736 -1.00215  0 
-0.53381 -1.0021  0 
-0.542397 -1.00204  0 
-0.550912 -0.993548  0 
-0.550984 -0.993484  0 
-0.559571 -0.993338  0 
-0.568157 -0.987039  0 
-0.574343 -0.993548  0 
-0.576744 -1.00129  0 
-0.577777 -1.00215  0 
-0.583373 -1.01075  0 
-0.585331 -1.0155  0 
-0.589737 -1.01935  0 
-0.592271 -1.02796  0 
-0.593918 -1.03157  0 
-0.59963 -1.03656  0 
-0.601809 -1.04516  0 
-0.602504 -1.04704  0 
-0.609089 -1.05376  0 
-0.611091 -1.06136  0 
-0.615953 -1.06237  0 
-0.619678 -1.07071  0 
-0.628049 -1.06237  0 
-0.628265 -1.06228  0 
-0.636852 -1.05718  0 
-0.640865 -1.05376  0 
-0.645438 -1.05362  0 
-0.653936 -1.04516  0 
-0.654025 -1.04508  0 
-0.662612 -1.04467  0 
-0.671177 -1.03656  0 
-0.670176 -1.02796  0 
-0.662612 -1.0226  0 
-0.661581 -1.01935  0 
-0.658843 -1.01075  0 
-0.654025 -1.00692  0 
-0.652365 -1.00215  0 
-0.645438 -0.99571  0 
-0.644329 -0.993548  0 
-0.642171 -0.984946  0 
-0.636852 -0.980124  0 
-0.635277 -0.976344  0 
-0.628265 -0.969347  0 
-0.627361 -0.967742  0 
-0.625462 -0.95914  0 
-0.627597 -0.950538  0 
-0.628265 -0.950385  0 
-0.636732 -0.941935  0 
-0.636852 -0.941844  0 
-0.645438 -0.94093  0 
-0.653368 -0.933333  0 
-0.654025 -0.933119  0 
-0.662531 -0.924731  0 
-0.662612 -0.924393  0 
-0.670998 -0.924731  0 
-0.671199 -0.92505  0 
-0.678776 -0.933333  0 
-0.679785 -0.935098  0 
-0.686878 -0.941935  0 
-0.688372 -0.9455  0 
-0.693885 -0.950538  0 
-0.696131 -0.95914  0 
-0.696959 -0.9606  0 
-0.704451 -0.967742  0 
-0.705546 -0.970143  0 
-0.712463 -0.976344  0 
-0.714132 -0.982375  0 
-0.718403 -0.984946  0 
-0.722333 -0.993548  0 
-0.722542 -1.00215  0 
-0.714132 -1.01004  0 
-0.705546 -1.01066  0 
-0.70546 -1.01075  0 
-0.696959 -1.01923  0 
-0.696709 -1.01935  0 
-0.688372 -1.02763  0 
-0.679785 -1.02788  0 
-0.679688 -1.02796  0 
-0.67403 -1.03656  0 
-0.678301 -1.04516  0 
-0.679785 -1.04792  0 
-0.685946 -1.05376  0 
-0.688372 -1.06163  0 
-0.689256 -1.06237  0 
-0.695386 -1.07097  0 
-0.696959 -1.07415  0 
-0.702871 -1.07957  0 
-0.705265 -1.08817  0 
-0.705546 -1.08875  0 
-0.712525 -1.09677  0 
-0.714132 -1.1007  0 
-0.719947 -1.10538  0 
-0.722188 -1.11398  0 
-0.722719 -1.11715  0 
-0.731306 -1.1225  0 
-0.739893 -1.12186  0 
-0.747878 -1.11398  0 
-0.748479 -1.11384  0 
-0.756958 -1.10538  0 
-0.757066 -1.10529  0 
-0.765653 -1.10375  0 
-0.773184 -1.09677  0 
-0.77424 -1.09656  0 
-0.782757 -1.08817  0 
-0.782826 -1.08701  0 
-0.790144 -1.08817  0 
-0.791413 -1.09018  0 
-0.79821 -1.09677  0 
-0.8 -1.10024  0 

-0.8 -0.941674  0 
-0.799633 -0.941935  0 
-0.791413 -0.950056  0 
-0.782826 -0.950457  0 
-0.782748 -0.950538  0 
-0.780255 -0.95914  0 
-0.782826 -0.9675  0 
-0.783105 -0.967742  0 
-0.790572 -0.976344  0 
-0.791413 -0.97757  0 
-0.798954 -0.984946  0 
-0.8 -0.986613  0 

-0.8 -0.811168  0 
-0.799557 -0.812903  0 
-0.791413 -0.820521  0 
-0.790547 -0.821505  0 
-0.782826 -0.828816  0 
-0.77827 -0.830108  0 
-0.77424 -0.833498  0 
-0.765653 -0.838606  0 
-0.765563 -0.83871  0 
-0.764899 -0.847312  0 
-0.765653 -0.84832  0 
-0.773365 -0.855914  0 
-0.77424 -0.857138  0 
-0.781783 -0.864516  0 
-0.782826 -0.866072  0 
-0.790118 -0.873118  0 
-0.791413 -0.875238  0 
-0.798286 -0.88172  0 
-0.8 -0.884993  0 

-0.8 -0.718667  0 
-0.799636 -0.71828  0 
-0.791413 -0.710107  0 
-0.790986 -0.709677  0 
-0.782826 -0.701565  0 
-0.77424 -0.709165  0 
-0.774151 -0.709677  0 
-0.765653 -0.718075  0 
-0.765548 -0.71828  0 
-0.757066 -0.726717  0 
-0.756957 -0.726882  0 
-0.748479 -0.735335  0 
-0.748368 -0.735484  0 
-0.747776 -0.744086  0 
-0.748479 -0.744902  0 
-0.756365 -0.752688  0 
-0.757066 -0.753523  0 
-0.764957 -0.76129  0 
-0.765653 -0.762149  0 
-0.773555 -0.769892  0 
-0.77424 -0.770786  0 
-0.782165 -0.778495  0 
-0.782826 -0.77945  0 
-0.790805 -0.787097  0 
-0.791413 -0.788213  0 
-0.799562 -0.795699  0 
-0.8 -0.799818  0 

-0.8 -0.641135  0 
-0.791413 -0.640915  0 
-0.791369 -0.64086  0 
-0.782826 -0.632319  0 
-0.782767 -0.632258  0 
-0.77424 -0.623731  0 
-0.774153 -0.623656  0 
-0.765653 -0.615157  0 
-0.765498 -0.615054  0 
-0.757066 -0.608713  0 
-0.756875 -0.615054  0 
-0.748479 -0.622178  0 
-0.748118 -0.623656  0 
-0.739893 -0.63159  0 
-0.739581 -0.632258  0 
-0.731306 -0.640404  0 
-0.731032 -0.64086  0 
-0.722719 -0.649101  0 
-0.714132 -0.64117  0 
-0.714027 -0.64086  0 
-0.705546 -0.632477  0 
-0.705394 -0.632258  0 
-0.696959 -0.623883  0 
-0.696763 -0.623656  0 
-0.688372 -0.615312  0 
-0.688115 -0.615054  0 
-0.679785 -0.606768  0 
-0.679423 -0.606452  0 
-0.671199 -0.600647  0 
-0.671043 -0.606452  0 
-0.662612 -0.613797  0 
-0.662206 -0.615054  0 
-0.654025 -0.622914  0 
-0.653611 -0.623656  0 
-0.645438 -0.631659  0 
-0.645019 -0.632258  0 
-0.644984 -0.64086  0 
-0.645438 -0.641415  0 
-0.653576 -0.649462  0 
-0.654025 -0.650038  0 
-0.662173 -0.658065  0 
-0.662612 -0.658673  0 
-0.670784 -0.666667  0 
-0.671199 -0.667344  0 
-0.679434 -0.675269  0 
-0.679785 -0.676258  0 
-0.688372 -0.683777  0 
-0.696844 -0.675269  0 
-0.696959 -0.675101  0 
-0.705436 -0.666667  0 
-0.705546 -0.666467  0 
-0.714037 -0.658065  0 
-0.714132 -0.657701  0 
-0.722719 -0.649713  0 
-0.731092 -0.658065  0 
-0.731306 -0.658297  0 
-0.739893 -0.661818  0 
-0.745185 -0.666667  0 
-0.748479 -0.668031  0 
-0.756005 -0.675269  0 
-0.757066 -0.676157  0 
-0.765053 -0.683871  0 
-0.765653 -0.684602  0 
-0.773894 -0.692473  0 
-0.77424 -0.693472  0 
-0.782826 -0.700803  0 
-0.791205 -0.692473  0 
-0.791413 -0.692104  0 
-0.799743 -0.683871  0 
-0.8 -0.683251  0 

-0.8 -0.554586  0 
-0.799928 -0.554839  0 
-0.791413 -0.563337  0 
-0.791363 -0.563441  0 
-0.782826 -0.56875  0 
-0.778487 -0.563441  0 
-0.77424 -0.561287  0 
-0.765653 -0.555781  0 
-0.764744 -0.554839  0 
-0.757066 -0.547477  0 
-0.755193 -0.546237  0 
-0.748479 -0.539883  0 
-0.739893 -0.538247  0 
-0.739209 -0.537634  0 
-0.731306 -0.529912  0 
-0.722719 -0.537431  0 
-0.722691 -0.537634  0 
-0.72247 -0.546237  0 
-0.714132 -0.554407  0 
-0.71404 -0.554839  0 
-0.705546 -0.563307  0 
-0.705484 -0.563441  0 
-0.696959 -0.570477  0 
-0.696346 -0.563441  0 
-0.688372 -0.556959  0 
-0.686801 -0.554839  0 
-0.679785 -0.548626  0 
-0.676946 -0.546237  0 
-0.671199 -0.541136  0 
-0.662612 -0.537638  0 
-0.654025 -0.530255  0 
-0.645438 -0.537406  0 
-0.6454 -0.537634  0 
-0.636852 -0.546154  0 
-0.636816 -0.546237  0 
-0.628265 -0.554783  0 
-0.628232 -0.554839  0 
-0.619678 -0.561914  0 
-0.617375 -0.554839  0 
-0.611091 -0.551183  0 
-0.606758 -0.546237  0 
-0.602504 -0.543092  0 
-0.596283 -0.537634  0 
-0.593918 -0.535794  0 
-0.585331 -0.529271  0 
-0.585128 -0.529032  0 
-0.576744 -0.52856  0 
-0.576729 -0.529032  0 
-0.568157 -0.537587  0 
-0.568136 -0.537634  0 
-0.559571 -0.5462  0 
-0.559547 -0.546237  0 
-0.550984 -0.552972  0 
-0.542397 -0.546765  0 
-0.542255 -0.546237  0 
-0.53381 -0.538183  0 
-0.533494 -0.537634  0 
-0.525224 -0.529536  0 
-0.524872 -0.529032  0 
-0.516637 -0.520882  0 
-0.516293 -0.52043  0 
-0.50805 -0.520409  0 
-0.499463 -0.529022  0 
-0.490877 -0.537624  0 
-0.48229 -0.540732  0 
-0.482004 -0.537634  0 
-0.474322 -0.529032  0 
-0.473703 -0.528729  0 
-0.468099 -0.52043  0 
-0.465116 -0.51823  0 
-0.460688 -0.511828  0 
-0.464758 -0.503226  0 
-0.465116 -0.502873  0 
-0.473507 -0.494624  0 
-0.473703 -0.494238  0 
-0.482226 -0.486022  0 
-0.482128 -0.477419  0 
-0.473703 -0.470034  0 
-0.473195 -0.468817  0 
-0.465116 -0.461124  0 
-0.464538 -0.460215  0 
-0.45653 -0.452436  0 
-0.447943 -0.459314  0 
-0.447764 -0.460215  0 
-0.439356 -0.468397  0 
-0.439057 -0.468817  0 
-0.430769 -0.476959  0 
-0.422182 -0.471271  0 
-0.422001 -0.468817  0 
-0.419786 -0.460215  0 
-0.413596 -0.455295  0 
-0.412408 -0.451613  0 
-0.405009 -0.444682  0 
-0.396422 -0.451065  0 
-0.396341 -0.451613  0 
-0.387835 -0.460009  0 
-0.387693 -0.460215  0 
-0.379249 -0.468815  0 
-0.378781 -0.460215  0 
-0.370662 -0.453367  0 
-0.370209 -0.451613  0 
-0.362075 -0.443811  0 
-0.36172 -0.443011  0 
-0.362075 -0.43931  0 
-0.368059 -0.434409  0 
-0.370662 -0.433185  0 
-0.378974 -0.425806  0 
-0.379175 -0.417204  0 
-0.370662 -0.409136  0 
-0.370483 -0.408602  0 
-0.362075 -0.400335  0 
-0.353488 -0.403457  0 
-0.344902 -0.408027  0 
-0.344558 -0.408602  0 
-0.344079 -0.417204  0 
-0.344734 -0.425806  0 
-0.344902 -0.426238  0 
-0.353352 -0.434409  0 
-0.353408 -0.443011  0 
-0.344902 -0.451305  0 
-0.344667 -0.451613  0 
-0.336315 -0.459832  0 
-0.333302 -0.451613  0 
-0.327728 -0.449575  0 
-0.327211 -0.443011  0 
-0.319141 -0.435367  0 
-0.310555 -0.440183  0 
-0.301968 -0.442614  0 
-0.301646 -0.443011  0 
-0.293381 -0.451107  0 
-0.29315 -0.443011  0 
-0.284794 -0.435454  0 
-0.284577 -0.434409  0 
-0.280142 -0.425806  0 
-0.276208 -0.425544  0 
-0.274938 -0.417204  0 
-0.267621 -0.41155  0 
-0.266697 -0.408602  0 
-0.259034 -0.408359  0 
-0.259016 -0.408602  0 
-0.250447 -0.417147  0 
-0.24186 -0.417181  0 
-0.241455 -0.408602  0 
-0.233274 -0.401146  0 
-0.233141 -0.4  0 
-0.23256 -0.391398  0 
-0.224687 -0.385401  0 
-0.224371 -0.382796  0 
-0.2161 -0.377121  0 
-0.215919 -0.374194  0 
-0.215675 -0.365591  0 
-0.207513 -0.359613  0 
-0.20729 -0.356989  0 
-0.207069 -0.348387  0 
-0.198927 -0.341943  0 
-0.198636 -0.339785  0 
-0.1974 -0.331183  0 
-0.19034 -0.326312  0 
-0.190021 -0.322581  0 
-0.181753 -0.314899  0 
-0.181503 -0.313978  0 
-0.181183 -0.305376  0 
-0.173166 -0.297743  0 
-0.172747 -0.296774  0 
-0.171466 -0.288172  0 
-0.172458 -0.27957  0 
-0.173166 -0.277803  0 
-0.179967 -0.27957  0 
-0.181753 -0.279954  0 
-0.189954 -0.288172  0 
-0.19034 -0.289304  0 
-0.198313 -0.296774  0 
-0.198709 -0.305376  0 
-0.198927 -0.30617  0 
-0.207258 -0.313978  0 
-0.207513 -0.31568  0 
-0.21565 -0.322581  0 
-0.215896 -0.331183  0 
-0.2161 -0.332524  0 
-0.224433 -0.339785  0 
-0.224687 -0.341976  0 
-0.23287 -0.348387  0 
-0.233063 -0.356989  0 
-0.233274 -0.358041  0 
-0.241775 -0.365591  0 
-0.24186 -0.368298  0 
-0.249476 -0.374194  0 
-0.250359 -0.382796  0 
-0.250447 -0.385746  0 
-0.258733 -0.391398  0 
-0.259034 -0.3953  0 
-0.26737 -0.4  0 
-0.267621 -0.407704  0 
-0.275691 -0.4  0 
-0.276208 -0.399717  0 
-0.284794 -0.392138  0 
-0.293036 -0.4  0 
-0.293381 -0.401887  0 
-0.301938 -0.408602  0 
-0.301968 -0.409996  0 
-0.309791 -0.417204  0 
-0.31044 -0.425806  0 
-0.310555 -0.428073  0 
-0.319141 -0.433457  0 
-0.327173 -0.425806  0 
-0.327728 -0.424972  0 
-0.33624 -0.417204  0 
-0.336184 -0.408602  0 
-0.327728 -0.400441  0 
-0.327591 -0.4  0 
-0.319141 -0.39552  0 
-0.319043 -0.391398  0 
-0.310555 -0.383461  0 
-0.310346 -0.382796  0 
-0.301968 -0.378748  0 
-0.293381 -0.382531  0 
-0.293243 -0.382796  0 
-0.284794 -0.391151  0 
-0.284455 -0.382796  0 
-0.276208 -0.375393  0 
-0.275958 -0.374194  0 
-0.267621 -0.370289  0 
-0.267471 -0.365591  0 
-0.263501 -0.356989  0 
-0.259034 -0.356333  0 
-0.258723 -0.348387  0 
-0.250447 -0.340821  0 
-0.250347 -0.339785  0 
-0.24186 -0.332116  0 
-0.241676 -0.331183  0 
-0.241299 -0.322581  0 
-0.233274 -0.316581  0 
-0.233008 -0.313978  0 
-0.224687 -0.306484  0 
-0.224463 -0.305376  0 
-0.2161 -0.297496  0 
-0.215908 -0.296774  0 
-0.215447 -0.288172  0 
-0.207513 -0.280911  0 
-0.207134 -0.27957  0 
-0.198927 -0.271441  0 
-0.1984 -0.270968  0 
-0.19034 -0.262443  0 
-0.185771 -0.270968  0 
-0.181753 -0.272265  0 
-0.181651 -0.270968  0 
-0.173166 -0.264296  0 
-0.172864 -0.262366  0 
-0.16458 -0.25413  0 
-0.164359 -0.253763  0 
-0.160473 -0.245161  0 
-0.158268 -0.236559  0 
-0.16458 -0.229007  0 
-0.172461 -0.236559  0 
-0.173166 -0.237143  0 
-0.181391 -0.245161  0 
-0.181753 -0.246425  0 
-0.189975 -0.253763  0 
-0.19034 -0.261899  0 
-0.198927 -0.259056  0 
-0.207513 -0.25384  0 
-0.215695 -0.262366  0 
-0.2161 -0.262998  0 
-0.224297 -0.270968  0 
-0.224687 -0.272364  0 
-0.232683 -0.27957  0 
-0.233176 -0.288172  0 
-0.233274 -0.288546  0 
-0.241693 -0.296774  0 
-0.24186 -0.29765  0 
-0.250237 -0.305376  0 
-0.250447 -0.306469  0 
-0.25885 -0.313978  0 
-0.259034 -0.315235  0 
-0.267408 -0.322581  0 
-0.267621 -0.327224  0 
-0.274476 -0.331183  0 
-0.276159 -0.339785  0 
-0.276208 -0.340598  0 
-0.284626 -0.348387  0 
-0.284794 -0.349554  0 
-0.293359 -0.356989  0 
-0.293381 -0.357678  0 
-0.301706 -0.365591  0 
-0.301968 -0.370499  0 
-0.310555 -0.373358  0 
-0.318792 -0.365591  0 
-0.319141 -0.363845  0 
-0.327728 -0.358485  0 
-0.335577 -0.365591  0 
-0.336315 -0.370387  0 
-0.344901 -0.374194  0 
-0.344902 -0.377844  0 
-0.353488 -0.374646  0 
-0.357377 -0.374194  0 
-0.362075 -0.373416  0 
-0.365757 -0.374194  0 
-0.370662 -0.374949  0 
-0.379249 -0.376258  0 
-0.387591 -0.382796  0 
-0.387835 -0.383241  0 
-0.396233 -0.391398  0 
-0.396422 -0.392415  0 
-0.405009 -0.399101  0 
-0.413094 -0.391398  0 
-0.413596 -0.390047  0 
-0.421978 -0.382796  0 
-0.422109 -0.374194  0 
-0.413596 -0.366258  0 
-0.41306 -0.365591  0 
-0.405009 -0.357927  0 
-0.396422 -0.358221  0 
-0.396365 -0.356989  0 
-0.387835 -0.348949  0 
-0.387577 -0.348387  0 
-0.379249 -0.340249  0 
-0.370662 -0.348174  0 
-0.370609 -0.348387  0 
-0.362075 -0.356876  0 
-0.353488 -0.349318  0 
-0.353216 -0.348387  0 
-0.344902 -0.340346  0 
-0.336315 -0.346677  0 
-0.335958 -0.348387  0 
-0.327728 -0.356178  0 
-0.319141 -0.349748  0 
-0.318934 -0.348387  0 
-0.310555 -0.340267  0 
-0.310544 -0.339785  0 
-0.301968 -0.331971  0 
-0.301778 -0.331183  0 
-0.293381 -0.324282  0 
-0.293284 -0.322581  0 
-0.284794 -0.314442  0 
-0.28472 -0.313978  0 
-0.276208 -0.306107  0 
-0.276066 -0.305376  0 
-0.267621 -0.297523  0 
-0.267511 -0.296774  0 
-0.265385 -0.288172  0 
-0.259034 -0.284963  0 
-0.258304 -0.27957  0 
-0.250447 -0.273136  0 
-0.249993 -0.270968  0 
-0.24186 -0.263545  0 
-0.241497 -0.262366  0 
-0.233274 -0.254482  0 
-0.232892 -0.253763  0 
-0.224687 -0.245572  0 
-0.218708 -0.245161  0 
-0.224687 -0.236759  0 
-0.225906 -0.236559  0 
-0.233266 -0.227957  0 
-0.224687 -0.220492  0 
-0.224443 -0.219355  0 
-0.2161 -0.211489  0 
-0.215757 -0.210753  0 
-0.207513 -0.20272  0 
-0.206999 -0.202151  0 
-0.198927 -0.193919  0 
-0.19034 -0.194558  0 
-0.181753 -0.198659  0 
-0.180893 -0.193548  0 
-0.173166 -0.193548  0 
-0.16458 -0.184946  0 
-0.155993 -0.193548  0 
-0.155993 -0.202151  0 
-0.155993 -0.210753  0 
-0.16458 -0.202593  0 
-0.173057 -0.210753  0 
-0.173166 -0.214471  0 
-0.180011 -0.210753  0 
-0.181753 -0.202638  0 
-0.189533 -0.210753  0 
-0.19034 -0.211044  0 
-0.198674 -0.219355  0 
-0.198927 -0.219789  0 
-0.207319 -0.227957  0 
-0.207513 -0.228609  0 
-0.215972 -0.236559  0 
-0.21607 -0.245161  0 
-0.207513 -0.252527  0 
-0.198927 -0.246173  0 
-0.198781 -0.245161  0 
-0.198019 -0.236559  0 
-0.19034 -0.22982  0 
-0.189727 -0.227957  0 
-0.181753 -0.220008  0 
-0.173166 -0.219535  0 
-0.16458 -0.221916  0 
-0.164076 -0.219355  0 
-0.155993 -0.211555  0 
-0.153491 -0.219355  0 
-0.147406 -0.220466  0 
-0.147378 -0.219355  0 
-0.147406 -0.210753  0 
-0.138819 -0.202151  0 
-0.130233 -0.210753  0 
-0.130233 -0.219355  0 
-0.130233 -0.219693  0 
-0.138528 -0.227957  0 
-0.138819 -0.236168  0 
-0.147406 -0.229522  0 
-0.155949 -0.236559  0 
-0.155506 -0.245161  0 
-0.147406 -0.248383  0 
-0.138819 -0.248385  0 
-0.130233 -0.252992  0 
-0.130129 -0.245161  0 
-0.121646 -0.237315  0 
-0.121376 -0.236559  0 
-0.113059 -0.236467  0 
-0.104472 -0.236559  0 
-0.0958855 -0.227957  0 
-0.0958855 -0.236559  0 
-0.0958791 -0.245161  0 
-0.0958855 -0.245493  0 
-0.0983124 -0.245161  0 
-0.104472 -0.239822  0 
-0.11228 -0.245161  0 
-0.112893 -0.253763  0 
-0.113059 -0.25446  0 
-0.121574 -0.262366  0 
-0.121646 -0.269411  0 
-0.130233 -0.264846  0 
-0.138819 -0.262476  0 
-0.139733 -0.262366  0 
-0.147406 -0.255172  0 
-0.154059 -0.262366  0 
-0.155948 -0.270968  0 
-0.155993 -0.271123  0 
-0.164378 -0.27957  0 
-0.159489 -0.288172  0 
-0.155993 -0.288547  0 
-0.155254 -0.296774  0 
-0.155581 -0.305376  0 
-0.155993 -0.306254  0 
-0.164027 -0.313978  0 
-0.164284 -0.322581  0 
-0.16458 -0.323686  0 
-0.172748 -0.331183  0 
-0.172903 -0.339785  0 
-0.173166 -0.341285  0 
-0.181327 -0.348387  0 
-0.181636 -0.356989  0 
-0.181753 -0.357894  0 
-0.189964 -0.365591  0 
-0.19034 -0.374139  0 
-0.190785 -0.374194  0 
-0.198589 -0.382796  0 
-0.198927 -0.390675  0 
-0.203703 -0.391398  0 
-0.20719 -0.4  0 
-0.207513 -0.4071  0 
-0.215008 -0.408602  0 
-0.215789 -0.417204  0 
-0.2161 -0.421806  0 
-0.224408 -0.425806  0 
-0.22455 -0.434409  0 
-0.224687 -0.435839  0 
-0.232834 -0.443011  0 
-0.233274 -0.450305  0 
-0.24186 -0.448252  0 
-0.249003 -0.443011  0 
-0.250447 -0.43777  0 
-0.258726 -0.443011  0 
-0.259034 -0.444698  0 
-0.266861 -0.451613  0 
-0.267504 -0.460215  0 
-0.259034 -0.468599  0 
-0.25889 -0.468817  0 
-0.250447 -0.477144  0 
-0.248035 -0.477419  0 
-0.249848 -0.486022  0 
-0.250447 -0.48977  0 
-0.257259 -0.494624  0 
-0.259034 -0.503197  0 
-0.267621 -0.503167  0 
-0.276182 -0.494624  0 
-0.276208 -0.494568  0 
-0.284537 -0.494624  0 
-0.284794 -0.495304  0 
-0.292122 -0.503226  0 
-0.293381 -0.508611  0 
-0.299113 -0.511828  0 
-0.301958 -0.52043  0 
-0.301968 -0.520667  0 
-0.31041 -0.529032  0 
-0.31049 -0.537634  0 
-0.310555 -0.537887  0 
-0.319072 -0.546237  0 
-0.319081 -0.554839  0 
-0.310555 -0.562652  0 
-0.301968 -0.563171  0 
-0.301614 -0.563441  0 
-0.293381 -0.571542  0 
-0.293024 -0.563441  0 
-0.284794 -0.556597  0 
-0.284542 -0.554839  0 
-0.284056 -0.546237  0 
-0.276208 -0.538845  0 
-0.275924 -0.537634  0 
-0.267621 -0.536655  0 
-0.267264 -0.537634  0 
-0.259034 -0.545309  0 
-0.250447 -0.545779  0 
-0.24186 -0.54066  0 
-0.241694 -0.537634  0 
-0.241419 -0.529032  0 
-0.233274 -0.521238  0 
-0.233102 -0.52043  0 
-0.23175 -0.511828  0 
-0.224687 -0.507733  0 
-0.223711 -0.503226  0 
-0.222875 -0.494624  0 
-0.224212 -0.486022  0 
-0.224687 -0.48593  0 
-0.233274 -0.485831  0 
-0.241846 -0.477419  0 
-0.241568 -0.468817  0 
-0.240392 -0.460215  0 
-0.233274 -0.454211  0 
-0.224687 -0.45866  0 
-0.2161 -0.459652  0 
-0.215181 -0.460215  0 
-0.214161 -0.468817  0 
-0.215645 -0.477419  0 
-0.216051 -0.486022  0 
-0.207513 -0.494583  0 
-0.207453 -0.494624  0 
-0.198927 -0.503122  0 
-0.19034 -0.502947  0 
-0.189998 -0.494624  0 
-0.189678 -0.486022  0 
-0.188221 -0.477419  0 
-0.19034 -0.475931  0 
-0.198065 -0.468817  0 
-0.198927 -0.46838  0 
-0.207416 -0.460215  0 
-0.207015 -0.451613  0 
-0.198927 -0.444217  0 
-0.198718 -0.443011  0 
-0.198516 -0.434409  0 
-0.19034 -0.427415  0 
-0.190064 -0.425806  0 
-0.190192 -0.417204  0 
-0.181753 -0.409612  0 
-0.181616 -0.408602  0 
-0.181606 -0.4  0 
-0.180118 -0.391398  0 
-0.173166 -0.386427  0 
-0.172986 -0.382796  0 
-0.17226 -0.374194  0 
-0.16458 -0.368519  0 
-0.164293 -0.365591  0 
-0.163887 -0.356989  0 
-0.155993 -0.350589  0 
-0.155661 -0.348387  0 
-0.155458 -0.339785  0 
-0.147406 -0.332396  0 
-0.147102 -0.331183  0 
-0.146871 -0.322581  0 
-0.145117 -0.313978  0 
-0.138819 -0.307909  0 
-0.138508 -0.305376  0 
-0.138592 -0.296774  0 
-0.138819 -0.288593  0 
-0.143075 -0.288172  0 
-0.138819 -0.287036  0 
-0.130233 -0.286932  0 
-0.129725 -0.27957  0 
-0.121646 -0.271992  0 
-0.120816 -0.27957  0 
-0.113059 -0.28312  0 
-0.11301 -0.27957  0 
-0.104472 -0.271835  0 
-0.104342 -0.270968  0 
-0.104098 -0.262366  0 
-0.0958855 -0.254697  0 
-0.0872987 -0.258024  0 
-0.0872013 -0.253763  0 
-0.0862675 -0.245161  0 
-0.078712 -0.236559  0 
-0.0701252 -0.236559  0 
-0.0701252 -0.245161  0 
-0.0696537 -0.253763  0 
-0.0701252 -0.2621  0 
-0.0714091 -0.262366  0 
-0.078712 -0.27019  0 
-0.0872987 -0.269726  0 
-0.08893 -0.270968  0 
-0.0955329 -0.27957  0 
-0.0957673 -0.288172  0 
-0.0958855 -0.291089  0 
-0.104472 -0.295897  0 
-0.113059 -0.291335  0 
-0.119523 -0.296774  0 
-0.121354 -0.305376  0 
-0.121416 -0.313978  0 
-0.121646 -0.315329  0 
-0.12938 -0.322581  0 
-0.129741 -0.331183  0 
-0.130016 -0.339785  0 
-0.130233 -0.340831  0 
-0.138133 -0.348387  0 
-0.138393 -0.356989  0 
-0.138819 -0.360951  0 
-0.145825 -0.365591  0 
-0.146983 -0.374194  0 
-0.147045 -0.382796  0 
-0.147406 -0.385741  0 
-0.155467 -0.391398  0 
-0.155579 -0.4  0 
-0.155993 -0.406738  0 
-0.162746 -0.408602  0 
-0.16403 -0.417204  0 
-0.164347 -0.425806  0 
-0.16458 -0.431094  0 
-0.172198 -0.434409  0 
-0.172806 -0.443011  0 
-0.173156 -0.451613  0 
-0.173166 -0.451973  0 
-0.181284 -0.460215  0 
-0.181555 -0.468817  0 
-0.173166 -0.477226  0 
-0.172911 -0.477419  0 
-0.16458 -0.485576  0 
-0.161952 -0.486022  0 
-0.163519 -0.494624  0 
-0.163978 -0.503226  0 
-0.16458 -0.511473  0 
-0.172493 -0.511828  0 
-0.172894 -0.52043  0 
-0.173 -0.529032  0 
-0.173166 -0.534073  0 
-0.181753 -0.53704  0 
-0.19034 -0.536602  0 
-0.198927 -0.532206  0 
-0.207179 -0.537634  0 
-0.207513 -0.53949  0 
-0.21517 -0.546237  0 
-0.215796 -0.554839  0 
-0.2161 -0.563254  0 
-0.224687 -0.562607  0 
-0.232753 -0.554839  0 
-0.233274 -0.554561  0 
-0.24186 -0.553356  0 
-0.249939 -0.554839  0 
-0.250447 -0.562904  0 
-0.25142 -0.563441  0 
-0.258507 -0.572043  0 
-0.258868 -0.580645  0 
-0.250447 -0.589065  0 
-0.250097 -0.589247  0 
-0.24186 -0.597227  0 
-0.233274 -0.597673  0 
-0.231485 -0.589247  0 
-0.224687 -0.585182  0 
-0.224142 -0.580645  0 
-0.223671 -0.572043  0 
-0.2161 -0.564564  0 
-0.215791 -0.563441  0 
-0.207513 -0.563257  0 
-0.207344 -0.563441  0 
-0.198927 -0.571696  0 
-0.19034 -0.571871  0 
-0.18817 -0.563441  0 
-0.181753 -0.559644  0 
-0.181236 -0.554839  0 
-0.180945 -0.546237  0 
-0.173166 -0.543703  0 
-0.16458 -0.545814  0 
-0.155993 -0.54599  0 
-0.147406 -0.54614  0 
-0.146877 -0.537634  0 
-0.14644 -0.529032  0 
-0.142238 -0.52043  0 
-0.138819 -0.520331  0 
-0.136531 -0.511828  0 
-0.134664 -0.503226  0 
-0.130233 -0.496173  0 
-0.129969 -0.494624  0 
-0.121646 -0.494609  0 
-0.113059 -0.494612  0 
-0.104472 -0.494614  0 
-0.103838 -0.486022  0 
-0.103646 -0.477419  0 
-0.103683 -0.468817  0 
-0.102055 -0.460215  0 
-0.0958855 -0.455733  0 
-0.0953027 -0.451613  0 
-0.0951366 -0.443011  0 
-0.094839 -0.434409  0 
-0.0946608 -0.425806  0 
-0.0921971 -0.417204  0 
-0.0872987 -0.415239  0 
-0.0867403 -0.408602  0 
-0.0865552 -0.4  0 
-0.086575 -0.391398  0 
-0.0861435 -0.382796  0 
-0.083838 -0.374194  0 
-0.078712 -0.371648  0 
-0.0782649 -0.365591  0 
-0.0780247 -0.356989  0 
-0.0701252 -0.349158  0 
-0.0615385 -0.349458  0 
-0.0615209 -0.348387  0 
-0.0608785 -0.339785  0 
-0.0529517 -0.334346  0 
-0.0527235 -0.331183  0 
-0.0524363 -0.322581  0 
-0.0443649 -0.315968  0 
-0.0357782 -0.317475  0 
-0.0357307 -0.313978  0 
-0.0355659 -0.305376  0 
-0.0352898 -0.296774  0 
-0.0332622 -0.288172  0 
-0.0271914 -0.286658  0 
-0.0186047 -0.286988  0 
-0.0184233 -0.27957  0 
-0.0181539 -0.270968  0 
-0.016498 -0.262366  0 
-0.0100179 -0.260776  0 
-0.00143113 -0.260607  0 
-0.00125731 -0.253763  0 
 0.00715564 -0.245161  0 
 0.00822782 -0.253763  0 
 0.00767787 -0.262366  0 
 0.00726944 -0.270968  0 
 0.00715564 -0.272922  0 
-0.000886046 -0.27957  0 
-0.0011801 -0.288172  0 
-0.00133854 -0.296774  0 
-0.00143113 -0.302136  0 
-0.0100179 -0.302212  0 
-0.0176238 -0.305376  0 
-0.0182413 -0.313978  0 
-0.0184242 -0.322581  0 
-0.018552 -0.331183  0 
-0.0186047 -0.336256  0 
-0.0271914 -0.335332  0 
-0.0351435 -0.339785  0 
-0.0357782 -0.344611  0 
-0.0425037 -0.348387  0 
-0.0438187 -0.356989  0 
-0.0441663 -0.365591  0 
-0.0443649 -0.373465  0 
-0.0529517 -0.37341  0 
-0.0591814 -0.374194  0 
-0.0608023 -0.382796  0 
-0.0614322 -0.391398  0 
-0.0615385 -0.393428  0 
-0.0683556 -0.4  0 
-0.0690911 -0.408602  0 
-0.0690738 -0.417204  0 
-0.0692856 -0.425806  0 
-0.0691588 -0.434409  0 
-0.0693168 -0.443011  0 
-0.0701252 -0.450649  0 
-0.0749905 -0.451613  0 
-0.0763385 -0.460215  0 
-0.0771821 -0.468817  0 
-0.0775422 -0.477419  0 
-0.0777368 -0.486022  0 
-0.0779242 -0.494624  0 
-0.078712 -0.503142  0 
-0.0849759 -0.503226  0 
-0.0863391 -0.511828  0 
-0.0867138 -0.52043  0 
-0.0872987 -0.528749  0 
-0.0958855 -0.528687  0 
-0.104472 -0.528549  0 
-0.112259 -0.529032  0 
-0.113059 -0.535511  0 
-0.116689 -0.537634  0 
-0.120008 -0.546237  0 
-0.121646 -0.554697  0 
-0.130233 -0.554637  0 
-0.138819 -0.554432  0 
-0.147406 -0.550441  0 
-0.151683 -0.554839  0 
-0.154576 -0.563441  0 
-0.155177 -0.572043  0 
-0.155993 -0.580552  0 
-0.16458 -0.580512  0 
-0.173166 -0.58038  0 
-0.18168 -0.572043  0 
-0.181753 -0.571721  0 
-0.189043 -0.572043  0 
-0.189514 -0.580645  0 
-0.19034 -0.5871  0 
-0.19381 -0.589247  0 
-0.197735 -0.597849  0 
-0.198927 -0.606372  0 
-0.207513 -0.606334  0 
-0.2161 -0.606194  0 
-0.224609 -0.597849  0 
-0.224687 -0.59753  0 
-0.232202 -0.597849  0 
-0.232588 -0.606452  0 
-0.233274 -0.609182  0 
-0.240132 -0.615054  0 
-0.241077 -0.623656  0 
-0.24186 -0.63193  0 
-0.248285 -0.632258  0 
-0.250447 -0.63865  0 
-0.257321 -0.632258  0 
-0.259034 -0.63213  0 
-0.267621 -0.631849  0 
-0.276179 -0.623656  0 
-0.275751 -0.615054  0 
-0.274832 -0.606452  0 
-0.267621 -0.600306  0 
-0.267084 -0.597849  0 
-0.266548 -0.589247  0 
-0.267307 -0.580645  0 
-0.267621 -0.580475  0 
-0.276208 -0.580266  0 
-0.284653 -0.572043  0 
-0.284794 -0.571622  0 
-0.292955 -0.572043  0 
-0.293381 -0.573612  0 
-0.300939 -0.580645  0 
-0.301575 -0.589247  0 
-0.301968 -0.591205  0 
-0.309816 -0.597849  0 
-0.310555 -0.606309  0 
-0.319141 -0.606107  0 
-0.327516 -0.597849  0 
-0.327728 -0.597661  0 
-0.336315 -0.596945  0 
-0.344795 -0.597849  0 
-0.344902 -0.598109  0 
-0.352977 -0.606452  0 
-0.353488 -0.609028  0 
-0.360611 -0.615054  0 
-0.361781 -0.623656  0 
-0.36202 -0.632258  0 
-0.353488 -0.640539  0 
-0.344902 -0.640742  0 
-0.344753 -0.64086  0 
-0.336315 -0.649251  0 
-0.334903 -0.649462  0 
-0.335671 -0.658065  0 
-0.336315 -0.659972  0 
-0.34358 -0.666667  0 
-0.3443 -0.675269  0 
-0.344902 -0.677533  0 
-0.352431 -0.683871  0 
-0.353304 -0.692473  0 
-0.344902 -0.700936  0 
-0.344684 -0.701075  0 
-0.336315 -0.70926  0 
-0.327728 -0.709571  0 
-0.327169 -0.709677  0 
-0.319141 -0.717974  0 
-0.31891 -0.709677  0 
-0.315354 -0.701075  0 
-0.310555 -0.698293  0 
-0.309553 -0.692473  0 
-0.308048 -0.683871  0 
-0.301968 -0.678681  0 
-0.301042 -0.675269  0 
-0.300133 -0.666667  0 
-0.301968 -0.666474  0 
-0.310417 -0.658065  0 
-0.310555 -0.657971  0 
-0.319141 -0.657856  0 
-0.32769 -0.649462  0 
-0.327335 -0.64086  0 
-0.326659 -0.632258  0 
-0.319141 -0.625554  0 
-0.318625 -0.623656  0 
-0.317916 -0.615054  0 
-0.310555 -0.608173  0 
-0.301968 -0.614698  0 
-0.293381 -0.614924  0 
-0.293192 -0.615054  0 
-0.284794 -0.623375  0 
-0.281471 -0.623656  0 
-0.283865 -0.632258  0 
-0.284662 -0.64086  0 
-0.284794 -0.641346  0 
-0.292354 -0.649462  0 
-0.292893 -0.658065  0 
-0.29333 -0.666667  0 
-0.284794 -0.675007  0 
-0.276208 -0.675173  0 
-0.275695 -0.675269  0 
-0.267621 -0.683183  0 
-0.264655 -0.683871  0 
-0.266041 -0.692473  0 
-0.267621 -0.700622  0 
-0.268347 -0.701075  0 
-0.274111 -0.709677  0 
-0.275028 -0.71828  0 
-0.276208 -0.725942  0 
-0.284794 -0.726814  0 
-0.293381 -0.726742  0 
-0.30188 -0.71828  0 
-0.301968 -0.718214  0 
-0.310555 -0.718122  0 
-0.318696 -0.71828  0 
-0.319141 -0.719535  0 
-0.32582 -0.726882  0 
-0.326644 -0.735484  0 
-0.327728 -0.738887  0 
-0.33399 -0.744086  0 
-0.335237 -0.752688  0 
-0.336315 -0.758805  0 
-0.344343 -0.76129  0 
-0.344902 -0.768917  0 
-0.352711 -0.76129  0 
-0.353488 -0.761192  0 
-0.362075 -0.760816  0 
-0.370412 -0.752688  0 
-0.370662 -0.752562  0 
-0.379065 -0.744086  0 
-0.378081 -0.735484  0 
-0.370662 -0.729357  0 
-0.369949 -0.726882  0 
-0.369204 -0.71828  0 
-0.362075 -0.711754  0 
-0.361312 -0.709677  0 
-0.360526 -0.701075  0 
-0.361743 -0.692473  0 
-0.362075 -0.692351  0 
-0.370662 -0.691839  0 
-0.37888 -0.683871  0 
-0.379249 -0.683692  0 
-0.387835 -0.675644  0 
-0.395772 -0.683871  0 
-0.396422 -0.685597  0 
-0.403749 -0.692473  0 
-0.404467 -0.701075  0 
-0.405009 -0.702558  0 
-0.412764 -0.709677  0 
-0.413596 -0.71578  0 
-0.419504 -0.71828  0 
-0.422182 -0.72669  0 
-0.430625 -0.71828  0 
-0.430769 -0.718173  0 
-0.439356 -0.717865  0 
-0.447735 -0.709677  0 
-0.447943 -0.709455  0 
-0.45653 -0.702286  0 
-0.464161 -0.709677  0 
-0.465116 -0.713475  0 
-0.470585 -0.71828  0 
-0.473093 -0.726882  0 
-0.473703 -0.728419  0 
-0.481307 -0.735484  0 
-0.48229 -0.741625  0 
-0.486652 -0.744086  0 
-0.490715 -0.752688  0 
-0.48229 -0.761132  0 
-0.482202 -0.76129  0 
-0.473703 -0.769706  0 
-0.472635 -0.769892  0 
-0.465116 -0.777  0 
-0.45653 -0.778381  0 
-0.447943 -0.77714  0 
-0.447094 -0.769892  0 
-0.439356 -0.762764  0 
-0.438874 -0.76129  0 
-0.437976 -0.752688  0 
-0.430769 -0.746029  0 
-0.430012 -0.744086  0 
-0.428594 -0.735484  0 
-0.422182 -0.729581  0 
-0.421274 -0.726882  0 
-0.413596 -0.726192  0 
-0.41355 -0.726882  0 
-0.405009 -0.735332  0 
-0.404526 -0.735484  0 
-0.396422 -0.743333  0 
-0.387835 -0.743974  0 
-0.387458 -0.744086  0 
-0.386099 -0.752688  0 
-0.386973 -0.76129  0 
-0.387835 -0.763419  0 
-0.394762 -0.769892  0 
-0.395742 -0.778495  0 
-0.396422 -0.780518  0 
-0.403534 -0.787097  0 
-0.404604 -0.795699  0 
-0.404974 -0.804301  0 
-0.396422 -0.812755  0 
-0.387835 -0.812839  0 
-0.387738 -0.812903  0 
-0.379249 -0.821367  0 
-0.370662 -0.821443  0 
-0.362075 -0.819736  0 
-0.360796 -0.812903  0 
-0.35958 -0.804301  0 
-0.353488 -0.79803  0 
-0.352761 -0.795699  0 
-0.351318 -0.787097  0 
-0.345849 -0.778495  0 
-0.344902 -0.777794  0 
-0.343025 -0.769892  0 
-0.336315 -0.769627  0 
-0.327728 -0.769833  0 
-0.327656 -0.769892  0 
-0.319141 -0.778368  0 
-0.310555 -0.778436  0 
-0.310338 -0.778495  0 
-0.301968 -0.786837  0 
-0.300635 -0.778495  0 
-0.293381 -0.77078  0 
-0.293281 -0.769892  0 
-0.291076 -0.76129  0 
-0.289207 -0.752688  0 
-0.284794 -0.748188  0 
-0.283512 -0.744086  0 
-0.281977 -0.735484  0 
-0.276208 -0.734956  0 
-0.267621 -0.735411  0 
-0.259034 -0.735443  0 
-0.258936 -0.735484  0 
-0.250447 -0.743948  0 
-0.24186 -0.744029  0 
-0.234982 -0.735484  0 
-0.233274 -0.734266  0 
-0.23147 -0.726882  0 
-0.228721 -0.71828  0 
-0.226437 -0.709677  0 
-0.224687 -0.706782  0 
-0.223094 -0.701075  0 
-0.2161 -0.701004  0 
-0.207513 -0.701045  0 
-0.198927 -0.701055  0 
-0.198766 -0.701075  0 
-0.19034 -0.709472  0 
-0.181753 -0.708958  0 
-0.173166 -0.70897  0 
-0.16458 -0.709009  0 
-0.155993 -0.709431  0 
-0.155917 -0.709677  0 
-0.155409 -0.71828  0 
-0.155538 -0.726882  0 
-0.155924 -0.735484  0 
-0.155993 -0.735985  0 
-0.163261 -0.744086  0 
-0.1639 -0.752688  0 
-0.16458 -0.761243  0 
-0.173166 -0.76123  0 
-0.181753 -0.761205  0 
-0.19034 -0.761131  0 
-0.198927 -0.75963  0 
-0.206763 -0.76129  0 
-0.206973 -0.769892  0 
-0.207513 -0.774377  0 
-0.212609 -0.778495  0 
-0.215029 -0.787097  0 
-0.215474 -0.795699  0 
-0.215763 -0.804301  0 
-0.207513 -0.812792  0 
-0.198927 -0.812828  0 
-0.198659 -0.812903  0 
-0.19034 -0.821126  0 
-0.181753 -0.821349  0 
-0.177071 -0.821505  0 
-0.179729 -0.830108  0 
-0.180415 -0.83871  0 
-0.180734 -0.847312  0 
-0.181075 -0.855914  0 
-0.181753 -0.860228  0 
-0.187017 -0.864516  0 
-0.188802 -0.873118  0 
-0.19034 -0.881672  0 
-0.198927 -0.881652  0 
-0.207513 -0.881598  0 
-0.2161 -0.880917  0 
-0.224306 -0.873118  0 
-0.224687 -0.873062  0 
-0.232178 -0.873118  0 
-0.233274 -0.877671  0 
-0.236941 -0.88172  0 
-0.23909 -0.890323  0 
-0.239876 -0.898925  0 
-0.24133 -0.907527  0 
-0.24186 -0.910211  0 
-0.246389 -0.916129  0 
-0.24807 -0.924731  0 
-0.249043 -0.933333  0 
-0.250447 -0.941911  0 
-0.259034 -0.941714  0 
-0.267438 -0.933333  0 
-0.267621 -0.933278  0 
-0.276208 -0.933253  0 
-0.284794 -0.933179  0 
-0.293381 -0.931179  0 
-0.301968 -0.931243  0 
-0.304507 -0.933333  0 
-0.308723 -0.941935  0 
-0.309426 -0.950538  0 
-0.310555 -0.958408  0 
-0.311568 -0.95914  0 
-0.317221 -0.967742  0 
-0.318014 -0.976344  0 
-0.319041 -0.984946  0 
-0.319141 -0.985872  0 
-0.326536 -0.993548  0 
-0.327728 -1.00193  0 
-0.336129 -0.993548  0 
-0.336315 -0.993477  0 
-0.344902 -0.993439  0 
-0.353488 -0.993294  0 
-0.361918 -0.984946  0 
-0.362075 -0.984863  0 
-0.370662 -0.984779  0 
-0.379249 -0.984943  0 
-0.386952 -0.984946  0 
-0.387835 -0.987455  0 
-0.39043 -0.993548  0 
-0.39388 -1.00215  0 
-0.396422 -1.00895  0 
-0.397293 -1.01075  0 
-0.400915 -1.01935  0 
-0.404377 -1.02796  0 
-0.405009 -1.03  0 
-0.408376 -1.03656  0 
-0.412657 -1.04516  0 
-0.413596 -1.04796  0 
-0.422182 -1.05179  0 
-0.430769 -1.05219  0 
-0.439356 -1.05103  0 
-0.445925 -1.04516  0 
-0.447943 -1.04484  0 
-0.45653 -1.04482  0 
-0.465018 -1.03656  0 
-0.465116 -1.03652  0 
-0.473703 -1.03648  0 
-0.482232 -1.02796  0 
-0.48229 -1.02792  0 
-0.490877 -1.02789  0 
-0.499463 -1.02532  0 
-0.506748 -1.01935  0 
-0.50805 -1.01925  0 
-0.51618 -1.01935  0 
-0.516637 -1.02038  0 
-0.521463 -1.02796  0 
-0.52489 -1.03656  0 
-0.525224 -1.03734  0 
-0.530109 -1.04516  0 
-0.5336 -1.05376  0 
-0.53381 -1.05429  0 
-0.538785 -1.06237  0 
-0.542307 -1.07097  0 
-0.542397 -1.07124  0 
-0.547577 -1.07957  0 
-0.550984 -1.08813  0 
-0.551088 -1.08817  0 
-0.559535 -1.09677  0 
-0.559571 -1.10202  0 
-0.563069 -1.09677  0 
-0.568157 -1.09669  0 
-0.576674 -1.08817  0 
-0.576744 -1.08813  0 
-0.585331 -1.08807  0 
-0.593847 -1.07957  0 
-0.593918 -1.07951  0 
-0.602504 -1.07941  0 
-0.611046 -1.07097  0 
-0.611091 -1.07046  0 
-0.617319 -1.07097  0 
-0.619678 -1.07608  0 
-0.623532 -1.07957  0 
-0.626236 -1.08817  0 
-0.628265 -1.09207  0 
-0.633396 -1.09677  0 
-0.636093 -1.10538  0 
-0.636852 -1.10694  0 
-0.64271 -1.11398  0 
-0.645438 -1.12112  0 
-0.647312 -1.12258  0 
-0.651805 -1.13118  0 
-0.654025 -1.13645  0 
-0.658458 -1.13978  0 
-0.661196 -1.14839  0 
-0.662612 -1.15361  0 
-0.670916 -1.15699  0 
-0.671199 -1.16508  0 
-0.678648 -1.15699  0 
-0.679785 -1.15688  0 
-0.688284 -1.14839  0 
-0.688372 -1.14833  0 
-0.696959 -1.14819  0 
-0.705403 -1.13978  0 
-0.705546 -1.1397  0 
-0.714132 -1.1361  0 
-0.720628 -1.13118  0 
-0.722719 -1.13093  0 
-0.731306 -1.127  0 
-0.735795 -1.13118  0 
-0.738567 -1.13978  0 
-0.739893 -1.14205  0 
-0.746166 -1.14839  0 
-0.748479 -1.15358  0 
-0.752271 -1.15699  0 
-0.755427 -1.16559  0 
-0.757066 -1.16852  0 
-0.763161 -1.17419  0 
-0.765653 -1.18045  0 
-0.768511 -1.1828  0 
-0.772561 -1.1914  0 
-0.77424 -1.19485  0 
-0.780254 -1.2  0 

-0.8 -0.460484  0 
-0.799556 -0.460215  0 
-0.791413 -0.452126  0 
-0.782826 -0.451834  0 
-0.77424 -0.459796  0 
-0.774183 -0.460215  0 
-0.774047 -0.468817  0 
-0.765653 -0.477096  0 
-0.765561 -0.477419  0 
-0.763142 -0.486022  0 
-0.764932 -0.494624  0 
-0.765653 -0.49506  0 
-0.77424 -0.500457  0 
-0.777392 -0.503226  0 
-0.782826 -0.503995  0 
-0.79083 -0.511828  0 
-0.791413 -0.512292  0 
-0.8 -0.514969  0 

-0.8 -0.349457  0 
-0.791413 -0.348581  0 
-0.782826 -0.348499  0 
-0.782628 -0.348387  0 
-0.77424 -0.34001  0 
-0.765653 -0.339903  0 
-0.765505 -0.348387  0 
-0.757066 -0.356574  0 
-0.756985 -0.356989  0 
-0.756892 -0.365591  0 
-0.748479 -0.373927  0 
-0.748392 -0.374194  0 
-0.748479 -0.374903  0 
-0.756423 -0.382796  0 
-0.757066 -0.382997  0 
-0.765653 -0.383629  0 
-0.773554 -0.391398  0 
-0.77424 -0.39162  0 
-0.782826 -0.392432  0 
-0.790781 -0.4  0 
-0.791413 -0.40029  0 
-0.8 -0.402899  0 

-0.8 -0.244594  0 
-0.799902 -0.245161  0 
-0.799856 -0.253763  0 
-0.8 -0.25395  0 

-0.8 -0.210835  0 
-0.791413 -0.210803  0 
-0.791196 -0.210753  0 
-0.782826 -0.202446  0 
-0.77424 -0.202242  0 
-0.765653 -0.202206  0 
-0.757066 -0.202192  0 
-0.756491 -0.210753  0 
-0.748479 -0.217963  0 
-0.748357 -0.219355  0 
-0.748291 -0.227957  0 
-0.74806 -0.236559  0 
-0.748479 -0.236758  0 
-0.756884 -0.245161  0 
-0.757066 -0.245221  0 
-0.765653 -0.245251  0 
-0.77424 -0.24536  0 
-0.7827 -0.253763  0 
-0.782826 -0.253834  0 
-0.791413 -0.253938  0 
-0.799866 -0.262366  0 
-0.791413 -0.270176  0 
-0.791332 -0.270968  0 
-0.791283 -0.27957  0 
-0.791096 -0.288172  0 
-0.782826 -0.296308  0 
-0.782726 -0.296774  0 
-0.782826 -0.296905  0 
-0.791413 -0.297154  0 
-0.799657 -0.305376  0 
-0.8 -0.305477  0 

-0.8 -0.12475  0 
-0.791413 -0.124747  0 
-0.791284 -0.124731  0 
-0.782826 -0.116265  0 
-0.77424 -0.116178  0 
-0.773931 -0.124731  0 
-0.773409 -0.133333  0 
-0.765653 -0.140995  0 
-0.765557 -0.141935  0 
-0.765427 -0.150538  0 
-0.765358 -0.15914  0 
-0.765653 -0.15918  0 
-0.77424 -0.159201  0 
-0.782826 -0.15928  0 
-0.791292 -0.167742  0 
-0.791413 -0.167771  0 
-0.8 -0.167779  0 

 4 -0.107911  0 
 3.99981 -0.107527  0 
 3.99345 -0.0989247  0 
 3.99141 -0.0968593  0 
 3.98703 -0.0903226  0 
 3.98283 -0.085553  0 
 3.98046 -0.0817204  0 
 3.97424 -0.0739523  0 
 3.97376 -0.0731183  0 
 3.96727 -0.0645161  0 
 3.96565 -0.0627278  0 
 3.96082 -0.055914  0 
 3.95707 -0.0514196  0 
 3.95429 -0.0473118  0 
 3.94848 -0.0399358  0 
 3.94767 -0.0387097  0 
 3.94111 -0.0301075  0 
 3.93989 -0.0286191  0 
 3.93462 -0.0215054  0 
 3.93131 -0.0172795  0 
 3.92811 -0.0129032  0 
 3.92272 -0.00587485  0 
 3.92156 -0.00430108  0 
 3.91498  0.00430108  0 
 3.91413  0.0054591  0 
 3.90843  0.0129032  0 
 3.90555  0.0168613  0 
 3.90191  0.0215054  0 
 3.89696  0.02822  0 
 3.89542  0.0301075  0 
 3.88889  0.0387097  0 
 3.88837  0.0394974  0 
 3.88225  0.0473118  0 
 3.87979  0.0509967  0 
 3.87571  0.055914  0 
 3.8712  0.0623402  0 
 3.86925  0.0645161  0 
 3.86282  0.0731183  0 
 3.86261  0.0734837  0 
 3.8561  0.0817204  0 
 3.85403  0.0851206  0 
 3.8495  0.0903226  0 
 3.84544  0.0964788  0 
 3.84306  0.0989247  0 
 3.83685  0.107448  0 
 3.83676  0.107527  0 
 3.82996  0.116129  0 
 3.82826  0.119226  0 
 3.82331  0.124731  0 
 3.81968  0.13063  0 
 3.81685  0.133333  0 
 3.81109  0.141549  0 
 3.81062  0.141935  0 
 3.80385  0.150538  0 
 3.8025  0.153304  0 
 3.79712  0.15914  0 
 3.79392  0.164787  0 
 3.79063  0.167742  0 
 3.78533  0.175682  0 
 3.78443  0.176344  0 
 3.77777  0.184946  0 
 3.77674  0.187346  0 
 3.77095  0.193548  0 
 3.76816  0.198946  0 
 3.76441  0.202151  0 
 3.75957  0.209838  0 
 3.75822  0.210753  0 
 3.75172  0.219355  0 
 3.75098  0.221337  0 
 3.7448  0.227957  0 
 3.7424  0.233101  0 
 3.73819  0.236559  0 
 3.73381  0.244013  0 
 3.73199  0.245161  0 
 3.7257  0.253763  0 
 3.72522  0.25526  0 
 3.71868  0.262366  0 
 3.71664  0.267243  0 
 3.71198  0.270968  0 
 3.70805  0.27819  0 
 3.7057  0.27957  0 
 3.69965  0.288172  0 
 3.69946  0.288858  0 
 3.69215  0.296774  0 
 3.69088  0.30021  0 
 3.68231  0.305376  0 
 3.68229  0.305406  0 
 3.68225  0.305376  0 
 3.6737  0.303263  0 
 3.66984  0.296774  0 
 3.66512  0.29373  0 
 3.66269  0.288172  0 
 3.65653  0.282316  0 
 3.65563  0.27957  0 
 3.64895  0.270968  0 
 3.64794  0.270431  0 
 3.64293  0.262366  0 
 3.63936  0.25981  0 
 3.63643  0.253763  0 
 3.63077  0.24835  0 
 3.62957  0.245161  0 
 3.6227  0.236559  0 
 3.62218  0.236257  0 
 3.6167  0.227957  0 
 3.6136  0.225634  0 
 3.61026  0.219355  0 
 3.60501  0.214288  0 
 3.60349  0.210753  0 
 3.5965  0.202151  0 
 3.59642  0.202103  0 
 3.59046  0.193548  0 
 3.58784  0.191461  0 
 3.58407  0.184946  0 
 3.57925  0.180194  0 
 3.57739  0.176344  0 
 3.57066  0.168221  0 
 3.57047  0.167742  0 
 3.56424  0.15914  0 
 3.56208  0.157297  0 
 3.55787  0.150538  0 
 3.55349  0.146076  0 
 3.55126  0.141935  0 
 3.5449  0.13431  0 
 3.54444  0.133333  0 
 3.53804  0.124731  0 
 3.53631  0.123146  0 
 3.53166  0.116129  0 
 3.52773  0.111944  0 
 3.52511  0.107527  0 
 3.51914  0.10033  0 
 3.51838  0.0989247  0 
 3.51185  0.0903226  0 
 3.51055  0.0890144  0 
 3.50546  0.0817204  0 
 3.50197  0.0778023  0 
 3.49894  0.0731183  0 
 3.49338  0.0662974  0 
 3.49229  0.0645161  0 
 3.4857  0.055914  0 
 3.48479  0.0549087  0 
 3.47925  0.0473118  0 
 3.47621  0.0436586  0 
 3.47275  0.0387097  0 
 3.46762  0.0322249  0 
 3.46617  0.0301075  0 
 3.45957  0.0215054  0 
 3.45903  0.0208364  0 
 3.45306  0.0129032  0 
 3.45045  0.00951844  0 
 3.44655  0.00430108  0 
 3.44186 -0.00187733  0 
 3.44003 -0.00430108  0 
 3.43348 -0.0129032  0 
 3.43327 -0.0131926  0 
 3.42689 -0.0215054  0 
 3.42469 -0.0246122  0 
 3.42035 -0.0301075  0 
 3.4161 -0.0360012  0 
 3.41386 -0.0387097  0 
 3.40751 -0.0471923  0 
 3.40741 -0.0473118  0 
 3.40073 -0.055914  0 
 3.39893 -0.0587269  0 
 3.39415 -0.0645161  0 
 3.39034 -0.0701399  0 
 3.38767 -0.0731183  0 
 3.38175 -0.0812559  0 
 3.38129 -0.0817204  0 
 3.37461 -0.0903226  0 
 3.37317 -0.0928181  0 
 3.36795 -0.0989247  0 
 3.36458 -0.104287  0 
 3.36146 -0.107527  0 
 3.35599 -0.115357  0 
 3.35514 -0.116129  0 
 3.3485 -0.124731  0 
 3.34741 -0.126877  0 
 3.34177 -0.133333  0 
 3.33882 -0.138438  0 
 3.33525 -0.141935  0 
 3.33023 -0.149487  0 
 3.32896 -0.150538  0 
 3.32243 -0.15914  0 
 3.32165 -0.160892  0 
 3.31561 -0.167742  0 
 3.31306 -0.172585  0 
 3.30904 -0.176344  0 
 3.30447 -0.183639  0 
 3.30275 -0.184946  0 
 3.29639 -0.193548  0 
 3.29589 -0.194849  0 
 3.28947 -0.202151  0 
 3.2873 -0.206724  0 
 3.28283 -0.210753  0 
 3.27871 -0.217809  0 
 3.27652 -0.219355  0 
 3.27038 -0.227957  0 
 3.27013 -0.228727  0 
 3.26335 -0.236559  0 
 3.26154 -0.240848  0 
 3.25663 -0.245161  0 
 3.25295 -0.25199  0 
 3.25028 -0.253763  0 
 3.2444 -0.262366  0 
 3.24436 -0.262496  0 
 3.23726 -0.270968  0 
 3.23578 -0.274937  0 
 3.23041 -0.27957  0 
 3.22719 -0.286122  0 
 3.22389 -0.288172  0 
 3.2186 -0.296285  0 
 3.21739 -0.296774  0 
 3.21002 -0.30474  0 
 3.20143 -0.304707  0 
 3.1942 -0.296774  0 
 3.19284 -0.296222  0 
 3.18767 -0.288172  0 
 3.18426 -0.286028  0 
 3.18112 -0.27957  0 
 3.17567 -0.2748  0 
 3.17426 -0.270968  0 
 3.16713 -0.262366  0 
 3.16127 -0.253763  0 
 3.1585 -0.251898  0 
 3.15491 -0.245161  0 
 3.14991 -0.240719  0 
 3.14817 -0.236559  0 
 3.14132 -0.228548  0 
 3.14113 -0.227957  0 
 3.13503 -0.219355  0 
 3.13274 -0.217716  0 
 3.12872 -0.210753  0 
 3.12415 -0.206601  0 
 3.12206 -0.202151  0 
 3.11556 -0.194687  0 
 3.11512 -0.193548  0 
 3.1088 -0.184946  0 
 3.10698 -0.183546  0 
 3.10251 -0.176344  0 
 3.09839 -0.172466  0 
 3.09592 -0.167742  0 
 3.0898 -0.160744  0 
 3.08909 -0.15914  0 
 3.08259 -0.150538  0 
 3.08122 -0.149392  0 
 3.07629 -0.141935  0 
 3.07263 -0.138321  0 
 3.06976 -0.133333  0 
 3.06404 -0.126739  0 
 3.06302 -0.124731  0 
 3.05641 -0.116129  0 
 3.05546 -0.115259  0 
 3.05008 -0.107527  0 
 3.04687 -0.104172  0 
 3.04358 -0.0989247  0 
 3.03828 -0.0926875  0 
 3.03693 -0.0903226  0 
 3.03026 -0.0817204  0 
 3.0297 -0.0811548  0 
 3.02388 -0.0731183  0 
 3.02111 -0.0700246  0 
 3.01739 -0.0645161  0 
 3.01252 -0.0586017  0 
 3.0108 -0.055914  0 
 3.00414 -0.0473118  0 
 3.00394 -0.0470861  0 
 2.99769 -0.0387097  0 
 2.99535 -0.0358847  0 
 2.99119 -0.0301075  0 
 2.98676 -0.0244908  0 
 2.98465 -0.0215054  0 
 2.97818 -0.0130725  0 
 2.97806 -0.0129032  0 
 2.97151 -0.00430108  0 
 2.96959 -0.00175819  0 
 2.96499  0.00430108  0 
 2.961  0.00963766  0 
 2.95848  0.0129032  0 
 2.95242  0.0209496  0 
 2.95197  0.0215054  0 
 2.94536  0.0301075  0 
 2.94383  0.0323481  0 
 2.93879  0.0387097  0 
 2.93524  0.0437769  0 
 2.93229  0.0473118  0 
 2.92665  0.0550166  0 
 2.92585  0.055914  0 
 2.91924  0.0645161  0 
 2.91807  0.0664264  0 
 2.9126  0.0731183  0 
 2.90948  0.0779209  0 
 2.90609  0.0817204  0 
 2.90089  0.0891186  0 
 2.8997  0.0903226  0 
 2.89314  0.0989247  0 
 2.89231  0.100467  0 
 2.88643  0.107527  0 
 2.88372  0.112064  0 
 2.87988  0.116129  0 
 2.87513  0.123248  0 
 2.87351  0.124731  0 
 2.86708  0.133333  0 
 2.86655  0.134458  0 
 2.86027  0.141935  0 
 2.85796  0.1462  0 
 2.85367  0.150538  0 
 2.84937  0.157397  0 
 2.84731  0.15914  0 
 2.84105  0.167742  0 
 2.84079  0.168382  0 
 2.83414  0.176344  0 
 2.8322  0.180322  0 
 2.82747  0.184946  0 
 2.82361  0.191561  0 
 2.82109  0.193548  0 
 2.81505  0.202151  0 
 2.81503  0.202218  0 
 2.80803  0.210753  0 
 2.80644  0.214423  0 
 2.80128  0.219355  0 
 2.79785  0.225734  0 
 2.79486  0.227957  0 
 2.78927  0.236331  0 
 2.78887  0.236559  0 
 2.78195  0.245161  0 
 2.78068  0.248494  0 
 2.7751  0.253763  0 
 2.77209  0.259912  0 
 2.76862  0.262366  0 
 2.76351  0.270504  0 
 2.76263  0.270968  0 
 2.75588  0.27957  0 
 2.75492  0.282472  0 
 2.74884  0.288172  0 
 2.74633  0.293833  0 
 2.7417  0.296774  0 
 2.73775  0.303327  0 
 2.72916  0.305373  0 
 2.72057  0.300086  0 
 2.71936  0.296774  0 
 2.71199  0.28866  0 
 2.71185  0.288172  0 
 2.70586  0.27957  0 
 2.7034  0.278105  0 
 2.69956  0.270968  0 
 2.69481  0.267122  0 
 2.69285  0.262366  0 
 2.68623  0.255084  0 
 2.68581  0.253763  0 
 2.67958  0.245161  0 
 2.67764  0.243929  0 
 2.67335  0.236559  0 
 2.66905  0.232985  0 
 2.66673  0.227957  0 
 2.66047  0.221178  0 
 2.65979  0.219355  0 
 2.65334  0.210753  0 
 2.65188  0.209752  0 
 2.64713  0.202151  0 
 2.64329  0.198833  0 
 2.64058  0.193548  0 
 2.6347  0.187199  0 
 2.63375  0.184946  0 
 2.62713  0.176344  0 
 2.62612  0.175594  0 
 2.62091  0.167742  0 
 2.61753  0.164676  0 
 2.61441  0.15914  0 
 2.60894  0.153167  0 
 2.60767  0.150538  0 
 2.60094  0.141935  0 
 2.60036  0.141459  0 
 2.5947  0.133333  0 
 2.59177  0.130519  0 
 2.58823  0.124731  0 
 2.58318  0.119095  0 
 2.58157  0.116129  0 
 2.57479  0.107527  0 
 2.5746  0.107354  0 
 2.56849  0.0989247  0 
 2.56601  0.0963681  0 
 2.56204  0.0903226  0 
 2.55742  0.0849951  0 
 2.55544  0.0817204  0 
 2.54884  0.0733482  0 
 2.54871  0.0731183  0 
 2.5423  0.0645161  0 
 2.54025  0.0622279  0 
 2.53583  0.055914  0 
 2.53166  0.0508746  0 
 2.52928  0.0473118  0 
 2.52308  0.0393712  0 
 2.52265  0.0387097  0 
 2.51612  0.0301075  0 
 2.51449  0.0281047  0 
 2.50963  0.0215054  0 
 2.5059  0.016741  0 
 2.50311  0.0129032  0 
 2.49732  0.00533998  0 
 2.49655  0.00430108  0 
 2.48998 -0.00430108  0 
 2.48873 -0.00599444  0 
 2.48343 -0.0129032  0 
 2.48014 -0.0173993  0 
 2.47692 -0.0215054  0 
 2.47156 -0.028733  0 
 2.47043 -0.0301075  0 
 2.46386 -0.0387097  0 
 2.46297 -0.0400614  0 
 2.45725 -0.0473118  0 
 2.45438 -0.0515402  0 
 2.45072 -0.055914  0 
 2.4458 -0.062838  0 
 2.44427 -0.0645161  0 
 2.43777 -0.0731183  0 
 2.43721 -0.0740859  0 
 2.43108 -0.0817204  0 
 2.42862 -0.0856759  0 
 2.42451 -0.0903226  0 
 2.42004 -0.0969671  0 
 2.41809 -0.0989247  0 
 2.41172 -0.107527  0 
 2.41145 -0.108055  0 
 2.40492 -0.116129  0 
 2.40286 -0.1198  0 
 2.39831 -0.124731  0 
 2.39428 -0.131114  0 
 2.39189 -0.133333  0 
 2.3857 -0.141935  0 
 2.3788 -0.150538  0 
 2.3771 -0.153905  0 
 2.37211 -0.15914  0 
 2.36852 -0.165272  0 
 2.36568 -0.167742  0 
 2.35993 -0.176063  0 
 2.35953 -0.176344  0 
 2.3527 -0.184946  0 
 2.35134 -0.187983  0 
 2.34593 -0.193548  0 
 2.34275 -0.199437  0 
 2.33945 -0.202151  0 
 2.33417 -0.21021  0 
 2.33333 -0.210753  0 
 2.32663 -0.219355  0 
 2.32558 -0.222024  0 
 2.31976 -0.227957  0 
 2.31699 -0.233604  0 
 2.31323 -0.236559  0 
 2.30841 -0.24438  0 
 2.30711 -0.245161  0 
 2.30058 -0.253763  0 
 2.29982 -0.256012  0 
 2.29362 -0.262366  0 
 2.29123 -0.267763  0 
 2.287 -0.270968  0 
 2.28265 -0.278554  0 
 2.28082 -0.27957  0 
 2.2745 -0.288172  0 
 2.27406 -0.289698  0 
 2.26704 -0.296774  0 
 2.26547 -0.300738  0 
 2.25699 -0.305376  0 
 2.25689 -0.305558  0 
 2.2567 -0.305376  0 
 2.2483 -0.302964  0 
 2.24484 -0.296774  0 
 2.23971 -0.293244  0 
 2.23763 -0.288172  0 
 2.23113 -0.281581  0 
 2.23051 -0.27957  0 
 2.2241 -0.270968  0 
 2.22254 -0.270094  0 
 2.21798 -0.262366  0 
 2.21395 -0.259335  0 
 2.2114 -0.253763  0 
 2.20537 -0.247677  0 
 2.20447 -0.245161  0 
 2.19784 -0.236559  0 
 2.19678 -0.235914  0 
 2.19175 -0.227957  0 
 2.18819 -0.225169  0 
 2.18524 -0.219355  0 
 2.17961 -0.213661  0 
 2.17842 -0.210753  0 
 2.17162 -0.202151  0 
 2.17102 -0.201751  0 
 2.16552 -0.193548  0 
 2.16243 -0.191001  0 
 2.15907 -0.184946  0 
 2.15385 -0.179602  0 
 2.15233 -0.176344  0 
 2.14544 -0.167742  0 
 2.14526 -0.167613  0 
 2.1393 -0.15914  0 
 2.13667 -0.156836  0 
 2.13288 -0.150538  0 
 2.12809 -0.145509  0 
 2.12622 -0.141935  0 
 2.1195 -0.133637  0 
 2.11936 -0.133333  0 
 2.11308 -0.124731  0 
 2.11091 -0.122681  0 
 2.10668 -0.116129  0 
 2.10233 -0.111394  0 
 2.10008 -0.107527  0 
 2.09374 -0.0997081  0 
 2.09332 -0.0989247  0 
 2.08689 -0.0903226  0 
 2.08515 -0.0885397  0 
 2.08047 -0.0817204  0 
 2.07657 -0.0772635  0 
 2.07393 -0.0731183  0 
 2.06798 -0.0657144  0 
 2.06726 -0.0645161  0 
 2.06072 -0.055914  0 
 2.05939 -0.0544188  0 
 2.05427 -0.0473118  0 
 2.05081 -0.0431244  0 
 2.04775 -0.0387097  0 
 2.04222 -0.0316711  0 
 2.04116 -0.0301075  0 
 2.03458 -0.0215054  0 
 2.03363 -0.0203253  0 
 2.02807 -0.0129032  0 
 2.02504 -0.00898275  0 
 2.02156 -0.00430108  0 
 2.01646  0.00241008  0 
 2.01503  0.00430108  0 
 2.00846  0.0129032  0 
 2.00787  0.0137324  0 
 2.00188  0.0215054  0 
 1.99928  0.0251554  0 
 1.99536  0.0301075  0 
 1.9907  0.0365197  0 
 1.98887  0.0387097  0 
 1.98238  0.0473118  0 
 1.98211  0.0477437  0 
 1.97572  0.055914  0 
 1.97352  0.0592839  0 
 1.96915  0.0645161  0 
 1.96494  0.07065  0 
 1.96269  0.0731183  0 
 1.95635  0.0817022  0 
 1.94957  0.0903226  0 
 1.94776  0.0933961  0 
 1.94295  0.0989247  0 
 1.93918  0.104795  0 
 1.93649  0.107527  0 
 1.93059  0.115784  0 
 1.9302  0.116129  0 
 1.92345  0.124731  0 
 1.922  0.127484  0 
 1.91676  0.133333  0 
 1.91342  0.138948  0 
 1.91028  0.141935  0 
 1.90483  0.149901  0 
 1.90404  0.150538  0 
 1.89736  0.15914  0 
 1.89624  0.161539  0 
 1.89059  0.167742  0 
 1.88766  0.173104  0 
 1.88406  0.176344  0 
 1.87907  0.184045  0 
 1.87784  0.184946  0 
 1.8713  0.193548  0 
 1.87048  0.195549  0 
 1.86443  0.202151  0 
 1.8619  0.207258  0 
 1.85784  0.210753  0 
 1.85331  0.218209  0 
 1.85162  0.219355  0 
 1.84526  0.227957  0 
 1.84472  0.229498  0 
 1.83829  0.236559  0 
 1.83614  0.241403  0 
 1.83163  0.245161  0 
 1.82755  0.25239  0 
 1.82538  0.253763  0 
 1.81926  0.262366  0 
 1.81896  0.263363  0 
 1.81218  0.270968  0 
 1.81038  0.275521  0 
 1.8054  0.27957  0 
 1.80179  0.286522  0 
 1.79897  0.288172  0 
 1.7932  0.296557  0 
 1.79262  0.296774  0 
 1.78462  0.304878  0 
 1.77603  0.30455  0 
 1.76938  0.296774  0 
 1.76744  0.295926  0 
 1.76273  0.288172  0 
 1.75886  0.285591  0 
 1.75609  0.27957  0 
 1.75027  0.274158  0 
 1.74916  0.270968  0 
 1.74231  0.262366  0 
 1.74168  0.262032  0 
 1.73635  0.253763  0 
 1.73309  0.251467  0 
 1.7299  0.245161  0 
 1.72451  0.240118  0 
 1.72309  0.236559  0 
 1.71608  0.227957  0 
 1.71592  0.227864  0 
 1.71011  0.219355  0 
 1.70733  0.217288  0 
 1.70372  0.210753  0 
 1.69875  0.206031  0 
 1.697  0.202151  0 
 1.69016  0.19394  0 
 1.69002  0.193548  0 
 1.68388  0.184946  0 
 1.68157  0.183117  0 
 1.67752  0.176344  0 
 1.67299  0.171918  0 
 1.67088  0.167742  0 
 1.6644  0.160063  0 
 1.664  0.15914  0 
 1.65766  0.150538  0 
 1.65581  0.148957  0 
 1.65131  0.141935  0 
 1.64723  0.137788  0 
 1.64474  0.133333  0 
 1.63864  0.126108  0 
 1.63796  0.124731  0 
 1.63147  0.116129  0 
 1.63005  0.114814  0 
 1.6251  0.107527  0 
 1.62147  0.103647  0 
 1.61857  0.0989247  0 
 1.61288  0.092094  0 
 1.61188  0.0903226  0 
 1.60529  0.0817204  0 
 1.60429  0.0806939  0 
 1.5989  0.0731183  0 
 1.59571  0.0695019  0 
 1.59239  0.0645161  0 
 1.58712  0.0580361  0 
 1.58578  0.055914  0 
 1.57915  0.0473118  0 
 1.57853  0.0466041  0 
 1.5727  0.0387097  0 
 1.56995  0.0353587  0 
 1.5662  0.0301075  0 
 1.56136  0.0239449  0 
 1.55964  0.0215054  0 
 1.55305  0.0129032  0 
 1.55277  0.0125531  0 
 1.54652  0.00430108  0 
 1.54419  0.00122298  0 
 1.54 -0.00430108  0 
 1.5356 -0.0101706  0 
 1.53348 -0.0129032  0 
 1.52701 -0.0214533  0 
 1.52697 -0.0215054  0 
 1.52035 -0.0301075  0 
 1.51843 -0.0328989  0 
 1.5138 -0.0387097  0 
 1.50984 -0.0443031  0 
 1.5073 -0.0473118  0 
 1.50125 -0.0554948  0 
 1.50087 -0.055914  0 
 1.49421 -0.0645161  0 
 1.49267 -0.0669999  0 
 1.4876 -0.0731183  0 
 1.48408 -0.0784462  0 
 1.48111 -0.0817204  0 
 1.47549 -0.0895779  0 
 1.47474 -0.0903226  0 
 1.4681 -0.0989247  0 
 1.46691 -0.101072  0 
 1.46141 -0.107527  0 
 1.45832 -0.112594  0 
 1.4549 -0.116129  0 
 1.44973 -0.123693  0 
 1.44857 -0.124731  0 
 1.44201 -0.133333  0 
 1.44114 -0.135105  0 
 1.43524 -0.141935  0 
 1.43256 -0.146741  0 
 1.42869 -0.150538  0 
 1.42397 -0.157834  0 
 1.42238 -0.15914  0 
 1.41596 -0.167742  0 
 1.41538 -0.169085  0 
 1.40909 -0.176344  0 
 1.4068 -0.180881  0 
 1.40248 -0.184946  0 
 1.39821 -0.191994  0 
 1.39616 -0.193548  0 
 1.38994 -0.202151  0 
 1.38962 -0.202995  0 
 1.38296 -0.210753  0 
 1.38104 -0.215008  0 
 1.37627 -0.219355  0 
 1.37245 -0.226168  0 
 1.36993 -0.227957  0 
 1.36394 -0.236559  0 
 1.36386 -0.236811  0 
 1.35686 -0.245161  0 
 1.35528 -0.249113  0 
 1.35008 -0.253763  0 
 1.34669 -0.260351  0 
 1.34368 -0.262366  0 
 1.3381 -0.270817  0 
 1.3378 -0.270968  0 
 1.33077 -0.27957  0 
 1.32952 -0.283137  0 
 1.32379 -0.288172  0 
 1.32093 -0.294276  0 
 1.31672 -0.296774  0 
 1.31234 -0.303595  0 
 1.30376 -0.305316  0 
 1.29517 -0.299497  0 
 1.29424 -0.296774  0 
 1.28688 -0.288172  0 
 1.28658 -0.28804  0 
 1.28096 -0.27957  0 
 1.278 -0.27771  0 
 1.27456 -0.270968  0 
 1.26941 -0.266554  0 
 1.26777 -0.262366  0 
 1.26082 -0.254259  0 
 1.26067 -0.253763  0 
 1.25468 -0.245161  0 
 1.25224 -0.243535  0 
 1.24836 -0.236559  0 
 1.24365 -0.232443  0 
 1.24167 -0.227957  0 
 1.23506 -0.220437  0 
 1.23468 -0.219355  0 
 1.22844 -0.210753  0 
 1.22648 -0.209356  0 
 1.22216 -0.202151  0 
 1.21789 -0.19831  0 
 1.21554 -0.193548  0 
 1.2093 -0.186521  0 
 1.20866 -0.184946  0 
 1.20221 -0.176344  0 
 1.20072 -0.175191  0 
 1.19594 -0.167742  0 
 1.19213 -0.164165  0 
 1.18939 -0.15914  0 
 1.18354 -0.152536  0 
 1.18261 -0.150538  0 
 1.17602 -0.141935  0 
 1.17496 -0.141046  0 
 1.16973 -0.133333  0 
 1.16637 -0.130014  0 
 1.16322 -0.124731  0 
 1.15778 -0.1185  0 
 1.15652 -0.116129  0 
 1.14985 -0.107527  0 
 1.14919 -0.106925  0 
 1.14352 -0.0989247  0 
 1.14061 -0.0958634  0 
 1.13704 -0.0903226  0 
 1.13202 -0.0844256  0 
 1.13041 -0.0817204  0 
 1.12371 -0.0731183  0 
 1.12343 -0.0728372  0 
 1.11732 -0.0645161  0 
 1.11485 -0.0617182  0 
 1.11084 -0.055914  0 
 1.10626 -0.0503231  0 
 1.10427 -0.0473118  0 
 1.09767 -0.0388044  0 
 1.09761 -0.0387097  0 
 1.09114 -0.0301075  0 
 1.08909 -0.0275845  0 
 1.08464 -0.0215054  0 
 1.0805 -0.0162006  0 
 1.07811 -0.0129032  0 
 1.07191 -0.00480753  0 
 1.07154 -0.00430108  0 
 1.06497  0.00430108  0 
 1.06333  0.00653148  0 
 1.05844  0.0129032  0 
 1.05474  0.0179347  0 
 1.05193  0.0215054  0 
 1.04615  0.0292396  0 
 1.04544  0.0301075  0 
 1.03884  0.0387097  0 
 1.03757  0.0406224  0 
 1.03224  0.0473118  0 
 1.02898  0.0520767  0 
 1.02573  0.055914  0 
 1.02039  0.0633257  0 
 1.0193  0.0645161  0 
 1.01273  0.0731183  0 
 1.01181  0.0746795  0 
 1.00606  0.0817204  0 
 1.00322  0.0862193  0 
 0.999526  0.0903226  0 
 0.994633  0.0974419  0 
 0.993134  0.0989247  0 
 0.986653  0.107527  0 
 0.986047  0.108692  0 
 0.979896  0.116129  0 
 0.97746  0.120357  0 
 0.973319  0.124731  0 
 0.968873  0.131581  0 
 0.966942  0.133333  0 
 0.960607  0.141935  0 
 0.960286  0.142645  0 
 0.953752  0.150538  0 
 0.951699  0.154483  0 
 0.947114  0.15914  0 
 0.943113  0.165737  0 
 0.94073  0.167742  0 
 0.934594  0.176344  0 
 0.934526  0.176519  0 
 0.927633  0.184946  0 
 0.925939  0.18859  0 
 0.920918  0.193548  0 
 0.917352  0.199904  0 
 0.914505  0.202151  0 
 0.908766  0.210563  0 
 0.908463  0.210753  0 
 0.901541  0.219355  0 
 0.900179  0.22267  0 
 0.894737  0.227957  0 
 0.891592  0.234077  0 
 0.888272  0.236559  0 
 0.883005  0.244726  0 
 0.882245  0.245161  0 
 0.875477  0.253763  0 
 0.874419  0.256711  0 
 0.868573  0.262366  0 
 0.865832  0.268249  0 
 0.862033  0.270968  0 
 0.857245  0.278895  0 
 0.855964  0.27957  0 
 0.849369  0.288172  0 
 0.848658  0.290465  0 
 0.841945  0.296774  0 
 0.840072  0.301221  0 
 0.831669  0.305376  0 
 0.831485  0.305663  0 
 0.831221  0.305376  0 
 0.822898  0.302638  0 
 0.819813  0.296774  0 
 0.814311  0.292719  0 
 0.81255  0.288172  0 
 0.805725  0.280781  0 
 0.805376  0.27957  0 
 0.799223  0.270968  0 
 0.797138  0.269734  0 
 0.793002  0.262366  0 
 0.788551  0.258827  0 
 0.786346  0.253763  0 
 0.779964  0.246954  0 
 0.779359  0.245161  0 
 0.772967  0.236559  0 
 0.771377  0.235551  0 
 0.766785  0.227957  0 
 0.762791  0.224676  0 
 0.76021  0.219355  0 
 0.754204  0.212997  0 
 0.753327  0.210753  0 
 0.746739  0.202151  0 
 0.745617  0.201381  0 
 0.740563  0.193548  0 
 0.73703  0.190517  0 
 0.734052  0.184946  0 
 0.728444  0.178981  0 
 0.727265  0.176344  0 
 0.720536  0.167742  0 
 0.719857  0.167232  0 
 0.714341  0.15914  0 
 0.71127  0.156357  0 
 0.707874  0.150538  0 
 0.702683  0.144921  0 
 0.701174  0.141935  0 
 0.694366  0.133333  0 
 0.694097  0.13311  0 
 0.688127  0.124731  0 
 0.68551  0.1222  0 
 0.681683  0.116129  0 
 0.676923  0.110829  0 
 0.675055  0.107527  0 
 0.668336  0.0990725  0 
 0.66826  0.0989247  0 
 0.661925  0.0903226  0 
 0.65975  0.0880524  0 
 0.655482  0.0817204  0 
 0.651163  0.0767141  0 
 0.64891  0.0731183  0 
 0.642576  0.0651243  0 
 0.642215  0.0645161  0 
 0.635741  0.055914  0 
 0.633989  0.0539199  0 
 0.629279  0.0473118  0 
 0.625403  0.0425841  0 
 0.622744  0.0387097  0 
 0.616816  0.0311154  0 
 0.616137  0.0301075  0 
 0.609582  0.0215054  0 
 0.608229  0.0198087  0 
 0.603077  0.0129032  0 
 0.599642  0.00844546  0 
 0.596561  0.00430108  0 
 0.591055 -0.00294017  0 
 0.590026 -0.00430108  0 
 0.58345 -0.0129032  0 
 0.582469 -0.0142737  0 
 0.576884 -0.0215054  0 
 0.573882 -0.0256956  0 
 0.570365 -0.0301075  0 
 0.565295 -0.0370314  0 
 0.563885 -0.0387097  0 
 0.557348 -0.0473118  0 
 0.556708 -0.0483179  0 
 0.550705 -0.055914  0 
 0.548122 -0.0598332  0 
 0.544162 -0.0645161  0 
 0.539535 -0.0711496  0 
 0.537718 -0.0731183  0 
 0.531279 -0.0817204  0 
 0.530948 -0.0823124  0 
 0.524545 -0.0903226  0 
 0.522361 -0.0939606  0 
 0.517957 -0.0989247  0 
 0.513775 -0.105286  0 
 0.511526 -0.107527  0 
 0.505241 -0.116129  0 
 0.505188 -0.116238  0 
 0.498404 -0.124731  0 
 0.496601 -0.128068  0 
 0.491751 -0.133333  0 
 0.488014 -0.139431  0 
 0.485299 -0.141935  0 
 0.479428 -0.150262  0 
 0.479073 -0.150538  0 
 0.472235 -0.15914  0 
 0.470841 -0.162039  0 
 0.46546 -0.167742  0 
 0.462254 -0.173448  0 
 0.458952 -0.176344  0 
 0.453667 -0.184252  0 
 0.452691 -0.184946  0 
 0.446022 -0.193548  0 
 0.445081 -0.195818  0 
 0.439002 -0.202151  0 
 0.436494 -0.207209  0 
 0.431669 -0.210753  0 
 0.427907 -0.2176  0 
 0.425233 -0.219355  0 
 0.41932 -0.226932  0 
 0.417253 -0.227957  0 
 0.411224 -0.236559  0 
 0.410733 -0.237862  0 
 0.402526 -0.245161  0 
 0.402147 -0.24617  0 
 0.395899 -0.253763  0 
 0.39356 -0.259049  0 
 0.38832 -0.262366  0 
 0.384973 -0.267941  0 
 0.381381 -0.270968  0 
 0.376815 -0.27957  0 
 0.376386 -0.28075  0 
 0.368198 -0.288172  0 
 0.3678 -0.290305  0 
 0.364058 -0.296774  0 
 0.359213 -0.304069  0 
 0.356184 -0.305376  0 
 0.351753 -0.313978  0 
 0.350626 -0.318066  0 
 0.347243 -0.313978  0 
 0.346633 -0.305376  0 
 0.34817 -0.296774  0 
 0.350495 -0.288172  0 
 0.350626 -0.288076  0 
 0.359213 -0.285752  0 
 0.36415 -0.27957  0 
 0.366391 -0.270968  0 
 0.3678 -0.270414  0 
 0.374196 -0.262366  0 
 0.376386 -0.260795  0 
 0.380891 -0.253763  0 
 0.384973 -0.248898  0 
 0.387828 -0.245161  0 
 0.390338 -0.236559  0 
 0.393219 -0.227957  0 
 0.39356 -0.227794  0 
 0.399329 -0.219355  0 
 0.402147 -0.212122  0 
 0.402536 -0.210753  0 
 0.404999 -0.202151  0 
 0.408646 -0.193548  0 
 0.406794 -0.184946  0 
 0.407168 -0.176344  0 
 0.410137 -0.167742  0 
 0.409532 -0.15914  0 
 0.410733 -0.153107  0 
 0.412 -0.150538  0 
 0.415373 -0.141935  0 
 0.415017 -0.133333  0 
 0.416045 -0.124731  0 
 0.416132 -0.116129  0 
 0.415023 -0.107527  0 
 0.412542 -0.0989247  0 
 0.410733 -0.0970822  0 
 0.410215 -0.0903226  0 
 0.410665 -0.0817204  0 
 0.410733 -0.0770363  0 
 0.410846 -0.0731183  0 
 0.410733 -0.0727794  0 
 0.409795 -0.0645161  0 
 0.407022 -0.055914  0 
 0.402147 -0.048298  0 
 0.40204 -0.0473118  0 
 0.400198 -0.0387097  0 
 0.39666 -0.0301075  0 
 0.39356 -0.0257424  0 
 0.391937 -0.0215054  0 
 0.384973 -0.0158031  0 
 0.38222 -0.0129032  0 
 0.376386 -0.0100501  0 
 0.3678 -0.00558872  0 
 0.364354 -0.00430108  0 
 0.359213 -0.00327056  0 
 0.350626 -0.00197173  0 
 0.342039  4.1113e-10  0 
 0.333453  4.49882e-10  0 
 0.324866  4.92161e-10  0 
 0.316279  5.43392e-10  0 
 0.307692  6.0333e-10  0 
 0.299106  6.72564e-10  0 
 0.290519  7.60813e-10  0 
 0.281932  8.7463e-10  0 
 0.273345  1.03258e-09  0 
 0.264758  1.28092e-09  0 
 0.256172  1.80587e-09  0 
 0.247585 -0.00430108  0 
 0.247585 -0.0129032  0 
 0.247585 -0.0215054  0 
 0.247585 -0.0301075  0 
 0.238998 -0.0387097  0 
 0.238998 -0.0473118  0 
 0.238998 -0.055914  0 
 0.238998 -0.0645161  0 
 0.238998 -0.0731183  0 
 0.230411 -0.0817204  0 
 0.230411 -0.0903226  0 
 0.221825 -0.0989247  0 
 0.221825 -0.107527  0 
 0.23041 -0.116129  0 
 0.221825 -0.124731  0 
 0.213238 -0.124731  0 
 0.204651 -0.133333  0 
 0.204651 -0.141935  0 
 0.196064 -0.150538  0 
 0.187478 -0.15914  0 
 0.178891 -0.167742  0 
 0.170304 -0.176344  0 
 0.161717 -0.184946  0 
 0.170304 -0.192627  0 
 0.170491 -0.193548  0 
 0.170737 -0.202151  0 
 0.171015 -0.210753  0 
 0.172011 -0.219355  0 
 0.178891 -0.227135  0 
 0.17904 -0.227957  0 
 0.178891 -0.234374  0 
 0.173973 -0.236559  0 
 0.178891 -0.243897  0 
 0.179049 -0.245161  0 
 0.179705 -0.253763  0 
 0.187478 -0.262083  0 
 0.187611 -0.262366  0 
 0.187478 -0.270052  0 
 0.184452 -0.270968  0 
 0.181073 -0.27957  0 
 0.187478 -0.287455  0 
 0.187793 -0.288172  0 
 0.188225 -0.296774  0 
 0.196064 -0.305229  0 
 0.196185 -0.305376  0 
 0.196229 -0.313978  0 
 0.196064 -0.317177  0 
 0.189195 -0.322581  0 
 0.189798 -0.331183  0 
 0.196064 -0.338937  0 
 0.196777 -0.339785  0 
 0.197215 -0.348387  0 
 0.204651 -0.35671  0 
 0.204987 -0.356989  0 
 0.205082 -0.365591  0 
 0.213238 -0.374143  0 
 0.213297 -0.374194  0 
 0.213238 -0.380646  0 
 0.208444 -0.382796  0 
 0.204651 -0.389541  0 
 0.200151 -0.391398  0 
 0.204651 -0.398762  0 
 0.205986 -0.4  0 
 0.207976 -0.408602  0 
 0.213238 -0.416967  0 
 0.213496 -0.417204  0 
 0.215851 -0.425806  0 
 0.221825 -0.434338  0 
 0.221977 -0.434409  0 
 0.223213 -0.443011  0 
 0.230411 -0.451576  0 
 0.230674 -0.451613  0 
 0.23148 -0.460215  0 
 0.238998 -0.468364  0 
 0.239702 -0.468817  0 
 0.241526 -0.477419  0 
 0.247585 -0.485266  0 
 0.248215 -0.486022  0 
 0.248879 -0.494624  0 
 0.256172 -0.503023  0 
 0.258148 -0.503226  0 
 0.25732 -0.511828  0 
 0.264758 -0.51962  0 
 0.26548 -0.52043  0 
 0.266528 -0.529032  0 
 0.273345 -0.53755  0 
 0.274014 -0.537634  0 
 0.274715 -0.546237  0 
 0.281932 -0.553881  0 
 0.282747 -0.554839  0 
 0.284089 -0.563441  0 
 0.290519 -0.571944  0 
 0.291277 -0.572043  0 
 0.29217 -0.580645  0 
 0.299106 -0.588002  0 
 0.29999 -0.589247  0 
 0.301298 -0.597849  0 
 0.307692 -0.606315  0 
 0.309274 -0.606452  0 
 0.309714 -0.615054  0 
 0.316279 -0.621967  0 
 0.317242 -0.623656  0 
 0.318681 -0.632258  0 
 0.324866 -0.639506  0 
 0.326348 -0.64086  0 
 0.330549 -0.649462  0 
 0.333453 -0.655757  0 
 0.334529 -0.658065  0 
 0.336357 -0.666667  0 
 0.342039 -0.672932  0 
 0.342039 -0.675269  0 
 0.342039 -0.683871  0 
 0.342039 -0.692473  0 
 0.342039 -0.701075  0 
 0.342039 -0.709677  0 
 0.342039 -0.71828  0 
 0.342039 -0.726882  0 
 0.342039 -0.735484  0 
 0.342039 -0.744086  0 
 0.342039 -0.752688  0 
 0.342039 -0.76129  0 
 0.342039 -0.769892  0 
 0.342039 -0.778495  0 
 0.342039 -0.787097  0 
 0.342039 -0.795699  0 
 0.342039 -0.804301  0 
 0.342039 -0.812903  0 
 0.342039 -0.821505  0 
 0.342039 -0.830108  0 
 0.342039 -0.83871  0 
 0.342039 -0.847312  0 
 0.342039 -0.855914  0 
 0.342039 -0.864516  0 
 0.342039 -0.873118  0 
 0.342039 -0.88172  0 
 0.342039 -0.88999  0 
 0.334572 -0.88172  0 
 0.334052 -0.873118  0 
 0.333453 -0.87108  0 
 0.327155 -0.864516  0 
 0.325636 -0.855914  0 
 0.325348 -0.847312  0 
 0.324866 -0.846984  0 
 0.320497 -0.83871  0 
 0.316983 -0.830108  0 
 0.316279 -0.827585  0 
 0.311281 -0.821505  0 
 0.308495 -0.812903  0 
 0.308161 -0.804301  0 
 0.307692 -0.803075  0 
 0.300473 -0.795699  0 
 0.299686 -0.787097  0 
 0.300189 -0.778495  0 
 0.299106 -0.778449  0 
 0.291453 -0.769892  0 
 0.290991 -0.76129  0 
 0.290519 -0.759941  0 
 0.283635 -0.752688  0 
 0.282507 -0.744086  0 
 0.282293 -0.735484  0 
 0.281932 -0.73466  0 
 0.278409 -0.726882  0 
 0.273877 -0.71828  0 
 0.273345 -0.716618  0 
 0.267333 -0.709677  0 
 0.265334 -0.701075  0 
 0.265097 -0.692473  0 
 0.264758 -0.691603  0 
 0.257136 -0.683871  0 
 0.257051 -0.675269  0 
 0.256172 -0.668282  0 
 0.255508 -0.666667  0 
 0.248163 -0.658065  0 
 0.247898 -0.649462  0 
 0.247585 -0.648458  0 
 0.240133 -0.64086  0 
 0.239927 -0.632258  0 
 0.239275 -0.623656  0 
 0.238998 -0.623289  0 
 0.230986 -0.615054  0 
 0.230693 -0.606452  0 
 0.230411 -0.605025  0 
 0.225102 -0.597849  0 
 0.22228 -0.589247  0 
 0.222048 -0.580645  0 
 0.221825 -0.580225  0 
 0.213813 -0.572043  0 
 0.213485 -0.563441  0 
 0.213238 -0.563007  0 
 0.209537 -0.554839  0 
 0.204988 -0.546237  0 
 0.204831 -0.537634  0 
 0.204651 -0.53711  0 
 0.198512 -0.529032  0 
 0.19632 -0.52043  0 
 0.196205 -0.511828  0 
 0.196064 -0.511601  0 
 0.187777 -0.503226  0 
 0.187733 -0.494624  0 
 0.187478 -0.494204  0 
 0.179763 -0.486022  0 
 0.179088 -0.477419  0 
 0.179152 -0.468817  0 
 0.178891 -0.468645  0 
 0.170702 -0.460215  0 
 0.170473 -0.451613  0 
 0.170304 -0.450966  0 
 0.166705 -0.443011  0 
 0.16206 -0.434409  0 
 0.162451 -0.425806  0 
 0.161717 -0.425323  0 
 0.15435 -0.417204  0 
 0.154301 -0.408602  0 
 0.153777 -0.4  0 
 0.153131 -0.399109  0 
 0.147102 -0.391398  0 
 0.146563 -0.382796  0 
 0.146648 -0.374194  0 
 0.153131 -0.372083  0 
 0.161717 -0.369083  0 
 0.161752 -0.365591  0 
 0.161717 -0.365566  0 
 0.153341 -0.356989  0 
 0.153496 -0.348387  0 
 0.153131 -0.347642  0 
 0.146452 -0.339785  0 
 0.145666 -0.331183  0 
 0.145786 -0.322581  0 
 0.153131 -0.316621  0 
 0.15319 -0.313978  0 
 0.1533 -0.305376  0 
 0.153131 -0.304927  0 
 0.145786 -0.296774  0 
 0.145403 -0.288172  0 
 0.144972 -0.27957  0 
 0.153131 -0.272552  0 
 0.153153 -0.270968  0 
 0.153131 -0.270884  0 
 0.145427 -0.262366  0 
 0.145116 -0.253763  0 
 0.144544 -0.248612  0 
 0.140582 -0.245161  0 
 0.144544 -0.243784  0 
 0.149269 -0.236559  0 
 0.144865 -0.227957  0 
 0.144544 -0.225368  0 
 0.138131 -0.219355  0 
 0.135957 -0.219355  0 
 0.12737 -0.210753  0 
 0.118784 -0.219355  0 
 0.113529 -0.227957  0 
 0.118784 -0.231943  0 
 0.119182 -0.236559  0 
 0.119138 -0.245161  0 
 0.118784 -0.253763  0 
 0.112684 -0.262366  0 
 0.118784 -0.268345  0 
 0.119135 -0.270968  0 
 0.119061 -0.27957  0 
 0.118784 -0.287638  0 
 0.11507 -0.288172  0 
 0.111518 -0.296774  0 
 0.111945 -0.305376  0 
 0.118784 -0.31295  0 
 0.119031 -0.313978  0 
 0.118909 -0.322581  0 
 0.118784 -0.328157  0 
 0.111057 -0.331183  0 
 0.111119 -0.339785  0 
 0.110863 -0.348387  0 
 0.110868 -0.356989  0 
 0.118784 -0.365361  0 
 0.118972 -0.365591  0 
 0.118824 -0.374194  0 
 0.118784 -0.380392  0 
 0.111431 -0.382796  0 
 0.110197 -0.384922  0 
 0.102926 -0.391398  0 
 0.103613 -0.4  0 
 0.105061 -0.408602  0 
 0.110197 -0.414701  0 
 0.110697 -0.417204  0 
 0.110503 -0.425806  0 
 0.110788 -0.434409  0 
 0.118784 -0.44298  0 
 0.118874 -0.443011  0 
 0.118942 -0.451613  0 
 0.119062 -0.460215  0 
 0.119138 -0.468817  0 
 0.12737 -0.477155  0 
 0.127483 -0.477419  0 
 0.127588 -0.486022  0 
 0.127582 -0.494624  0 
 0.128004 -0.503226  0 
 0.135957 -0.511525  0 
 0.136136 -0.511828  0 
 0.136144 -0.52043  0 
 0.136287 -0.529032  0 
 0.137919 -0.537634  0 
 0.144544 -0.545922  0 
 0.14513 -0.546237  0 
 0.144817 -0.554839  0 
 0.145095 -0.563441  0 
 0.153131 -0.571731  0 
 0.153347 -0.572043  0 
 0.153389 -0.580645  0 
 0.153528 -0.589247  0 
 0.154104 -0.597849  0 
 0.161717 -0.605814  0 
 0.161984 -0.606452  0 
 0.164248 -0.615054  0 
 0.162295 -0.623656  0 
 0.163766 -0.632258  0 
 0.170304 -0.639197  0 
 0.170626 -0.64086  0 
 0.170819 -0.649462  0 
 0.172834 -0.658065  0 
 0.178891 -0.666562  0 
 0.178928 -0.666667  0 
 0.179291 -0.675269  0 
 0.179499 -0.683871  0 
 0.180264 -0.692473  0 
 0.187478 -0.700841  0 
 0.189901 -0.701075  0 
 0.187992 -0.709677  0 
 0.188292 -0.71828  0 
 0.189716 -0.726882  0 
 0.196064 -0.733691  0 
 0.196534 -0.735484  0 
 0.196795 -0.744086  0 
 0.200711 -0.752688  0 
 0.201529 -0.76129  0 
 0.204651 -0.764553  0 
 0.205221 -0.769892  0 
 0.205482 -0.778495  0 
 0.206281 -0.787097  0 
 0.213238 -0.794651  0 
 0.213766 -0.795699  0 
 0.214454 -0.804301  0 
 0.214386 -0.812903  0 
 0.215908 -0.821505  0 
 0.221825 -0.827578  0 
 0.222475 -0.830108  0 
 0.222718 -0.83871  0 
 0.223307 -0.847312  0 
 0.226582 -0.855914  0 
 0.230411 -0.861731  0 
 0.231558 -0.864516  0 
 0.231673 -0.873118  0 
 0.232689 -0.88172  0 
 0.238998 -0.889209  0 
 0.239361 -0.890323  0 
 0.240028 -0.898925  0 
 0.240535 -0.907527  0 
 0.242206 -0.916129  0 
 0.247585 -0.922371  0 
 0.24857 -0.924731  0 
 0.249459 -0.933333  0 
 0.250165 -0.941935  0 
 0.254411 -0.950538  0 
 0.256172 -0.952364  0 
 0.257542 -0.95914  0 
 0.258079 -0.967742  0 
 0.259439 -0.976344  0 
 0.264758 -0.983755  0 
 0.265192 -0.984946  0 
 0.266389 -0.993548  0 
 0.267251 -1.00215  0 
 0.270775 -1.01075  0 
 0.273345 -1.01889  0 
 0.275975 -1.01935  0 
 0.277051 -1.02796  0 
 0.279073 -1.03656  0 
 0.281932 -1.04188  0 
 0.282947 -1.04516  0 
 0.285055 -1.05376  0 
 0.286232 -1.06237  0 
 0.289018 -1.07097  0 
 0.290519 -1.07398  0 
 0.292441 -1.07957  0 
 0.294537 -1.08817  0 
 0.299106 -1.09664  0 
 0.307692 -1.09665  0 
 0.316279 -1.09655  0 
 0.324533 -1.08817  0 
 0.324866 -1.08811  0 
 0.333453 -1.08809  0 
 0.342039 -1.08803  0 
 0.342039 -1.08817  0 
 0.342039 -1.09677  0 
 0.342039 -1.10538  0 
 0.342039 -1.11398  0 
 0.342039 -1.12258  0 
 0.34204 -1.13118  0 
 0.342042 -1.13978  0 
 0.342057 -1.14839  0 
 0.34214 -1.15699  0 
 0.342549 -1.16559  0 
 0.343978 -1.17419  0 
 0.342765 -1.1828  0 
 0.347064 -1.1914  0 
 0.350626 -1.19523  0 
 0.359213 -1.19863  0 
 0.366853 -1.2  0 

-0.8 -0.0817251  0 
-0.791413 -0.0817245  0 
-0.782826 -0.0817241  0 
-0.782753 -0.0817204  0 
-0.77424 -0.0755507  0 
-0.765653 -0.0754398  0 
-0.757066 -0.07463  0 
-0.748479 -0.0742357  0 
-0.739893 -0.0740076  0 
-0.731306 -0.0738595  0 
-0.730836 -0.0731183  0 
-0.731105 -0.0645161  0 
-0.731172 -0.055914  0 
-0.731203 -0.0473118  0 
-0.731264 -0.0387097  0 
-0.722719 -0.0301921  0 
-0.714132 -0.0301581  0 
-0.705546 -0.0301445  0 
-0.696959 -0.0301367  0 
-0.688372 -0.0301316  0 
-0.679785 -0.0301281  0 
-0.67971 -0.0301075  0 
-0.679785 -0.0256687  0 
-0.68509 -0.0215054  0 
-0.686982 -0.0129032  0 
-0.687291 -0.00430108  0 
-0.679785 -5.94366e-07  0 
-0.671199 -6.16299e-07  0 
-0.662612 -6.16828e-07  0 
-0.654025 -6.1701e-07  0 
-0.645438 -6.17102e-07  0 
-0.644907  0.00430108  0 
-0.644855  0.0129032  0 
-0.644714  0.0215054  0 
-0.644287  0.0301075  0 
-0.636852  0.0302119  0 
-0.628265  0.0301166  0 
-0.619678  0.0301158  0 
-0.611091  0.0301151  0 
-0.602504  0.0301146  0 
-0.602328  0.0387097  0 
-0.6023  0.0473118  0 
-0.60226  0.055914  0 
-0.593918  0.0559656  0 
-0.585331  0.0559438  0 
-0.576744  0.0559366  0 
-0.568157  0.0559325  0 
-0.567758  0.0645161  0 
-0.567428  0.0731183  0 
-0.564636  0.0817204  0 
-0.568157  0.0820959  0 
-0.576431  0.0903226  0 
-0.576744  0.0903456  0 
-0.585331  0.0903527  0 
-0.593805  0.0903226  0 
-0.593918  0.0883486  0 
-0.601345  0.0817204  0 
-0.602098  0.0731183  0 
-0.602338  0.0645161  0 
-0.602504  0.0559903  0 
-0.611091  0.0562291  0 
-0.61942  0.0645161  0 
-0.619678  0.0645317  0 
-0.628265  0.064535  0 
-0.636745  0.0645161  0 
-0.636755  0.055914  0 
-0.636763  0.0473118  0 
-0.636852  0.0401086  0 
-0.640373  0.0387097  0 
-0.645438  0.0301189  0 
-0.654025  0.0301201  0 
-0.662612  0.0301216  0 
-0.671199  0.0301238  0 
-0.67971  0.0301075  0 
-0.679785  0.0256685  0 
-0.68509  0.0215054  0 
-0.686982  0.0129032  0 
-0.687291  0.00430108  0 
-0.688372 -7.47732e-07  0 
-0.696959 -7.47622e-07  0 
-0.705546 -7.47425e-07  0 
-0.714132 -7.46963e-07  0 
-0.722719 -7.44621e-07  0 
-0.731204 -0.00430108  0 
-0.731202 -0.0129032  0 
-0.731197 -0.0215054  0 
-0.731188 -0.0301075  0 
-0.731306 -0.0303435  0 
-0.739651 -0.0387097  0 
-0.739893 -0.0387233  0 
-0.748479 -0.0387241  0 
-0.757066 -0.038725  0 
-0.765653 -0.0387262  0 
-0.77424 -0.038729  0 
-0.78276 -0.0387097  0 
-0.782766 -0.0301075  0 
-0.78277 -0.0215054  0 
-0.782772 -0.0129032  0 
-0.782773 -0.00430108  0 
-0.77424 -1.00495e-06  0 
-0.765653 -1.00982e-06  0 
-0.757066 -1.01083e-06  0 
-0.748479 -1.01126e-06  0 
-0.739893 -1.01151e-06  0 
-0.731306 -1.01166e-06  0 
-0.731204  0.00430108  0 
-0.731202  0.0129032  0 
-0.731197  0.0215054  0 
-0.731188  0.0301075  0 
-0.722719  0.0301921  0 
-0.714132  0.0301581  0 
-0.705546  0.0301445  0 
-0.696959  0.0301367  0 
-0.688372  0.0301316  0 
-0.679785  0.0301281  0 
-0.679726  0.0387097  0 
-0.679715  0.0473118  0 
-0.679708  0.055914  0 
-0.679699  0.0645161  0 
-0.671199  0.0645708  0 
-0.662612  0.0645535  0 
-0.654025  0.0645456  0 
-0.645438  0.0645406  0 
-0.636852  0.0645372  0 
-0.636756  0.0731183  0 
-0.636728  0.0817204  0 
-0.636687  0.0903226  0 
-0.636595  0.0989247  0 
-0.628265  0.0989981  0 
-0.628214  0.0989247  0 
-0.619678  0.0905423  0 
-0.611091  0.0904012  0 
-0.602504  0.0903713  0 
-0.593918  0.0903585  0 
-0.593823  0.0989247  0 
-0.593781  0.107527  0 
-0.593718  0.116129  0 
-0.585331  0.117282  0 
-0.576744  0.116236  0 
-0.568157  0.116186  0 
-0.559571  0.116169  0 
-0.558812  0.124731  0 
-0.550984  0.131144  0 
-0.55085  0.133333  0 
-0.550801  0.141935  0 
-0.542397  0.142021  0 
-0.53381  0.141978  0 
-0.533674  0.141935  0 
-0.525224  0.133521  0 
-0.523931  0.133333  0 
-0.524718  0.124731  0 
-0.524944  0.116129  0 
-0.525224  0.107567  0 
-0.53381  0.107592  0 
-0.542397  0.107733  0 
-0.550928  0.116129  0 
-0.550984  0.116214  0 
-0.559201  0.116129  0 
-0.559335  0.107527  0 
-0.559398  0.0989247  0 
-0.559479  0.0903226  0 
-0.550984  0.0817636  0 
-0.542397  0.081749  0 
-0.53381  0.0817424  0 
-0.532704  0.0903226  0 
-0.527374  0.0989247  0 
-0.525224  0.100048  0 
-0.524817  0.107527  0 
-0.516637  0.107554  0 
-0.50805  0.107546  0 
-0.507988  0.107527  0 
-0.499463  0.0990021  0 
-0.490877  0.0990283  0 
-0.48229  0.0989838  0 
-0.473703  0.0989687  0 
-0.47362  0.107527  0 
-0.473546  0.116129  0 
-0.465116  0.12223  0 
-0.45653  0.116232  0 
-0.447943  0.116181  0 
-0.446928  0.124731  0 
-0.439356  0.130075  0 
-0.438885  0.133333  0 
-0.430769  0.133455  0 
-0.422182  0.133379  0 
-0.413596  0.133441  0 
-0.41354  0.133333  0 
-0.405009  0.124878  0 
-0.396422  0.124854  0 
-0.387835  0.124783  0 
-0.387807  0.124731  0 
-0.379249  0.116353  0 
-0.370662  0.116204  0 
-0.362075  0.116191  0 
-0.362001  0.116129  0 
-0.353488  0.107792  0 
-0.344902  0.107629  0 
-0.336315  0.107587  0 
-0.336183  0.107527  0 
-0.327728  0.0991827  0 
-0.319141  0.0990073  0 
-0.310555  0.0989378  0 
-0.309826  0.107527  0 
-0.301968  0.110868  0 
-0.293381  0.107694  0 
-0.284794  0.107621  0 
-0.284673  0.107527  0 
-0.276208  0.0991789  0 
-0.267621  0.0990222  0 
-0.259034  0.0989842  0 
-0.250447  0.0993537  0 
-0.24186  0.107527  0 
-0.24186  0.0989247  0 
-0.250447  0.0903226  0 
-0.250447  0.0817204  0 
-0.250447  0.0731183  0 
-0.24186  0.0731183  0 
-0.233274  0.0645161  0 
-0.24186  0.055914  0 
-0.250447  0.0645161  0 
-0.259034  0.0644891  0 
-0.267621  0.063346  0 
-0.276208  0.0559534  0 
-0.284794  0.0559662  0 
-0.293381  0.0559985  0 
-0.301968  0.0564017  0 
-0.310442  0.0645161  0 
-0.310555  0.0645568  0 
-0.319001  0.0645161  0 
-0.319141  0.0610978  0 
-0.322899  0.055914  0 
-0.327728  0.0473371  0 
-0.336315  0.0473572  0 
-0.344902  0.0474004  0 
-0.353444  0.055914  0 
-0.362075  0.0559366  0 
-0.370662  0.0559383  0 
-0.379249  0.0559476  0 
-0.387835  0.055952  0 
-0.396422  0.0559983  0 
-0.405009  0.0561757  0 
-0.413529  0.0645161  0 
-0.413596  0.0645814  0 
-0.422182  0.0645367  0 
-0.430769  0.0645552  0 
-0.439312  0.0645161  0 
-0.439323  0.055914  0 
-0.439339  0.0473118  0 
-0.439356  0.0388442  0 
-0.447943  0.0393508  0 
-0.456443  0.0473118  0 
-0.45653  0.0473245  0 
-0.465116  0.0473236  0 
-0.473703  0.0473265  0 
-0.482079  0.0473118  0 
-0.4821  0.0387097  0 
-0.482122  0.0301075  0 
-0.48229  0.0215141  0 
-0.490877  0.0215151  0 
-0.499463  0.0215165  0 
-0.508002  0.0215054  0 
-0.508003  0.0129032  0 
-0.508004  0.00430108  0 
-0.50805 -1.02927e-06  0 
-0.516637 -1.02533e-06  0 
-0.525224 -1.01462e-06  0 
-0.53381 -8.70801e-07  0 
-0.542397 -2.37078e-07  0 
-0.550984 -2.35861e-07  0 
-0.559571 -2.31172e-07  0 
-0.567846 -0.00430108  0 
-0.567841 -0.0129032  0 
-0.567829 -0.0215054  0 
-0.568157 -0.0216048  0 
-0.576646 -0.0301075  0 
-0.576744 -0.030113  0 
-0.585331 -0.0301134  0 
-0.593918 -0.0301141  0 
-0.602328 -0.0387097  0 
-0.6023 -0.0473118  0 
-0.60226 -0.055914  0 
-0.602504 -0.0559903  0 
-0.611091 -0.0562291  0 
-0.61942 -0.0645161  0 
-0.619678 -0.0645317  0 
-0.628265 -0.064535  0 
-0.636756 -0.0731183  0 
-0.636728 -0.0817204  0 
-0.636687 -0.0903226  0 
-0.636595 -0.0989247  0 
-0.636852 -0.098961  0 
-0.645438 -0.0989695  0 
-0.654025 -0.0989846  0 
-0.662612 -0.0990191  0 
-0.671199 -0.0994869  0 
-0.679591 -0.0989247  0 
-0.679666 -0.0903226  0 
-0.679699 -0.0817204  0 
-0.679735 -0.0731183  0 
-0.671199 -0.0645708  0 
-0.662612 -0.0645535  0 
-0.654025 -0.0645456  0 
-0.645438 -0.0645406  0 
-0.636852 -0.0645372  0 
-0.636745 -0.0645161  0 
-0.636755 -0.055914  0 
-0.636763 -0.0473118  0 
-0.636852 -0.0401088  0 
-0.640373 -0.0387097  0 
-0.636852 -0.0302118  0 
-0.628265 -0.0301166  0 
-0.619678 -0.0301158  0 
-0.611091 -0.0301151  0 
-0.602504 -0.0301146  0 
-0.602315 -0.0301075  0 
-0.602325 -0.0215054  0 
-0.602331 -0.0129032  0 
-0.602334 -0.00430108  0 
-0.593918 -4.3213e-07  0 
-0.585331 -4.33305e-07  0 
-0.576744 -4.33612e-07  0 
-0.568157 -4.33753e-07  0 
-0.567846  0.00430108  0 
-0.567841  0.0129032  0 
-0.567829  0.0215054  0 
-0.559571  0.0215413  0 
-0.550984  0.0215273  0 
-0.542397  0.0215213  0 
-0.53381  0.0215424  0 
-0.525224  0.0215754  0 
-0.516637  0.0215694  0 
-0.50805  0.0215626  0 
-0.508041  0.0301075  0 
-0.508039  0.0387097  0 
-0.508038  0.0473118  0 
-0.499463  0.0473429  0 
-0.490877  0.0473344  0 
-0.48229  0.0473304  0 
-0.482122  0.055914  0 
-0.482064  0.0645161  0 
-0.481964  0.0731183  0 
-0.473703  0.0731615  0 
-0.465116  0.0731369  0 
-0.465027  0.0731183  0 
-0.45653  0.064634  0 
-0.454195  0.0731183  0 
-0.450599  0.0817204  0 
-0.447943  0.0851768  0 
-0.447247  0.0903226  0 
-0.439356  0.0903312  0 
-0.430769  0.0903296  0 
-0.422182  0.0819709  0 
-0.413596  0.0817796  0 
-0.405009  0.0817687  0 
-0.396422  0.0817517  0 
-0.387835  0.0817526  0 
-0.387772  0.0817204  0 
-0.379249  0.0733449  0 
-0.370662  0.0731774  0 
-0.362075  0.0731653  0 
-0.353488  0.0731636  0 
-0.344902  0.073148  0 
-0.344853  0.0731183  0 
-0.336315  0.0646124  0 
-0.327728  0.0645678  0 
-0.319141  0.0645305  0 
-0.318754  0.0731183  0 
-0.317967  0.0817204  0 
-0.310555  0.0818328  0 
-0.310498  0.0817204  0 
-0.301968  0.0733941  0 
-0.293381  0.0732147  0 
-0.284794  0.0731787  0 
-0.276208  0.073166  0 
-0.276011  0.0731183  0 
-0.267621  0.0646376  0 
-0.259034  0.0731021  0 
-0.259034  0.0817204  0 
-0.259034  0.0817579  0 
-0.267621  0.0818085  0 
-0.276208  0.0821667  0 
-0.284497  0.0903226  0 
-0.284794  0.0903968  0 
-0.293381  0.0904411  0 
-0.301968  0.0908463  0 
-0.310555  0.0972274  0 
-0.316126  0.0903226  0 
-0.319141  0.0817536  0 
-0.327728  0.0818108  0 
-0.336315  0.0827343  0 
-0.344361  0.0903226  0 
-0.344902  0.0903739  0 
-0.353488  0.0903852  0 
-0.362075  0.0904982  0 
-0.370603  0.0989247  0 
-0.370662  0.098976  0 
-0.379249  0.098972  0 
-0.387835  0.0990457  0 
-0.396422  0.0990832  0 
-0.40498  0.107527  0 
-0.405009  0.107647  0 
-0.413596  0.107574  0 
-0.422182  0.107737  0 
-0.430769  0.107684  0 
-0.439297  0.116129  0 
-0.439356  0.116168  0 
-0.446645  0.116129  0 
-0.447023  0.107527  0 
-0.447607  0.0989247  0 
-0.447943  0.0903412  0 
-0.45653  0.0904051  0 
-0.465116  0.0931456  0 
-0.473609  0.0903226  0 
-0.473703  0.0888126  0 
-0.48186  0.0817204  0 
-0.48229  0.0731507  0 
-0.490877  0.0731624  0 
-0.499463  0.0732427  0 
-0.50805  0.0731585  0 
-0.516608  0.0817204  0 
-0.525224  0.0817353  0 
-0.53227  0.0817204  0 
-0.532672  0.0731183  0 
-0.532907  0.0645161  0 
-0.53381  0.0559236  0 
-0.542397  0.0559248  0 
-0.550984  0.0559265  0 
-0.559571  0.055932  0 
-0.567748  0.055914  0 
-0.567818  0.0473118  0 
-0.567864  0.0387097  0 
-0.568037  0.0301075  0 
-0.568157  0.0216048  0 
-0.576646  0.0301075  0 
-0.576744  0.030113  0 
-0.585331  0.0301134  0 
-0.593918  0.0301141  0 
-0.602315  0.0301075  0 
-0.602325  0.0215054  0 
-0.602331  0.0129032  0 
-0.602334  0.00430108  0 
-0.602504 -5.25694e-07  0 
-0.611091 -5.25615e-07  0 
-0.619678 -5.25462e-07  0 
-0.628265 -5.2504e-07  0 
-0.636852 -5.18564e-07  0 
-0.644907 -0.00430108  0 
-0.644855 -0.0129032  0 
-0.644714 -0.0215054  0 
-0.644287 -0.0301075  0 
-0.645438 -0.0301189  0 
-0.654025 -0.0301201  0 
-0.662612 -0.0301216  0 
-0.671199 -0.0301239  0 
-0.679726 -0.0387097  0 
-0.679715 -0.0473118  0 
-0.679708 -0.055914  0 
-0.679699 -0.0645161  0 
-0.679785 -0.0646094  0 
-0.688372 -0.0647175  0 
-0.696771 -0.0731183  0 
-0.696959 -0.0731419  0 
-0.705546 -0.0731449  0 
-0.714132 -0.0731496  0 
-0.722717 -0.0817204  0 
-0.722717 -0.0903226  0 
-0.722717 -0.0989247  0 
-0.722716 -0.107527  0 
-0.714132 -0.107742  0 
-0.705546 -0.107655  0 
-0.696959 -0.107624  0 
-0.688372 -0.107606  0 
-0.679785 -0.107594  0 
-0.671199 -0.11379  0 
-0.671175 -0.116129  0 
-0.671169 -0.124731  0 
-0.671158 -0.133333  0 
-0.662612 -0.133881  0 
-0.654025 -0.133489  0 
-0.645438 -0.133428  0 
-0.636852 -0.133403  0 
-0.628265 -0.133389  0 
-0.628154 -0.141935  0 
-0.627641 -0.150538  0 
-0.619678 -0.158011  0 
-0.619627 -0.15914  0 
-0.619678 -0.160584  0 
-0.626932 -0.167742  0 
-0.628265 -0.168117  0 
-0.636852 -0.168247  0 
-0.645438 -0.168565  0 
-0.654025 -0.17027  0 
-0.662577 -0.176344  0 
-0.671199 -0.176367  0 
-0.679785 -0.176384  0 
-0.688372 -0.176567  0 
-0.696864 -0.184946  0 
-0.696959 -0.184974  0 
-0.705298 -0.193548  0 
-0.704691 -0.202151  0 
-0.696959 -0.20914  0 
-0.696772 -0.210753  0 
-0.696673 -0.219355  0 
-0.696959 -0.219569  0 
-0.70535 -0.227957  0 
-0.705546 -0.22801  0 
-0.714132 -0.22804  0 
-0.722719 -0.228168  0 
-0.731186 -0.236559  0 
-0.731306 -0.236627  0 
-0.739818 -0.245161  0 
-0.739744 -0.253763  0 
-0.739504 -0.262366  0 
-0.731306 -0.270332  0 
-0.731189 -0.270968  0 
-0.722719 -0.271341  0 
-0.714132 -0.27108  0 
-0.711326 -0.270968  0 
-0.705546 -0.265997  0 
-0.696959 -0.262509  0 
-0.688372 -0.262443  0 
-0.68809 -0.262366  0 
-0.687694 -0.253763  0 
-0.688151 -0.245161  0 
-0.688241 -0.236559  0 
-0.688372 -0.234927  0 
-0.696761 -0.227957  0 
-0.688372 -0.219503  0 
-0.679785 -0.219404  0 
-0.679656 -0.219355  0 
-0.671199 -0.210954  0 
-0.662612 -0.210818  0 
-0.654025 -0.210793  0 
-0.645438 -0.213314  0 
-0.645171 -0.219355  0 
-0.644949 -0.227957  0 
-0.643333 -0.236559  0 
-0.644987 -0.245161  0 
-0.645438 -0.245231  0 
-0.654025 -0.245308  0 
-0.662508 -0.253763  0 
-0.662612 -0.253827  0 
-0.671199 -0.253885  0 
-0.679739 -0.262366  0 
-0.679564 -0.270968  0 
-0.671199 -0.279051  0 
-0.671085 -0.27957  0 
-0.671005 -0.288172  0 
-0.662612 -0.289411  0 
-0.654025 -0.288307  0 
-0.653611 -0.288172  0 
-0.645438 -0.280245  0 
-0.636852 -0.279694  0 
-0.628265 -0.279642  0 
-0.619678 -0.283211  0 
-0.61949 -0.288172  0 
-0.618712 -0.296774  0 
-0.611091 -0.303804  0 
-0.610877 -0.305376  0 
-0.611091 -0.305636  0 
-0.619462 -0.313978  0 
-0.619678 -0.314096  0 
-0.628265 -0.314284  0 
-0.636668 -0.322581  0 
-0.636852 -0.322734  0 
-0.645438 -0.32353  0 
-0.65388 -0.322581  0 
-0.654025 -0.321793  0 
-0.66216 -0.313978  0 
-0.662488 -0.305376  0 
-0.662612 -0.301771  0 
-0.671199 -0.296878  0 
-0.679785 -0.297008  0 
-0.688188 -0.305376  0 
-0.688372 -0.305478  0 
-0.696959 -0.305581  0 
-0.705461 -0.313978  0 
-0.705546 -0.314157  0 
-0.714002 -0.322581  0 
-0.705546 -0.330677  0 
-0.705458 -0.331183  0 
-0.705362 -0.339785  0 
-0.696959 -0.348096  0 
-0.696863 -0.348387  0 
-0.696959 -0.348861  0 
-0.705125 -0.356989  0 
-0.705546 -0.357155  0 
-0.714132 -0.357536  0 
-0.722294 -0.365591  0 
-0.722719 -0.365778  0 
-0.731306 -0.36628  0 
-0.739592 -0.374194  0 
-0.739893 -0.374564  0 
-0.748436 -0.382796  0 
-0.739893 -0.39091  0 
-0.739821 -0.391398  0 
-0.739705 -0.4  0 
-0.731306 -0.408293  0 
-0.731213 -0.408602  0 
-0.730993 -0.417204  0 
-0.731306 -0.417599  0 
-0.739551 -0.425806  0 
-0.739893 -0.426025  0 
-0.748479 -0.426452  0 
-0.756572 -0.434409  0 
-0.757066 -0.434695  0 
-0.765653 -0.436112  0 
-0.773415 -0.443011  0 
-0.77424 -0.443679  0 
-0.782826 -0.449754  0 
-0.790001 -0.443011  0 
-0.791308 -0.434409  0 
-0.791413 -0.433751  0 
-0.799626 -0.425806  0 
-0.799927 -0.417204  0 
-0.8 -0.414354  0 

-0.8  0.0817251  0 
-0.791413  0.0817245  0 
-0.782826  0.0817241  0 
-0.782753  0.0817204  0 
-0.77424  0.0755502  0 
-0.765653  0.0754135  0 
-0.757066  0.07461  0 
-0.748479  0.0742201  0 
-0.739893  0.0739948  0 
-0.731306  0.0738487  0 
-0.730836  0.0731183  0 
-0.731105  0.0645161  0 
-0.731171  0.055914  0 
-0.731203  0.0473118  0 
-0.731264  0.0387097  0 
-0.731306  0.0303434  0 
-0.739651  0.0387097  0 
-0.739893  0.0387233  0 
-0.748479  0.0387241  0 
-0.757066  0.038725  0 
-0.765653  0.0387262  0 
-0.77424  0.038729  0 
-0.78276  0.0387097  0 
-0.782766  0.0301075  0 
-0.78277  0.0215054  0 
-0.782772  0.0129032  0 
-0.782773  0.00430108  0 
-0.782826 -2.10829e-06  0 
-0.791413 -2.10751e-06  0 
-0.8 -2.10635e-06  0 

-0.8  0.167779  0 
-0.791413  0.167771  0 
-0.791292  0.167742  0 
-0.782826  0.15928  0 
-0.77424  0.159201  0 
-0.765653  0.15918  0 
-0.765418  0.167742  0 
-0.765019  0.176344  0 
-0.757066  0.183759  0 
-0.756928  0.184946  0 
-0.75688  0.193548  0 
-0.748479  0.193774  0 
-0.739893  0.193619  0 
-0.731306  0.193592  0 
-0.722719  0.193581  0 
-0.722629  0.193548  0 
-0.714132  0.185049  0 
-0.705546  0.184998  0 
-0.705298  0.193548  0 
-0.704691  0.202151  0 
-0.696959  0.20914  0 
-0.696772  0.210753  0 
-0.696673  0.219355  0 
-0.688372  0.219503  0 
-0.679785  0.219404  0 
-0.679656  0.219355  0 
-0.671199  0.210953  0 
-0.662612  0.210818  0 
-0.654025  0.210793  0 
-0.645438  0.213313  0 
-0.645171  0.219355  0 
-0.644949  0.227957  0 
-0.643332  0.236559  0 
-0.644987  0.245161  0 
-0.645438  0.245231  0 
-0.654025  0.245308  0 
-0.662508  0.253763  0 
-0.662612  0.253827  0 
-0.671199  0.253885  0 
-0.679739  0.262366  0 
-0.679564  0.270968  0 
-0.671199  0.279051  0 
-0.671085  0.27957  0 
-0.671005  0.288172  0 
-0.662612  0.289411  0 
-0.654025  0.288307  0 
-0.653611  0.288172  0 
-0.645438  0.280245  0 
-0.636852  0.279694  0 
-0.628265  0.279642  0 
-0.619678  0.283211  0 
-0.61949  0.288172  0 
-0.618712  0.296774  0 
-0.611091  0.303804  0 
-0.610877  0.305376  0 
-0.602504  0.305876  0 
-0.602422  0.305376  0 
-0.593918  0.297022  0 
-0.585331  0.296872  0 
-0.585181  0.296774  0 
-0.576744  0.288368  0 
-0.574879  0.288172  0 
-0.576329  0.27957  0 
-0.576744  0.276022  0 
-0.583435  0.270968  0 
-0.585165  0.262366  0 
-0.585331  0.253973  0 
-0.593737  0.262366  0 
-0.593918  0.262435  0 
-0.602504  0.262524  0 
-0.610998  0.270968  0 
-0.611091  0.271049  0 
-0.619678  0.272044  0 
-0.627949  0.270968  0 
-0.628089  0.262366  0 
-0.628265  0.261474  0 
-0.636481  0.253763  0 
-0.63681  0.245161  0 
-0.628265  0.236644  0 
-0.619678  0.2366  0 
-0.619597  0.236559  0 
-0.611091  0.228072  0 
-0.602504  0.228003  0 
-0.593918  0.228527  0 
-0.585331  0.229319  0 
-0.576744  0.236241  0 
-0.576581  0.236559  0 
-0.571099  0.245161  0 
-0.568157  0.245162  0 
-0.559571  0.245162  0 
-0.550984  0.245162  0 
-0.542397  0.236955  0 
-0.53381  0.236725  0 
-0.533568  0.236559  0 
-0.525224  0.228302  0 
-0.524818  0.227957  0 
-0.525116  0.219355  0 
-0.525164  0.210753  0 
-0.525224  0.207971  0 
-0.53381  0.202261  0 
-0.542397  0.20239  0 
-0.550845  0.210753  0 
-0.550984  0.210869  0 
-0.559571  0.219104  0 
-0.568032  0.210753  0 
-0.568102  0.202151  0 
-0.568123  0.193548  0 
-0.568157  0.190673  0 
-0.576744  0.18507  0 
-0.585331  0.185162  0 
-0.593918  0.186197  0 
-0.601952  0.193548  0 
-0.602504  0.193771  0 
-0.611081  0.193548  0 
-0.611084  0.184946  0 
-0.611091  0.184897  0 
-0.619658  0.176344  0 
-0.619674  0.167742  0 
-0.619678  0.16058  0 
-0.626936  0.167742  0 
-0.628265  0.168116  0 
-0.636852  0.168246  0 
-0.645438  0.168562  0 
-0.654025  0.170265  0 
-0.662577  0.176344  0 
-0.671199  0.176367  0 
-0.679785  0.176384  0 
-0.688372  0.176567  0 
-0.696864  0.184946  0 
-0.696959  0.184974  0 
-0.705091  0.184946  0 
-0.705204  0.176344  0 
-0.705546  0.174098  0 
-0.712787  0.167742  0 
-0.713543  0.15914  0 
-0.714132  0.150556  0 
-0.722719  0.150562  0 
-0.731306  0.150573  0 
-0.739893  0.150606  0 
-0.748479  0.15347  0 
-0.755598  0.15914  0 
-0.757066  0.159171  0 
-0.765358  0.15914  0 
-0.765427  0.150538  0 
-0.765557  0.141935  0 
-0.765653  0.140994  0 
-0.773409  0.133333  0 
-0.773931  0.124731  0 
-0.77424  0.116178  0 
-0.782826  0.116265  0 
-0.791284  0.124731  0 
-0.791413  0.124747  0 
-0.8  0.12475  0 

-0.8  0.244594  0 
-0.799902  0.245161  0 
-0.799856  0.253763  0 
-0.791413  0.253938  0 
-0.782826  0.253834  0 
-0.7827  0.253763  0 
-0.77424  0.24536  0 
-0.765653  0.245251  0 
-0.757066  0.245221  0 
-0.756884  0.245161  0 
-0.748479  0.236758  0 
-0.74806  0.236559  0 
-0.748291  0.227957  0 
-0.748357  0.219355  0 
-0.748479  0.217963  0 
-0.756491  0.210753  0 
-0.757066  0.202192  0 
-0.765653  0.202206  0 
-0.77424  0.202242  0 
-0.782826  0.202446  0 
-0.791196  0.210753  0 
-0.791413  0.210803  0 
-0.8  0.210835  0 

-0.8  0.349457  0 
-0.791413  0.348581  0 
-0.782826  0.348499  0 
-0.782628  0.348387  0 
-0.77424  0.34001  0 
-0.765653  0.339903  0 
-0.765505  0.348387  0 
-0.757066  0.356574  0 
-0.756985  0.356989  0 
-0.756892  0.365591  0 
-0.748479  0.373927  0 
-0.748392  0.374194  0 
-0.739893  0.374564  0 
-0.739592  0.374194  0 
-0.731306  0.36628  0 
-0.722719  0.365778  0 
-0.722294  0.365591  0 
-0.714132  0.357536  0 
-0.705546  0.357155  0 
-0.705125  0.356989  0 
-0.696959  0.348861  0 
-0.696901  0.356989  0 
-0.688372  0.365095  0 
-0.688292  0.365591  0 
-0.688173  0.374194  0 
-0.679785  0.382469  0 
-0.679682  0.382796  0 
-0.671199  0.383651  0 
-0.668361  0.382796  0 
-0.662612  0.379092  0 
-0.654025  0.374432  0 
-0.65351  0.374194  0 
-0.645438  0.366267  0 
-0.636852  0.365767  0 
-0.628265  0.366188  0 
-0.628103  0.374194  0 
-0.619678  0.382426  0 
-0.619571  0.382796  0 
-0.619215  0.391398  0 
-0.619324  0.4  0 
-0.619678  0.400241  0 
-0.628265  0.402269  0 
-0.635125  0.408602  0 
-0.636852  0.409047  0 
-0.645213  0.417204  0 
-0.645438  0.417586  0 
-0.65401  0.425806  0 
-0.653571  0.434409  0 
-0.645438  0.441915  0 
-0.645285  0.443011  0 
-0.636852  0.45136  0 
-0.63675  0.451613  0 
-0.63634  0.460215  0 
-0.636852  0.4606  0 
-0.645128  0.468817  0 
-0.645438  0.469123  0 
-0.654025  0.469878  0 
-0.661891  0.477419  0 
-0.662612  0.47804  0 
-0.670939  0.486022  0 
-0.671199  0.48697  0 
-0.679776  0.494624  0 
-0.671199  0.502859  0 
-0.67113  0.503226  0 
-0.662612  0.51169  0 
-0.662552  0.511828  0 
-0.66172  0.52043  0 
-0.654025  0.527817  0 
-0.645438  0.522417  0 
-0.64504  0.52043  0 
-0.636852  0.512804  0 
-0.63601  0.511828  0 
-0.628265  0.504484  0 
-0.626273  0.503226  0 
-0.619678  0.497098  0 
-0.611091  0.49509  0 
-0.610636  0.494624  0 
-0.610997  0.486022  0 
-0.611091  0.485828  0 
-0.619556  0.477419  0 
-0.619678  0.477008  0 
-0.628081  0.468817  0 
-0.628238  0.460215  0 
-0.627701  0.451613  0 
-0.619678  0.444598  0 
-0.611091  0.443313  0 
-0.610824  0.443011  0 
-0.602504  0.434785  0 
-0.602012  0.434409  0 
-0.593918  0.426419  0 
-0.585331  0.431244  0 
-0.585258  0.434409  0 
-0.576744  0.442811  0 
-0.576667  0.443011  0 
-0.576349  0.451613  0 
-0.568157  0.459889  0 
-0.559571  0.452465  0 
-0.559371  0.451613  0 
-0.550984  0.443485  0 
-0.550608  0.443011  0 
-0.542397  0.434976  0 
-0.541696  0.434409  0 
-0.53381  0.426709  0 
-0.525224  0.431247  0 
-0.525153  0.434409  0 
-0.516637  0.442813  0 
-0.516551  0.443011  0 
-0.515683  0.451613  0 
-0.515883  0.460215  0 
-0.516637  0.461015  0 
-0.524674  0.468817  0 
-0.525224  0.469558  0 
-0.533439  0.477419  0 
-0.53381  0.478409  0 
-0.542397  0.485875  0 
-0.550888  0.477419  0 
-0.550984  0.477218  0 
-0.559471  0.468817  0 
-0.559571  0.468368  0 
-0.568157  0.460392  0 
-0.576744  0.461613  0 
-0.584262  0.468817  0 
-0.585331  0.469628  0 
-0.593411  0.477419  0 
-0.593918  0.478104  0 
-0.602297  0.486022  0 
-0.602473  0.494624  0 
-0.601771  0.503226  0 
-0.593918  0.510426  0 
-0.593678  0.511828  0 
-0.585331  0.520067  0 
-0.576744  0.517998  0 
-0.568157  0.512199  0 
-0.567988  0.511828  0 
-0.559571  0.503863  0 
-0.559117  0.503226  0 
-0.550984  0.495263  0 
-0.550452  0.494624  0 
-0.542397  0.486699  0 
-0.53381  0.494422  0 
-0.533766  0.494624  0 
-0.525224  0.503127  0 
-0.52517  0.503226  0 
-0.516637  0.511745  0 
-0.50805  0.505174  0 
-0.507315  0.503226  0 
-0.499463  0.495991  0 
-0.498604  0.494624  0 
-0.490877  0.487253  0 
-0.489976  0.486022  0 
-0.49062  0.477419  0 
-0.490877  0.476969  0 
-0.499218  0.468817  0 
-0.499463  0.468013  0 
-0.507937  0.460215  0 
-0.507972  0.451613  0 
-0.499463  0.444704  0 
-0.498126  0.443011  0 
-0.490877  0.436654  0 
-0.48229  0.434524  0 
-0.482204  0.434409  0 
-0.481744  0.425806  0 
-0.48229  0.42364  0 
-0.489551  0.417204  0 
-0.490788  0.408602  0 
-0.490877  0.407833  0 
-0.499463  0.400405  0 
-0.507751  0.408602  0 
-0.50805  0.408931  0 
-0.516438  0.417204  0 
-0.516637  0.417533  0 
-0.525224  0.422054  0 
-0.53381  0.425467  0 
-0.542195  0.417204  0 
-0.542397  0.416298  0 
-0.550654  0.408602  0 
-0.550984  0.400202  0 
-0.559571  0.400727  0 
-0.56761  0.408602  0 
-0.568157  0.408991  0 
-0.576511  0.417204  0 
-0.576744  0.417536  0 
-0.585331  0.42176  0 
-0.593918  0.42511  0 
-0.602063  0.417204  0 
-0.602418  0.408602  0 
-0.602504  0.408241  0 
-0.611029  0.4  0 
-0.602504  0.391435  0 
-0.602491  0.391398  0 
-0.593918  0.383054  0 
-0.593604  0.382796  0 
-0.585331  0.374646  0 
-0.576744  0.374356  0 
-0.576556  0.374194  0 
-0.576576  0.365591  0 
-0.576744  0.364985  0 
-0.584991  0.356989  0 
-0.585233  0.348387  0 
-0.585331  0.347001  0 
-0.593918  0.339959  0 
-0.602504  0.341437  0 
-0.609805  0.348387  0 
-0.611091  0.348637  0 
-0.619539  0.356989  0 
-0.619678  0.357181  0 
-0.628265  0.364367  0 
-0.636691  0.356989  0 
-0.636852  0.356015  0 
-0.64487  0.348387  0 
-0.645327  0.339785  0 
-0.645438  0.337729  0 
-0.654025  0.331317  0 
-0.662612  0.331558  0 
-0.670905  0.339785  0 
-0.671199  0.339936  0 
-0.679785  0.34025  0 
-0.688167  0.348387  0 
-0.688372  0.348679  0 
-0.696863  0.348387  0 
-0.696959  0.348096  0 
-0.705362  0.339785  0 
-0.705458  0.331183  0 
-0.705546  0.330677  0 
-0.714002  0.322581  0 
-0.714132  0.314136  0 
-0.722719  0.314827  0 
-0.730564  0.322581  0 
-0.731306  0.322723  0 
-0.739893  0.323008  0 
-0.748183  0.331183  0 
-0.748479  0.331326  0 
-0.757066  0.331575  0 
-0.765653  0.339349  0 
-0.773938  0.331183  0 
-0.774125  0.322581  0 
-0.77424  0.321177  0 
-0.782083  0.313978  0 
-0.782723  0.305376  0 
-0.782826  0.296905  0 
-0.791413  0.297154  0 
-0.799657  0.305376  0 
-0.8  0.305477  0 

-0.8  0.414354  0 
-0.799927  0.417204  0 
-0.799626  0.425806  0 
-0.791413  0.433751  0 
-0.791308  0.434409  0 
-0.790001  0.443011  0 
-0.782826  0.449754  0 
-0.77424  0.443679  0 
-0.773415  0.443011  0 
-0.765653  0.436112  0 
-0.757066  0.434695  0 
-0.756572  0.434409  0 
-0.748479  0.426452  0 
-0.739893  0.426025  0 
-0.739551  0.425806  0 
-0.731306  0.417599  0 
-0.730993  0.417204  0 
-0.731213  0.408602  0 
-0.731306  0.408293  0 
-0.739705  0.4  0 
-0.739821  0.391398  0 
-0.739893  0.390909  0 
-0.748436  0.382796  0 
-0.748479  0.374903  0 
-0.756423  0.382796  0 
-0.757066  0.382997  0 
-0.765653  0.383629  0 
-0.773554  0.391398  0 
-0.77424  0.39162  0 
-0.782826  0.392432  0 
-0.790781  0.4  0 
-0.791413  0.40029  0 
-0.8  0.402899  0 

-0.8  0.514969  0 
-0.791413  0.512292  0 
-0.79083  0.511828  0 
-0.782826  0.503995  0 
-0.777392  0.503226  0 
-0.77424  0.500457  0 
-0.765653  0.495059  0 
-0.764932  0.494624  0 
-0.763142  0.486022  0 
-0.765561  0.477419  0 
-0.765653  0.477096  0 
-0.774047  0.468817  0 
-0.774183  0.460215  0 
-0.77424  0.459796  0 
-0.782826  0.451834  0 
-0.791413  0.452125  0 
-0.799556  0.460215  0 
-0.8  0.460484  0 

-0.8  0.554586  0 
-0.799928  0.554839  0 
-0.791413  0.563337  0 
-0.791363  0.563441  0 
-0.782826  0.568749  0 
-0.778489  0.563441  0 
-0.77424  0.561285  0 
-0.765653  0.55578  0 
-0.764745  0.554839  0 
-0.757066  0.547477  0 
-0.755194  0.546237  0 
-0.748479  0.539882  0 
-0.739893  0.538247  0 
-0.739209  0.537634  0 
-0.731306  0.529912  0 
-0.722719  0.537431  0 
-0.722691  0.537634  0 
-0.72247  0.546237  0 
-0.714132  0.554407  0 
-0.71404  0.554839  0 
-0.705546  0.563307  0 
-0.705484  0.563441  0 
-0.696959  0.570478  0 
-0.696347  0.563441  0 
-0.688372  0.556958  0 
-0.686802  0.554839  0 
-0.679785  0.548625  0 
-0.676948  0.546237  0 
-0.671199  0.541133  0 
-0.662612  0.537637  0 
-0.654025  0.530254  0 
-0.645438  0.537406  0 
-0.6454  0.537634  0 
-0.636852  0.546154  0 
-0.636816  0.546237  0 
-0.628265  0.554783  0 
-0.628232  0.554839  0 
-0.619678  0.561915  0 
-0.61738  0.554839  0 
-0.611091  0.551177  0 
-0.606766  0.546237  0 
-0.602504  0.543084  0 
-0.596295  0.537634  0 
-0.593918  0.535784  0 
-0.585331  0.529267  0 
-0.585131  0.529032  0 
-0.576744  0.528559  0 
-0.576729  0.529032  0 
-0.568157  0.537586  0 
-0.568136  0.537634  0 
-0.559571  0.5462  0 
-0.559547  0.546237  0 
-0.550984  0.552973  0 
-0.542397  0.546742  0 
-0.542262  0.546237  0 
-0.53381  0.538167  0 
-0.533503  0.537634  0 
-0.525224  0.529522  0 
-0.524882  0.529032  0 
-0.516637  0.520869  0 
-0.516303  0.52043  0 
-0.50805  0.520409  0 
-0.499463  0.529022  0 
-0.490877  0.537624  0 
-0.48229  0.540725  0 
-0.482006  0.537634  0 
-0.47434  0.529032  0 
-0.473703  0.52872  0 
-0.468109  0.52043  0 
-0.465116  0.518221  0 
-0.460695  0.511828  0 
-0.464758  0.503226  0 
-0.465116  0.502873  0 
-0.473507  0.494624  0 
-0.473703  0.494238  0 
-0.482226  0.486022  0 
-0.482128  0.477419  0 
-0.473703  0.470034  0 
-0.473195  0.468817  0 
-0.465116  0.461124  0 
-0.464538  0.460215  0 
-0.45653  0.452436  0 
-0.447943  0.459314  0 
-0.447764  0.460215  0 
-0.439356  0.468397  0 
-0.439057  0.468817  0 
-0.430769  0.476959  0 
-0.422182  0.471271  0 
-0.422001  0.468817  0 
-0.419786  0.460215  0 
-0.413596  0.455295  0 
-0.412408  0.451613  0 
-0.405009  0.444682  0 
-0.396422  0.451065  0 
-0.396341  0.451613  0 
-0.387835  0.460009  0 
-0.387693  0.460215  0 
-0.379249  0.468815  0 
-0.378781  0.460215  0 
-0.370662  0.453367  0 
-0.370209  0.451613  0 
-0.362075  0.443811  0 
-0.36172  0.443011  0 
-0.362075  0.43931  0 
-0.368058  0.434409  0 
-0.370662  0.433185  0 
-0.378974  0.425806  0 
-0.379175  0.417204  0 
-0.370662  0.409136  0 
-0.370483  0.408602  0 
-0.362075  0.400335  0 
-0.353488  0.403456  0 
-0.344902  0.408027  0 
-0.344558  0.408602  0 
-0.344079  0.417204  0 
-0.344734  0.425806  0 
-0.344902  0.426238  0 
-0.353352  0.434409  0 
-0.353408  0.443011  0 
-0.344902  0.451305  0 
-0.344667  0.451613  0 
-0.336315  0.459832  0 
-0.333302  0.451613  0 
-0.327728  0.449575  0 
-0.327211  0.443011  0 
-0.319141  0.435367  0 
-0.310555  0.440183  0 
-0.301968  0.442613  0 
-0.301646  0.443011  0 
-0.293381  0.451107  0 
-0.29315  0.443011  0 
-0.284794  0.435454  0 
-0.284577  0.434409  0 
-0.280142  0.425806  0 
-0.276208  0.425544  0 
-0.274938  0.417204  0 
-0.267621  0.411549  0 
-0.266697  0.408602  0 
-0.267621  0.407704  0 
-0.275691  0.4  0 
-0.276208  0.399717  0 
-0.284794  0.392138  0 
-0.293036  0.4  0 
-0.293381  0.401887  0 
-0.301938  0.408602  0 
-0.301968  0.409996  0 
-0.309791  0.417204  0 
-0.31044  0.425806  0 
-0.310555  0.428073  0 
-0.319141  0.433457  0 
-0.327173  0.425806  0 
-0.327728  0.424972  0 
-0.33624  0.417204  0 
-0.336184  0.408602  0 
-0.327728  0.40044  0 
-0.327591  0.4  0 
-0.319141  0.39552  0 
-0.319043  0.391398  0 
-0.310555  0.383461  0 
-0.310346  0.382796  0 
-0.301968  0.378747  0 
-0.293381  0.382531  0 
-0.293243  0.382796  0 
-0.284794  0.391151  0 
-0.284455  0.382796  0 
-0.276208  0.375393  0 
-0.275958  0.374194  0 
-0.267621  0.370289  0 
-0.267471  0.365591  0 
-0.263501  0.356989  0 
-0.259034  0.356333  0 
-0.258723  0.348387  0 
-0.250447  0.340821  0 
-0.250347  0.339785  0 
-0.24186  0.332116  0 
-0.241676  0.331183  0 
-0.241299  0.322581  0 
-0.233274  0.316581  0 
-0.233008  0.313978  0 
-0.224687  0.306484  0 
-0.224463  0.305376  0 
-0.2161  0.297496  0 
-0.215908  0.296774  0 
-0.215447  0.288172  0 
-0.207513  0.280911  0 
-0.207134  0.27957  0 
-0.198927  0.271441  0 
-0.1984  0.270968  0 
-0.19034  0.262443  0 
-0.185763  0.270968  0 
-0.181753  0.272261  0 
-0.179974  0.27957  0 
-0.181753  0.279954  0 
-0.189954  0.288172  0 
-0.19034  0.289304  0 
-0.198313  0.296774  0 
-0.198709  0.305376  0 
-0.198927  0.30617  0 
-0.207258  0.313978  0 
-0.207513  0.31568  0 
-0.21565  0.322581  0 
-0.215896  0.331183  0 
-0.2161  0.332525  0 
-0.224433  0.339785  0 
-0.224687  0.341976  0 
-0.23287  0.348387  0 
-0.233063  0.356989  0 
-0.233274  0.358041  0 
-0.241775  0.365591  0 
-0.24186  0.368298  0 
-0.249476  0.374194  0 
-0.250359  0.382796  0 
-0.250447  0.385746  0 
-0.258733  0.391398  0 
-0.259034  0.3953  0 
-0.26737  0.4  0 
-0.259034  0.408358  0 
-0.259016  0.408602  0 
-0.250447  0.417147  0 
-0.24186  0.417181  0 
-0.241455  0.408602  0 
-0.233274  0.401146  0 
-0.233141  0.4  0 
-0.23256  0.391398  0 
-0.224687  0.385401  0 
-0.224371  0.382796  0 
-0.2161  0.377121  0 
-0.215919  0.374194  0 
-0.215675  0.365591  0 
-0.207513  0.359613  0 
-0.20729  0.356989  0 
-0.207069  0.348387  0 
-0.198927  0.341943  0 
-0.198636  0.339785  0 
-0.197401  0.331183  0 
-0.19034  0.326312  0 
-0.190021  0.322581  0 
-0.181753  0.314899  0 
-0.181503  0.313978  0 
-0.181184  0.305376  0 
-0.173166  0.297743  0 
-0.172748  0.296774  0 
-0.171467  0.288172  0 
-0.172454  0.27957  0 
-0.173166  0.277795  0 
-0.181651  0.270968  0 
-0.173166  0.264296  0 
-0.172864  0.262366  0 
-0.16458  0.25413  0 
-0.164359  0.253763  0 
-0.160513  0.245161  0 
-0.158229  0.236559  0 
-0.16458  0.229001  0 
-0.172462  0.236559  0 
-0.173166  0.237143  0 
-0.181391  0.245161  0 
-0.181753  0.246425  0 
-0.189975  0.253763  0 
-0.19034  0.261899  0 
-0.198927  0.259053  0 
-0.207513  0.253841  0 
-0.215695  0.262366  0 
-0.2161  0.262998  0 
-0.224297  0.270968  0 
-0.224687  0.272364  0 
-0.232683  0.27957  0 
-0.233176  0.288172  0 
-0.233274  0.288546  0 
-0.241693  0.296774  0 
-0.24186  0.29765  0 
-0.250237  0.305376  0 
-0.250447  0.306469  0 
-0.25885  0.313978  0 
-0.259034  0.315235  0 
-0.267408  0.322581  0 
-0.267621  0.327224  0 
-0.274476  0.331183  0 
-0.276159  0.339785  0 
-0.276208  0.340598  0 
-0.284626  0.348387  0 
-0.284794  0.349554  0 
-0.293359  0.356989  0 
-0.293381  0.357678  0 
-0.301706  0.365591  0 
-0.301968  0.370499  0 
-0.310555  0.373358  0 
-0.318792  0.365591  0 
-0.319141  0.363845  0 
-0.327728  0.358485  0 
-0.335577  0.365591  0 
-0.336315  0.370387  0 
-0.344901  0.374194  0 
-0.344902  0.377526  0 
-0.353488  0.374467  0 
-0.356119  0.374194  0 
-0.362075  0.373319  0 
-0.366055  0.374194  0 
-0.370662  0.374937  0 
-0.379249  0.376259  0 
-0.387591  0.382796  0 
-0.387835  0.383241  0 
-0.396233  0.391398  0 
-0.396422  0.392415  0 
-0.405009  0.399101  0 
-0.413094  0.391398  0 
-0.413596  0.390047  0 
-0.421978  0.382796  0 
-0.422109  0.374194  0 
-0.413596  0.366258  0 
-0.41306  0.365591  0 
-0.405009  0.357927  0 
-0.396422  0.358222  0 
-0.396365  0.356989  0 
-0.387835  0.348949  0 
-0.387577  0.348387  0 
-0.379249  0.340249  0 
-0.370662  0.348174  0 
-0.370609  0.348387  0 
-0.362075  0.356876  0 
-0.353488  0.349318  0 
-0.353216  0.348387  0 
-0.344902  0.340346  0 
-0.336315  0.346677  0 
-0.335958  0.348387  0 
-0.327728  0.356178  0 
-0.319141  0.349748  0 
-0.318934  0.348387  0 
-0.310555  0.340267  0 
-0.310544  0.339785  0 
-0.301968  0.331971  0 
-0.301778  0.331183  0 
-0.293381  0.324282  0 
-0.293284  0.322581  0 
-0.284794  0.314442  0 
-0.28472  0.313978  0 
-0.276208  0.306107  0 
-0.276066  0.305376  0 
-0.267621  0.297523  0 
-0.267511  0.296774  0 
-0.265386  0.288172  0 
-0.259034  0.284963  0 
-0.258304  0.27957  0 
-0.250447  0.273136  0 
-0.249993  0.270968  0 
-0.24186  0.263546  0 
-0.241497  0.262366  0 
-0.233274  0.254482  0 
-0.232892  0.253763  0 
-0.224687  0.245572  0 
-0.218763  0.245161  0 
-0.224687  0.236756  0 
-0.225891  0.236559  0 
-0.233266  0.227957  0 
-0.224687  0.220493  0 
-0.224443  0.219355  0 
-0.2161  0.211489  0 
-0.215757  0.210753  0 
-0.207513  0.20272  0 
-0.206999  0.202151  0 
-0.198927  0.193919  0 
-0.19034  0.194554  0 
-0.181753  0.198659  0 
-0.180894  0.193548  0 
-0.173166  0.193548  0 
-0.16458  0.184946  0 
-0.173166  0.176344  0 
-0.181753  0.184946  0 
-0.190174  0.184946  0 
-0.19034  0.186194  0 
-0.198482  0.184946  0 
-0.198863  0.176344  0 
-0.198927  0.167742  0 
-0.207488  0.167742  0 
-0.204861  0.176344  0 
-0.20593  0.184946  0 
-0.207513  0.185139  0 
-0.215863  0.193548  0 
-0.2161  0.193816  0 
-0.224537  0.202151  0 
-0.224687  0.202472  0 
-0.233274  0.20486  0 
-0.241223  0.210753  0 
-0.241851  0.219355  0 
-0.233871  0.227957  0 
-0.241368  0.236559  0 
-0.24186  0.237052  0 
-0.250127  0.245161  0 
-0.250447  0.245789  0 
-0.258792  0.253763  0 
-0.259034  0.254414  0 
-0.26743  0.262366  0 
-0.267621  0.263017  0 
-0.276025  0.270968  0 
-0.276208  0.271775  0 
-0.284582  0.27957  0 
-0.284794  0.280883  0 
-0.293132  0.288172  0 
-0.293381  0.289119  0 
-0.301876  0.296774  0 
-0.301968  0.297381  0 
-0.310407  0.305376  0 
-0.310555  0.30768  0 
-0.318906  0.313978  0 
-0.319141  0.314707  0 
-0.327722  0.322581  0 
-0.327728  0.322936  0 
-0.336156  0.331183  0 
-0.336315  0.331868  0 
-0.344902  0.338584  0 
-0.352924  0.331183  0 
-0.353488  0.328773  0 
-0.362075  0.322897  0 
-0.370513  0.331183  0 
-0.370662  0.331675  0 
-0.379249  0.339525  0 
-0.387703  0.331183  0 
-0.387835  0.330679  0 
-0.396381  0.322581  0 
-0.387835  0.314384  0 
-0.387749  0.313978  0 
-0.379249  0.305582  0 
-0.370662  0.308331  0 
-0.369109  0.313978  0 
-0.362075  0.319747  0 
-0.353488  0.314399  0 
-0.353386  0.313978  0 
-0.344902  0.305617  0 
-0.344897  0.305376  0 
-0.336315  0.297576  0 
-0.335943  0.296774  0 
-0.327728  0.291097  0 
-0.327303  0.288172  0 
-0.319141  0.281423  0 
-0.310555  0.280168  0 
-0.310494  0.27957  0 
-0.301968  0.271239  0 
-0.301917  0.270968  0 
-0.293381  0.262741  0 
-0.293274  0.262366  0 
-0.284794  0.254275  0 
-0.284639  0.253763  0 
-0.276208  0.245718  0 
-0.276022  0.245161  0 
-0.267621  0.237085  0 
-0.267376  0.236559  0 
-0.259034  0.228466  0 
-0.258611  0.227957  0 
-0.250447  0.219844  0 
-0.24312  0.219355  0 
-0.25014  0.210753  0 
-0.250389  0.202151  0 
-0.24186  0.19394  0 
-0.24172  0.193548  0 
-0.233274  0.185312  0 
-0.232988  0.184946  0 
-0.224687  0.176736  0 
-0.223783  0.176344  0 
-0.2161  0.168172  0 
-0.210458  0.167742  0 
-0.216096  0.15914  0 
-0.2161  0.150538  0 
-0.207513  0.150538  0 
-0.198927  0.141935  0 
-0.207513  0.133333  0 
-0.2161  0.124731  0 
-0.224687  0.124731  0 
-0.233274  0.116129  0 
-0.24186  0.116129  0 
-0.240513  0.124731  0 
-0.235198  0.133333  0 
-0.24186  0.133534  0 
-0.250129  0.141935  0 
-0.250447  0.142092  0 
-0.259034  0.14267  0 
-0.267276  0.150538  0 
-0.267621  0.150797  0 
-0.276158  0.15914  0 
-0.276208  0.159473  0 
-0.284712  0.15914  0 
-0.284794  0.158542  0 
-0.292927  0.150538  0 
-0.293381  0.141957  0 
-0.301186  0.150538  0 
-0.301968  0.150659  0 
-0.310555  0.151167  0 
-0.318832  0.15914  0 
-0.319141  0.159306  0 
-0.327728  0.159885  0 
-0.336108  0.167742  0 
-0.336315  0.167883  0 
-0.344902  0.169142  0 
-0.353153  0.176344  0 
-0.353488  0.176518  0 
-0.362075  0.177932  0 
-0.370137  0.184946  0 
-0.370662  0.1852  0 
-0.379249  0.186492  0 
-0.387138  0.193548  0 
-0.387835  0.193904  0 
-0.396422  0.196145  0 
-0.403632  0.202151  0 
-0.405009  0.202386  0 
-0.413408  0.202151  0 
-0.413596  0.201071  0 
-0.421888  0.193548  0 
-0.422182  0.185051  0 
-0.430769  0.185267  0 
-0.439299  0.193548  0 
-0.439356  0.194575  0 
-0.447943  0.193647  0 
-0.456483  0.202151  0 
-0.45653  0.202219  0 
-0.464521  0.202151  0 
-0.465116  0.199845  0 
-0.472584  0.193548  0 
-0.473318  0.184946  0 
-0.473703  0.176379  0 
-0.482208  0.184946  0 
-0.48229  0.185  0 
-0.490877  0.185041  0 
-0.499402  0.193548  0 
-0.49925  0.202151  0 
-0.49819  0.210753  0 
-0.49896  0.219355  0 
-0.499463  0.219475  0 
-0.50805  0.219739  0 
-0.516595  0.227957  0 
-0.516592  0.236559  0 
-0.516477  0.245161  0 
-0.50805  0.253435  0 
-0.507988  0.253763  0 
-0.499463  0.2541  0 
-0.49937  0.253763  0 
-0.490877  0.245405  0 
-0.48229  0.245278  0 
-0.473703  0.25227  0 
-0.473589  0.253763  0 
-0.473072  0.262366  0 
-0.473391  0.270968  0 
-0.473703  0.271186  0 
-0.48229  0.272136  0 
-0.490763  0.27957  0 
-0.490877  0.281985  0 
-0.499406  0.27957  0 
-0.499452  0.270968  0 
-0.499463  0.270877  0 
-0.508035  0.262366  0 
-0.50805  0.254994  0 
-0.515692  0.262366  0 
-0.516637  0.263041  0 
-0.525224  0.26383  0 
-0.53357  0.270968  0 
-0.53381  0.271645  0 
-0.542397  0.271078  0 
-0.550904  0.27957  0 
-0.550984  0.27963  0 
-0.559571  0.279721  0 
-0.568146  0.288172  0 
-0.567953  0.296774  0 
-0.5664  0.305376  0 
-0.559571  0.311049  0 
-0.559238  0.313978  0 
-0.55943  0.322581  0 
-0.559571  0.32269  0 
-0.568157  0.322839  0 
-0.576581  0.331183  0 
-0.576744  0.331341  0 
-0.585331  0.331984  0 
-0.593918  0.33561  0 
-0.599412  0.331183  0 
-0.602328  0.322581  0 
-0.602504  0.320392  0 
-0.610676  0.313978  0 
-0.611091  0.305636  0 
-0.619462  0.313978  0 
-0.619678  0.314096  0 
-0.628265  0.314284  0 
-0.636668  0.322581  0 
-0.636852  0.322734  0 
-0.645438  0.32353  0 
-0.65388  0.322581  0 
-0.654025  0.321793  0 
-0.66216  0.313978  0 
-0.662488  0.305376  0 
-0.662612  0.301771  0 
-0.671199  0.296878  0 
-0.679785  0.297008  0 
-0.688188  0.305376  0 
-0.688372  0.305478  0 
-0.696959  0.305581  0 
-0.705461  0.313978  0 
-0.705546  0.314157  0 
-0.714018  0.313978  0 
-0.714132  0.31349  0 
-0.7224  0.305376  0 
-0.722594  0.296774  0 
-0.722719  0.294992  0 
-0.730591  0.288172  0 
-0.731306  0.27965  0 
-0.739893  0.279706  0 
-0.748479  0.280196  0 
-0.756557  0.288172  0 
-0.757066  0.288276  0 
-0.765653  0.288394  0 
-0.774142  0.296774  0 
-0.77424  0.296908  0 
-0.782726  0.296774  0 
-0.782826  0.296308  0 
-0.791096  0.288172  0 
-0.791283  0.27957  0 
-0.791332  0.270968  0 
-0.791413  0.270176  0 
-0.799866  0.262366  0 
-0.8  0.25395  0 

-0.8  0.683251  0 
-0.799743  0.683871  0 
-0.791413  0.692104  0 
-0.791205  0.692473  0 
-0.782826  0.700803  0 
-0.77424  0.693472  0 
-0.773894  0.692473  0 
-0.765653  0.684602  0 
-0.765053  0.683871  0 
-0.757066  0.676157  0 
-0.756005  0.675269  0 
-0.748479  0.668031  0 
-0.745186  0.666667  0 
-0.739893  0.661817  0 
-0.731306  0.658297  0 
-0.731092  0.658065  0 
-0.722719  0.649713  0 
-0.714132  0.657701  0 
-0.714037  0.658065  0 
-0.705546  0.666467  0 
-0.705436  0.666667  0 
-0.696959  0.675101  0 
-0.696844  0.675269  0 
-0.688372  0.683777  0 
-0.679785  0.676258  0 
-0.679434  0.675269  0 
-0.671199  0.667344  0 
-0.670784  0.666667  0 
-0.662612  0.658673  0 
-0.662173  0.658065  0 
-0.654025  0.650038  0 
-0.653576  0.649462  0 
-0.645438  0.641415  0 
-0.644984  0.64086  0 
-0.645019  0.632258  0 
-0.645438  0.631659  0 
-0.653611  0.623656  0 
-0.654025  0.622914  0 
-0.662206  0.615054  0 
-0.662612  0.613797  0 
-0.671043  0.606452  0 
-0.671199  0.600648  0 
-0.679423  0.606452  0 
-0.679785  0.606768  0 
-0.688115  0.615054  0 
-0.688372  0.615312  0 
-0.696763  0.623656  0 
-0.696959  0.623883  0 
-0.705394  0.632258  0 
-0.705546  0.632477  0 
-0.714027  0.64086  0 
-0.714132  0.64117  0 
-0.722719  0.649101  0 
-0.731032  0.64086  0 
-0.731306  0.640404  0 
-0.739581  0.632258  0 
-0.739893  0.63159  0 
-0.748118  0.623656  0 
-0.748479  0.622178  0 
-0.756875  0.615054  0 
-0.757066  0.608714  0 
-0.765498  0.615054  0 
-0.765653  0.615157  0 
-0.774153  0.623656  0 
-0.77424  0.623731  0 
-0.782767  0.632258  0 
-0.782826  0.632319  0 
-0.791369  0.64086  0 
-0.791413  0.640915  0 
-0.8  0.641135  0 

-0.8  0.799818  0 
-0.799562  0.795699  0 
-0.791413  0.788213  0 
-0.790805  0.787097  0 
-0.782826  0.77945  0 
-0.782165  0.778495  0 
-0.77424  0.770786  0 
-0.773555  0.769892  0 
-0.765653  0.762149  0 
-0.764957  0.76129  0 
-0.757066  0.753523  0 
-0.756365  0.752688  0 
-0.748479  0.744902  0 
-0.747776  0.744086  0 
-0.748368  0.735484  0 
-0.748479  0.735335  0 
-0.756957  0.726882  0 
-0.757066  0.726717  0 
-0.765548  0.71828  0 
-0.765653  0.718075  0 
-0.774151  0.709677  0 
-0.77424  0.709165  0 
-0.782826  0.701565  0 
-0.790986  0.709677  0 
-0.791413  0.710107  0 
-0.799636  0.71828  0 
-0.8  0.718667  0 

-0.8  0.884992  0 
-0.798286  0.88172  0 
-0.791413  0.875238  0 
-0.790118  0.873118  0 
-0.782826  0.866072  0 
-0.781783  0.864516  0 
-0.77424  0.857138  0 
-0.773365  0.855914  0 
-0.765653  0.84832  0 
-0.764899  0.847312  0 
-0.765563  0.83871  0 
-0.765653  0.838606  0 
-0.77424  0.833497  0 
-0.77827  0.830108  0 
-0.782826  0.828815  0 
-0.790547  0.821505  0 
-0.791413  0.820521  0 
-0.799557  0.812903  0 
-0.8  0.811168  0 

-0.8  0.986613  0 
-0.798954  0.984946  0 
-0.791413  0.97757  0 
-0.790572  0.976344  0 
-0.783106  0.967742  0 
-0.782826  0.9675  0 
-0.780255  0.95914  0 
-0.782748  0.950538  0 
-0.782826  0.950457  0 
-0.791413  0.950056  0 
-0.799633  0.941935  0 
-0.8  0.941674  0 

-0.8  1.10024  0 
-0.79821  1.09677  0 
-0.791413  1.09018  0 
-0.790144  1.08817  0 
-0.782826  1.08701  0 
-0.782757  1.08817  0 
-0.77424  1.09656  0 
-0.773184  1.09677  0 
-0.765653  1.10375  0 
-0.757066  1.10529  0 
-0.756958  1.10538  0 
-0.748479  1.11384  0 
-0.747878  1.11398  0 
-0.739893  1.12186  0 
-0.731306  1.1225  0 
-0.722719  1.11715  0 
-0.722188  1.11398  0 
-0.719947  1.10538  0 
-0.714132  1.1007  0 
-0.712525  1.09677  0 
-0.705546  1.08875  0 
-0.705265  1.08817  0 
-0.702871  1.07957  0 
-0.696959  1.07415  0 
-0.695386  1.07097  0 
-0.689256  1.06237  0 
-0.688372  1.06163  0 
-0.685946  1.05376  0 
-0.679785  1.04792  0 
-0.678301  1.04516  0 
-0.67403  1.03656  0 
-0.679688  1.02796  0 
-0.679785  1.02788  0 
-0.688372  1.02763  0 
-0.696709  1.01935  0 
-0.696959  1.01923  0 
-0.70546  1.01075  0 
-0.705546  1.01066  0 
-0.714132  1.01004  0 
-0.722542  1.00215  0 
-0.722333  0.993548  0 
-0.718403  0.984946  0 
-0.714132  0.982375  0 
-0.712463  0.976344  0 
-0.705546  0.970143  0 
-0.704451  0.967742  0 
-0.696959  0.9606  0 
-0.696131  0.95914  0 
-0.693885  0.950538  0 
-0.688372  0.9455  0 
-0.686878  0.941935  0 
-0.679785  0.935098  0 
-0.678776  0.933333  0 
-0.671199  0.92505  0 
-0.670998  0.924731  0 
-0.662612  0.924393  0 
-0.662531  0.924731  0 
-0.654025  0.933119  0 
-0.653368  0.933333  0 
-0.645438  0.94093  0 
-0.636852  0.941844  0 
-0.636732  0.941935  0 
-0.628265  0.950385  0 
-0.627597  0.950538  0 
-0.625462  0.95914  0 
-0.627361  0.967742  0 
-0.628265  0.969347  0 
-0.635277  0.976344  0 
-0.636852  0.980124  0 
-0.642171  0.984946  0 
-0.644329  0.993548  0 
-0.645438  0.99571  0 
-0.652365  1.00215  0 
-0.654025  1.00692  0 
-0.658843  1.01075  0 
-0.661581  1.01935  0 
-0.662612  1.0226  0 
-0.670176  1.02796  0 
-0.671177  1.03656  0 
-0.662612  1.04467  0 
-0.654025  1.04508  0 
-0.653936  1.04516  0 
-0.645438  1.05362  0 
-0.640865  1.05376  0 
-0.636852  1.05718  0 
-0.628265  1.06228  0 
-0.628049  1.06237  0 
-0.619678  1.07071  0 
-0.617319  1.07097  0 
-0.619678  1.07608  0 
-0.623532  1.07957  0 
-0.626236  1.08817  0 
-0.628265  1.09207  0 
-0.633396  1.09677  0 
-0.636093  1.10538  0 
-0.636852  1.10694  0 
-0.64271  1.11398  0 
-0.645438  1.12112  0 
-0.647313  1.12258  0 
-0.651805  1.13118  0 
-0.654025  1.13645  0 
-0.658458  1.13978  0 
-0.661196  1.14839  0 
-0.662612  1.15361  0 
-0.670916  1.15699  0 
-0.662612  1.16545  0 
-0.662515  1.16559  0 
-0.654025  1.17394  0 
-0.645438  1.17413  0 
-0.645336  1.17419  0 
-0.636852  1.18265  0 
-0.628265  1.18275  0 
-0.628172  1.1828  0 
-0.619678  1.19129  0 
-0.611091  1.19135  0 
-0.610778  1.1914  0 
-0.602504  1.19971  0 
-0.601593  1.1914  0 
-0.596791  1.1828  0 
-0.593918  1.17917  0 
-0.592119  1.17419  0 
-0.587754  1.16559  0 
-0.585331  1.16167  0 
-0.583343  1.15699  0 
-0.579047  1.14839  0 
-0.576744  1.14449  0 
-0.57463  1.13978  0 
-0.570385  1.13118  0 
-0.568157  1.12738  0 
-0.565936  1.12258  0 
-0.561737  1.11398  0 
-0.559571  1.1103  0 
-0.55725  1.10538  0 
-0.559571  1.10202  0 
-0.563069  1.09677  0 
-0.568157  1.09669  0 
-0.576674  1.08817  0 
-0.576744  1.08813  0 
-0.585331  1.08807  0 
-0.593847  1.07957  0 
-0.593918  1.07951  0 
-0.602504  1.07941  0 
-0.611046  1.07097  0 
-0.611091  1.07046  0 
-0.615953  1.06237  0 
-0.611091  1.06136  0 
-0.609089  1.05376  0 
-0.602504  1.04704  0 
-0.601809  1.04516  0 
-0.59963  1.03656  0 
-0.593918  1.03157  0 
-0.592271  1.02796  0 
-0.589737  1.01935  0 
-0.585331  1.0155  0 
-0.583373  1.01075  0 
-0.577777  1.00215  0 
-0.576744  1.00129  0 
-0.574343  0.993548  0 
-0.568157  0.987039  0 
-0.559571  0.993338  0 
-0.550984  0.993484  0 
-0.550912  0.993548  0 
-0.542397  1.00204  0 
-0.53381  1.0021  0 
-0.533736  1.00215  0 
-0.525224  1.01066  0 
-0.522351  1.01075  0 
-0.516637  1.01868  0 
-0.51618  1.01935  0 
-0.516637  1.02038  0 
-0.521464  1.02796  0 
-0.524891  1.03656  0 
-0.525224  1.03734  0 
-0.530109  1.04516  0 
-0.5336  1.05376  0 
-0.53381  1.05429  0 
-0.538786  1.06237  0 
-0.542307  1.07097  0 
-0.542397  1.07123  0 
-0.547578  1.07957  0 
-0.550984  1.08813  0 
-0.551089  1.08817  0 
-0.559535  1.09677  0 
-0.550984  1.10531  0 
-0.549393  1.10538  0 
-0.542397  1.11052  0 
-0.53381  1.11393  0 
-0.525224  1.11395  0 
-0.525183  1.11398  0 
-0.516637  1.12253  0 
-0.50805  1.12255  0 
-0.507998  1.12258  0 
-0.499463  1.13089  0 
-0.490877  1.13107  0 
-0.490656  1.13118  0 
-0.48229  1.13939  0 
-0.473703  1.13965  0 
-0.471993  1.13978  0 
-0.465116  1.1463  0 
-0.45653  1.14821  0 
-0.447943  1.14829  0 
-0.439356  1.14694  0 
-0.438685  1.13978  0 
-0.43794  1.13118  0 
-0.430769  1.12441  0 
-0.430283  1.12258  0 
-0.429808  1.11398  0 
-0.428345  1.10538  0 
-0.422182  1.09976  0 
-0.421456  1.09677  0 
-0.420924  1.08817  0 
-0.415437  1.07957  0 
-0.413596  1.07803  0 
-0.412735  1.07097  0 
-0.411786  1.06237  0 
-0.405009  1.05775  0 
-0.404949  1.06237  0 
-0.396422  1.07061  0 
-0.387835  1.07086  0 
-0.379249  1.07091  0 
-0.379084  1.07097  0 
-0.370662  1.07936  0 
-0.362075  1.07948  0 
-0.353488  1.07951  0 
-0.349767  1.07097  0 
-0.344902  1.0678  0 
-0.343703  1.06237  0 
-0.342843  1.05376  0 
-0.341061  1.04516  0 
-0.336315  1.04041  0 
-0.335264  1.03656  0 
-0.334299  1.02796  0 
-0.33274  1.01935  0 
-0.327728  1.01367  0 
-0.326893  1.01075  0 
-0.325799  1.00215  0 
-0.327728  1.00193  0 
-0.336129  0.993548  0 
-0.336315  0.993477  0 
-0.344902  0.993439  0 
-0.353488  0.993294  0 
-0.361918  0.984946  0 
-0.362075  0.984862  0 
-0.370662  0.984779  0 
-0.379249  0.984943  0 
-0.387154  0.984946  0 
-0.387835  0.986897  0 
-0.390645  0.993548  0 
-0.394087  1.00215  0 
-0.396422  1.00846  0 
-0.397518  1.01075  0 
-0.401129  1.01935  0 
-0.404575  1.02796  0 
-0.405009  1.02939  0 
-0.408601  1.03656  0 
-0.412838  1.04516  0 
-0.413596  1.04754  0 
-0.422182  1.05177  0 
-0.430769  1.05218  0 
-0.439356  1.05103  0 
-0.445918  1.04516  0 
-0.447943  1.04484  0 
-0.45653  1.04482  0 
-0.465018  1.03656  0 
-0.465116  1.03652  0 
-0.473703  1.03648  0 
-0.482232  1.02796  0 
-0.48229  1.02792  0 
-0.490877  1.02789  0 
-0.499463  1.02532  0 
-0.506748  1.01935  0 
-0.50805  1.01925  0 
-0.516568  1.01075  0 
-0.509372  1.00215  0 
-0.50805  1.0016  0 
-0.505535  0.993548  0 
-0.499971  0.984946  0 
-0.499463  0.984607  0 
-0.49677  0.976344  0 
-0.490877  0.967805  0 
-0.490852  0.967742  0 
-0.488104  0.95914  0 
-0.48229  0.950908  0 
-0.482133  0.950538  0 
-0.479464  0.941935  0 
-0.473703  0.939087  0 
-0.465116  0.941864  0 
-0.465024  0.941935  0 
-0.45653  0.950362  0 
-0.447943  0.95048  0 
-0.44778  0.950538  0 
-0.439356  0.958928  0 
-0.430769  0.959079  0 
-0.422182  0.959029  0 
-0.419474  0.950538  0 
-0.416094  0.941935  0 
-0.413596  0.939401  0 
-0.41141  0.933333  0 
-0.408352  0.924731  0 
-0.405009  0.919658  0 
-0.40371  0.916129  0 
-0.400436  0.907527  0 
-0.396422  0.899889  0 
-0.396065  0.898925  0 
-0.392375  0.890323  0 
-0.396422  0.890229  0 
-0.405009  0.885926  0 
-0.409764  0.88172  0 
-0.413596  0.881635  0 
-0.422182  0.881051  0 
-0.430408  0.873118  0 
-0.430769  0.873013  0 
-0.439333  0.864516  0 
-0.437879  0.855914  0 
-0.430769  0.848367  0 
-0.430482  0.847312  0 
-0.428933  0.83871  0 
-0.422182  0.831297  0 
-0.421731  0.830108  0 
-0.420248  0.821505  0 
-0.413596  0.814351  0 
-0.412987  0.812903  0 
-0.411603  0.804301  0 
-0.413596  0.804152  0 
-0.422067  0.795699  0 
-0.422182  0.795624  0 
-0.430769  0.795506  0 
-0.439251  0.787097  0 
-0.439356  0.786987  0 
-0.447943  0.785565  0 
-0.455476  0.787097  0 
-0.45653  0.789925  0 
-0.462807  0.795699  0 
-0.464231  0.804301  0 
-0.465116  0.80643  0 
-0.472156  0.812903  0 
-0.473433  0.821505  0 
-0.473703  0.822328  0 
-0.481282  0.830108  0 
-0.48229  0.836656  0 
-0.490877  0.838627  0 
-0.499463  0.838407  0 
-0.507833  0.830108  0 
-0.50805  0.829988  0 
-0.51657  0.821505  0 
-0.516637  0.82141  0 
-0.525224  0.820902  0 
-0.533034  0.821505  0 
-0.53381  0.822944  0 
-0.541226  0.830108  0 
-0.542397  0.833364  0 
-0.548289  0.83871  0 
-0.550183  0.847312  0 
-0.550984  0.849047  0 
-0.558355  0.855914  0 
-0.559571  0.860389  0 
-0.565084  0.864516  0 
-0.567559  0.873118  0 
-0.568129  0.88172  0 
-0.559571  0.890186  0 
-0.559392  0.890323  0 
-0.550984  0.898619  0 
-0.542397  0.898846  0 
-0.542287  0.898925  0 
-0.53381  0.907384  0 
-0.525224  0.907473  0 
-0.522269  0.898925  0 
-0.516637  0.895407  0 
-0.515326  0.890323  0 
-0.50805  0.881948  0 
-0.507963  0.88172  0 
-0.506272  0.873118  0 
-0.499463  0.866807  0 
-0.498417  0.864516  0 
-0.496953  0.855914  0 
-0.490877  0.850294  0 
-0.48965  0.847312  0 
-0.48229  0.846603  0 
-0.473703  0.847228  0 
-0.473637  0.847312  0 
-0.465116  0.855793  0 
-0.464136  0.855914  0 
-0.45653  0.863194  0 
-0.447943  0.864418  0 
-0.444989  0.864516  0 
-0.445635  0.873118  0 
-0.447651  0.88172  0 
-0.447943  0.882421  0 
-0.45428  0.890323  0 
-0.456381  0.898925  0 
-0.45653  0.899321  0 
-0.462967  0.907527  0 
-0.465103  0.916129  0 
-0.465116  0.916177  0 
-0.4719  0.924731  0 
-0.473703  0.933193  0 
-0.48229  0.933263  0 
-0.490877  0.933098  0 
-0.499287  0.924731  0 
-0.499463  0.92465  0 
-0.50805  0.924306  0 
-0.516433  0.916129  0 
-0.516637  0.915983  0 
-0.525224  0.910453  0 
-0.53103  0.916129  0 
-0.532636  0.924731  0 
-0.53381  0.927095  0 
-0.540337  0.933333  0 
-0.542397  0.941497  0 
-0.542976  0.941935  0 
-0.549358  0.950538  0 
-0.550984  0.955213  0 
-0.555857  0.95914  0 
-0.558309  0.967742  0 
-0.559571  0.971791  0 
-0.566329  0.976344  0 
-0.568157  0.984895  0 
-0.576744  0.984632  0 
-0.585079  0.976344  0 
-0.585331  0.976244  0 
-0.593845  0.967742  0 
-0.593918  0.967677  0 
-0.602504  0.967557  0 
-0.611009  0.95914  0 
-0.611091  0.958991  0 
-0.619523  0.950538  0 
-0.611091  0.943297  0 
-0.610795  0.941935  0 
-0.609172  0.933333  0 
-0.602504  0.927537  0 
-0.60139  0.924731  0 
-0.594324  0.916129  0 
-0.593918  0.915829  0 
-0.592079  0.907527  0 
-0.585331  0.901167  0 
-0.584247  0.898925  0 
-0.579972  0.890323  0 
-0.576744  0.887495  0 
-0.575083  0.88172  0 
-0.576744  0.881496  0 
-0.585153  0.873118  0 
-0.585331  0.873005  0 
-0.593837  0.864516  0 
-0.593918  0.864433  0 
-0.602504  0.864205  0 
-0.61096  0.855914  0 
-0.611091  0.85562  0 
-0.619678  0.850279  0 
-0.625656  0.855914  0 
-0.627555  0.864516  0 
-0.628265  0.865686  0 
-0.6359  0.873118  0 
-0.636852  0.875008  0 
-0.643936  0.88172  0 
-0.645438  0.886623  0 
-0.649917  0.890323  0 
-0.653305  0.898925  0 
-0.654025  0.9006  0 
-0.66173  0.907527  0 
-0.662612  0.911526  0 
-0.671199  0.916049  0 
-0.679785  0.915761  0 
-0.688089  0.907527  0 
-0.688372  0.907352  0 
-0.69684  0.898925  0 
-0.696959  0.898795  0 
-0.705481  0.890323  0 
-0.705546  0.890177  0 
-0.71407  0.88172  0 
-0.711767  0.873118  0 
-0.705546  0.868904  0 
-0.704224  0.864516  0 
-0.696959  0.857913  0 
-0.696028  0.855914  0 
-0.688372  0.848575  0 
-0.68765  0.847312  0 
-0.679785  0.839632  0 
-0.679192  0.83871  0 
-0.675081  0.830108  0 
-0.671199  0.826642  0 
-0.669485  0.821505  0 
-0.662612  0.814872  0 
-0.654025  0.821239  0 
-0.653953  0.821505  0 
-0.645438  0.829935  0 
-0.645278  0.830108  0 
-0.636852  0.838461  0 
-0.636213  0.83871  0 
-0.628265  0.846474  0 
-0.619678  0.847215  0 
-0.611091  0.841502  0 
-0.61052  0.83871  0 
-0.602504  0.830219  0 
-0.602459  0.830108  0 
-0.600941  0.821505  0 
-0.593918  0.815011  0 
-0.593013  0.812903  0 
-0.585331  0.805471  0 
-0.584679  0.804301  0 
-0.581777  0.795699  0 
-0.576744  0.791124  0 
-0.575465  0.787097  0 
-0.576744  0.786713  0 
-0.585037  0.778495  0 
-0.585331  0.778303  0 
-0.593789  0.769892  0 
-0.593918  0.769747  0 
-0.602435  0.76129  0 
-0.602504  0.761112  0 
-0.611019  0.752688  0 
-0.602504  0.745079  0 
-0.602215  0.744086  0 
-0.600758  0.735484  0 
-0.593918  0.729446  0 
-0.592991  0.726882  0 
-0.585331  0.719541  0 
-0.584685  0.71828  0 
-0.576744  0.710507  0 
-0.576243  0.709677  0 
-0.568157  0.701694  0 
-0.559571  0.709297  0 
-0.559299  0.709677  0 
-0.550984  0.717749  0 
-0.542397  0.718167  0 
-0.542295  0.71828  0 
-0.53381  0.726743  0 
-0.525224  0.721563  0 
-0.524726  0.71828  0 
-0.516637  0.710745  0 
-0.516212  0.709677  0 
-0.514192  0.701075  0 
-0.50805  0.695665  0 
-0.507167  0.692473  0 
-0.499463  0.685026  0 
-0.498902  0.683871  0 
-0.499044  0.675269  0 
-0.499463  0.675024  0 
-0.50788  0.666667  0 
-0.50805  0.666485  0 
-0.516542  0.658065  0 
-0.516637  0.657869  0 
-0.525224  0.652813  0 
-0.533456  0.658065  0 
-0.53381  0.658635  0 
-0.541964  0.666667  0 
-0.542397  0.667467  0 
-0.550424  0.675269  0 
-0.550984  0.676606  0 
-0.558774  0.683871  0 
-0.559571  0.687443  0 
-0.566896  0.692473  0 
-0.568157  0.700891  0 
-0.576605  0.692473  0 
-0.576744  0.692318  0 
-0.585229  0.683871  0 
-0.585331  0.683722  0 
-0.593918  0.682141  0 
-0.602008  0.675269  0 
-0.602441  0.666667  0 
-0.593918  0.658756  0 
-0.593688  0.658065  0 
-0.585331  0.649897  0 
-0.585093  0.649462  0 
-0.577418  0.64086  0 
-0.576744  0.640367  0 
-0.575077  0.632258  0 
-0.568157  0.625701  0 
-0.567205  0.623656  0 
-0.567944  0.615054  0 
-0.568157  0.614777  0 
-0.576566  0.606452  0 
-0.576744  0.606152  0 
-0.585203  0.597849  0 
-0.585331  0.597222  0 
-0.593918  0.589593  0 
-0.602224  0.597849  0 
-0.602504  0.598208  0 
-0.610816  0.606452  0 
-0.611091  0.606829  0 
-0.619415  0.615054  0 
-0.619678  0.615469  0 
-0.628034  0.623656  0 
-0.628265  0.624205  0 
-0.63676  0.632258  0 
-0.63675  0.64086  0 
-0.628265  0.648925  0 
-0.628008  0.649462  0 
-0.619678  0.657609  0 
-0.619322  0.658065  0 
-0.611091  0.666162  0 
-0.61055  0.666667  0 
-0.61063  0.675269  0 
-0.611091  0.675939  0 
-0.619143  0.683871  0 
-0.619678  0.684712  0 
-0.627632  0.692473  0 
-0.628265  0.693604  0 
-0.636085  0.701075  0 
-0.636852  0.702807  0 
-0.64453  0.709677  0 
-0.645438  0.713561  0 
-0.654025  0.718133  0 
-0.662504  0.709677  0 
-0.662612  0.709533  0 
-0.671107  0.701075  0 
-0.671199  0.700917  0 
-0.679718  0.692473  0 
-0.679785  0.692124  0 
-0.688372  0.684296  0 
-0.696375  0.692473  0 
-0.696959  0.693173  0 
-0.704966  0.701075  0 
-0.705546  0.701797  0 
-0.713563  0.709677  0 
-0.714132  0.710431  0 
-0.722171  0.71828  0 
-0.722719  0.719092  0 
-0.730809  0.726882  0 
-0.731306  0.727862  0 
-0.739573  0.735484  0 
-0.739858  0.744086  0 
-0.731306  0.752499  0 
-0.731223  0.752688  0 
-0.722719  0.76114  0 
-0.722617  0.76129  0 
-0.714132  0.769746  0 
-0.714013  0.769892  0 
-0.705546  0.77834  0 
-0.696959  0.771993  0 
-0.69648  0.769892  0 
-0.688372  0.762296  0 
-0.687871  0.76129  0 
-0.679785  0.753449  0 
-0.679318  0.752688  0 
-0.671199  0.744715  0 
-0.67077  0.744086  0 
-0.662612  0.736025  0 
-0.662219  0.735484  0 
-0.655201  0.726882  0 
-0.654025  0.725878  0 
-0.645438  0.72585  0 
-0.645363  0.726882  0 
-0.636852  0.735272  0 
-0.636709  0.735484  0 
-0.628265  0.743856  0 
-0.628028  0.744086  0 
-0.619678  0.752366  0 
-0.619082  0.752688  0 
-0.61896  0.76129  0 
-0.619678  0.762517  0 
-0.627258  0.769892  0 
-0.628265  0.772058  0 
-0.635104  0.778495  0 
-0.636852  0.787068  0 
-0.636892  0.787097  0 
-0.644945  0.795699  0 
-0.645438  0.796735  0 
-0.653492  0.804301  0 
-0.654025  0.806394  0 
-0.662612  0.812808  0 
-0.671199  0.81231  0 
-0.67934  0.804301  0 
-0.679785  0.803991  0 
-0.688172  0.795699  0 
-0.688372  0.79545  0 
-0.696855  0.787097  0 
-0.696959  0.786655  0 
-0.705546  0.779828  0 
-0.712978  0.787097  0 
-0.714132  0.788937  0 
-0.721148  0.795699  0 
-0.722719  0.798631  0 
-0.728816  0.804301  0 
-0.731306  0.81114  0 
-0.733525  0.812903  0 
-0.739457  0.821505  0 
-0.739893  0.822231  0 
-0.748041  0.830108  0 
-0.748479  0.831095  0 
-0.756743  0.83871  0 
-0.757025  0.847312  0 
-0.748479  0.85575  0 
-0.748387  0.855914  0 
-0.739893  0.864357  0 
-0.739754  0.864516  0 
-0.731306  0.872923  0 
-0.731073  0.873118  0 
-0.722719  0.881423  0 
-0.721991  0.88172  0 
-0.721913  0.890323  0 
-0.722719  0.891539  0 
-0.730264  0.898925  0 
-0.731306  0.900691  0 
-0.738398  0.907527  0 
-0.739893  0.910746  0 
-0.745741  0.916129  0 
-0.748152  0.924731  0 
-0.748479  0.925273  0 
-0.756345  0.933333  0 
-0.757066  0.934696  0 
-0.76481  0.941935  0 
-0.765653  0.944155  0 
-0.77343  0.950538  0 
-0.774222  0.95914  0 
-0.765653  0.967567  0 
-0.765544  0.967742  0 
-0.757066  0.976142  0 
-0.756759  0.976344  0 
-0.748479  0.984506  0 
-0.739893  0.984867  0 
-0.73981  0.984946  0 
-0.731306  0.993445  0 
-0.731165  0.993548  0 
-0.729795  1.00215  0 
-0.731306  1.00512  0 
-0.737231  1.01075  0 
-0.739584  1.01935  0 
-0.739893  1.01985  0 
-0.747287  1.02796  0 
-0.748479  1.03006  0 
-0.755305  1.03656  0 
-0.757066  1.04076  0 
-0.762055  1.04516  0 
-0.764694  1.05376  0 
-0.765653  1.05556  0 
-0.772999  1.06237  0 
-0.77424  1.06541  0 
-0.781072  1.07097  0 
-0.782826  1.07841  0 
-0.791413  1.0795  0 
-0.8  1.07916  0 

 0.24957  1.2  0 
 0.248233  1.1914  0 
 0.247975  1.1828  0 
 0.247867  1.17419  0 
 0.247807  1.16559  0 
 0.247585  1.16469  0 
 0.239997  1.15699  0 
 0.23948  1.14839  0 
 0.23932  1.13978  0 
 0.239242  1.13118  0 
 0.238998  1.12699  0 
 0.234614  1.12258  0 
 0.231123  1.11398  0 
 0.230911  1.10538  0 
 0.230701  1.09677  0 
 0.230627  1.08817  0 
 0.230411  1.08693  0 
 0.22335  1.07957  0 
 0.222345  1.07097  0 
 0.222143  1.06237  0 
 0.222057  1.05376  0 
 0.222009  1.04516  0 
 0.221825  1.04428  0 
 0.214132  1.03656  0 
 0.213647  1.02796  0 
 0.213551  1.01935  0 
 0.21344  1.01075  0 
 0.213238  1.00598  0 
 0.210166  1.00215  0 
 0.205227  0.993548  0 
 0.20496  0.984946  0 
 0.204865  0.976344  0 
 0.204817  0.967742  0 
 0.204651  0.966357  0 
 0.197467  0.95914  0 
 0.196488  0.950538  0 
 0.19633  0.941935  0 
 0.196235  0.933333  0 
 0.196195  0.924731  0 
 0.196064  0.924172  0 
 0.188146  0.916129  0 
 0.187764  0.907527  0 
 0.187663  0.898925  0 
 0.187617  0.890323  0 
 0.187527  0.88172  0 
 0.187478  0.881717  0 
 0.179287  0.873118  0 
 0.179076  0.864516  0 
 0.179014  0.855914  0 
 0.178985  0.847312  0 
 0.178891  0.846446  0 
 0.171248  0.83871  0 
 0.170546  0.830108  0 
 0.170446  0.821505  0 
 0.170381  0.812903  0 
 0.170352  0.804301  0 
 0.170304  0.804125  0 
 0.161969  0.795699  0 
 0.161817  0.787097  0 
 0.161781  0.778495  0 
 0.161764  0.769892  0 
 0.161718  0.76129  0 
 0.153131  0.768072  0 
 0.144544  0.768764  0 
 0.135957  0.768949  0 
 0.12737  0.76827  0 
 0.125235  0.76129  0 
 0.123844  0.752688  0 
 0.122516  0.744086  0 
 0.121023  0.735484  0 
 0.119544  0.726882  0 
 0.118784  0.722861  0 
 0.118406  0.71828  0 
 0.111571  0.709677  0 
 0.111268  0.701075  0 
 0.110601  0.692473  0 
 0.110197  0.690558  0 
 0.105319  0.683871  0 
 0.103722  0.675269  0 
 0.102769  0.666667  0 
 0.102406  0.658065  0 
 0.102252  0.649462  0 
 0.102049  0.64086  0 
 0.10161  0.638664  0 
 0.0956709  0.632258  0 
 0.0942105  0.623656  0 
 0.093773  0.615054  0 
 0.0935884  0.606452  0 
 0.0934834  0.597849  0 
 0.0935075  0.589247  0 
 0.0930233  0.588331  0 
 0.0865438  0.580645  0 
 0.0853301  0.572043  0 
 0.0850141  0.563441  0 
 0.0849201  0.554839  0 
 0.0847554  0.546237  0 
 0.0846973  0.537634  0 
 0.0844365  0.535281  0 
 0.0800675  0.529032  0 
 0.076594  0.52043  0 
 0.0762764  0.511828  0 
 0.076157  0.503226  0 
 0.0761246  0.494624  0 
 0.0760558  0.486022  0 
 0.0758497  0.48081  0 
 0.0727489  0.477419  0 
 0.0681135  0.468817  0 
 0.0677056  0.460215  0 
 0.0678989  0.451613  0 
 0.067635  0.443011  0 
 0.067563  0.434409  0 
 0.0677813  0.425806  0 
 0.067263  0.423832  0 
 0.0612804  0.417204  0 
 0.0627433  0.408602  0 
 0.0621148  0.4  0 
 0.067263  0.399532  0 
 0.0758497  0.398839  0 
 0.076256  0.391398  0 
 0.0760809  0.382796  0 
 0.0762592  0.374194  0 
 0.0763076  0.365591  0 
 0.0765256  0.356989  0 
 0.0766353  0.348387  0 
 0.0844365  0.345861  0 
 0.0845997  0.339785  0 
 0.084706  0.331183  0 
 0.0848387  0.322581  0 
 0.0847727  0.313978  0 
 0.0848605  0.305376  0 
 0.0930233  0.302732  0 
 0.093143  0.296774  0 
 0.0932818  0.288172  0 
 0.0930233  0.286767  0 
 0.0859567  0.27957  0 
 0.0874565  0.270968  0 
 0.0930233  0.269628  0 
 0.0936828  0.262366  0 
 0.0934948  0.253763  0 
 0.0937094  0.245161  0 
 0.0987974  0.236559  0 
 0.10161  0.227957  0 
 0.110197  0.219355  0 
 0.113529  0.227957  0 
 0.118784  0.231943  0 
 0.119182  0.236559  0 
 0.119138  0.245161  0 
 0.118784  0.253763  0 
 0.112684  0.262366  0 
 0.118784  0.268345  0 
 0.119135  0.270968  0 
 0.119061  0.27957  0 
 0.118784  0.287638  0 
 0.11507  0.288172  0 
 0.111518  0.296774  0 
 0.111945  0.305376  0 
 0.118784  0.31295  0 
 0.119031  0.313978  0 
 0.118909  0.322581  0 
 0.118784  0.328157  0 
 0.111057  0.331183  0 
 0.111119  0.339785  0 
 0.110863  0.348387  0 
 0.110868  0.356989  0 
 0.118784  0.365361  0 
 0.118972  0.365591  0 
 0.118824  0.374194  0 
 0.118784  0.380392  0 
 0.111431  0.382796  0 
 0.110197  0.384922  0 
 0.102926  0.391398  0 
 0.103613  0.4  0 
 0.105061  0.408602  0 
 0.110197  0.414701  0 
 0.110697  0.417204  0 
 0.110503  0.425806  0 
 0.110788  0.434409  0 
 0.118784  0.44298  0 
 0.118874  0.443011  0 
 0.118942  0.451613  0 
 0.119062  0.460215  0 
 0.119138  0.468817  0 
 0.12737  0.477155  0 
 0.127483  0.477419  0 
 0.127588  0.486022  0 
 0.127582  0.494624  0 
 0.128004  0.503226  0 
 0.135957  0.511525  0 
 0.136136  0.511828  0 
 0.136144  0.52043  0 
 0.136287  0.529032  0 
 0.137919  0.537634  0 
 0.144544  0.545922  0 
 0.14513  0.546237  0 
 0.144817  0.554839  0 
 0.145095  0.563441  0 
 0.153131  0.571731  0 
 0.153347  0.572043  0 
 0.153389  0.580645  0 
 0.153528  0.589247  0 
 0.154104  0.597849  0 
 0.161717  0.605814  0 
 0.161984  0.606452  0 
 0.164248  0.615054  0 
 0.162295  0.623656  0 
 0.163766  0.632258  0 
 0.170304  0.639197  0 
 0.170626  0.64086  0 
 0.170819  0.649462  0 
 0.172834  0.658065  0 
 0.178891  0.666562  0 
 0.178928  0.666667  0 
 0.179291  0.675269  0 
 0.179499  0.683871  0 
 0.180264  0.692473  0 
 0.187478  0.700841  0 
 0.189901  0.701075  0 
 0.187992  0.709677  0 
 0.188292  0.71828  0 
 0.189716  0.726882  0 
 0.196064  0.733691  0 
 0.196534  0.735484  0 
 0.196795  0.744086  0 
 0.200711  0.752688  0 
 0.201529  0.76129  0 
 0.204651  0.764553  0 
 0.205221  0.769892  0 
 0.205482  0.778495  0 
 0.206281  0.787097  0 
 0.213238  0.794651  0 
 0.213766  0.795699  0 
 0.214454  0.804301  0 
 0.214386  0.812903  0 
 0.215908  0.821505  0 
 0.221825  0.827578  0 
 0.222475  0.830108  0 
 0.222718  0.83871  0 
 0.223307  0.847312  0 
 0.226582  0.855914  0 
 0.230411  0.861731  0 
 0.231558  0.864516  0 
 0.231673  0.873118  0 
 0.232689  0.88172  0 
 0.238998  0.889209  0 
 0.239361  0.890323  0 
 0.240027  0.898925  0 
 0.240535  0.907527  0 
 0.242205  0.916129  0 
 0.247585  0.922371  0 
 0.24857  0.924731  0 
 0.249459  0.933333  0 
 0.250165  0.941935  0 
 0.254411  0.950538  0 
 0.256172  0.952364  0 
 0.257542  0.95914  0 
 0.258079  0.967742  0 
 0.259439  0.976344  0 
 0.264758  0.983755  0 
 0.265192  0.984946  0 
 0.266389  0.993548  0 
 0.267251  1.00215  0 
 0.270775  1.01075  0 
 0.273345  1.01889  0 
 0.275975  1.01935  0 
 0.277051  1.02796  0 
 0.279073  1.03656  0 
 0.281932  1.04188  0 
 0.282947  1.04516  0 
 0.285055  1.05376  0 
 0.286232  1.06237  0 
 0.289018  1.07097  0 
 0.290519  1.07398  0 
 0.292441  1.07957  0 
 0.294537  1.08817  0 
 0.299106  1.09664  0 
 0.307692  1.09665  0 
 0.316279  1.09655  0 
 0.324533  1.08817  0 
 0.324866  1.08811  0 
 0.333453  1.08809  0 
 0.342039  1.08803  0 
 0.342039  1.08817  0 
 0.342039  1.09677  0 
 0.342039  1.10538  0 
 0.342039  1.11398  0 
 0.342039  1.12258  0 
 0.342039  1.13118  0 
 0.342039  1.13978  0 
 0.342039  1.14839  0 
 0.342039  1.15699  0 
 0.342039  1.16559  0 
 0.342039  1.17419  0 
 0.342039  1.1828  0 
 0.342039  1.1914  0 
 0.342039  1.2  0 

 0.0591707  1.2  0 
 0.0591228  1.1914  0 
 0.0590835  1.1828  0 
 0.0590508  1.17419  0 
 0.0590229  1.16559  0 
 0.058999  1.15699  0 
 0.0589781  1.14839  0 
 0.0589598  1.13978  0 
 0.0589651  1.13118  0 
 0.0589099  1.12258  0 
 0.0586762  1.11727  0 
 0.0562263  1.11398  0 
 0.0523614  1.10538  0 
 0.0514802  1.09677  0 
 0.0510907  1.08817  0 
 0.0508715  1.07957  0 
 0.0507309  1.07097  0 
 0.0506331  1.06237  0 
 0.0505612  1.05376  0 
 0.0505679  1.04516  0 
 0.050451  1.03656  0 
 0.050411  1.02796  0 
 0.0503813  1.01935  0 
 0.0503571  1.01075  0 
 0.0503369  1.00215  0 
 0.0503196  0.993548  0 
 0.0503046  0.984946  0 
 0.0502914  0.976344  0 
 0.0503578  0.967742  0 
 0.0502656  0.95914  0 
 0.0500894  0.955342  0 
 0.0462837  0.950538  0 
 0.0431938  0.941935  0 
 0.0425274  0.933333  0 
 0.0422372  0.924731  0 
 0.0420749  0.916129  0 
 0.0419713  0.907527  0 
 0.0418994  0.898925  0 
 0.0418271  0.890323  0 
 0.0417819  0.88172  0 
 0.0417506  0.873118  0 
 0.0417262  0.864516  0 
 0.0417063  0.855914  0 
 0.0416898  0.847312  0 
 0.0416758  0.83871  0 
 0.0416459  0.830108  0 
 0.0416285  0.821505  0 
 0.0416193  0.812903  0 
 0.041612  0.804301  0 
 0.0416057  0.795699  0 
 0.0415027  0.792739  0 
 0.0358403  0.787097  0 
 0.0339109  0.778495  0 
 0.033279  0.769892  0 
 0.0331686  0.76129  0 
 0.033111  0.752688  0 
 0.0330749  0.744086  0 
 0.0330502  0.735484  0 
 0.0330322  0.726882  0 
 0.0329159  0.726492  0 
 0.0243292  0.726498  0 
 0.0157424  0.726489  0 
 0.00715564  0.726512  0 
 0.000571385  0.71828  0 
 0.000497299  0.709677  0 
 0.000457125  0.701075  0 
 0.000425242  0.692473  0 
 0.000396647  0.683871  0 
-0.000932567  0.675269  0 
-0.000944982  0.666667  0 
-0.000952815  0.658065  0 
-0.000959901  0.649462  0 
-0.00096673  0.64086  0 
-0.0011117  0.632258  0 
-0.00111855  0.623656  0 
-0.00112364  0.615054  0 
-0.0011284  0.606452  0 
-0.0011977  0.597849  0 
-0.00120714  0.589247  0 
-0.00121128  0.580645  0 
-0.00121497  0.572043  0 
-0.00126952  0.563441  0 
-0.00127718  0.554839  0 
-0.00128033  0.546237  0 
-0.00128308  0.537634  0 
-0.00133492  0.529032  0 
-0.00133817  0.52043  0 
-0.0013402  0.511828  0 
-0.00138161  0.503226  0 
-0.00138518  0.494624  0 
-0.00138653  0.486022  0 
-0.00140428  0.477419  0 
-0.001406  0.468817  0 
-0.00140674  0.460215  0 
-0.00138161  0.451613  0 
-0.00138182  0.443011  0 
-0.00130419  0.434409  0 
-0.00129798  0.425806  0 
-0.00118588  0.417204  0 
-0.00115149  0.408602  0 
-0.000909542  0.4  0 
-0.000742769  0.391398  0 
 0.00715564  0.386562  0 
 0.0157424  0.385734  0 
 0.0157693  0.382796  0 
 0.0158382  0.374194  0 
 0.0159851  0.365591  0 
 0.0161583  0.356989  0 
 0.0164389  0.348387  0 
 0.0182514  0.339785  0 
 0.0243292  0.338819  0 
 0.0329159  0.337679  0 
 0.0330078  0.331183  0 
 0.0331419  0.322581  0 
 0.0333148  0.313978  0 
 0.0333119  0.305376  0 
 0.0415027  0.302046  0 
 0.0416552  0.296774  0 
 0.0418502  0.288172  0 
 0.0420995  0.27957  0 
 0.0444471  0.270968  0 
 0.0500894  0.270101  0 
 0.0504003  0.262366  0 
 0.050599  0.253763  0 
 0.0500894  0.253763  0 
 0.0415027  0.245161  0 
 0.0500894  0.236559  0 
 0.0586762  0.236559  0 
 0.067263  0.236559  0 
 0.0758497  0.236559  0 
 0.0761074  0.245161  0 
 0.0758497  0.253493  0 
 0.0728685  0.253763  0 
 0.0679836  0.262366  0 
 0.0677632  0.270968  0 
 0.0677817  0.27957  0 
 0.067263  0.285755  0 
 0.0603987  0.288172  0 
 0.0593998  0.296774  0 
 0.0592766  0.305376  0 
 0.0596642  0.313978  0 
 0.0586762  0.32139  0 
 0.0525612  0.322581  0 
 0.050818  0.331183  0 
 0.0505478  0.339785  0 
 0.050382  0.348387  0 
 0.0502965  0.356989  0 
 0.0500894  0.364479  0 
 0.0418886  0.365591  0 
 0.0415027  0.366591  0 
 0.0345537  0.374194  0 
 0.0350207  0.382796  0 
 0.0372989  0.391398  0 
 0.0415027  0.397878  0 
 0.0416938  0.4  0 
 0.0415999  0.408602  0 
 0.0415321  0.417204  0 
 0.0415027  0.421589  0 
 0.0329159  0.423946  0 
 0.0243292  0.425543  0 
 0.0218225  0.425806  0 
 0.0218771  0.434409  0 
 0.0187791  0.443011  0 
 0.0214851  0.451613  0 
 0.0243292  0.459554  0 
 0.0244826  0.460215  0 
 0.0247181  0.468817  0 
 0.0247748  0.477419  0 
 0.0247409  0.486022  0 
 0.0247758  0.494624  0 
 0.0248638  0.503226  0 
 0.0249168  0.511828  0 
 0.0249737  0.52043  0 
 0.0250734  0.529032  0 
 0.0254576  0.537634  0 
 0.0255925  0.546237  0 
 0.0257804  0.554839  0 
 0.0264107  0.563441  0 
 0.0329159  0.572012  0 
 0.0333797  0.572043  0 
 0.0339519  0.580645  0 
 0.0346586  0.589247  0 
 0.0415027  0.597597  0 
 0.0500894  0.597185  0 
 0.0586762  0.596998  0 
 0.0587601  0.597849  0 
 0.0587809  0.606452  0 
 0.058817  0.615054  0 
 0.058896  0.623656  0 
 0.059261  0.632258  0 
 0.067263  0.640794  0 
 0.0673674  0.64086  0 
 0.0673793  0.649462  0 
 0.0673954  0.658065  0 
 0.0674208  0.666667  0 
 0.0675979  0.675269  0 
 0.0675482  0.683871  0 
 0.06763  0.692473  0 
 0.0677832  0.701075  0 
 0.0681718  0.709677  0 
 0.070839  0.71828  0 
 0.0758497  0.726703  0 
 0.0760547  0.726882  0 
 0.0760789  0.735484  0 
 0.0761108  0.744086  0 
 0.076155  0.752688  0 
 0.0762226  0.76129  0 
 0.0763688  0.769892  0 
 0.0765384  0.778495  0 
 0.0769018  0.787097  0 
 0.0781313  0.795699  0 
 0.0844365  0.802165  0 
 0.0846939  0.804301  0 
 0.084726  0.812903  0 
 0.0847755  0.821505  0 
 0.0851032  0.830108  0 
 0.0849333  0.83871  0 
 0.0850427  0.847312  0 
 0.0852187  0.855914  0 
 0.0855474  0.864516  0 
 0.086375  0.873118  0 
 0.0920961  0.88172  0 
 0.0930233  0.883711  0 
 0.0934422  0.890323  0 
 0.093506  0.898925  0 
 0.0935724  0.907527  0 
 0.093662  0.916129  0 
 0.0937896  0.924731  0 
 0.0939857  0.933333  0 
 0.0943253  0.941935  0 
 0.0950537  0.950538  0 
 0.0976369  0.95914  0 
 0.10161  0.967628  0 
 0.102349  0.967742  0 
 0.102432  0.976344  0 
 0.102539  0.984946  0 
 0.10268  0.993548  0 
 0.102876  1.00215  0 
 0.103166  1.01075  0 
 0.103639  1.01935  0 
 0.104547  1.02796  0 
 0.106954  1.03656  0 
 0.110197  1.04502  0 
 0.118784  1.04514  0 
 0.12737  1.04514  0 
 0.135957  1.04513  0 
 0.144544  1.04512  0 
 0.153131  1.04505  0 
 0.161569  1.03656  0 
 0.161717  1.03655  0 
 0.161727  1.04516  0 
 0.161731  1.05376  0 
 0.16174  1.06237  0 
 0.161785  1.07097  0 
 0.170304  1.07951  0 
 0.170311  1.07957  0 
 0.170312  1.08817  0 
 0.170314  1.09677  0 
 0.170318  1.10538  0 
 0.170329  1.11398  0 
 0.170626  1.12258  0 
 0.178891  1.13085  0 
 0.178939  1.13118  0 
 0.178948  1.13978  0 
 0.178961  1.14839  0 
 0.178982  1.15699  0 
 0.179024  1.16559  0 
 0.179143  1.17419  0 
 0.181636  1.1828  0 
 0.187478  1.18901  0 
 0.187537  1.1914  0 
 0.187551  1.2  0 

-0.0695417  1.2  0 
-0.0692557  1.1914  0 
-0.0683785  1.1828  0 
-0.0615385  1.17643  0 
-0.0614371  1.17419  0 
-0.061433  1.16559  0 
-0.0614283  1.15699  0 
-0.0614232  1.14839  0 
-0.0614173  1.13978  0 
-0.0614267  1.13118  0 
-0.0614044  1.12258  0 
-0.0613932  1.11398  0 
-0.0613816  1.10538  0 
-0.0613681  1.09677  0 
-0.061352  1.08817  0 
-0.061332  1.07957  0 
-0.0613065  1.07097  0 
-0.0612725  1.06237  0 
-0.0612249  1.05376  0 
-0.0612491  1.04516  0 
-0.0610783  1.03656  0 
-0.0608495  1.02796  0 
-0.0601847  1.01935  0 
-0.0529517  1.01234  0 
-0.0528865  1.01075  0 
-0.052864  1.00215  0 
-0.0528603  0.993548  0 
-0.0528562  0.984946  0 
-0.0528517  0.976344  0 
-0.0528935  0.967742  0 
-0.0528745  0.95914  0 
-0.0528682  0.950538  0 
-0.0528618  0.941935  0 
-0.0528545  0.933333  0 
-0.0528457  0.924731  0 
-0.0528348  0.916129  0 
-0.0528209  0.907527  0 
-0.0528025  0.898925  0 
-0.0529517  0.898749  0 
-0.0615385  0.898736  0 
-0.0701252  0.898717  0 
-0.078712  0.898687  0 
-0.0872987  0.898618  0 
-0.0953014  0.890323  0 
-0.0951597  0.88172  0 
-0.0950204  0.873118  0 
-0.0948211  0.864516  0 
-0.094487  0.855914  0 
-0.0937928  0.847312  0 
-0.0914395  0.83871  0 
-0.0872987  0.838598  0 
-0.0871585  0.830108  0 
-0.0870835  0.821505  0 
-0.0870538  0.812903  0 
-0.0870212  0.804301  0 
-0.0869787  0.795699  0 
-0.086918  0.787097  0 
-0.0868225  0.778495  0 
-0.0868123  0.769892  0 
-0.0863873  0.76129  0 
-0.0841252  0.752688  0 
-0.078712  0.748506  0 
-0.0785369  0.744086  0 
-0.0785205  0.735484  0 
-0.0784999  0.726882  0 
-0.0785452  0.71828  0 
-0.0784969  0.709677  0 
-0.0784464  0.701075  0 
-0.0783663  0.692473  0 
-0.0782048  0.683871  0 
-0.0783764  0.675269  0 
-0.0701252  0.670696  0 
-0.0700349  0.666667  0 
-0.0700247  0.658065  0 
-0.0700143  0.649462  0 
-0.0700015  0.64086  0 
-0.0701252  0.639545  0 
-0.078712  0.638213  0 
-0.085283  0.632258  0 
-0.0872987  0.631869  0 
-0.0958855  0.631683  0 
-0.104354  0.623656  0 
-0.104217  0.615054  0 
-0.10208  0.606452  0 
-0.0958855  0.600727  0 
-0.0958356  0.597849  0 
-0.0949189  0.589247  0 
-0.0944121  0.580645  0 
-0.093814  0.572043  0 
-0.0923238  0.563441  0 
-0.0958855  0.563213  0 
-0.104472  0.562939  0 
-0.112881  0.554839  0 
-0.113059  0.554689  0 
-0.120008  0.546237  0 
-0.11669  0.537634  0 
-0.113059  0.535511  0 
-0.112259  0.529032  0 
-0.104472  0.528549  0 
-0.0958855  0.528687  0 
-0.0872987  0.528749  0 
-0.0867137  0.52043  0 
-0.0863391  0.511828  0 
-0.0849758  0.503226  0 
-0.078712  0.503142  0 
-0.0779243  0.494624  0 
-0.077737  0.486022  0 
-0.0775424  0.477419  0 
-0.0771823  0.468817  0 
-0.0763389  0.460215  0 
-0.0749911  0.451613  0 
-0.0701252  0.450649  0 
-0.0693168  0.443011  0 
-0.0691589  0.434409  0 
-0.0692855  0.425806  0 
-0.0690736  0.417204  0 
-0.0690908  0.408602  0 
-0.068355  0.4  0 
-0.0615385  0.39343  0 
-0.0614321  0.391398  0 
-0.0608022  0.382796  0 
-0.0591829  0.374194  0 
-0.0529517  0.373409  0 
-0.0443649  0.373464  0 
-0.0441664  0.365591  0 
-0.0438187  0.356989  0 
-0.0425037  0.348387  0 
-0.0357782  0.34461  0 
-0.0351435  0.339785  0 
-0.0271914  0.335332  0 
-0.0186047  0.336256  0 
-0.018552  0.331183  0 
-0.0184242  0.322581  0 
-0.0182413  0.313978  0 
-0.0176238  0.305376  0 
-0.0100179  0.302212  0 
-0.00143113  0.302136  0 
-0.00133854  0.296774  0 
-0.0011801  0.288172  0 
-0.000886047  0.27957  0 
 0.00715564  0.272922  0 
 0.00726944  0.270968  0 
 0.00767787  0.262366  0 
 0.00822781  0.253763  0 
 0.0157424  0.245161  0 
 0.0243292  0.245161  0 
 0.0329159  0.245161  0 
 0.0332577  0.253763  0 
 0.0329159  0.258331  0 
 0.0253124  0.262366  0 
 0.0247608  0.270968  0 
 0.0245375  0.27957  0 
 0.0243292  0.286143  0 
 0.0165759  0.288172  0 
 0.0159505  0.296774  0 
 0.0159457  0.305376  0 
 0.0158134  0.313978  0 
 0.0157424  0.319024  0 
 0.00715564  0.319609  0 
-0.000402866  0.322581  0 
-0.00104017  0.331183  0 
-0.00120987  0.339785  0 
-0.00131763  0.348387  0 
-0.00142933  0.356989  0 
-0.00143113  0.35726  0 
-0.0100179  0.357561  0 
-0.0186047  0.36527  0 
-0.0197564  0.365591  0 
-0.0258541  0.374194  0 
-0.0264324  0.382796  0 
-0.0269131  0.391398  0 
-0.0270645  0.4  0 
-0.0271914  0.40706  0 
-0.0357782  0.406812  0 
-0.0426301  0.408602  0 
-0.0436066  0.417204  0 
-0.0441106  0.425806  0 
-0.0443649  0.431213  0 
-0.0499749  0.434409  0 
-0.0508208  0.443011  0 
-0.0514814  0.451613  0 
-0.0513075  0.460215  0 
-0.0515816  0.468817  0 
-0.0520176  0.477419  0 
-0.0518119  0.486022  0 
-0.0519326  0.494624  0 
-0.0523472  0.503226  0 
-0.0529517  0.511645  0 
-0.0558138  0.511828  0 
-0.0590962  0.52043  0 
-0.0602348  0.529032  0 
-0.0615385  0.537607  0 
-0.0701252  0.537597  0 
-0.0780256  0.537634  0 
-0.078712  0.544047  0 
-0.0792212  0.546237  0 
-0.080129  0.554839  0 
-0.078712  0.559121  0 
-0.0701252  0.562111  0 
-0.0615385  0.562476  0 
-0.0529517  0.563256  0 
-0.0519544  0.563441  0 
-0.0443649  0.570398  0 
-0.0357782  0.57121  0 
-0.0356836  0.572043  0 
-0.035694  0.580645  0 
-0.0357023  0.589247  0 
-0.0357136  0.597849  0 
-0.035606  0.606452  0 
-0.0356171  0.615054  0 
-0.0356273  0.623656  0 
-0.0356406  0.632258  0 
-0.0355775  0.64086  0 
-0.0355859  0.649462  0 
-0.0355937  0.658065  0 
-0.0356018  0.666667  0 
-0.0356164  0.675269  0 
-0.0356269  0.683871  0 
-0.0357782  0.687282  0 
-0.0412692  0.692473  0 
-0.042759  0.701075  0 
-0.0432673  0.709677  0 
-0.0435396  0.71828  0 
-0.0433913  0.726882  0 
-0.0435323  0.735484  0 
-0.0436336  0.744086  0 
-0.0437106  0.752688  0 
-0.0437729  0.76129  0 
-0.0438321  0.769892  0 
-0.0386932  0.778495  0 
-0.0390836  0.787097  0 
-0.0393991  0.795699  0 
-0.0396511  0.804301  0 
-0.039838  0.812903  0 
-0.039919  0.821505  0 
-0.0394186  0.830108  0 
-0.0357782  0.835063  0 
-0.0271914  0.836395  0 
-0.0186047  0.836696  0 
-0.0100179  0.836832  0 
-0.00143113  0.836898  0 
-0.00135801  0.83871  0 
-0.00135722  0.847312  0 
-0.00135643  0.855914  0 
-0.00135563  0.864516  0 
-0.00135481  0.873118  0 
-0.00135395  0.88172  0 
-0.00135293  0.890323  0 
-0.0013476  0.898925  0 
-0.001321  0.907527  0 
-0.00131991  0.916129  0 
-0.00131882  0.924731  0 
-0.00131773  0.933333  0 
-0.00131662  0.941935  0 
-0.00131549  0.950538  0 
-0.00131427  0.95914  0 
-0.00131211  0.967742  0 
-0.00130101  0.976344  0 
-0.00129982  0.984946  0 
-0.00129864  0.993548  0 
-0.00129745  1.00215  0 
-0.00129625  1.01075  0 
-0.00129505  1.01935  0 
-0.00129382  1.02796  0 
-0.00129252  1.03656  0 
-0.00129064  1.04516  0 
-0.00128811  1.05376  0 
-0.00128691  1.06237  0 
-0.00128571  1.07097  0 
-0.0012845  1.07957  0 
-0.00128329  1.08817  0 
-0.00128208  1.09677  0 
-0.00128085  1.10538  0 
-0.00127961  1.11398  0 
-0.00127831  1.12258  0 
-0.00127659  1.13118  0 
-0.00127773  1.13978  0 
-0.00127654  1.14839  0 
-0.00127535  1.15699  0 
-0.00127416  1.16559  0 
-0.00127297  1.17419  0 
-0.00127177  1.1828  0 
-0.00127057  1.1914  0 
-0.00126937  1.2  0 

-0.190273  1.2  0 
-0.19026  1.1914  0 
-0.190242  1.1828  0 
-0.190213  1.17419  0 
-0.190157  1.16559  0 
-0.19  1.15699  0 
-0.186358  1.14839  0 
-0.181753  1.14434  0 
-0.181678  1.13978  0 
-0.181663  1.13118  0 
-0.18164  1.12258  0 
-0.181594  1.11398  0 
-0.181461  1.10538  0 
-0.180718  1.09677  0 
-0.173166  1.08974  0 
-0.173085  1.08817  0 
-0.17307  1.07957  0 
-0.173047  1.07097  0 
-0.173008  1.06237  0 
-0.172922  1.05376  0 
-0.172591  1.04516  0 
-0.16458  1.0373  0 
-0.164565  1.03656  0 
-0.164542  1.02796  0 
-0.164531  1.01935  0 
-0.164515  1.01075  0 
-0.164485  1.00215  0 
-0.164395  0.993548  0 
-0.155993  0.985151  0 
-0.155967  0.984946  0 
-0.155954  0.976344  0 
-0.155947  0.967742  0 
-0.155935  0.95914  0 
-0.155993  0.958981  0 
-0.16458  0.958953  0 
-0.173166  0.958907  0 
-0.181753  0.958808  0 
-0.19034  0.958394  0 
-0.198564  0.950538  0 
-0.198927  0.950476  0 
-0.207513  0.950486  0 
-0.2161  0.950463  0 
-0.224687  0.950391  0 
-0.233177  0.941935  0 
-0.233274  0.941896  0 
-0.24186  0.941876  0 
-0.249043  0.933333  0 
-0.24807  0.924731  0 
-0.246389  0.916129  0 
-0.24186  0.91021  0 
-0.24133  0.907527  0 
-0.239876  0.898925  0 
-0.23909  0.890323  0 
-0.236942  0.88172  0 
-0.233274  0.87767  0 
-0.232178  0.873118  0 
-0.233274  0.873047  0 
-0.24186  0.872887  0 
-0.250262  0.864516  0 
-0.250447  0.864448  0 
-0.259034  0.864419  0 
-0.267621  0.864334  0 
-0.276208  0.862913  0 
-0.284224  0.864516  0 
-0.284418  0.873118  0 
-0.284794  0.875142  0 
-0.291843  0.88172  0 
-0.292787  0.890323  0 
-0.293004  0.898925  0 
-0.293381  0.901679  0 
-0.300322  0.907527  0 
-0.301492  0.916129  0 
-0.301968  0.924548  0 
-0.310555  0.924399  0 
-0.319141  0.920695  0 
-0.324353  0.916129  0 
-0.327728  0.915946  0 
-0.336315  0.915764  0 
-0.34479  0.907527  0 
-0.344902  0.907426  0 
-0.353488  0.907483  0 
-0.362075  0.907378  0 
-0.370554  0.898925  0 
-0.370662  0.89889  0 
-0.379249  0.898846  0 
-0.387813  0.890323  0 
-0.387835  0.890271  0 
-0.393618  0.88172  0 
-0.387835  0.878062  0 
-0.386596  0.873118  0 
-0.384667  0.864516  0 
-0.379249  0.857358  0 
-0.378787  0.855914  0 
-0.376466  0.847312  0 
-0.372356  0.83871  0 
-0.370662  0.837389  0 
-0.368213  0.830108  0 
-0.362075  0.829806  0 
-0.353488  0.830046  0 
-0.353314  0.830108  0 
-0.344902  0.838407  0 
-0.336315  0.838642  0 
-0.327728  0.83867  0 
-0.327537  0.83871  0 
-0.319141  0.846916  0 
-0.317609  0.83871  0 
-0.313672  0.830108  0 
-0.310555  0.824456  0 
-0.309848  0.821505  0 
-0.306724  0.812903  0 
-0.303775  0.804301  0 
-0.301968  0.801251  0 
-0.300112  0.795699  0 
-0.296888  0.787097  0 
-0.301968  0.786837  0 
-0.310338  0.778495  0 
-0.310555  0.778436  0 
-0.319141  0.778368  0 
-0.327656  0.769892  0 
-0.327728  0.769833  0 
-0.336315  0.769627  0 
-0.344343  0.76129  0 
-0.336315  0.758805  0 
-0.335238  0.752688  0 
-0.33399  0.744086  0 
-0.327728  0.738887  0 
-0.326644  0.735484  0 
-0.32582  0.726882  0 
-0.319141  0.719535  0 
-0.318696  0.71828  0 
-0.319141  0.717974  0 
-0.327169  0.709677  0 
-0.327728  0.709571  0 
-0.336315  0.70926  0 
-0.344684  0.701075  0 
-0.344902  0.700936  0 
-0.353304  0.692473  0 
-0.352431  0.683871  0 
-0.344902  0.677533  0 
-0.3443  0.675269  0 
-0.34358  0.666667  0 
-0.336315  0.659972  0 
-0.335671  0.658065  0 
-0.334903  0.649462  0 
-0.336315  0.649251  0 
-0.344753  0.64086  0 
-0.344902  0.640742  0 
-0.353488  0.640539  0 
-0.36202  0.632258  0 
-0.361781  0.623656  0 
-0.360611  0.615054  0 
-0.353488  0.609027  0 
-0.352977  0.606452  0 
-0.344902  0.598109  0 
-0.344795  0.597849  0 
-0.336315  0.596945  0 
-0.327728  0.597661  0 
-0.327516  0.597849  0 
-0.319141  0.606107  0 
-0.310555  0.606309  0 
-0.309816  0.597849  0 
-0.301968  0.591205  0 
-0.301575  0.589247  0 
-0.300939  0.580645  0 
-0.293381  0.573612  0 
-0.292955  0.572043  0 
-0.293381  0.571542  0 
-0.301614  0.563441  0 
-0.301968  0.563171  0 
-0.310555  0.562652  0 
-0.319081  0.554839  0 
-0.319072  0.546237  0 
-0.310555  0.537887  0 
-0.31049  0.537634  0 
-0.31041  0.529032  0 
-0.301968  0.520667  0 
-0.301958  0.52043  0 
-0.299114  0.511828  0 
-0.293381  0.50861  0 
-0.292122  0.503226  0 
-0.284794  0.495303  0 
-0.284537  0.494624  0 
-0.284794  0.494569  0 
-0.293245  0.486022  0 
-0.293381  0.485906  0 
-0.301968  0.485305  0 
-0.310555  0.47844  0 
-0.31854  0.486022  0 
-0.319141  0.488703  0 
-0.326611  0.494624  0 
-0.327728  0.503172  0 
-0.336315  0.503058  0 
-0.344814  0.494624  0 
-0.344902  0.494504  0 
-0.353488  0.487186  0 
-0.361297  0.494624  0 
-0.362075  0.49664  0 
-0.369541  0.503226  0 
-0.370662  0.509341  0 
-0.377841  0.511828  0 
-0.379249  0.520277  0 
-0.387735  0.511828  0 
-0.387835  0.511755  0 
-0.396392  0.503226  0 
-0.396422  0.503125  0 
-0.405009  0.498692  0 
-0.41035  0.503226  0 
-0.413369  0.511828  0 
-0.413596  0.51232  0 
-0.421318  0.52043  0 
-0.422182  0.523784  0 
-0.430769  0.529014  0 
-0.439344  0.52043  0 
-0.447943  0.519717  0 
-0.45645  0.511828  0 
-0.456434  0.503226  0 
-0.447943  0.495975  0 
-0.447499  0.494624  0 
-0.439356  0.486857  0 
-0.438904  0.486022  0 
-0.430769  0.478086  0 
-0.422182  0.485105  0 
-0.413596  0.485917  0 
-0.413534  0.486022  0 
-0.405009  0.494523  0 
-0.396422  0.487843  0 
-0.396031  0.486022  0 
-0.387835  0.478235  0 
-0.387464  0.477419  0 
-0.379249  0.468823  0 
-0.370662  0.477068  0 
-0.370317  0.477419  0 
-0.362075  0.485389  0 
-0.353488  0.485913  0 
-0.352707  0.477419  0 
-0.344902  0.470906  0 
-0.344404  0.468817  0 
-0.336315  0.461064  0 
-0.327728  0.46751  0 
-0.319141  0.468642  0 
-0.318994  0.468817  0 
-0.310555  0.477189  0 
-0.310147  0.468817  0 
-0.301968  0.461914  0 
-0.301629  0.460215  0 
-0.293381  0.452251  0 
-0.284794  0.458671  0 
-0.276208  0.45994  0 
-0.275873  0.460215  0 
-0.275444  0.468817  0 
-0.275894  0.477419  0 
-0.276208  0.478854  0 
-0.284535  0.486022  0 
-0.276208  0.494568  0 
-0.276182  0.494624  0 
-0.267621  0.503167  0 
-0.259034  0.503197  0 
-0.257259  0.494624  0 
-0.250447  0.48977  0 
-0.249848  0.486022  0 
-0.248035  0.477419  0 
-0.250447  0.477144  0 
-0.25889  0.468817  0 
-0.259034  0.468599  0 
-0.267504  0.460215  0 
-0.266861  0.451613  0 
-0.259034  0.444698  0 
-0.258726  0.443011  0 
-0.250447  0.43777  0 
-0.249002  0.443011  0 
-0.24186  0.448252  0 
-0.233274  0.450305  0 
-0.232834  0.443011  0 
-0.224687  0.435839  0 
-0.22455  0.434409  0 
-0.224408  0.425806  0 
-0.2161  0.421806  0 
-0.215789  0.417204  0 
-0.215008  0.408602  0 
-0.207513  0.4071  0 
-0.20719  0.4  0 
-0.203703  0.391398  0 
-0.198927  0.390675  0 
-0.198589  0.382796  0 
-0.190786  0.374194  0 
-0.19034  0.374139  0 
-0.189964  0.365591  0 
-0.181753  0.357894  0 
-0.181636  0.356989  0 
-0.181327  0.348387  0 
-0.173166  0.341285  0 
-0.172903  0.339785  0 
-0.172748  0.331183  0 
-0.16458  0.323686  0 
-0.164284  0.322581  0 
-0.164027  0.313978  0 
-0.155993  0.306254  0 
-0.155581  0.305376  0 
-0.155254  0.296774  0 
-0.155993  0.288542  0 
-0.159459  0.288172  0 
-0.164378  0.27957  0 
-0.155993  0.271123  0 
-0.155949  0.270968  0 
-0.154067  0.262366  0 
-0.147406  0.255168  0 
-0.139538  0.262366  0 
-0.138819  0.262451  0 
-0.130233  0.264863  0 
-0.121646  0.269423  0 
-0.121574  0.262366  0 
-0.113059  0.25446  0 
-0.112893  0.253763  0 
-0.11228  0.245161  0 
-0.104472  0.239822  0 
-0.0983124  0.245161  0 
-0.0958855  0.245493  0 
-0.0958791  0.245161  0 
-0.0958855  0.236559  0 
-0.0872987  0.227957  0 
-0.078712  0.236559  0 
-0.0862675  0.245161  0 
-0.0872013  0.253763  0 
-0.0872987  0.258024  0 
-0.0958855  0.254697  0 
-0.104098  0.262366  0 
-0.104342  0.270968  0 
-0.104472  0.271835  0 
-0.113009  0.27957  0 
-0.113059  0.283128  0 
-0.120821  0.27957  0 
-0.121646  0.271989  0 
-0.129726  0.27957  0 
-0.130233  0.286904  0 
-0.138819  0.287001  0 
-0.143134  0.288172  0 
-0.138819  0.288603  0 
-0.138592  0.296774  0 
-0.138507  0.305376  0 
-0.138819  0.30791  0 
-0.145117  0.313978  0 
-0.146871  0.322581  0 
-0.147102  0.331183  0 
-0.147406  0.332396  0 
-0.155458  0.339785  0 
-0.155661  0.348387  0 
-0.155993  0.350589  0 
-0.163887  0.356989  0 
-0.164293  0.365591  0 
-0.16458  0.368519  0 
-0.17226  0.374194  0 
-0.172986  0.382796  0 
-0.173166  0.386427  0 
-0.180119  0.391398  0 
-0.181606  0.4  0 
-0.181616  0.408602  0 
-0.181753  0.409612  0 
-0.190192  0.417204  0 
-0.190064  0.425806  0 
-0.19034  0.427415  0 
-0.198516  0.434409  0 
-0.198718  0.443011  0 
-0.198927  0.444217  0 
-0.207015  0.451613  0 
-0.207416  0.460215  0 
-0.198927  0.46838  0 
-0.198065  0.468817  0 
-0.19034  0.475931  0 
-0.188221  0.477419  0 
-0.189678  0.486022  0 
-0.189998  0.494624  0 
-0.19034  0.502947  0 
-0.198927  0.503122  0 
-0.207453  0.494624  0 
-0.207513  0.494583  0 
-0.216051  0.486022  0 
-0.215645  0.477419  0 
-0.214162  0.468817  0 
-0.215181  0.460215  0 
-0.2161  0.459652  0 
-0.224687  0.45866  0 
-0.233274  0.454211  0 
-0.240392  0.460215  0 
-0.241568  0.468817  0 
-0.241846  0.477419  0 
-0.233274  0.485831  0 
-0.224687  0.48593  0 
-0.224212  0.486022  0 
-0.222875  0.494624  0 
-0.223711  0.503226  0 
-0.224687  0.507733  0 
-0.231751  0.511828  0 
-0.233102  0.52043  0 
-0.233274  0.521237  0 
-0.241419  0.529032  0 
-0.241694  0.537634  0 
-0.24186  0.540659  0 
-0.250447  0.545779  0 
-0.259034  0.545309  0 
-0.267263  0.537634  0 
-0.267621  0.536655  0 
-0.275924  0.537634  0 
-0.276208  0.538845  0 
-0.284056  0.546237  0 
-0.284542  0.554839  0 
-0.284794  0.556597  0 
-0.293024  0.563441  0 
-0.284794  0.571622  0 
-0.284653  0.572043  0 
-0.276208  0.580266  0 
-0.267621  0.580475  0 
-0.267307  0.580645  0 
-0.266548  0.589247  0 
-0.267084  0.597849  0 
-0.267621  0.600306  0 
-0.274832  0.606452  0 
-0.275751  0.615054  0 
-0.276179  0.623656  0 
-0.267621  0.631849  0 
-0.259034  0.63213  0 
-0.257321  0.632258  0 
-0.250447  0.63865  0 
-0.248738  0.64086  0 
-0.249437  0.649462  0 
-0.250447  0.653994  0 
-0.255771  0.658065  0 
-0.257823  0.666667  0 
-0.258553  0.675269  0 
-0.250447  0.683802  0 
-0.250332  0.683871  0 
-0.24186  0.692259  0 
-0.233274  0.692393  0 
-0.224687  0.692426  0 
-0.222759  0.683871  0 
-0.220684  0.675269  0 
-0.2161  0.671415  0 
-0.214939  0.666667  0 
-0.213945  0.658065  0 
-0.212315  0.649462  0 
-0.2161  0.649351  0 
-0.224687  0.649099  0 
-0.233064  0.64086  0 
-0.233274  0.64077  0 
-0.24186  0.638118  0 
-0.248286  0.632258  0 
-0.24186  0.63193  0 
-0.241077  0.623656  0 
-0.240132  0.615054  0 
-0.233274  0.609182  0 
-0.232588  0.606452  0 
-0.232202  0.597849  0 
-0.233274  0.597673  0 
-0.24186  0.597227  0 
-0.250097  0.589247  0 
-0.250447  0.589065  0 
-0.258868  0.580645  0 
-0.258507  0.572043  0 
-0.25142  0.563441  0 
-0.250447  0.562904  0 
-0.249939  0.554839  0 
-0.24186  0.553356  0 
-0.233274  0.554561  0 
-0.232753  0.554839  0 
-0.224687  0.562607  0 
-0.2161  0.563254  0 
-0.215791  0.563441  0 
-0.2161  0.564564  0 
-0.223671  0.572043  0 
-0.224142  0.580645  0 
-0.224687  0.585182  0 
-0.231485  0.589247  0 
-0.224687  0.59753  0 
-0.224609  0.597849  0 
-0.2161  0.606194  0 
-0.207513  0.606334  0 
-0.198927  0.606372  0 
-0.197735  0.597849  0 
-0.193811  0.589247  0 
-0.19034  0.5871  0 
-0.189514  0.580645  0 
-0.189043  0.572043  0 
-0.19034  0.571871  0 
-0.198927  0.571696  0 
-0.207344  0.563441  0 
-0.207513  0.563257  0 
-0.215796  0.554839  0 
-0.21517  0.546237  0 
-0.207513  0.53949  0 
-0.207179  0.537634  0 
-0.198927  0.532206  0 
-0.19034  0.536602  0 
-0.181753  0.53704  0 
-0.173166  0.534072  0 
-0.173  0.529032  0 
-0.172894  0.52043  0 
-0.172493  0.511828  0 
-0.16458  0.511473  0 
-0.163978  0.503226  0 
-0.163519  0.494624  0 
-0.161952  0.486022  0 
-0.16458  0.485576  0 
-0.172911  0.477419  0 
-0.173166  0.477226  0 
-0.181555  0.468817  0 
-0.181284  0.460215  0 
-0.173166  0.451973  0 
-0.173156  0.451613  0 
-0.172806  0.443011  0 
-0.172199  0.434409  0 
-0.16458  0.431094  0 
-0.164347  0.425806  0 
-0.16403  0.417204  0 
-0.162746  0.408602  0 
-0.155993  0.406738  0 
-0.155579  0.4  0 
-0.155467  0.391398  0 
-0.147406  0.385741  0 
-0.147045  0.382796  0 
-0.146983  0.374194  0 
-0.145825  0.365591  0 
-0.138819  0.360951  0 
-0.138393  0.356989  0 
-0.138133  0.348387  0 
-0.130233  0.340831  0 
-0.130016  0.339785  0 
-0.129741  0.331183  0 
-0.12938  0.322581  0 
-0.121646  0.315329  0 
-0.121416  0.313978  0 
-0.121354  0.305376  0 
-0.119523  0.296774  0 
-0.113059  0.291333  0 
-0.104472  0.295899  0 
-0.0958855  0.291089  0 
-0.0957673  0.288172  0 
-0.0955329  0.27957  0 
-0.0889302  0.270968  0 
-0.0872987  0.269725  0 
-0.078712  0.27019  0 
-0.0714091  0.262366  0 
-0.0701252  0.2621  0 
-0.0696537  0.253763  0 
-0.0701252  0.245161  0 
-0.0615385  0.236559  0 
-0.0529517  0.236559  0 
-0.0443649  0.245161  0 
-0.0441605  0.253763  0 
-0.0443649  0.26122  0 
-0.0529517  0.258836  0 
-0.0599092  0.262366  0 
-0.0612202  0.270968  0 
-0.0614351  0.27957  0 
-0.0615385  0.285911  0 
-0.0701252  0.284102  0 
-0.0781116  0.288172  0 
-0.078712  0.291567  0 
-0.0861407  0.296774  0 
-0.0871591  0.305376  0 
-0.0872987  0.312703  0 
-0.0958855  0.310738  0 
-0.103677  0.313978  0 
-0.104472  0.322242  0 
-0.105305  0.322581  0 
-0.112484  0.331183  0 
-0.112641  0.339785  0 
-0.11278  0.348387  0 
-0.113059  0.350153  0 
-0.120662  0.356989  0 
-0.121098  0.365591  0 
-0.121191  0.374194  0 
-0.121646  0.377339  0 
-0.129358  0.382796  0 
-0.129664  0.391398  0 
-0.129956  0.4  0 
-0.130233  0.402575  0 
-0.137771  0.408602  0 
-0.138513  0.417204  0 
-0.138406  0.425806  0 
-0.138819  0.429718  0 
-0.146981  0.434409  0 
-0.146842  0.443011  0 
-0.147051  0.451613  0 
-0.147406  0.45937  0 
-0.154945  0.460215  0 
-0.155519  0.468817  0 
-0.155728  0.477419  0 
-0.147406  0.485935  0 
-0.14724  0.486022  0 
-0.138819  0.494348  0 
-0.130233  0.494611  0 
-0.129969  0.494624  0 
-0.130233  0.496175  0 
-0.134663  0.503226  0 
-0.136531  0.511828  0 
-0.138819  0.520331  0 
-0.142238  0.52043  0 
-0.14644  0.529032  0 
-0.146877  0.537634  0 
-0.147406  0.54614  0 
-0.155993  0.54599  0 
-0.16458  0.545814  0 
-0.173166  0.543703  0 
-0.180945  0.546237  0 
-0.181236  0.554839  0 
-0.181753  0.559644  0 
-0.18817  0.563441  0 
-0.181753  0.571721  0 
-0.18168  0.572043  0 
-0.173166  0.58038  0 
-0.16458  0.580512  0 
-0.155993  0.580552  0 
-0.155177  0.572043  0 
-0.154576  0.563441  0 
-0.151683  0.554839  0 
-0.147406  0.550441  0 
-0.138819  0.554432  0 
-0.130233  0.554637  0 
-0.121646  0.554697  0 
-0.12008  0.554839  0 
-0.120449  0.563441  0 
-0.120674  0.572043  0 
-0.121646  0.578708  0 
-0.126197  0.580645  0 
-0.130233  0.589172  0 
-0.138819  0.589128  0 
-0.147406  0.588885  0 
-0.155993  0.586921  0 
-0.159364  0.589247  0 
-0.162365  0.597849  0 
-0.163179  0.606452  0 
-0.164104  0.615054  0 
-0.155993  0.623575  0 
-0.147406  0.623606  0 
-0.138819  0.623618  0 
-0.138605  0.623656  0 
-0.130233  0.631805  0 
-0.121646  0.631845  0 
-0.113059  0.631801  0 
-0.104472  0.631729  0 
-0.104364  0.632258  0 
-0.104387  0.64086  0 
-0.104401  0.649462  0 
-0.104412  0.658065  0 
-0.104472  0.659221  0 
-0.112748  0.666667  0 
-0.113002  0.675269  0 
-0.11302  0.683871  0 
-0.113029  0.692473  0 
-0.113034  0.701075  0 
-0.113038  0.709677  0 
-0.113059  0.716628  0 
-0.119866  0.71828  0 
-0.121032  0.726882  0 
-0.121261  0.735484  0 
-0.121361  0.744086  0 
-0.121419  0.752688  0 
-0.121466  0.76129  0 
-0.121646  0.769834  0 
-0.128029  0.769892  0 
-0.129846  0.778495  0 
-0.130012  0.787097  0 
-0.130075  0.795699  0 
-0.130109  0.804301  0 
-0.130132  0.812903  0 
-0.130157  0.821505  0 
-0.130233  0.829557  0 
-0.137687  0.830108  0 
-0.138264  0.83871  0 
-0.138441  0.847312  0 
-0.138528  0.855914  0 
-0.138581  0.864516  0 
-0.138619  0.873118  0 
-0.138819  0.876709  0 
-0.145827  0.88172  0 
-0.142914  0.890323  0 
-0.144609  0.898925  0 
-0.145326  0.907527  0 
-0.145715  0.916129  0 
-0.145948  0.924731  0 
-0.146427  0.933333  0 
-0.147406  0.941397  0 
-0.148085  0.941935  0 
-0.148587  0.950538  0 
-0.147406  0.951005  0 
-0.138819  0.954696  0 
-0.130233  0.956261  0 
-0.121646  0.957542  0 
-0.113059  0.958679  0 
-0.109648  0.95914  0 
-0.104472  0.960007  0 
-0.104385  0.967742  0 
-0.104394  0.976344  0 
-0.104402  0.984946  0 
-0.104408  0.993548  0 
-0.104472  0.994332  0 
-0.112502  1.00215  0 
-0.112783  1.01075  0 
-0.112874  1.01935  0 
-0.11292  1.02796  0 
-0.112954  1.03656  0 
-0.112944  1.04516  0 
-0.112958  1.05376  0 
-0.112969  1.06237  0 
-0.112977  1.07097  0 
-0.113059  1.07286  0 
-0.120193  1.07957  0 
-0.121193  1.08817  0 
-0.121373  1.09677  0 
-0.121449  1.10538  0 
-0.121493  1.11398  0 
-0.121527  1.12258  0 
-0.121533  1.13118  0 
-0.121546  1.13978  0 
-0.121556  1.14839  0 
-0.121564  1.15699  0 
-0.121646  1.15793  0 
-0.129509  1.16559  0 
-0.129874  1.17419  0 
-0.129991  1.1828  0 
-0.130049  1.1914  0 
-0.130084  1.2  0 

-0.315782  1.2  0 
-0.310555  1.19697  0 
-0.301968  1.19986  0 
-0.293381  1.19993  0 
-0.284794  1.19995  0 
-0.276208  1.19997  0 
-0.276085  1.2  0 

-0.462663  1.2  0 
-0.45653  1.19277  0 
-0.456086  1.1914  0 
-0.454862  1.1828  0 
-0.452936  1.17419  0 
-0.447943  1.16964  0 
-0.446669  1.16559  0 
-0.445865  1.15699  0 
-0.439356  1.15618  0 
-0.430769  1.1569  0 
-0.422182  1.15694  0 
-0.422087  1.15699  0 
-0.413596  1.16545  0 
-0.405009  1.16552  0 
-0.40323  1.16559  0 
-0.396422  1.17212  0 
-0.387835  1.17407  0 
-0.379249  1.17418  0 
-0.377396  1.17419  0 
-0.379249  1.17652  0 
-0.382935  1.1828  0 
-0.384629  1.1914  0 
-0.386897  1.2  0 

-0.780254  1.2  0 
-0.77424  1.19485  0 
-0.772561  1.1914  0 
-0.768511  1.1828  0 
-0.765653  1.18045  0 
-0.763161  1.17419  0 
-0.757066  1.16852  0 
-0.755427  1.16559  0 
-0.752271  1.15699  0 
-0.748479  1.15358  0 
-0.746166  1.14839  0 
-0.739893  1.14205  0 
-0.738567  1.13978  0 
-0.735795  1.13118  0 
-0.731306  1.127  0 
-0.722719  1.13093  0 
-0.720628  1.13118  0 
-0.714132  1.1361  0 
-0.705546  1.1397  0 
-0.705403  1.13978  0 
-0.696959  1.14819  0 
-0.688372  1.14833  0 
-0.688284  1.14839  0 
-0.679785  1.15688  0 
-0.678648  1.15699  0 
-0.671199  1.16508  0 
-0.67024  1.16559  0 
-0.671199  1.16743  0 
-0.676388  1.17419  0 
-0.679785  1.18197  0 
-0.680745  1.1828  0 
-0.6855  1.1914  0 
-0.688372  1.19705  0 
-0.691725  1.2  0 


# Contour 7, label:      -30
-0.24186  0.0716846 -30 
-0.249016  0.0645161 -30 
-0.24186  0.0573477 -30 
-0.234705  0.0645161 -30 
-0.24186  0.0716846 -30 

-0.233274  0.097491 -30 
-0.240429  0.0903226 -30 
-0.233274  0.0831541 -30 
-0.226118  0.0903226 -30 
-0.233274  0.097491 -30 

 0.221825  0.122236 -30 
 0.215728  0.116129 -30 
 0.221825  0.110022 -30 
 0.22792  0.116129 -30 
 0.221825  0.122236 -30 

-0.147406  0.209319 -30 
-0.154562  0.202151 -30 
-0.147406  0.194982 -30 
-0.14025  0.202151 -30 
-0.147406  0.209319 -30 

 0.0500894  0.25233 -30 
 0.0429338  0.245161 -30 
 0.0500894  0.237993 -30 
 0.0572451  0.245161 -30 
 0.0500894  0.25233 -30 


# Contour 8, label:      -60
-0.24186  0.0702509 -60 
-0.247585  0.0645161 -60 
-0.24186  0.0587814 -60 
-0.236136  0.0645161 -60 
-0.24186  0.0702509 -60 

-0.233274  0.0960573 -60 
-0.238998  0.0903226 -60 
-0.233274  0.0845878 -60 
-0.227549  0.0903226 -60 
-0.233274  0.0960573 -60 

 0.221825  0.119742 -60 
 0.218218  0.116129 -60 
 0.221825  0.112516 -60 
 0.225431  0.116129 -60 
 0.221825  0.119742 -60 

-0.147406  0.207885 -60 
-0.153131  0.202151 -60 
-0.147406  0.196416 -60 
-0.141682  0.202151 -60 
-0.147406  0.207885 -60 

 0.0500894  0.250896 -60 
 0.0443649  0.245161 -60 
 0.0500894  0.239427 -60 
 0.055814  0.245161 -60 
 0.0500894  0.250896 -60 


# Contour 9, label:      -90
-0.24186  0.0688172 -90 
-0.246154  0.0645161 -90 
-0.24186  0.0602151 -90 
-0.237567  0.0645161 -90 
-0.24186  0.0688172 -90 

-0.233274  0.0946237 -90 
-0.237567  0.0903226 -90 
-0.233274  0.0860215 -90 
-0.22898  0.0903226 -90 
-0.233274  0.0946237 -90 

 0.221825  0.117247 -90 
 0.220709  0.116129 -90 
 0.221825  0.115011 -90 
 0.222941  0.116129 -90 
 0.221825  0.117247 -90 

-0.147406  0.206452 -90 
-0.151699  0.202151 -90 
-0.147406  0.197849 -90 
-0.143113  0.202151 -90 
-0.147406  0.206452 -90 

 0.0500894  0.249462 -90 
 0.0457961  0.245161 -90 
 0.0500894  0.24086 -90 
 0.0543828  0.245161 -90 
 0.0500894  0.249462 -90 


# Contour 10, label:     -120
-0.24186  0.0673835 -120 
-0.244723  0.0645161 -120 
-0.24186  0.0616487 -120 
-0.238998  0.0645161 -120 
-0.24186  0.0673835 -120 

-0.233274  0.09319 -120 
-0.236136  0.0903226 -120 
-0.233274  0.0874552 -120 
-0.230411  0.0903226 -120 
-0.233274  0.09319 -120 

-0.147406  0.205018 -120 
-0.150268  0.202151 -120 
-0.147406  0.199283 -120 
-0.144544  0.202151 -120 
-0.147406  0.205018 -120 

 0.0500894  0.248029 -120 
 0.0472272  0.245161 -120 
 0.0500894  0.242294 -120 
 0.0529517  0.245161 -120 
 0.0500894  0.248029 -120 


# Contour 11, label:     -150
-0.24186  0.0659498 -150 
-0.243292  0.0645161 -150 
-0.24186  0.0630824 -150 
-0.240429  0.0645161 -150 
-0.24186  0.0659498 -150 

-0.233274  0.0917563 -150 
-0.234705  0.0903226 -150 
-0.233274  0.0888889 -150 
-0.231843  0.0903226 -150 
-0.233274  0.0917563 -150 

-0.147406  0.203584 -150 
-0.148837  0.202151 -150 
-0.147406  0.200717 -150 
-0.145975  0.202151 -150 
-0.147406  0.203584 -150 

 0.0500894  0.246595 -150 
 0.0486583  0.245161 -150 
 0.0500894  0.243728 -150 
 0.0515206  0.245161 -150 
 0.0500894  0.246595 -150 

