2.5000000000e-01 0.0000000000e+00
2.5001000000e-01 0.0000000000e+00
2.5002108534e-01 0.0000000000e+00
2.5003337383e-01 0.0000000000e+00
2.5004699603e-01 0.0000000000e+00
2.5006209671e-01 0.0000000000e+00
2.5007883634e-01 0.0000000000e+00
2.5009739279e-01 0.0000000000e+00
2.5011796325e-01 0.0000000000e+00
2.5014076631e-01 0.0000000000e+00
2.5016604428e-01 0.0000000000e+00
2.5019406579e-01 0.0000000000e+00
2.5022512859e-01 0.0000000000e+00
2.5025956276e-01 0.0000000000e+00
2.5029773423e-01 0.0000000000e+00
2.5034004861e-01 0.0000000000e+00
2.5038695556e-01 0.0000000000e+00
2.5043895352e-01 0.0000000000e+00
2.5049659504e-01 0.0000000000e+00
2.5056049264e-01 0.0000000000e+00
2.5063132533e-01 0.0000000000e+00
2.5070984580e-01 0.0000000000e+00
2.5079688843e-01 0.0000000000e+00
2.5089337817e-01 0.0000000000e+00
2.5100034037e-01 0.0000000000e+00
2.5111891163e-01 0.0000000000e+00
2.5125035194e-01 0.0000000000e+00
2.5139605804e-01 0.0000000000e+00
2.5155757825e-01 0.0000000000e+00
2.5173662894e-01 0.0000000000e+00
2.5193511279e-01 0.0000000000e+00
2.5215513894e-01 0.0000000000e+00
2.5239904547e-01 0.0000000000e+00
2.5266942424e-01 0.0000000000e+00
2.5296914839e-01 0.0000000000e+00
2.5330140289e-01 0.0000000000e+00
2.5366971841e-01 0.0000000000e+00
2.5407800880e-01 0.0000000000e+00
2.5453061271e-01 0.0000000000e+00
2.5503233968e-01 0.0000000000e+00
2.5558852125e-01 0.0000000000e+00
2.5620506760e-01 0.0000000000e+00
2.5688853039e-01 0.0000000000e+00
2.5764617236e-01 0.0000000000e+00
2.5848604447e-01 0.0000000000e+00
2.5941707154e-01 0.0000000000e+00
2.6044914700e-01 0.0000000000e+00
2.6159323806e-01 0.0000000000e+00
2.6286150227e-01 0.0000000000e+00
2.6426741668e-01 0.0000000000e+00
2.6582592104e-01 0.0000000000e+00
2.6755357662e-01 0.0000000000e+00
2.6946874213e-01 0.0000000000e+00
2.7159176881e-01 0.0000000000e+00
2.7394521676e-01 0.0000000000e+00
2.7655409458e-01 0.0000000000e+00
2.7944612518e-01 0.0000000000e+00
2.8265204035e-01 0.0000000000e+00
2.8620590735e-01 0.0000000000e+00
2.9014549089e-01 0.0000000000e+00
2.9451265444e-01 0.0000000000e+00
2.9935380512e-01 0.0000000000e+00
3.0472038680e-01 0.0000000000e+00
3.1066942678e-01 0.0000000000e+00
3.1726414176e-01 0.0000000000e+00
3.2457460965e-01 0.0000000000e+00
3.3267851420e-01 0.0000000000e+00
3.4166197052e-01 0.0000000000e+00
3.5162044016e-01 0.0000000000e+00
3.6265974553e-01 0.0000000000e+00
3.7489719441e-01 0.0000000000e+00
3.8846282648e-01 0.0000000000e+00
4.0350079520e-01 0.0000000000e+00
4.2017089963e-01 0.0000000000e+00
4.3865028251e-01 0.0000000000e+00
4.5913531265e-01 0.0000000000e+00
4.8184367160e-01 0.0000000000e+00
5.0701666685e-01 0.0000000000e+00
5.3492179602e-01 0.0000000000e+00
5.6585558942e-01 0.0000000000e+00
6.0014676104e-01 0.0000000000e+00
6.3815970166e-01 0.0000000000e+00
6.8029835095e-01 0.0000000000e+00
7.2701048988e-01 0.0000000000e+00
7.7879249904e-01 0.0000000000e+00
8.3619463336e-01 0.0000000000e+00
8.9982686930e-01 0.0000000000e+00
9.7036538670e-01 0.0000000000e+00
1.0485597541e+00 0.0000000000e+00
1.1352408940e+00 0.0000000000e+00
1.2313299125e+00 0.0000000000e+00
1.3378478873e+00 0.0000000000e+00
1.4559267181e+00 0.0000000000e+00
1.5868211544e+00 0.0000000000e+00
1.7319221294e+00 0.0000000000e+00
1.8927715401e+00 0.0000000000e+00
2.0710786321e+00 0.0000000000e+00
2.2687381632e+00 0.0000000000e+00
2.4878505370e+00 0.0000000000e+00
2.7307441234e+00 0.0000000000e+00
3.0000000000e+00 0.0000000000e+00

2.4965738369e-01 1.3083989061e-02
2.4966736998e-01 1.3084512420e-02
2.4967844014e-01 1.3085092582e-02
2.4969071178e-01 1.3085735712e-02
2.4970431531e-01 1.3086448643e-02
2.4971939530e-01 1.3087238952e-02
2.4973611199e-01 1.3088115036e-02
2.4975464300e-01 1.3089086205e-02
2.4977518527e-01 1.3090162780e-02
2.4979795708e-01 1.3091356200e-02
2.4982320041e-01 1.3092679147e-02
2.4985118352e-01 1.3094145679e-02
2.4988220374e-01 1.3095771381e-02
2.4991659073e-01 1.3097573526e-02
2.4995470989e-01 1.3099571266e-02
2.4999696628e-01 1.3101785830e-02
2.5004380894e-01 1.3104240750e-02
2.5009573564e-01 1.3106962113e-02
2.5015329816e-01 1.3109978837e-02
2.5021710820e-01 1.3113322979e-02
2.5028784381e-01 1.3117030076e-02
2.5036625667e-01 1.3121139519e-02
2.5045318001e-01 1.3125694979e-02
2.5054953752e-01 1.3130744862e-02
2.5065635312e-01 1.3136342830e-02
2.5077476189e-01 1.3142548371e-02
2.5090602206e-01 1.3149427425e-02
2.5105152848e-01 1.3157053093e-02
2.5121282733e-01 1.3165506408e-02
2.5139163264e-01 1.3174877197e-02
2.5158984447e-01 1.3185265039e-02
2.5180956908e-01 1.3196780318e-02
2.5205314135e-01 1.3209545400e-02
2.5232314958e-01 1.3223695931e-02
2.5262246296e-01 1.3239382281e-02
2.5295426212e-01 1.3256771138e-02
2.5332207288e-01 1.3276047283e-02
2.5372980372e-01 1.3297415551e-02
2.5418178735e-01 1.3321103009e-02
2.5468282672e-01 1.3347361370e-02
2.5523824606e-01 1.3376469664e-02
2.5585394746e-01 1.3408737207e-02
2.5653647359e-01 1.3444506886e-02
2.5729307723e-01 1.3484158803e-02
2.5813179833e-01 1.3528114313e-02
2.5906154946e-01 1.3576840505e-02
2.6009221049e-01 1.3630855161e-02
2.6123473362e-01 1.3690732261e-02
2.6250125972e-01 1.3757108081e-02
2.6390524737e-01 1.3830687956e-02
2.6546161586e-01 1.3912253772e-02
2.6718690375e-01 1.4002672279e-02
2.6909944458e-01 1.4102904297e-02
2.7121956173e-01 1.4214014929e-02
2.7356978436e-01 1.4337184877e-02
2.7617508681e-01 1.4473722993e-02
2.7906315398e-01 1.4625080180e-02
2.8226467556e-01 1.4792864816e-02
2.8581367210e-01 1.4978859844e-02
2.8974785657e-01 1.5185041715e-02
2.9410903508e-01 1.5413601396e-02
2.9894355114e-01 1.5666967646e-02
3.0430277810e-01 1.5947832830e-02
3.1024366513e-01 1.6259181526e-02
3.1682934228e-01 1.6604322241e-02
3.2412979143e-01 1.6986922568e-02
3.3222258986e-01 1.7411048162e-02
3.4119373466e-01 1.7881205939e-02
3.5113855657e-01 1.8402391970e-02
3.6216273296e-01 1.8980144573e-02
3.7438341083e-01 1.9620603162e-02
3.8793045168e-01 2.0330573489e-02
4.0294781138e-01 2.1117599962e-02
4.1959507002e-01 2.1990045818e-02
4.3804912755e-01 2.2957181992e-02
4.5850608366e-01 2.4029285632e-02
4.8118332160e-01 2.5217749313e-02
5.0632181813e-01 2.6535202091e-02
5.3418870429e-01 2.7995643710e-02
5.6508010400e-01 2.9614593368e-02
5.9932428076e-01 3.1409254625e-02
6.3728512597e-01 3.3398698222e-02
6.7936602570e-01 3.5604064727e-02
7.2601414727e-01 3.8048789186e-02
7.7772519099e-01 4.0758850152e-02
8.3504865768e-01 4.3763045742e-02
8.9859368785e-01 4.7093299658e-02
9.6903553466e-01 5.0785000418e-02
1.0471227394e+00 5.4877377409e-02
1.1336850858e+00 5.9413917755e-02
1.2296424177e+00 6.4442828423e-02
1.3360144133e+00 7.0017548490e-02
1.4539314211e+00 7.6197317009e-02
1.5846464712e+00 8.3047802502e-02
1.7295485903e+00 9.0641800780e-02
1.8901775624e+00 9.9060008498e-02
2.0682402908e+00 1.0839188067e-01
2.2656289364e+00 1.1873658123e-01
2.4844410243e+00 1.3020403685e-01
2.7270017335e+00 1.4291610495e-01
2.9958886043e+00 1.5700786873e-01

2.4863047384e-01 2.6132115817e-02
2.4864041906e-01 2.6133161102e-02
2.4865144368e-01 2.6134319835e-02
2.4866366484e-01 2.6135604332e-02
2.4867721243e-01 2.6137028240e-02
2.4869223038e-01 2.6138606691e-02
2.4870887831e-01 2.6140356458e-02
2.4872733310e-01 2.6142296135e-02
2.4874779087e-01 2.6144446334e-02
2.4877046902e-01 2.6146829903e-02
2.4879560852e-01 2.6149472171e-02
2.4882347652e-01 2.6152401215e-02
2.4885436915e-01 2.6155648162e-02
2.4888861469e-01 2.6159247514e-02
2.4892657705e-01 2.6163237519e-02
2.4896865963e-01 2.6167660576e-02
2.4901530962e-01 2.6172563687e-02
2.4906702273e-01 2.6177998954e-02
2.4912434848e-01 2.6184024133e-02
2.4918789605e-01 2.6190703252e-02
2.4925834071e-01 2.6198107284e-02
2.4933643103e-01 2.6206314907e-02
2.4942299683e-01 2.6215413340e-02
2.4951895800e-01 2.6225499265e-02
2.4962533424e-01 2.6236679858e-02
2.4974325595e-01 2.6249073930e-02
2.4987397622e-01 2.6262813184e-02
2.5001888413e-01 2.6278043618e-02
2.5017951951e-01 2.6294927078e-02
2.5035758935e-01 2.6313642972e-02
2.5055498588e-01 2.6334390183e-02
2.5077380670e-01 2.6357389178e-02
2.5101637709e-01 2.6382884354e-02
2.5128527470e-01 2.6411146631e-02
2.5158335693e-01 2.6442476335e-02
2.5191379130e-01 2.6477206388e-02
2.5228008915e-01 2.6515705843e-02
2.5268614288e-01 2.6558383810e-02
2.5313626738e-01 2.6605693801e-02
2.5363524584e-01 2.6658138551e-02
2.5418838059e-01 2.6716275355e-02
2.5480154943e-01 2.6780721998e-02
2.5548126815e-01 2.6852163313e-02
2.5623475967e-01 2.6931358463e-02
2.5707003088e-01 2.7019149005e-02
2.5799595768e-01 2.7116467834e-02
2.5902237932e-01 2.7224349095e-02
2.6016020293e-01 2.7343939176e-02
2.6142151946e-01 2.7476508885e-02
2.6281973212e-01 2.7623466957e-02
2.6436969883e-01 2.7786375023e-02
2.6608789014e-01 2.7966964206e-02
2.6799256416e-01 2.8167153513e-02
2.7010396069e-01 2.8389070230e-02
2.7244451620e-01 2.8635072528e-02
2.7503910231e-01 2.8907774517e-02
2.7791529007e-01 2.9210074031e-02
2.8110364290e-01 2.9545183418e-02
2.8463804144e-01 2.9916663673e-02
2.8855604353e-01 3.0328462286e-02
2.9289928331e-01 3.0784955182e-02
2.9771391366e-01 3.1290993223e-02
3.0305109664e-01 3.1851953759e-02
3.0896754715e-01 3.2473797765e-02
3.1552613560e-01 3.3163133188e-02
3.2279655598e-01 3.3927285162e-02
3.3085606649e-01 3.4774373851e-02
3.3979031049e-01 3.5713400735e-02
3.4969422660e-01 3.6754344263e-02
3.6067305750e-01 3.7908265890e-02
3.7284346835e-01 3.9187427615e-02
3.8633478647e-01 4.0605422288e-02
4.0129037563e-01 4.2177318050e-02
4.1786915948e-01 4.3919818448e-02
4.3624731037e-01 4.5851439943e-02
4.5662012137e-01 4.7992708663e-02
4.7920408155e-01 5.0366378528e-02
5.0423917650e-01 5.2997673037e-02
5.3199143846e-01 5.5914553307e-02
5.6275577329e-01 5.9148015193e-02
5.9685909429e-01 6.2732418667e-02
6.3466379605e-01 6.6705852934e-02
6.7657160540e-01 7.1110541188e-02
7.2302785034e-01 7.5993289286e-02
7.7452619225e-01 8.1405983129e-02
8.3161387167e-01 8.7406140018e-02
8.9489752356e-01 9.4057519855e-02
9.6504962358e-01 1.0143080268e-01
1.0428156341e+00 1.0960433974e-01
1.1290219256e+00 1.1866498609e-01
1.2245845584e+00 1.2870902353e-01
1.3305190166e+00 1.3984318375e-01
1.4479509992e+00 1.5218578247e-01
1.5781283821e+00 1.6586797675e-01
1.7224344788e+00 1.8103515869e-01
1.8824027395e+00 1.9784850040e-01
2.0597330467e+00 2.1648666672e-01
2.2563097781e+00 2.3714771375e-01
2.4742218315e+00 2.6005119348e-01
2.7157848214e+00 2.8544048680e-01
2.9835656861e+00 3.1358538980e-01

2.4692208515e-01 3.9108616260e-02
2.4693196203e-01 3.9110180605e-02
2.4694291090e-01 3.9111914734e-02
2.4695504809e-01 3.9113837077e-02
2.4696850258e-01 3.9115968059e-02
2.4698341735e-01 3.9118330326e-02
2.4699995088e-01 3.9120948981e-02
2.4701827887e-01 3.9123851849e-02
2.4703859607e-01 3.9127069778e-02
2.4706111839e-01 3.9130636962e-02
2.4708608515e-01 3.9134591309e-02
2.4711376166e-01 3.9138974838e-02
2.4714444203e-01 3.9143834130e-02
2.4717845226e-01 3.9149220822e-02
2.4721615378e-01 3.9155192155e-02
2.4725794720e-01 3.9161811583e-02
2.4730427664e-01 3.9169149446e-02
2.4735563442e-01 3.9177283719e-02
2.4741256628e-01 3.9186300839e-02
2.4747567720e-01 3.9196296627e-02
2.4754563782e-01 3.9207377301e-02
2.4762319157e-01 3.9219660608e-02
2.4770916256e-01 3.9233277075e-02
2.4780446435e-01 3.9248371397e-02
2.4791010966e-01 3.9265103970e-02
2.4802722112e-01 3.9283652602e-02
2.4815704318e-01 3.9304214397e-02
2.4830095540e-01 3.9327007852e-02
2.4846048702e-01 3.9352275180e-02
2.4863733331e-01 3.9380284880e-02
2.4883337348e-01 3.9411334593e-02
2.4905069075e-01 3.9445754267e-02
2.4929159439e-01 3.9483909655e-02
2.4955864435e-01 3.9526206214e-02
2.4985467839e-01 3.9573093400e-02
2.5018284229e-01 3.9625069455e-02
2.5054662323e-01 3.9682686696e-02
2.5094988689e-01 3.9746557385e-02
2.5139691850e-01 3.9817360236e-02
2.5189246838e-01 3.9895847626e-02
2.5244180243e-01 3.9982853592e-02
2.5305075807e-01 4.0079302691e-02
2.5372580630e-01 4.0186219827e-02
2.5447412044e-01 4.0304741142e-02
2.5530365233e-01 4.0436126088e-02
2.5622321691e-01 4.0581770809e-02
2.5724258581e-01 4.0743222981e-02
2.5837259121e-01 4.0922198254e-02
2.5962524099e-01 4.1120598488e-02
2.6101384625e-01 4.1340531955e-02
2.6255316284e-01 4.1584335752e-02
2.6425954812e-01 4.1854600629e-02
2.6615113475e-01 4.2154198520e-02
2.6824802346e-01 4.2486313064e-02
2.7057249656e-01 4.2854473434e-02
2.7314925476e-01 4.3262591840e-02
2.7600567966e-01 4.3715005100e-02
2.7917212470e-01 4.4216520725e-02
2.8268223770e-01 4.4772468008e-02
2.8657331842e-01 4.5388754651e-02
2.9088671495e-01 4.6071929545e-02
2.9566826303e-01 4.6829252362e-02
3.0096877319e-01 4.7668770697e-02
3.0684457061e-01 4.8599405582e-02
3.1335809371e-01 4.9631046293e-02
3.2057855760e-01 5.0774655426e-02
3.2858268964e-01 5.2042385399e-02
3.3745554470e-01 5.3447707582e-02
3.4729140906e-01 5.5005555454e-02
3.5819480227e-01 5.6732483284e-02
3.7028158784e-01 5.8646842053e-02
3.8368020447e-01 6.0768974448e-02
3.9853303084e-01 6.3121431041e-02
4.1499789862e-01 6.5729209909e-02
4.3324976964e-01 6.8620022285e-02
4.5348259506e-01 7.1824587015e-02
4.7591137643e-01 7.5376957000e-02
5.0077445034e-01 7.9314881045e-02
5.2833602106e-01 8.3680204999e-02
5.5888896813e-01 8.8519316421e-02
5.9275795853e-01 9.3883637509e-02
6.3030289677e-01 9.9830171540e-02
6.7192274936e-01 1.0642210860e-01
7.1805978434e-01 1.1372949706e-01
7.6920427105e-01 1.2182998797e-01
8.2589968984e-01 1.3080966014e-01
8.8874850736e-01 1.4076393493e-01
9.5841857856e-01 1.5179859016e-01
1.0356502436e+00 1.6403088420e-01
1.1212641948e+00 1.7759080195e-01
1.2161701980e+00 1.9262243615e-01
1.3213767598e+00 2.0928551856e-01
1.4380018442e+00 2.2775711728e-01
1.5672847528e+00 2.4823351840e-01
1.7105992940e+00 2.7093231180e-01
1.8694683815e+00 2.9609470331e-01
2.0455802174e+00 3.2398807787e-01
2.2408062316e+00 3.5490884087e-01
2.4572209686e+00 3.8918556786e-01
2.6971241318e+00 4.2718249611e-01
2.9630650218e+00 4.6930339512e-01

2.4453690018e-01 5.1977922704e-02
2.4454668166e-01 5.1980001821e-02
2.4455752476e-01 5.1982306594e-02
2.4456954471e-01 5.1984861513e-02
2.4458286924e-01 5.1987693729e-02
2.4459763994e-01 5.1990833337e-02
2.4461401376e-01 5.1994313701e-02
2.4463216471e-01 5.1998171804e-02
2.4465228565e-01 5.2002448643e-02
2.4467459041e-01 5.2007189666e-02
2.4469931600e-01 5.2012445252e-02
2.4472672517e-01 5.2018271250e-02
2.4475710917e-01 5.2024729569e-02
2.4479079088e-01 5.2031888838e-02
2.4482812821e-01 5.2039825132e-02
2.4486951792e-01 5.2048622787e-02
2.4491539984e-01 5.2058375289e-02
2.4496626151e-01 5.2069186273e-02
2.4502264343e-01 5.2081170619e-02
2.4508514472e-01 5.2094455678e-02
2.4515442954e-01 5.2109182622e-02
2.4523123415e-01 5.2125507945e-02
2.4531637469e-01 5.2143605125e-02
2.4541075590e-01 5.2163666471e-02
2.4551538071e-01 5.2185905161e-02
2.4563136091e-01 5.2210557513e-02
2.4575992893e-01 5.2237885490e-02
2.4590245100e-01 5.2268179492e-02
2.4606044161e-01 5.2301761431e-02
2.4623557962e-01 5.2338988164e-02
2.4642972611e-01 5.2380255276e-02
2.4664494416e-01 5.2426001284e-02
2.4688352076e-01 5.2476712305e-02
2.4714799110e-01 5.2532927212e-02
2.4744116556e-01 5.2595243366e-02
2.4776615950e-01 5.2664322961e-02
2.4812642644e-01 5.2740900064e-02
2.4852579471e-01 5.2825788409e-02
2.4896850814e-01 5.2919890054e-02
2.4945927117e-01 5.3024204957e-02
2.5000329883e-01 5.3139841606e-02
2.5060637217e-01 5.3268028801e-02
2.5127489966e-01 5.3410128706e-02
2.5201598533e-01 5.3567651328e-02
2.5283750423e-01 5.3742270560e-02
2.5374818612e-01 5.3935841971e-02
2.5475770825e-01 5.4150422524e-02
2.5587679818e-01 5.4388292432e-02
2.5711734777e-01 5.4651979388e-02
2.5849253957e-01 5.4944285429e-02
2.6001698688e-01 5.5268316707e-02
2.6170688904e-01 5.5627516500e-02
2.6358020358e-01 5.6025701798e-02
2.6565683704e-01 5.6467103866e-02
2.6795885651e-01 5.6956413208e-02
2.7051072409e-01 5.7498829407e-02
2.7333955688e-01 5.8100116379e-02
2.7647541511e-01 5.8766663623e-02
2.7995162159e-01 5.9505554119e-02
2.8380511577e-01 6.0324639593e-02
2.8807684633e-01 6.1232623952e-02
2.9281220625e-01 6.2239155776e-02
2.9806151525e-01 6.3354930847e-02
3.0388055442e-01 6.4591805807e-02
3.1033115906e-01 6.5962924149e-02
3.1748187569e-01 6.7482855888e-02
3.2540869048e-01 6.9167752386e-02
3.3419583672e-01 7.1035517978e-02
3.4393668991e-01 7.3106000240e-02
3.5473475998e-01 7.5401200886e-02
3.6670479123e-01 7.7945509573e-02
3.7997398170e-01 8.0765963073e-02
3.9468333472e-01 8.3892532576e-02
4.1098915737e-01 8.7358442175e-02
4.2906472140e-01 9.1200521915e-02
4.4910210448e-01 9.5459599167e-02
4.7131423131e-01 1.0018093247e-01
4.9593713621e-01 1.0541469248e-01
5.2323247136e-01 1.1121649507e-01
5.5349028715e-01 1.1764799235e-01
5.8703211440e-01 1.2477752783e-01
6.2421438107e-01 1.3268086258e-01
6.6543219976e-01 1.4144198041e-01
7.1112356638e-01 1.5115398019e-01
7.6177401441e-01 1.6192006527e-01
8.1792177437e-01 1.7385464008e-01
8.8016349328e-01 1.8708452584e-01
9.4916057483e-01 2.0175030826e-01
1.0256462077e+00 2.1800783140e-01
1.1104331568e+00 2.3602985376e-01
1.2044223997e+00 2.5600788407e-01
1.3086127011e+00 2.7815421631e-01
1.4241112261e+00 3.0270418566e-01
1.5521453050e+00 3.2991866924e-01
1.6940754755e+00 3.6008685829e-01
1.8514099406e+00 3.9352933122e-01
2.0258205949e+00 4.3060146022e-01
2.2191607910e+00 4.7169718753e-01
2.4334850338e+00 5.1725321166e-01
2.6710708125e+00 5.6775362789e-01
2.9344428022e+00 6.2373507245e-01

2.4148145657e-01 6.4704761276e-02
2.4149111583e-01 6.4707349466e-02
2.4150182345e-01 6.4710218564e-02
2.4151369321e-01 6.4713399058e-02
2.4152685125e-01 6.4716924744e-02
2.4154143739e-01 6.4720833088e-02
2.4155760663e-01 6.4725165622e-02
2.4157553078e-01 6.4729968384e-02
2.4159540032e-01 6.4735292411e-02
2.4161742639e-01 6.4741194277e-02
2.4164184303e-01 6.4747736699e-02
2.4166890973e-01 6.4754989197e-02
2.4169891409e-01 6.4763028841e-02
2.4173217495e-01 6.4771941062e-02
2.4176904576e-01 6.4781820565e-02
2.4180991831e-01 6.4792772333e-02
2.4185522694e-01 6.4804912744e-02
2.4190545311e-01 6.4818370806e-02
2.4196113055e-01 6.4833289530e-02
2.4202285089e-01 6.4849827447e-02
2.4209127002e-01 6.4868160295e-02
2.4216711496e-01 6.4888482887e-02
2.4225119169e-01 6.4911011178e-02
2.4234439362e-01 6.4935984561e-02
2.4244771117e-01 6.4963668414e-02
2.4256224221e-01 6.4994356915e-02
2.4268920380e-01 6.5028376171e-02
2.4282994509e-01 6.5066087684e-02
2.4298596163e-01 6.5107892190e-02
2.4315891132e-01 6.5154233921e-02
2.4335063199e-01 6.5205605319e-02
2.4356316093e-01 6.5262552277e-02
2.4379875655e-01 6.5325679934e-02
2.4405992239e-01 6.5395659109e-02
2.4434943368e-01 6.5473233426e-02
2.4467036689e-01 6.5559227219e-02
2.4502613236e-01 6.5654554290e-02
2.4542051059e-01 6.5760227619e-02
2.4585769240e-01 6.5877370132e-02
2.4634232344e-01 6.6007226627e-02
2.4687955358e-01 6.6151177009e-02
2.4747509162e-01 6.6310750947e-02
2.4813526599e-01 6.6487644135e-02
2.4886709192e-01 6.6683736304e-02
2.4967834609e-01 6.6901111203e-02
2.5057764918e-01 6.7142078740e-02
2.5157455752e-01 6.7409199524e-02
2.5267966463e-01 6.7705312081e-02
2.5390471378e-01 6.8033563012e-02
2.5526272281e-01 6.8397440436e-02
2.5676812243e-01 6.8800811048e-02
2.5843690958e-01 6.9247961215e-02
2.6028681740e-01 6.9743642522e-02
2.6233750371e-01 7.0293122262e-02
2.6461075986e-01 7.0902239413e-02
2.6713074232e-01 7.1577466678e-02
2.6992422937e-01 7.2325979277e-02
2.7302090563e-01 7.3155731181e-02
2.7645367755e-01 7.4075539643e-02
2.8025902303e-01 7.5095178892e-02
2.8447737909e-01 7.6225483993e-02
2.8915357157e-01 7.7478465990e-02
2.9433729141e-01 7.8867439536e-02
3.0008362276e-01 8.0407164381e-02
3.0645362828e-01 8.2114002216e-02
3.1351499802e-01 8.4006090534e-02
3.2134276872e-01 8.6103535371e-02
3.3002012118e-01 8.8428624957e-02
3.3963926420e-01 9.1006066561e-02
3.5030241437e-01 9.3863249036e-02
3.6212288228e-01 9.7030533869e-02
3.7522627665e-01 1.0054157781e-01
3.8975183901e-01 1.0443369051e-01
4.0585392341e-01 1.0874823102e-01
4.2370363659e-01 1.1353104725e-01
4.4349065625e-01 1.1883296319e-01
4.6542524663e-01 1.2471031897e-01
4.8974049287e-01 1.3122556957e-01
5.1669477782e-01 1.3844794845e-01
5.4657452777e-01 1.4645420332e-01
5.7969725605e-01 1.5532941161e-01
6.1641493713e-01 1.6516788461e-01
6.5711774676e-01 1.7607416958e-01
7.0223820815e-01 1.8816416077e-01
7.5225578815e-01 2.0156633094e-01
8.0770199217e-01 2.1642309653e-01
8.6916601225e-01 2.3289233107e-01
9.3730098795e-01 2.5114904279e-01
1.0128309469e+00 2.7138723429e-01
1.0965584986e+00 2.9382196415e-01
1.1893733632e+00 3.1869163217e-01
1.2922618260e+00 3.4626051269e-01
1.4063172182e+00 3.7682156291e-01
1.5327515347e+00 4.1069953593e-01
1.6729083139e+00 4.4825443172e-01
1.8282769138e+00 4.8988532259e-01
2.0005083390e+00 5.3603459390e-01
2.1914327849e+00 5.8719264498e-01
2.4030790857e+00 6.4390310035e-01
2.6376962738e+00 7.0676858644e-01
2.8977774789e+00 7.7645713531e-01

2.3776412907e-01 7.7254248594e-02
2.3777363964e-01 7.7257338764e-02
2.3778418243e-01 7.7260764323e-02
2.3779586947e-01 7.7264561673e-02
2.3780882496e-01 7.7268771166e-02
2.3782318656e-01 7.7273437534e-02
2.3783910689e-01 7.7278610362e-02
2.3785675512e-01 7.7284344620e-02
2.3787631879e-01 7.7290701242e-02
2.3789800579e-01 7.7297747775e-02
2.3792204657e-01 7.7305559099e-02
2.3794869661e-01 7.7314218220e-02
2.3797823908e-01 7.7323817153e-02
2.3801098793e-01 7.7334457899e-02
2.3804729116e-01 7.7346253531e-02
2.3808753452e-01 7.7359329395e-02
2.3813214568e-01 7.7373824438e-02
2.3818159868e-01 7.7389892691e-02
2.3823641902e-01 7.7407704900e-02
2.3829718926e-01 7.7427450346e-02
2.3836455515e-01 7.7449338851e-02
2.3843923255e-01 7.7473603009e-02
2.3852201501e-01 7.7500500661e-02
2.3861378221e-01 7.7530317632e-02
2.3871550930e-01 7.7563370767e-02
2.3882827727e-01 7.7600011302e-02
2.3895328443e-01 7.7640628592e-02
2.3909185917e-01 7.7685654253e-02
2.3924547402e-01 7.7735566742e-02
2.3941576135e-01 7.7790896450e-02
2.3960453070e-01 7.7852231330e-02
2.3981378800e-01 7.7920223150e-02
2.4004575691e-01 7.7995594416e-02
2.4030290240e-01 7.8079146050e-02
2.4058795700e-01 7.8171765905e-02
2.4090394981e-01 7.8274438192e-02
2.4125423868e-01 7.8388253946e-02
2.4164254592e-01 7.8514422616e-02
2.4207299782e-01 7.8654284917e-02
2.4255016852e-01 7.8809327077e-02
2.4307912862e-01 7.8981196633e-02
2.4366549905e-01 7.9171719934e-02
2.4431551079e-01 7.9382921552e-02
2.4503607112e-01 7.9617045794e-02
2.4583483697e-01 7.9876580551e-02
2.4672029633e-01 8.0164283737e-02
2.4770185842e-01 8.0483212593e-02
2.4878995368e-01 8.0836756175e-02
2.4999614462e-01 8.1228671369e-02
2.5133324867e-01 8.1663122813e-02
2.5281547441e-01 8.2144727148e-02
2.5445857251e-01 8.2678602082e-02
2.5628000314e-01 8.3270420770e-02
2.5829912150e-01 8.3926472096e-02
2.6053738351e-01 8.4653727507e-02
2.6301857376e-01 8.5459915089e-02
2.6576905831e-01 8.6353601693e-02
2.6881806482e-01 8.7344283964e-02
2.7219799319e-01 8.8442489262e-02
2.7594475978e-01 8.9659887525e-02
2.8009817914e-01 9.1009415281e-02
2.8470238704e-01 9.2505413114e-02
2.8980630952e-01 9.4163778055e-02
2.9546418275e-01 9.6002132507e-02
3.0173612941e-01 9.8040011510e-02
3.0868879753e-01 1.0029907032e-01
3.1639606876e-01 1.0280331455e-01
3.2493984343e-01 1.0557935522e-01
3.3441091088e-01 1.0865669158e-01
3.4490991419e-01 1.1206802455e-01
3.5654841968e-01 1.1584960422e-01
3.6945010246e-01 1.2004161507e-01
3.8375206061e-01 1.2468860296e-01
3.9960627205e-01 1.2983994853e-01
4.1718120956e-01 1.3555039188e-01
4.3666363096e-01 1.4188061433e-01
4.5826056371e-01 1.4889788316e-01
4.8220150488e-01 1.5667676649e-01
5.0874085982e-01 1.6529992563e-01
5.3816064560e-01 1.7485899349e-01
5.7077348782e-01 1.8545554828e-01
6.0692594270e-01 1.9720219294e-01
6.4700217969e-01 2.1022375169e-01
6.9142806381e-01 2.2465859646e-01
7.4067568106e-01 2.4066011730e-01
7.9526835495e-01 2.5839835231e-01
8.5578620759e-01 2.7806179461e-01
9.2287232421e-01 2.9985939524e-01
9.9723958688e-01 3.2402278364e-01
1.0796782498e+00 3.5080872897e-01
1.1710643370e+00 3.8050186865e-01
1.2723689510e+00 4.1341773307e-01
1.3846685925e+00 4.4990609844e-01
1.5091565991e+00 4.9035470374e-01
1.6471558269e+00 5.3519337092e-01
1.8001327070e+00 5.8489857235e-01
1.9697128288e+00 6.3999849401e-01
2.1576982139e+00 7.0107864821e-01
2.3660864648e+00 7.6878809541e-01
2.5970919929e+00 8.4384634142e-01
2.8531695489e+00 9.2705098312e-01

2.3339510662e-01 8.9591987386e-02
2.3340444243e-01 8.9595571066e-02
2.3341479149e-01 8.9599543698e-02
2.3342626378e-01 8.9603947496e-02
2.3343898120e-01 8.9608829258e-02
2.3345307890e-01 8.9614240859e-02
2.3346870669e-01 8.9620239804e-02
2.3348603062e-01 8.9626889840e-02
2.3350523480e-01 8.9634261634e-02
2.3352652329e-01 8.9642433520e-02
2.3355012232e-01 8.9651492336e-02
2.3357628265e-01 8.9661534345e-02
2.3360528227e-01 8.9672666256e-02
2.3363742934e-01 8.9685006362e-02
2.3367306548e-01 8.9698685793e-02
2.3371256935e-01 8.9713849911e-02
2.3375636076e-01 8.9730659857e-02
2.3380490504e-01 8.9749294259e-02
2.3385871803e-01 8.9769951132e-02
2.3391837159e-01 8.9792849986e-02
2.3398449960e-01 8.9818234151e-02
2.3405780477e-01 8.9846373370e-02
2.3413906606e-01 8.9877566659e-02
2.3422914700e-01 8.9912145491e-02
2.3432900481e-01 8.9950477312e-02
2.3443970062e-01 8.9992969452e-02
2.3456241072e-01 9.0040073447e-02
2.3469843908e-01 9.0092289843e-02
2.3484923119e-01 9.0150173509e-02
2.3501638941e-01 9.0214339540e-02
2.3520169004e-01 9.0285469787e-02
2.3540710215e-01 9.0364320108e-02
2.3563480852e-01 9.0451728394e-02
2.3588722885e-01 9.0548623479e-02
2.3616704544e-01 9.0656035006e-02
2.3647723174e-01 9.0775104371e-02
2.3682108390e-01 9.0907096848e-02
2.3720225582e-01 9.1053415038e-02
2.3762479797e-01 9.1215613774e-02
2.3809320045e-01 9.1395416640e-02
2.3861244067e-01 9.1594734287e-02
2.3918803628e-01 9.1815684740e-02
2.3982610377e-01 9.2060615899e-02
2.4053342347e-01 9.2332130496e-02
2.4131751164e-01 9.2633113745e-02
2.4218670029e-01 9.2966764005e-02
2.4315022574e-01 9.3336626771e-02
2.4421832676e-01 9.3746632339e-02
2.4540235340e-01 9.4201137584e-02
2.4671488757e-01 9.4704972246e-02
2.4816987674e-01 9.5263490260e-02
2.4978278217e-01 9.5882626648e-02
2.5157074320e-01 9.6568960582e-02
2.5355275936e-01 9.7329785303e-02
2.5574989230e-01 9.8173185618e-02
2.5818548957e-01 9.9108123813e-02
2.6088543273e-01 1.0014453489e-01
2.6387841238e-01 1.0129343214e-01
2.6719623305e-01 1.0256702417e-01
2.7087415113e-01 1.0397884464e-01
2.7495124954e-01 1.0554389609e-01
2.7947085306e-01 1.0727880933e-01
2.8448098868e-01 1.0920202020e-01
2.9003489595e-01 1.1133396546e-01
2.9619159278e-01 1.1369729995e-01
3.0301650251e-01 1.1631713733e-01
3.1058214917e-01 1.1922131699e-01
3.1896892815e-01 1.2244069981e-01
3.2826596049e-01 1.2600949616e-01
3.3857203991e-01 1.2996562939e-01
3.4999668265e-01 1.3435113885e-01
3.6266129122e-01 1.3921262660e-01
3.7670044448e-01 1.4460175262e-01
3.9226332768e-01 1.5057578376e-01
4.0951531783e-01 1.5719820231e-01
4.2863974100e-01 1.6453938056e-01
4.4983982044e-01 1.7267732859e-01
4.7334083608e-01 1.8169852328e-01
4.9939251848e-01 1.9169882721e-01
5.2827170250e-01 2.0278450732e-01
5.6028526914e-01 2.1507336418e-01
5.9577340645e-01 2.2869598377e-01
6.3511322462e-01 2.4379712511e-01
6.7872276321e-01 2.6053725855e-01
7.2706543341e-01 2.7909427100e-01
7.8065494245e-01 2.9966535618e-01
8.4006075241e-01 3.2246911010e-01
9.0591413157e-01 3.4774785394e-01
9.7891486245e-01 3.7577020906e-01
1.0598386780e+00 4.0683395143e-01
1.1495455049e+00 4.4126917597e-01
1.2489886012e+00 4.7944180418e-01
1.3592246864e+00 5.2175747264e-01
1.4814251701e+00 5.6866584340e-01
1.6168886002e+00 6.2066538229e-01
1.7670544616e+00 6.7830865577e-01
1.9335184727e+00 7.4220820274e-01
2.1180495420e+00 8.1304304359e-01
2.3226085654e+00 8.9156589573e-01
2.5493692634e+00 9.7861117224e-01
2.8007412795e+00 1.0751038486e+00

2.2838636441e-01 1.0168416077e-01
2.2839549987e-01 1.0168822814e-01
2.2840562683e-01 1.0169273695e-01
2.2841685292e-01 1.0169773513e-01
2.2842929742e-01 1.0170327578e-01
2.2844309258e-01 1.0170941778e-01
2.2845838499e-01 1.0171622640e-01
2.2847533715e-01 1.0172377398e-01
2.2849412920e-01 1.0173214074e-01
2.2851496083e-01 1.0174141558e-01
2.2853805341e-01 1.0175169706e-01
2.2856365233e-01 1.0176309444e-01
2.2859202961e-01 1.0177572881e-01
2.2862348679e-01 1.0178973446e-01
2.2865835817e-01 1.0180526019e-01
2.2869701428e-01 1.0182247100e-01
2.2873986590e-01 1.0184154977e-01
2.2878736840e-01 1.0186269925e-01
2.2884002655e-01 1.0188614417e-01
2.2889839992e-01 1.0191213367e-01
2.2896310880e-01 1.0194094392e-01
2.2903484082e-01 1.0197288107e-01
2.2911435822e-01 1.0200828449e-01
2.2920250598e-01 1.0204753041e-01
2.2930022081e-01 1.0209103585e-01
2.2940854105e-01 1.0213926313e-01
2.2952861775e-01 1.0219272472e-01
2.2966172689e-01 1.0225198873e-01
2.2980928294e-01 1.0231768492e-01
2.2997285389e-01 1.0239051140e-01
2.3015417791e-01 1.0247124205e-01
2.3035518180e-01 1.0256073474e-01
2.3057800151e-01 1.0265994047e-01
2.3082500480e-01 1.0276991342e-01
2.3109881643e-01 1.0289182222e-01
2.3140234602e-01 1.0302696230e-01
2.3173881899e-01 1.0317676972e-01
2.3211181083e-01 1.0334283638e-01
2.3252528507e-01 1.0352692697e-01
2.3298363547e-01 1.0373099772e-01
2.3349173261e-01 1.0395721714e-01
2.3405497573e-01 1.0420798914e-01
2.3467935006e-01 1.0448597850e-01
2.3537149044e-01 1.0479413925e-01
2.3613875179e-01 1.0513574601e-01
2.3698928734e-01 1.0551442884e-01
2.3793213519e-01 1.0593421174e-01
2.3897731438e-01 1.0639955550e-01
2.4013593139e-01 1.0691540503e-01
2.4142029811e-01 1.0748724193e-01
2.4284406269e-01 1.0812114277e-01
2.4442235460e-01 1.0882384360e-01
2.4617194535e-01 1.0960281159e-01
2.4811142673e-01 1.1046632433e-01
2.5026140841e-01 1.1142355785e-01
2.5264473690e-01 1.1248468406e-01
2.5528673831e-01 1.1366097888e-01
2.5821548756e-01 1.1496494205e-01
2.6146210661e-01 1.1641042998e-01
2.6506109525e-01 1.1801280297e-01
2.6905069768e-01 1.1978908841e-01
2.7347330890e-01 1.2175816179e-01
2.7837592522e-01 1.2394094721e-01
2.8381064366e-01 1.2636063975e-01
2.8983521558e-01 1.2904295199e-01
2.9651366031e-01 1.3201638716e-01
3.0391694550e-01 1.3531254209e-01
3.1212374122e-01 1.3896644295e-01
3.2122125592e-01 1.4301691747e-01
3.3130616320e-01 1.4750700748e-01
3.4248562904e-01 1.5248442635e-01
3.5487845059e-01 1.5800206600e-01
3.6861631861e-01 1.6411855892e-01
3.8384521679e-01 1.7089890123e-01
4.0072697308e-01 1.7841514339e-01
4.1944097931e-01 1.8674715578e-01
4.4018609748e-01 1.9598347747e-01
4.6318277295e-01 2.0622225706e-01
4.8867537695e-01 2.1757229562e-01
5.1693480339e-01 2.3015420291e-01
5.4826134747e-01 2.4410167894e-01
5.8298789671e-01 2.5956293480e-01
6.2148346835e-01 2.7670226755e-01
6.6415713069e-01 2.9570180613e-01
7.1146234995e-01 3.1676344671e-01
7.6390180901e-01 3.4011099813e-01
8.2203274911e-01 3.6599256017e-01
8.8647289127e-01 3.9468315994e-01
9.5790700044e-01 4.2648767445e-01
1.0370941621e+00 4.6174407032e-01
1.1248758484e+00 5.0082699514e-01
1.2221848605e+00 5.4415175863e-01
1.3300552399e+00 5.9217874587e-01
1.4496332577e+00 6.4541830950e-01
1.5821895943e+00 7.0443619298e-01
1.7291328428e+00 7.6985954231e-01
1.8920244768e+00 8.4238357037e-01
2.0725954435e+00 9.2277894451e-01
2.2727645574e+00 1.0118999759e+00
2.4946588899e+00 1.1106936979e+00
2.7406363729e+00 1.2202099292e+00

2.2275163105e-01 1.1349762493e-01
2.2276054111e-01 1.1350216484e-01
2.2277041823e-01 1.1350719748e-01
2.2278136734e-01 1.1351277634e-01
2.2279350482e-01 1.1351896069e-01
2.2280695962e-01 1.1352581625e-01
2.2282187474e-01 1.1353341588e-01
2.2283840866e-01 1.1354184034e-01
2.2285673707e-01 1.1355117913e-01
2.2287705475e-01 1.1356153150e-01
2.2289957759e-01 1.1357300746e-01
2.2292454493e-01 1.1358572896e-01
2.2295222209e-01 1.1359983117e-01
2.2298290316e-01 1.1361546396e-01
2.2301691419e-01 1.1363279345e-01
2.2305461658e-01 1.1365200378e-01
2.2309641098e-01 1.1367329908e-01
2.2314274150e-01 1.1369690566e-01
2.2319410047e-01 1.1372307437e-01
2.2325103365e-01 1.1375208327e-01
2.2331414604e-01 1.1378424064e-01
2.2338410828e-01 1.1381988818e-01
2.2346166384e-01 1.1385940471e-01
2.2354763683e-01 1.1390321014e-01
2.2364294084e-01 1.1395176996e-01
2.2374858861e-01 1.1400560018e-01
2.2386570278e-01 1.1406527284e-01
2.2399552787e-01 1.1413142202e-01
2.2413944343e-01 1.1420475066e-01
2.2429897877e-01 1.1428603798e-01
2.2447582916e-01 1.1437614776e-01
2.2467187390e-01 1.1447603754e-01
2.2488919622e-01 1.1458676879e-01
2.2513010546e-01 1.1470951818e-01
2.2539716163e-01 1.1484559010e-01
2.2569320256e-01 1.1499643048e-01
2.2602137409e-01 1.1516364223e-01
2.2638516349e-01 1.1534900219e-01
2.2678843653e-01 1.1555448006e-01
2.2723547854e-01 1.1578225934e-01
2.2773103994e-01 1.1603476049e-01
2.2828038676e-01 1.1631466668e-01
2.2888935657e-01 1.1662495229e-01
2.2956442050e-01 1.1696891454e-01
2.3031275204e-01 1.1735020851e-01
2.3114230323e-01 1.1777288595e-01
2.3206188919e-01 1.1824143840e-01
2.3308128180e-01 1.1876084488e-01
2.3421131348e-01 1.1933662478e-01
2.3546399239e-01 1.1997489656e-01
2.3685262995e-01 1.2068244274e-01
2.3839198234e-01 1.2146678196e-01
2.4009840730e-01 1.2233624890e-01
2.4199003793e-01 1.2330008285e-01
2.4408697540e-01 1.2436852586e-01
2.4641150256e-01 1.2555293160e-01
2.4898832069e-01 1.2686588602e-01
2.5184481203e-01 1.2832134105e-01
2.5501133071e-01 1.2993476291e-01
2.5852152534e-01 1.3172329640e-01
2.6241269656e-01 1.3370594717e-01
2.6672619341e-01 1.3590378359e-01
2.7150785270e-01 1.3834016069e-01
2.7680848612e-01 1.4104096832e-01
2.8268442020e-01 1.4403490627e-01
2.8919809478e-01 1.4735378924e-01
2.9641872661e-01 1.5103288491e-01
3.0442304480e-01 1.5511128874e-01
3.1329610622e-01 1.5963233935e-01
3.2313219933e-01 1.6464407911e-01
3.3403584612e-01 1.7019976464e-01
3.4612291280e-01 1.7635843272e-01
3.5952184104e-01 1.8318552766e-01
3.7437501285e-01 1.9075359670e-01
3.9084026356e-01 1.9914306097e-01
4.0909255905e-01 2.0844307004e-01
4.2932585504e-01 2.1875244927e-01
4.5175515804e-01 2.3018074996e-01
4.7661881019e-01 2.4284941350e-01
5.0418102192e-01 2.5689306182e-01
5.3473467956e-01 2.7246092796e-01
5.6860445766e-01 2.8971844187e-01
6.0615026909e-01 3.0884898832e-01
6.4777108963e-01 3.3005585561e-01
6.9390919764e-01 3.5356439583e-01
7.4505487382e-01 3.7962441948e-01
8.0175161119e-01 4.0851285007e-01
8.6460189039e-01 4.4053666684e-01
9.3427358192e-01 4.7603616678e-01
1.0115070431e+00 5.1538858081e-01
1.0971229855e+00 5.5901208233e-01
1.1920311960e+00 6.0737023094e-01
1.2972402045e+00 6.6097689831e-01
1.4138680013e+00 7.2040172889e-01
1.5431539167e+00 7.8627619304e-01
1.6864717910e+00 8.5930029736e-01
1.8453445733e+00 9.4025002319e-01
2.0214605051e+00 1.0299855725e+00
2.2166910597e+00 1.1294605086e+00
2.4331108298e+00 1.2397318892e+00
2.6730195726e+00 1.3619714992e+00

2.2275163105e-01 -1.1349762493e-01
2.2276054111e-01 -1.1350216484e-01
2.2277041823e-01 -1.1350719748e-01
2.2278136734e-01 -1.1351277634e-01
2.2279350482e-01 -1.1351896069e-01
2.2280695962e-01 -1.1352581625e-01
2.2282187474e-01 -1.1353341588e-01
2.2283840866e-01 -1.1354184034e-01
2.2285673707e-01 -1.1355117913e-01
2.2287705475e-01 -1.1356153150e-01
2.2289957759e-01 -1.1357300746e-01
2.2292454493e-01 -1.1358572896e-01
2.2295222209e-01 -1.1359983117e-01
2.2298290316e-01 -1.1361546396e-01
2.2301691419e-01 -1.1363279345e-01
2.2305461658e-01 -1.1365200378e-01
2.2309641098e-01 -1.1367329908e-01
2.2314274150e-01 -1.1369690566e-01
2.2319410047e-01 -1.1372307437e-01
2.2325103365e-01 -1.1375208327e-01
2.2331414604e-01 -1.1378424064e-01
2.2338410828e-01 -1.1381988818e-01
2.2346166384e-01 -1.1385940471e-01
2.2354763683e-01 -1.1390321014e-01
2.2364294084e-01 -1.1395176996e-01
2.2374858861e-01 -1.1400560018e-01
2.2386570278e-01 -1.1406527284e-01
2.2399552787e-01 -1.1413142202e-01
2.2413944343e-01 -1.1420475066e-01
2.2429897877e-01 -1.1428603798e-01
2.2447582916e-01 -1.1437614776e-01
2.2467187390e-01 -1.1447603754e-01
2.2488919622e-01 -1.1458676879e-01
2.2513010546e-01 -1.1470951818e-01
2.2539716163e-01 -1.1484559010e-01
2.2569320256e-01 -1.1499643048e-01
2.2602137409e-01 -1.1516364223e-01
2.2638516349e-01 -1.1534900219e-01
2.2678843653e-01 -1.1555448006e-01
2.2723547854e-01 -1.1578225934e-01
2.2773103994e-01 -1.1603476049e-01
2.2828038676e-01 -1.1631466668e-01
2.2888935657e-01 -1.1662495229e-01
2.2956442050e-01 -1.1696891454e-01
2.3031275204e-01 -1.1735020851e-01
2.3114230323e-01 -1.1777288595e-01
2.3206188919e-01 -1.1824143840e-01
2.3308128180e-01 -1.1876084488e-01
2.3421131348e-01 -1.1933662478e-01
2.3546399239e-01 -1.1997489656e-01
2.3685262995e-01 -1.2068244274e-01
2.3839198234e-01 -1.2146678196e-01
2.4009840730e-01 -1.2233624890e-01
2.4199003793e-01 -1.2330008285e-01
2.4408697540e-01 -1.2436852586e-01
2.4641150256e-01 -1.2555293160e-01
2.4898832069e-01 -1.2686588602e-01
2.5184481203e-01 -1.2832134105e-01
2.5501133071e-01 -1.2993476291e-01
2.5852152534e-01 -1.3172329640e-01
2.6241269656e-01 -1.3370594717e-01
2.6672619341e-01 -1.3590378359e-01
2.7150785270e-01 -1.3834016069e-01
2.7680848612e-01 -1.4104096832e-01
2.8268442020e-01 -1.4403490627e-01
2.8919809478e-01 -1.4735378924e-01
2.9641872661e-01 -1.5103288491e-01
3.0442304480e-01 -1.5511128874e-01
3.1329610622e-01 -1.5963233935e-01
3.2313219933e-01 -1.6464407911e-01
3.3403584612e-01 -1.7019976464e-01
3.4612291280e-01 -1.7635843272e-01
3.5952184104e-01 -1.8318552766e-01
3.7437501285e-01 -1.9075359670e-01
3.9084026356e-01 -1.9914306097e-01
4.0909255905e-01 -2.0844307004e-01
4.2932585504e-01 -2.1875244927e-01
4.5175515804e-01 -2.3018074996e-01
4.7661881019e-01 -2.4284941350e-01
5.0418102192e-01 -2.5689306182e-01
5.3473467956e-01 -2.7246092796e-01
5.6860445766e-01 -2.8971844187e-01
6.0615026909e-01 -3.0884898832e-01
6.4777108963e-01 -3.3005585561e-01
6.9390919764e-01 -3.5356439583e-01
7.4505487382e-01 -3.7962441948e-01
8.0175161119e-01 -4.0851285007e-01
8.6460189039e-01 -4.4053666684e-01
9.3427358192e-01 -4.7603616678e-01
1.0115070431e+00 -5.1538858081e-01
1.0971229855e+00 -5.5901208233e-01
1.1920311960e+00 -6.0737023094e-01
1.2972402045e+00 -6.6097689831e-01
1.4138680013e+00 -7.2040172889e-01
1.5431539167e+00 -7.8627619304e-01
1.6864717910e+00 -8.5930029736e-01
1.8453445733e+00 -9.4025002319e-01
2.0214605051e+00 -1.0299855725e+00
2.2166910597e+00 -1.1294605086e+00
2.4331108298e+00 -1.2397318892e+00
2.6730195726e+00 -1.3619714992e+00

2.2838636441e-01 -1.0168416077e-01
2.2839549987e-01 -1.0168822814e-01
2.2840562683e-01 -1.0169273695e-01
2.2841685292e-01 -1.0169773513e-01
2.2842929742e-01 -1.0170327578e-01
2.2844309258e-01 -1.0170941778e-01
2.2845838499e-01 -1.0171622640e-01
2.2847533715e-01 -1.0172377398e-01
2.2849412920e-01 -1.0173214074e-01
2.2851496083e-01 -1.0174141558e-01
2.2853805341e-01 -1.0175169706e-01
2.2856365233e-01 -1.0176309444e-01
2.2859202961e-01 -1.0177572881e-01
2.2862348679e-01 -1.0178973446e-01
2.2865835817e-01 -1.0180526019e-01
2.2869701428e-01 -1.0182247100e-01
2.2873986590e-01 -1.0184154977e-01
2.2878736840e-01 -1.0186269925e-01
2.2884002655e-01 -1.0188614417e-01
2.2889839992e-01 -1.0191213367e-01
2.2896310880e-01 -1.0194094392e-01
2.2903484082e-01 -1.0197288107e-01
2.2911435822e-01 -1.0200828449e-01
2.2920250598e-01 -1.0204753041e-01
2.2930022081e-01 -1.0209103585e-01
2.2940854105e-01 -1.0213926313e-01
2.2952861775e-01 -1.0219272472e-01
2.2966172689e-01 -1.0225198873e-01
2.2980928294e-01 -1.0231768492e-01
2.2997285389e-01 -1.0239051140e-01
2.3015417791e-01 -1.0247124205e-01
2.3035518180e-01 -1.0256073474e-01
2.3057800151e-01 -1.0265994047e-01
2.3082500480e-01 -1.0276991342e-01
2.3109881643e-01 -1.0289182222e-01
2.3140234602e-01 -1.0302696230e-01
2.3173881899e-01 -1.0317676972e-01
2.3211181083e-01 -1.0334283638e-01
2.3252528507e-01 -1.0352692697e-01
2.3298363547e-01 -1.0373099772e-01
2.3349173261e-01 -1.0395721714e-01
2.3405497573e-01 -1.0420798914e-01
2.3467935006e-01 -1.0448597850e-01
2.3537149044e-01 -1.0479413925e-01
2.3613875179e-01 -1.0513574601e-01
2.3698928734e-01 -1.0551442884e-01
2.3793213519e-01 -1.0593421174e-01
2.3897731438e-01 -1.0639955550e-01
2.4013593139e-01 -1.0691540503e-01
2.4142029811e-01 -1.0748724193e-01
2.4284406269e-01 -1.0812114277e-01
2.4442235460e-01 -1.0882384360e-01
2.4617194535e-01 -1.0960281159e-01
2.4811142673e-01 -1.1046632433e-01
2.5026140841e-01 -1.1142355785e-01
2.5264473690e-01 -1.1248468406e-01
2.5528673831e-01 -1.1366097888e-01
2.5821548756e-01 -1.1496494205e-01
2.6146210661e-01 -1.1641042998e-01
2.6506109525e-01 -1.1801280297e-01
2.6905069768e-01 -1.1978908841e-01
2.7347330890e-01 -1.2175816179e-01
2.7837592522e-01 -1.2394094721e-01
2.8381064366e-01 -1.2636063975e-01
2.8983521558e-01 -1.2904295199e-01
2.9651366031e-01 -1.3201638716e-01
3.0391694550e-01 -1.3531254209e-01
3.1212374122e-01 -1.3896644295e-01
3.2122125592e-01 -1.4301691747e-01
3.3130616320e-01 -1.4750700748e-01
3.4248562904e-01 -1.5248442635e-01
3.5487845059e-01 -1.5800206600e-01
3.6861631861e-01 -1.6411855892e-01
3.8384521679e-01 -1.7089890123e-01
4.0072697308e-01 -1.7841514339e-01
4.1944097931e-01 -1.8674715578e-01
4.4018609748e-01 -1.9598347747e-01
4.6318277295e-01 -2.0622225706e-01
4.8867537695e-01 -2.1757229562e-01
5.1693480339e-01 -2.3015420291e-01
5.4826134747e-01 -2.4410167894e-01
5.8298789671e-01 -2.5956293480e-01
6.2148346835e-01 -2.7670226755e-01
6.6415713069e-01 -2.9570180613e-01
7.1146234995e-01 -3.1676344671e-01
7.6390180901e-01 -3.4011099813e-01
8.2203274911e-01 -3.6599256017e-01
8.8647289127e-01 -3.9468315994e-01
9.5790700044e-01 -4.2648767445e-01
1.0370941621e+00 -4.6174407032e-01
1.1248758484e+00 -5.0082699514e-01
1.2221848605e+00 -5.4415175863e-01
1.3300552399e+00 -5.9217874587e-01
1.4496332577e+00 -6.4541830950e-01
1.5821895943e+00 -7.0443619298e-01
1.7291328428e+00 -7.6985954231e-01
1.8920244768e+00 -8.4238357037e-01
2.0725954435e+00 -9.2277894451e-01
2.2727645574e+00 -1.0118999759e+00
2.4946588899e+00 -1.1106936979e+00
2.7406363729e+00 -1.2202099292e+00

2.3339510662e-01 -8.9591987386e-02
2.3340444243e-01 -8.9595571066e-02
2.3341479149e-01 -8.9599543698e-02
2.3342626378e-01 -8.9603947496e-02
2.3343898120e-01 -8.9608829258e-02
2.3345307890e-01 -8.9614240859e-02
2.3346870669e-01 -8.9620239804e-02
2.3348603062e-01 -8.9626889840e-02
2.3350523480e-01 -8.9634261634e-02
2.3352652329e-01 -8.9642433520e-02
2.3355012232e-01 -8.9651492336e-02
2.3357628265e-01 -8.9661534345e-02
2.3360528227e-01 -8.9672666256e-02
2.3363742934e-01 -8.9685006362e-02
2.3367306548e-01 -8.9698685793e-02
2.3371256935e-01 -8.9713849911e-02
2.3375636076e-01 -8.9730659857e-02
2.3380490504e-01 -8.9749294259e-02
2.3385871803e-01 -8.9769951132e-02
2.3391837159e-01 -8.9792849986e-02
2.3398449960e-01 -8.9818234151e-02
2.3405780477e-01 -8.9846373370e-02
2.3413906606e-01 -8.9877566659e-02
2.3422914700e-01 -8.9912145491e-02
2.3432900481e-01 -8.9950477312e-02
2.3443970062e-01 -8.9992969452e-02
2.3456241072e-01 -9.0040073447e-02
2.3469843908e-01 -9.0092289843e-02
2.3484923119e-01 -9.0150173509e-02
2.3501638941e-01 -9.0214339540e-02
2.3520169004e-01 -9.0285469787e-02
2.3540710215e-01 -9.0364320108e-02
2.3563480852e-01 -9.0451728394e-02
2.3588722885e-01 -9.0548623479e-02
2.3616704544e-01 -9.0656035006e-02
2.3647723174e-01 -9.0775104371e-02
2.3682108390e-01 -9.0907096848e-02
2.3720225582e-01 -9.1053415038e-02
2.3762479797e-01 -9.1215613774e-02
2.3809320045e-01 -9.1395416640e-02
2.3861244067e-01 -9.1594734287e-02
2.3918803628e-01 -9.1815684740e-02
2.3982610377e-01 -9.2060615899e-02
2.4053342347e-01 -9.2332130496e-02
2.4131751164e-01 -9.2633113745e-02
2.4218670029e-01 -9.2966764005e-02
2.4315022574e-01 -9.3336626771e-02
2.4421832676e-01 -9.3746632339e-02
2.4540235340e-01 -9.4201137584e-02
2.4671488757e-01 -9.4704972246e-02
2.4816987674e-01 -9.5263490260e-02
2.4978278217e-01 -9.5882626648e-02
2.5157074320e-01 -9.6568960582e-02
2.5355275936e-01 -9.7329785303e-02
2.5574989230e-01 -9.8173185618e-02
2.5818548957e-01 -9.9108123813e-02
2.6088543273e-01 -1.0014453489e-01
2.6387841238e-01 -1.0129343214e-01
2.6719623305e-01 -1.0256702417e-01
2.7087415113e-01 -1.0397884464e-01
2.7495124954e-01 -1.0554389609e-01
2.7947085306e-01 -1.0727880933e-01
2.8448098868e-01 -1.0920202020e-01
2.9003489595e-01 -1.1133396546e-01
2.9619159278e-01 -1.1369729995e-01
3.0301650251e-01 -1.1631713733e-01
3.1058214917e-01 -1.1922131699e-01
3.1896892815e-01 -1.2244069981e-01
3.2826596049e-01 -1.2600949616e-01
3.3857203991e-01 -1.2996562939e-01
3.4999668265e-01 -1.3435113885e-01
3.6266129122e-01 -1.3921262660e-01
3.7670044448e-01 -1.4460175262e-01
3.9226332768e-01 -1.5057578376e-01
4.0951531783e-01 -1.5719820231e-01
4.2863974100e-01 -1.6453938056e-01
4.4983982044e-01 -1.7267732859e-01
4.7334083608e-01 -1.8169852328e-01
4.9939251848e-01 -1.9169882721e-01
5.2827170250e-01 -2.0278450732e-01
5.6028526914e-01 -2.1507336418e-01
5.9577340645e-01 -2.2869598377e-01
6.3511322462e-01 -2.4379712511e-01
6.7872276321e-01 -2.6053725855e-01
7.2706543341e-01 -2.7909427100e-01
7.8065494245e-01 -2.9966535618e-01
8.4006075241e-01 -3.2246911010e-01
9.0591413157e-01 -3.4774785394e-01
9.7891486245e-01 -3.7577020906e-01
1.0598386780e+00 -4.0683395143e-01
1.1495455049e+00 -4.4126917597e-01
1.2489886012e+00 -4.7944180418e-01
1.3592246864e+00 -5.2175747264e-01
1.4814251701e+00 -5.6866584340e-01
1.6168886002e+00 -6.2066538229e-01
1.7670544616e+00 -6.7830865577e-01
1.9335184727e+00 -7.4220820274e-01
2.1180495420e+00 -8.1304304359e-01
2.3226085654e+00 -8.9156589573e-01
2.5493692634e+00 -9.7861117224e-01
2.8007412795e+00 -1.0751038486e+00

2.3776412907e-01 -7.7254248594e-02
2.3777363964e-01 -7.7257338764e-02
2.3778418243e-01 -7.7260764323e-02
2.3779586947e-01 -7.7264561673e-02
2.3780882496e-01 -7.7268771166e-02
2.3782318656e-01 -7.7273437534e-02
2.3783910689e-01 -7.7278610362e-02
2.3785675512e-01 -7.7284344620e-02
2.3787631879e-01 -7.7290701242e-02
2.3789800579e-01 -7.7297747775e-02
2.3792204657e-01 -7.7305559099e-02
2.3794869661e-01 -7.7314218220e-02
2.3797823908e-01 -7.7323817153e-02
2.3801098793e-01 -7.7334457899e-02
2.3804729116e-01 -7.7346253531e-02
2.3808753452e-01 -7.7359329395e-02
2.3813214568e-01 -7.7373824438e-02
2.3818159868e-01 -7.7389892691e-02
2.3823641902e-01 -7.7407704900e-02
2.3829718926e-01 -7.7427450346e-02
2.3836455515e-01 -7.7449338851e-02
2.3843923255e-01 -7.7473603009e-02
2.3852201501e-01 -7.7500500661e-02
2.3861378221e-01 -7.7530317632e-02
2.3871550930e-01 -7.7563370767e-02
2.3882827727e-01 -7.7600011302e-02
2.3895328443e-01 -7.7640628592e-02
2.3909185917e-01 -7.7685654253e-02
2.3924547402e-01 -7.7735566742e-02
2.3941576135e-01 -7.7790896450e-02
2.3960453070e-01 -7.7852231330e-02
2.3981378800e-01 -7.7920223150e-02
2.4004575691e-01 -7.7995594416e-02
2.4030290240e-01 -7.8079146050e-02
2.4058795700e-01 -7.8171765905e-02
2.4090394981e-01 -7.8274438192e-02
2.4125423868e-01 -7.8388253946e-02
2.4164254592e-01 -7.8514422616e-02
2.4207299782e-01 -7.8654284917e-02
2.4255016852e-01 -7.8809327077e-02
2.4307912862e-01 -7.8981196633e-02
2.4366549905e-01 -7.9171719934e-02
2.4431551079e-01 -7.9382921552e-02
2.4503607112e-01 -7.9617045794e-02
2.4583483697e-01 -7.9876580551e-02
2.4672029633e-01 -8.0164283737e-02
2.4770185842e-01 -8.0483212593e-02
2.4878995368e-01 -8.0836756175e-02
2.4999614462e-01 -8.1228671369e-02
2.5133324867e-01 -8.1663122813e-02
2.5281547441e-01 -8.2144727148e-02
2.5445857251e-01 -8.2678602082e-02
2.5628000314e-01 -8.3270420770e-02
2.5829912150e-01 -8.3926472096e-02
2.6053738351e-01 -8.4653727507e-02
2.6301857376e-01 -8.5459915089e-02
2.6576905831e-01 -8.6353601693e-02
2.6881806482e-01 -8.7344283964e-02
2.7219799319e-01 -8.8442489262e-02
2.7594475978e-01 -8.9659887525e-02
2.8009817914e-01 -9.1009415281e-02
2.8470238704e-01 -9.2505413114e-02
2.8980630952e-01 -9.4163778055e-02
2.9546418275e-01 -9.6002132507e-02
3.0173612941e-01 -9.8040011510e-02
3.0868879753e-01 -1.0029907032e-01
3.1639606876e-01 -1.0280331455e-01
3.2493984343e-01 -1.0557935522e-01
3.3441091088e-01 -1.0865669158e-01
3.4490991419e-01 -1.1206802455e-01
3.5654841968e-01 -1.1584960422e-01
3.6945010246e-01 -1.2004161507e-01
3.8375206061e-01 -1.2468860296e-01
3.9960627205e-01 -1.2983994853e-01
4.1718120956e-01 -1.3555039188e-01
4.3666363096e-01 -1.4188061433e-01
4.5826056371e-01 -1.4889788316e-01
4.8220150488e-01 -1.5667676649e-01
5.0874085982e-01 -1.6529992563e-01
5.3816064560e-01 -1.7485899349e-01
5.7077348782e-01 -1.8545554828e-01
6.0692594270e-01 -1.9720219294e-01
6.4700217969e-01 -2.1022375169e-01
6.9142806381e-01 -2.2465859646e-01
7.4067568106e-01 -2.4066011730e-01
7.9526835495e-01 -2.5839835231e-01
8.5578620759e-01 -2.7806179461e-01
9.2287232421e-01 -2.9985939524e-01
9.9723958688e-01 -3.2402278364e-01
1.0796782498e+00 -3.5080872897e-01
1.1710643370e+00 -3.8050186865e-01
1.2723689510e+00 -4.1341773307e-01
1.3846685925e+00 -4.4990609844e-01
1.5091565991e+00 -4.9035470374e-01
1.6471558269e+00 -5.3519337092e-01
1.8001327070e+00 -5.8489857235e-01
1.9697128288e+00 -6.3999849401e-01
2.1576982139e+00 -7.0107864821e-01
2.3660864648e+00 -7.6878809541e-01
2.5970919929e+00 -8.4384634142e-01
2.8531695489e+00 -9.2705098312e-01

2.4148145657e-01 -6.4704761276e-02
2.4149111583e-01 -6.4707349466e-02
2.4150182345e-01 -6.4710218564e-02
2.4151369321e-01 -6.4713399058e-02
2.4152685125e-01 -6.4716924744e-02
2.4154143739e-01 -6.4720833088e-02
2.4155760663e-01 -6.4725165622e-02
2.4157553078e-01 -6.4729968384e-02
2.4159540032e-01 -6.4735292411e-02
2.4161742639e-01 -6.4741194277e-02
2.4164184303e-01 -6.4747736699e-02
2.4166890973e-01 -6.4754989197e-02
2.4169891409e-01 -6.4763028841e-02
2.4173217495e-01 -6.4771941062e-02
2.4176904576e-01 -6.4781820565e-02
2.4180991831e-01 -6.4792772333e-02
2.4185522694e-01 -6.4804912744e-02
2.4190545311e-01 -6.4818370806e-02
2.4196113055e-01 -6.4833289530e-02
2.4202285089e-01 -6.4849827447e-02
2.4209127002e-01 -6.4868160295e-02
2.4216711496e-01 -6.4888482887e-02
2.4225119169e-01 -6.4911011178e-02
2.4234439362e-01 -6.4935984561e-02
2.4244771117e-01 -6.4963668414e-02
2.4256224221e-01 -6.4994356915e-02
2.4268920380e-01 -6.5028376171e-02
2.4282994509e-01 -6.5066087684e-02
2.4298596163e-01 -6.5107892190e-02
2.4315891132e-01 -6.5154233921e-02
2.4335063199e-01 -6.5205605319e-02
2.4356316093e-01 -6.5262552277e-02
2.4379875655e-01 -6.5325679934e-02
2.4405992239e-01 -6.5395659109e-02
2.4434943368e-01 -6.5473233426e-02
2.4467036689e-01 -6.5559227219e-02
2.4502613236e-01 -6.5654554290e-02
2.4542051059e-01 -6.5760227619e-02
2.4585769240e-01 -6.5877370132e-02
2.4634232344e-01 -6.6007226627e-02
2.4687955358e-01 -6.6151177009e-02
2.4747509162e-01 -6.6310750947e-02
2.4813526599e-01 -6.6487644135e-02
2.4886709192e-01 -6.6683736304e-02
2.4967834609e-01 -6.6901111203e-02
2.5057764918e-01 -6.7142078740e-02
2.5157455752e-01 -6.7409199524e-02
2.5267966463e-01 -6.7705312081e-02
2.5390471378e-01 -6.8033563012e-02
2.5526272281e-01 -6.8397440436e-02
2.5676812243e-01 -6.8800811048e-02
2.5843690958e-01 -6.9247961215e-02
2.6028681740e-01 -6.9743642522e-02
2.6233750371e-01 -7.0293122262e-02
2.6461075986e-01 -7.0902239413e-02
2.6713074232e-01 -7.1577466678e-02
2.6992422937e-01 -7.2325979277e-02
2.7302090563e-01 -7.3155731181e-02
2.7645367755e-01 -7.4075539643e-02
2.8025902303e-01 -7.5095178892e-02
2.8447737909e-01 -7.6225483993e-02
2.8915357157e-01 -7.7478465990e-02
2.9433729141e-01 -7.8867439536e-02
3.0008362276e-01 -8.0407164381e-02
3.0645362828e-01 -8.2114002216e-02
3.1351499802e-01 -8.4006090534e-02
3.2134276872e-01 -8.6103535371e-02
3.3002012118e-01 -8.8428624957e-02
3.3963926420e-01 -9.1006066561e-02
3.5030241437e-01 -9.3863249036e-02
3.6212288228e-01 -9.7030533869e-02
3.7522627665e-01 -1.0054157781e-01
3.8975183901e-01 -1.0443369051e-01
4.0585392341e-01 -1.0874823102e-01
4.2370363659e-01 -1.1353104725e-01
4.4349065625e-01 -1.1883296319e-01
4.6542524663e-01 -1.2471031897e-01
4.8974049287e-01 -1.3122556957e-01
5.1669477782e-01 -1.3844794845e-01
5.4657452777e-01 -1.4645420332e-01
5.7969725605e-01 -1.5532941161e-01
6.1641493713e-01 -1.6516788461e-01
6.5711774676e-01 -1.7607416958e-01
7.0223820815e-01 -1.8816416077e-01
7.5225578815e-01 -2.0156633094e-01
8.0770199217e-01 -2.1642309653e-01
8.6916601225e-01 -2.3289233107e-01
9.3730098795e-01 -2.5114904279e-01
1.0128309469e+00 -2.7138723429e-01
1.0965584986e+00 -2.9382196415e-01
1.1893733632e+00 -3.1869163217e-01
1.2922618260e+00 -3.4626051269e-01
1.4063172182e+00 -3.7682156291e-01
1.5327515347e+00 -4.1069953593e-01
1.6729083139e+00 -4.4825443172e-01
1.8282769138e+00 -4.8988532259e-01
2.0005083390e+00 -5.3603459390e-01
2.1914327849e+00 -5.8719264498e-01
2.4030790857e+00 -6.4390310035e-01
2.6376962738e+00 -7.0676858644e-01
2.8977774789e+00 -7.7645713531e-01

2.4453690018e-01 -5.1977922704e-02
2.4454668166e-01 -5.1980001821e-02
2.4455752476e-01 -5.1982306594e-02
2.4456954471e-01 -5.1984861513e-02
2.4458286924e-01 -5.1987693729e-02
2.4459763994e-01 -5.1990833337e-02
2.4461401376e-01 -5.1994313701e-02
2.4463216471e-01 -5.1998171804e-02
2.4465228565e-01 -5.2002448643e-02
2.4467459041e-01 -5.2007189666e-02
2.4469931600e-01 -5.2012445252e-02
2.4472672517e-01 -5.2018271250e-02
2.4475710917e-01 -5.2024729569e-02
2.4479079088e-01 -5.2031888838e-02
2.4482812821e-01 -5.2039825132e-02
2.4486951792e-01 -5.2048622787e-02
2.4491539984e-01 -5.2058375289e-02
2.4496626151e-01 -5.2069186273e-02
2.4502264343e-01 -5.2081170619e-02
2.4508514472e-01 -5.2094455678e-02
2.4515442954e-01 -5.2109182622e-02
2.4523123415e-01 -5.2125507945e-02
2.4531637469e-01 -5.2143605125e-02
2.4541075590e-01 -5.2163666471e-02
2.4551538071e-01 -5.2185905161e-02
2.4563136091e-01 -5.2210557513e-02
2.4575992893e-01 -5.2237885490e-02
2.4590245100e-01 -5.2268179492e-02
2.4606044161e-01 -5.2301761431e-02
2.4623557962e-01 -5.2338988164e-02
2.4642972611e-01 -5.2380255276e-02
2.4664494416e-01 -5.2426001284e-02
2.4688352076e-01 -5.2476712305e-02
2.4714799110e-01 -5.2532927212e-02
2.4744116556e-01 -5.2595243366e-02
2.4776615950e-01 -5.2664322961e-02
2.4812642644e-01 -5.2740900064e-02
2.4852579471e-01 -5.2825788409e-02
2.4896850814e-01 -5.2919890054e-02
2.4945927117e-01 -5.3024204957e-02
2.5000329883e-01 -5.3139841606e-02
2.5060637217e-01 -5.3268028801e-02
2.5127489966e-01 -5.3410128706e-02
2.5201598533e-01 -5.3567651328e-02
2.5283750423e-01 -5.3742270560e-02
2.5374818612e-01 -5.3935841971e-02
2.5475770825e-01 -5.4150422524e-02
2.5587679818e-01 -5.4388292432e-02
2.5711734777e-01 -5.4651979388e-02
2.5849253957e-01 -5.4944285429e-02
2.6001698688e-01 -5.5268316707e-02
2.6170688904e-01 -5.5627516500e-02
2.6358020358e-01 -5.6025701798e-02
2.6565683704e-01 -5.6467103866e-02
2.6795885651e-01 -5.6956413208e-02
2.7051072409e-01 -5.7498829407e-02
2.7333955688e-01 -5.8100116379e-02
2.7647541511e-01 -5.8766663623e-02
2.7995162159e-01 -5.9505554119e-02
2.8380511577e-01 -6.0324639593e-02
2.8807684633e-01 -6.1232623952e-02
2.9281220625e-01 -6.2239155776e-02
2.9806151525e-01 -6.3354930847e-02
3.0388055442e-01 -6.4591805807e-02
3.1033115906e-01 -6.5962924149e-02
3.1748187569e-01 -6.7482855888e-02
3.2540869048e-01 -6.9167752386e-02
3.3419583672e-01 -7.1035517978e-02
3.4393668991e-01 -7.3106000240e-02
3.5473475998e-01 -7.5401200886e-02
3.6670479123e-01 -7.7945509573e-02
3.7997398170e-01 -8.0765963073e-02
3.9468333472e-01 -8.3892532576e-02
4.1098915737e-01 -8.7358442175e-02
4.2906472140e-01 -9.1200521915e-02
4.4910210448e-01 -9.5459599167e-02
4.7131423131e-01 -1.0018093247e-01
4.9593713621e-01 -1.0541469248e-01
5.2323247136e-01 -1.1121649507e-01
5.5349028715e-01 -1.1764799235e-01
5.8703211440e-01 -1.2477752783e-01
6.2421438107e-01 -1.3268086258e-01
6.6543219976e-01 -1.4144198041e-01
7.1112356638e-01 -1.5115398019e-01
7.6177401441e-01 -1.6192006527e-01
8.1792177437e-01 -1.7385464008e-01
8.8016349328e-01 -1.8708452584e-01
9.4916057483e-01 -2.0175030826e-01
1.0256462077e+00 -2.1800783140e-01
1.1104331568e+00 -2.3602985376e-01
1.2044223997e+00 -2.5600788407e-01
1.3086127011e+00 -2.7815421631e-01
1.4241112261e+00 -3.0270418566e-01
1.5521453050e+00 -3.2991866924e-01
1.6940754755e+00 -3.6008685829e-01
1.8514099406e+00 -3.9352933122e-01
2.0258205949e+00 -4.3060146022e-01
2.2191607910e+00 -4.7169718753e-01
2.4334850338e+00 -5.1725321166e-01
2.6710708125e+00 -5.6775362789e-01
2.9344428022e+00 -6.2373507245e-01

2.4692208515e-01 -3.9108616260e-02
2.4693196203e-01 -3.9110180605e-02
2.4694291090e-01 -3.9111914734e-02
2.4695504809e-01 -3.9113837077e-02
2.4696850258e-01 -3.9115968059e-02
2.4698341735e-01 -3.9118330326e-02
2.4699995088e-01 -3.9120948981e-02
2.4701827887e-01 -3.9123851849e-02
2.4703859607e-01 -3.9127069778e-02
2.4706111839e-01 -3.9130636962e-02
2.4708608515e-01 -3.9134591309e-02
2.4711376166e-01 -3.9138974838e-02
2.4714444203e-01 -3.9143834130e-02
2.4717845226e-01 -3.9149220822e-02
2.4721615378e-01 -3.9155192155e-02
2.4725794720e-01 -3.9161811583e-02
2.4730427664e-01 -3.9169149446e-02
2.4735563442e-01 -3.9177283719e-02
2.4741256628e-01 -3.9186300839e-02
2.4747567720e-01 -3.9196296627e-02
2.4754563782e-01 -3.9207377301e-02
2.4762319157e-01 -3.9219660608e-02
2.4770916256e-01 -3.9233277075e-02
2.4780446435e-01 -3.9248371397e-02
2.4791010966e-01 -3.9265103970e-02
2.4802722112e-01 -3.9283652602e-02
2.4815704318e-01 -3.9304214397e-02
2.4830095540e-01 -3.9327007852e-02
2.4846048702e-01 -3.9352275180e-02
2.4863733331e-01 -3.9380284880e-02
2.4883337348e-01 -3.9411334593e-02
2.4905069075e-01 -3.9445754267e-02
2.4929159439e-01 -3.9483909655e-02
2.4955864435e-01 -3.9526206214e-02
2.4985467839e-01 -3.9573093400e-02
2.5018284229e-01 -3.9625069455e-02
2.5054662323e-01 -3.9682686696e-02
2.5094988689e-01 -3.9746557385e-02
2.5139691850e-01 -3.9817360236e-02
2.5189246838e-01 -3.9895847626e-02
2.5244180243e-01 -3.9982853592e-02
2.5305075807e-01 -4.0079302691e-02
2.5372580630e-01 -4.0186219827e-02
2.5447412044e-01 -4.0304741142e-02
2.5530365233e-01 -4.0436126088e-02
2.5622321691e-01 -4.0581770809e-02
2.5724258581e-01 -4.0743222981e-02
2.5837259121e-01 -4.0922198254e-02
2.5962524099e-01 -4.1120598488e-02
2.6101384625e-01 -4.1340531955e-02
2.6255316284e-01 -4.1584335752e-02
2.6425954812e-01 -4.1854600629e-02
2.6615113475e-01 -4.2154198520e-02
2.6824802346e-01 -4.2486313064e-02
2.7057249656e-01 -4.2854473434e-02
2.7314925476e-01 -4.3262591840e-02
2.7600567966e-01 -4.3715005100e-02
2.7917212470e-01 -4.4216520725e-02
2.8268223770e-01 -4.4772468008e-02
2.8657331842e-01 -4.5388754651e-02
2.9088671495e-01 -4.6071929545e-02
2.9566826303e-01 -4.6829252362e-02
3.0096877319e-01 -4.7668770697e-02
3.0684457061e-01 -4.8599405582e-02
3.1335809371e-01 -4.9631046293e-02
3.2057855760e-01 -5.0774655426e-02
3.2858268964e-01 -5.2042385399e-02
3.3745554470e-01 -5.3447707582e-02
3.4729140906e-01 -5.5005555454e-02
3.5819480227e-01 -5.6732483284e-02
3.7028158784e-01 -5.8646842053e-02
3.8368020447e-01 -6.0768974448e-02
3.9853303084e-01 -6.3121431041e-02
4.1499789862e-01 -6.5729209909e-02
4.3324976964e-01 -6.8620022285e-02
4.5348259506e-01 -7.1824587015e-02
4.7591137643e-01 -7.5376957000e-02
5.0077445034e-01 -7.9314881045e-02
5.2833602106e-01 -8.3680204999e-02
5.5888896813e-01 -8.8519316421e-02
5.9275795853e-01 -9.3883637509e-02
6.3030289677e-01 -9.9830171540e-02
6.7192274936e-01 -1.0642210860e-01
7.1805978434e-01 -1.1372949706e-01
7.6920427105e-01 -1.2182998797e-01
8.2589968984e-01 -1.3080966014e-01
8.8874850736e-01 -1.4076393493e-01
9.5841857856e-01 -1.5179859016e-01
1.0356502436e+00 -1.6403088420e-01
1.1212641948e+00 -1.7759080195e-01
1.2161701980e+00 -1.9262243615e-01
1.3213767598e+00 -2.0928551856e-01
1.4380018442e+00 -2.2775711728e-01
1.5672847528e+00 -2.4823351840e-01
1.7105992940e+00 -2.7093231180e-01
1.8694683815e+00 -2.9609470331e-01
2.0455802174e+00 -3.2398807787e-01
2.2408062316e+00 -3.5490884087e-01
2.4572209686e+00 -3.8918556786e-01
2.6971241318e+00 -4.2718249611e-01
2.9630650218e+00 -4.6930339512e-01

2.4863047384e-01 -2.6132115817e-02
2.4864041906e-01 -2.6133161102e-02
2.4865144368e-01 -2.6134319835e-02
2.4866366484e-01 -2.6135604332e-02
2.4867721243e-01 -2.6137028240e-02
2.4869223038e-01 -2.6138606691e-02
2.4870887831e-01 -2.6140356458e-02
2.4872733310e-01 -2.6142296135e-02
2.4874779087e-01 -2.6144446334e-02
2.4877046902e-01 -2.6146829903e-02
2.4879560852e-01 -2.6149472171e-02
2.4882347652e-01 -2.6152401215e-02
2.4885436915e-01 -2.6155648162e-02
2.4888861469e-01 -2.6159247514e-02
2.4892657705e-01 -2.6163237519e-02
2.4896865963e-01 -2.6167660576e-02
2.4901530962e-01 -2.6172563687e-02
2.4906702273e-01 -2.6177998954e-02
2.4912434848e-01 -2.6184024133e-02
2.4918789605e-01 -2.6190703252e-02
2.4925834071e-01 -2.6198107284e-02
2.4933643103e-01 -2.6206314907e-02
2.4942299683e-01 -2.6215413340e-02
2.4951895800e-01 -2.6225499265e-02
2.4962533424e-01 -2.6236679858e-02
2.4974325595e-01 -2.6249073930e-02
2.4987397622e-01 -2.6262813184e-02
2.5001888413e-01 -2.6278043618e-02
2.5017951951e-01 -2.6294927078e-02
2.5035758935e-01 -2.6313642972e-02
2.5055498588e-01 -2.6334390183e-02
2.5077380670e-01 -2.6357389178e-02
2.5101637709e-01 -2.6382884354e-02
2.5128527470e-01 -2.6411146631e-02
2.5158335693e-01 -2.6442476335e-02
2.5191379130e-01 -2.6477206388e-02
2.5228008915e-01 -2.6515705843e-02
2.5268614288e-01 -2.6558383810e-02
2.5313626738e-01 -2.6605693801e-02
2.5363524584e-01 -2.6658138551e-02
2.5418838059e-01 -2.6716275355e-02
2.5480154943e-01 -2.6780721998e-02
2.5548126815e-01 -2.6852163313e-02
2.5623475967e-01 -2.6931358463e-02
2.5707003088e-01 -2.7019149005e-02
2.5799595768e-01 -2.7116467834e-02
2.5902237932e-01 -2.7224349095e-02
2.6016020293e-01 -2.7343939176e-02
2.6142151946e-01 -2.7476508885e-02
2.6281973212e-01 -2.7623466957e-02
2.6436969883e-01 -2.7786375023e-02
2.6608789014e-01 -2.7966964206e-02
2.6799256416e-01 -2.8167153513e-02
2.7010396069e-01 -2.8389070230e-02
2.7244451620e-01 -2.8635072528e-02
2.7503910231e-01 -2.8907774517e-02
2.7791529007e-01 -2.9210074031e-02
2.8110364290e-01 -2.9545183418e-02
2.8463804144e-01 -2.9916663673e-02
2.8855604353e-01 -3.0328462286e-02
2.9289928331e-01 -3.0784955182e-02
2.9771391366e-01 -3.1290993223e-02
3.0305109664e-01 -3.1851953759e-02
3.0896754715e-01 -3.2473797765e-02
3.1552613560e-01 -3.3163133188e-02
3.2279655598e-01 -3.3927285162e-02
3.3085606649e-01 -3.4774373851e-02
3.3979031049e-01 -3.5713400735e-02
3.4969422660e-01 -3.6754344263e-02
3.6067305750e-01 -3.7908265890e-02
3.7284346835e-01 -3.9187427615e-02
3.8633478647e-01 -4.0605422288e-02
4.0129037563e-01 -4.2177318050e-02
4.1786915948e-01 -4.3919818448e-02
4.3624731037e-01 -4.5851439943e-02
4.5662012137e-01 -4.7992708663e-02
4.7920408155e-01 -5.0366378528e-02
5.0423917650e-01 -5.2997673037e-02
5.3199143846e-01 -5.5914553307e-02
5.6275577329e-01 -5.9148015193e-02
5.9685909429e-01 -6.2732418667e-02
6.3466379605e-01 -6.6705852934e-02
6.7657160540e-01 -7.1110541188e-02
7.2302785034e-01 -7.5993289286e-02
7.7452619225e-01 -8.1405983129e-02
8.3161387167e-01 -8.7406140018e-02
8.9489752356e-01 -9.4057519855e-02
9.6504962358e-01 -1.0143080268e-01
1.0428156341e+00 -1.0960433974e-01
1.1290219256e+00 -1.1866498609e-01
1.2245845584e+00 -1.2870902353e-01
1.3305190166e+00 -1.3984318375e-01
1.4479509992e+00 -1.5218578247e-01
1.5781283821e+00 -1.6586797675e-01
1.7224344788e+00 -1.8103515869e-01
1.8824027395e+00 -1.9784850040e-01
2.0597330467e+00 -2.1648666672e-01
2.2563097781e+00 -2.3714771375e-01
2.4742218315e+00 -2.6005119348e-01
2.7157848214e+00 -2.8544048680e-01
2.9835656861e+00 -3.1358538980e-01

2.4965738369e-01 -1.3083989061e-02
2.4966736998e-01 -1.3084512420e-02
2.4967844014e-01 -1.3085092582e-02
2.4969071178e-01 -1.3085735712e-02
2.4970431531e-01 -1.3086448643e-02
2.4971939530e-01 -1.3087238952e-02
2.4973611199e-01 -1.3088115036e-02
2.4975464300e-01 -1.3089086205e-02
2.4977518527e-01 -1.3090162780e-02
2.4979795708e-01 -1.3091356200e-02
2.4982320041e-01 -1.3092679147e-02
2.4985118352e-01 -1.3094145679e-02
2.4988220374e-01 -1.3095771381e-02
2.4991659073e-01 -1.3097573526e-02
2.4995470989e-01 -1.3099571266e-02
2.4999696628e-01 -1.3101785830e-02
2.5004380894e-01 -1.3104240750e-02
2.5009573564e-01 -1.3106962113e-02
2.5015329816e-01 -1.3109978837e-02
2.5021710820e-01 -1.3113322979e-02
2.5028784381e-01 -1.3117030076e-02
2.5036625667e-01 -1.3121139519e-02
2.5045318001e-01 -1.3125694979e-02
2.5054953752e-01 -1.3130744862e-02
2.5065635312e-01 -1.3136342830e-02
2.5077476189e-01 -1.3142548371e-02
2.5090602206e-01 -1.3149427425e-02
2.5105152848e-01 -1.3157053093e-02
2.5121282733e-01 -1.3165506408e-02
2.5139163264e-01 -1.3174877197e-02
2.5158984447e-01 -1.3185265039e-02
2.5180956908e-01 -1.3196780318e-02
2.5205314135e-01 -1.3209545400e-02
2.5232314958e-01 -1.3223695931e-02
2.5262246296e-01 -1.3239382281e-02
2.5295426212e-01 -1.3256771138e-02
2.5332207288e-01 -1.3276047283e-02
2.5372980372e-01 -1.3297415551e-02
2.5418178735e-01 -1.3321103009e-02
2.5468282672e-01 -1.3347361370e-02
2.5523824606e-01 -1.3376469664e-02
2.5585394746e-01 -1.3408737207e-02
2.5653647359e-01 -1.3444506886e-02
2.5729307723e-01 -1.3484158803e-02
2.5813179833e-01 -1.3528114313e-02
2.5906154946e-01 -1.3576840505e-02
2.6009221049e-01 -1.3630855161e-02
2.6123473362e-01 -1.3690732261e-02
2.6250125972e-01 -1.3757108081e-02
2.6390524737e-01 -1.3830687956e-02
2.6546161586e-01 -1.3912253772e-02
2.6718690375e-01 -1.4002672279e-02
2.6909944458e-01 -1.4102904297e-02
2.7121956173e-01 -1.4214014929e-02
2.7356978436e-01 -1.4337184877e-02
2.7617508681e-01 -1.4473722993e-02
2.7906315398e-01 -1.4625080180e-02
2.8226467556e-01 -1.4792864816e-02
2.8581367210e-01 -1.4978859844e-02
2.8974785657e-01 -1.5185041715e-02
2.9410903508e-01 -1.5413601396e-02
2.9894355114e-01 -1.5666967646e-02
3.0430277810e-01 -1.5947832830e-02
3.1024366513e-01 -1.6259181526e-02
3.1682934228e-01 -1.6604322241e-02
3.2412979143e-01 -1.6986922568e-02
3.3222258986e-01 -1.7411048162e-02
3.4119373466e-01 -1.7881205939e-02
3.5113855657e-01 -1.8402391970e-02
3.6216273296e-01 -1.8980144573e-02
3.7438341083e-01 -1.9620603162e-02
3.8793045168e-01 -2.0330573489e-02
4.0294781138e-01 -2.1117599962e-02
4.1959507002e-01 -2.1990045818e-02
4.3804912755e-01 -2.2957181992e-02
4.5850608366e-01 -2.4029285632e-02
4.8118332160e-01 -2.5217749313e-02
5.0632181813e-01 -2.6535202091e-02
5.3418870429e-01 -2.7995643710e-02
5.6508010400e-01 -2.9614593368e-02
5.9932428076e-01 -3.1409254625e-02
6.3728512597e-01 -3.3398698222e-02
6.7936602570e-01 -3.5604064727e-02
7.2601414727e-01 -3.8048789186e-02
7.7772519099e-01 -4.0758850152e-02
8.3504865768e-01 -4.3763045742e-02
8.9859368785e-01 -4.7093299658e-02
9.6903553466e-01 -5.0785000418e-02
1.0471227394e+00 -5.4877377409e-02
1.1336850858e+00 -5.9413917755e-02
1.2296424177e+00 -6.4442828423e-02
1.3360144133e+00 -7.0017548490e-02
1.4539314211e+00 -7.6197317009e-02
1.5846464712e+00 -8.3047802502e-02
1.7295485903e+00 -9.0641800780e-02
1.8901775624e+00 -9.9060008498e-02
2.0682402908e+00 -1.0839188067e-01
2.2656289364e+00 -1.1873658123e-01
2.4844410243e+00 -1.3020403685e-01
2.7270017335e+00 -1.4291610495e-01
2.9958886043e+00 -1.5700786873e-01

2.5000000000e-01 0.0000000000e+00
2.4965738369e-01 1.3083989061e-02
2.4863047384e-01 2.6132115817e-02
2.4692208515e-01 3.9108616260e-02
2.4453690018e-01 5.1977922704e-02
2.4148145657e-01 6.4704761276e-02
2.3776412907e-01 7.7254248594e-02
2.3339510662e-01 8.9591987386e-02
2.2838636441e-01 1.0168416077e-01
2.2275163105e-01 1.1349762493e-01
2.2275163105e-01 -1.1349762493e-01
2.2838636441e-01 -1.0168416077e-01
2.3339510662e-01 -8.9591987386e-02
2.3776412907e-01 -7.7254248594e-02
2.4148145657e-01 -6.4704761276e-02
2.4453690018e-01 -5.1977922704e-02
2.4692208515e-01 -3.9108616260e-02
2.4863047384e-01 -2.6132115817e-02
2.4965738369e-01 -1.3083989061e-02
2.5000000000e-01 -6.1232339957e-17

2.5001000000e-01 0.0000000000e+00
2.4966736998e-01 1.3084512420e-02
2.4864041906e-01 2.6133161102e-02
2.4693196203e-01 3.9110180605e-02
2.4454668166e-01 5.1980001821e-02
2.4149111583e-01 6.4707349466e-02
2.3777363964e-01 7.7257338764e-02
2.3340444243e-01 8.9595571066e-02
2.2839549987e-01 1.0168822814e-01
2.2276054111e-01 1.1350216484e-01
2.2276054111e-01 -1.1350216484e-01
2.2839549987e-01 -1.0168822814e-01
2.3340444243e-01 -8.9595571066e-02
2.3777363964e-01 -7.7257338764e-02
2.4149111583e-01 -6.4707349466e-02
2.4454668166e-01 -5.1980001821e-02
2.4693196203e-01 -3.9110180605e-02
2.4864041906e-01 -2.6133161102e-02
2.4966736998e-01 -1.3084512420e-02
2.5001000000e-01 -6.1234789251e-17

2.5002108534e-01 0.0000000000e+00
2.4967844014e-01 1.3085092582e-02
2.4865144368e-01 2.6134319835e-02
2.4694291090e-01 3.9111914734e-02
2.4455752476e-01 5.1982306594e-02
2.4150182345e-01 6.4710218564e-02
2.3778418243e-01 7.7260764323e-02
2.3341479149e-01 8.9599543698e-02
2.2840562683e-01 1.0169273695e-01
2.2277041823e-01 1.1350719748e-01
2.2277041823e-01 -1.1350719748e-01
2.2840562683e-01 -1.0169273695e-01
2.3341479149e-01 -8.9599543698e-02
2.3778418243e-01 -7.7260764323e-02
2.4150182345e-01 -6.4710218564e-02
2.4455752476e-01 -5.1982306594e-02
2.4694291090e-01 -3.9111914734e-02
2.4865144368e-01 -2.6134319835e-02
2.4967844014e-01 -1.3085092582e-02
2.5002108534e-01 -6.1237504377e-17

2.5003337383e-01 0.0000000000e+00
2.4969071178e-01 1.3085735712e-02
2.4866366484e-01 2.6135604332e-02
2.4695504809e-01 3.9113837077e-02
2.4456954471e-01 5.1984861513e-02
2.4151369321e-01 6.4713399058e-02
2.3779586947e-01 7.7264561673e-02
2.3342626378e-01 8.9603947496e-02
2.2841685292e-01 1.0169773513e-01
2.2278136734e-01 1.1351277634e-01
2.2278136734e-01 -1.1351277634e-01
2.2841685292e-01 -1.0169773513e-01
2.3342626378e-01 -8.9603947496e-02
2.3779586947e-01 -7.7264561673e-02
2.4151369321e-01 -6.4713399058e-02
2.4456954471e-01 -5.1984861513e-02
2.4695504809e-01 -3.9113837077e-02
2.4866366484e-01 -2.6135604332e-02
2.4969071178e-01 -1.3085735712e-02
2.5003337383e-01 -6.1240514187e-17

2.5004699603e-01 0.0000000000e+00
2.4970431531e-01 1.3086448643e-02
2.4867721243e-01 2.6137028240e-02
2.4696850258e-01 3.9115968059e-02
2.4458286924e-01 5.1987693729e-02
2.4152685125e-01 6.4716924744e-02
2.3780882496e-01 7.7268771166e-02
2.3343898120e-01 8.9608829258e-02
2.2842929742e-01 1.0170327578e-01
2.2279350482e-01 1.1351896069e-01
2.2279350482e-01 -1.1351896069e-01
2.2842929742e-01 -1.0170327578e-01
2.3343898120e-01 -8.9608829258e-02
2.3780882496e-01 -7.7268771166e-02
2.4152685125e-01 -6.4716924744e-02
2.4458286924e-01 -5.1987693729e-02
2.4696850258e-01 -3.9115968059e-02
2.4867721243e-01 -2.6137028240e-02
2.4970431531e-01 -1.3086448643e-02
2.5004699603e-01 -6.1243850665e-17

2.5006209671e-01 0.0000000000e+00
2.4971939530e-01 1.3087238952e-02
2.4869223038e-01 2.6138606691e-02
2.4698341735e-01 3.9118330326e-02
2.4459763994e-01 5.1990833337e-02
2.4154143739e-01 6.4720833088e-02
2.3782318656e-01 7.7273437534e-02
2.3345307890e-01 8.9614240859e-02
2.2844309258e-01 1.0170941778e-01
2.2280695962e-01 1.1352581625e-01
2.2280695962e-01 -1.1352581625e-01
2.2844309258e-01 -1.0170941778e-01
2.3345307890e-01 -8.9614240859e-02
2.3782318656e-01 -7.7273437534e-02
2.4154143739e-01 -6.4720833088e-02
2.4459763994e-01 -5.1990833337e-02
2.4698341735e-01 -3.9118330326e-02
2.4869223038e-01 -2.6138606691e-02
2.4971939530e-01 -1.3087238952e-02
2.5006209671e-01 -6.1247549266e-17

2.5007883634e-01 0.0000000000e+00
2.4973611199e-01 1.3088115036e-02
2.4870887831e-01 2.6140356458e-02
2.4699995088e-01 3.9120948981e-02
2.4461401376e-01 5.1994313701e-02
2.4155760663e-01 6.4725165622e-02
2.3783910689e-01 7.7278610362e-02
2.3346870669e-01 8.9620239804e-02
2.2845838499e-01 1.0171622640e-01
2.2282187474e-01 1.1353341588e-01
2.2282187474e-01 -1.1353341588e-01
2.2845838499e-01 -1.0171622640e-01
2.3346870669e-01 -8.9620239804e-02
2.3783910689e-01 -7.7278610362e-02
2.4155760663e-01 -6.4725165622e-02
2.4461401376e-01 -5.1994313701e-02
2.4699995088e-01 -3.9120948981e-02
2.4870887831e-01 -2.6140356458e-02
2.4973611199e-01 -1.3088115036e-02
2.5007883634e-01 -6.1251649291e-17

2.5009739279e-01 0.0000000000e+00
2.4975464300e-01 1.3089086205e-02
2.4872733310e-01 2.6142296135e-02
2.4701827887e-01 3.9123851849e-02
2.4463216471e-01 5.1998171804e-02
2.4157553078e-01 6.4729968384e-02
2.3785675512e-01 7.7284344620e-02
2.3348603062e-01 8.9626889840e-02
2.2847533715e-01 1.0172377398e-01
2.2283840866e-01 1.1354184034e-01
2.2283840866e-01 -1.1354184034e-01
2.2847533715e-01 -1.0172377398e-01
2.3348603062e-01 -8.9626889840e-02
2.3785675512e-01 -7.7284344620e-02
2.4157553078e-01 -6.4729968384e-02
2.4463216471e-01 -5.1998171804e-02
2.4701827887e-01 -3.9123851849e-02
2.4872733310e-01 -2.6142296135e-02
2.4975464300e-01 -1.3089086205e-02
2.5009739279e-01 -6.1256194311e-17

2.5011796325e-01 0.0000000000e+00
2.4977518527e-01 1.3090162780e-02
2.4874779087e-01 2.6144446334e-02
2.4703859607e-01 3.9127069778e-02
2.4465228565e-01 5.2002448643e-02
2.4159540032e-01 6.4735292411e-02
2.3787631879e-01 7.7290701242e-02
2.3350523480e-01 8.9634261634e-02
2.2849412920e-01 1.0173214074e-01
2.2285673707e-01 1.1355117913e-01
2.2285673707e-01 -1.1355117913e-01
2.2849412920e-01 -1.0173214074e-01
2.3350523480e-01 -8.9634261634e-02
2.3787631879e-01 -7.7290701242e-02
2.4159540032e-01 -6.4735292411e-02
2.4465228565e-01 -5.2002448643e-02
2.4703859607e-01 -3.9127069778e-02
2.4874779087e-01 -2.6144446334e-02
2.4977518527e-01 -1.3090162780e-02
2.5011796325e-01 -6.1261232620e-17

2.5014076631e-01 0.0000000000e+00
2.4979795708e-01 1.3091356200e-02
2.4877046902e-01 2.6146829903e-02
2.4706111839e-01 3.9130636962e-02
2.4467459041e-01 5.2007189666e-02
2.4161742639e-01 6.4741194277e-02
2.3789800579e-01 7.7297747775e-02
2.3352652329e-01 8.9642433520e-02
2.2851496083e-01 1.0174141558e-01
2.2287705475e-01 1.1356153150e-01
2.2287705475e-01 -1.1356153150e-01
2.2851496083e-01 -1.0174141558e-01
2.3352652329e-01 -8.9642433520e-02
2.3789800579e-01 -7.7297747775e-02
2.4161742639e-01 -6.4741194277e-02
2.4467459041e-01 -5.2007189666e-02
2.4706111839e-01 -3.9130636962e-02
2.4877046902e-01 -2.6146829903e-02
2.4979795708e-01 -1.3091356200e-02
2.5014076631e-01 -6.1266817759e-17

2.5016604428e-01 0.0000000000e+00
2.4982320041e-01 1.3092679147e-02
2.4879560852e-01 2.6149472171e-02
2.4708608515e-01 3.9134591309e-02
2.4469931600e-01 5.2012445252e-02
2.4164184303e-01 6.4747736699e-02
2.3792204657e-01 7.7305559099e-02
2.3355012232e-01 8.9651492336e-02
2.2853805341e-01 1.0175169706e-01
2.2289957759e-01 1.1357300746e-01
2.2289957759e-01 -1.1357300746e-01
2.2853805341e-01 -1.0175169706e-01
2.3355012232e-01 -8.9651492336e-02
2.3792204657e-01 -7.7305559099e-02
2.4164184303e-01 -6.4747736699e-02
2.4469931600e-01 -5.2012445252e-02
2.4708608515e-01 -3.9134591309e-02
2.4879560852e-01 -2.6149472171e-02
2.4982320041e-01 -1.3092679147e-02
2.5016604428e-01 -6.1273009078e-17

2.5019406579e-01 0.0000000000e+00
2.4985118352e-01 1.3094145679e-02
2.4882347652e-01 2.6152401215e-02
2.4711376166e-01 3.9138974838e-02
2.4472672517e-01 5.2018271250e-02
2.4166890973e-01 6.4754989197e-02
2.3794869661e-01 7.7314218220e-02
2.3357628265e-01 8.9661534345e-02
2.2856365233e-01 1.0176309444e-01
2.2292454493e-01 1.1358572896e-01
2.2292454493e-01 -1.1358572896e-01
2.2856365233e-01 -1.0176309444e-01
2.3357628265e-01 -8.9661534345e-02
2.3794869661e-01 -7.7314218220e-02
2.4166890973e-01 -6.4754989197e-02
2.4472672517e-01 -5.2018271250e-02
2.4711376166e-01 -3.9138974838e-02
2.4882347652e-01 -2.6152401215e-02
2.4985118352e-01 -1.3094145679e-02
2.5019406579e-01 -6.1279872367e-17

2.5022512859e-01 0.0000000000e+00
2.4988220374e-01 1.3095771381e-02
2.4885436915e-01 2.6155648162e-02
2.4714444203e-01 3.9143834130e-02
2.4475710917e-01 5.2024729569e-02
2.4169891409e-01 6.4763028841e-02
2.3797823908e-01 7.7323817153e-02
2.3360528227e-01 8.9672666256e-02
2.2859202961e-01 1.0177572881e-01
2.2295222209e-01 1.1359983117e-01
2.2295222209e-01 -1.1359983117e-01
2.2859202961e-01 -1.0177572881e-01
2.3360528227e-01 -8.9672666256e-02
2.3797823908e-01 -7.7323817153e-02
2.4169891409e-01 -6.4763028841e-02
2.4475710917e-01 -5.2024729569e-02
2.4714444203e-01 -3.9143834130e-02
2.4885436915e-01 -2.6155648162e-02
2.4988220374e-01 -1.3095771381e-02
2.5022512859e-01 -6.1287480558e-17

2.5025956276e-01 0.0000000000e+00
2.4991659073e-01 1.3097573526e-02
2.4888861469e-01 2.6159247514e-02
2.4717845226e-01 3.9149220822e-02
2.4479079088e-01 5.2031888838e-02
2.4173217495e-01 6.4771941062e-02
2.3801098793e-01 7.7334457899e-02
2.3363742934e-01 8.9685006362e-02
2.2862348679e-01 1.0178973446e-01
2.2298290316e-01 1.1361546396e-01
2.2298290316e-01 -1.1361546396e-01
2.2862348679e-01 -1.0178973446e-01
2.3363742934e-01 -8.9685006362e-02
2.3801098793e-01 -7.7334457899e-02
2.4173217495e-01 -6.4771941062e-02
2.4479079088e-01 -5.2031888838e-02
2.4717845226e-01 -3.9149220822e-02
2.4888861469e-01 -2.6159247514e-02
2.4991659073e-01 -1.3097573526e-02
2.5025956276e-01 -6.1295914499e-17

2.5029773423e-01 0.0000000000e+00
2.4995470989e-01 1.3099571266e-02
2.4892657705e-01 2.6163237519e-02
2.4721615378e-01 3.9155192155e-02
2.4482812821e-01 5.2039825132e-02
2.4176904576e-01 6.4781820565e-02
2.3804729116e-01 7.7346253531e-02
2.3367306548e-01 8.9698685793e-02
2.2865835817e-01 1.0180526019e-01
2.2301691419e-01 1.1363279345e-01
2.2301691419e-01 -1.1363279345e-01
2.2865835817e-01 -1.0180526019e-01
2.3367306548e-01 -8.9698685793e-02
2.3804729116e-01 -7.7346253531e-02
2.4176904576e-01 -6.4781820565e-02
2.4482812821e-01 -5.2039825132e-02
2.4721615378e-01 -3.9155192155e-02
2.4892657705e-01 -2.6163237519e-02
2.4995470989e-01 -1.3099571266e-02
2.5029773423e-01 -6.1305263812e-17

2.5034004861e-01 0.0000000000e+00
2.4999696628e-01 1.3101785830e-02
2.4896865963e-01 2.6167660576e-02
2.4725794720e-01 3.9161811583e-02
2.4486951792e-01 5.2048622787e-02
2.4180991831e-01 6.4792772333e-02
2.3808753452e-01 7.7359329395e-02
2.3371256935e-01 8.9713849911e-02
2.2869701428e-01 1.0182247100e-01
2.2305461658e-01 1.1365200378e-01
2.2305461658e-01 -1.1365200378e-01
2.2869701428e-01 -1.0182247100e-01
2.3371256935e-01 -8.9713849911e-02
2.3808753452e-01 -7.7359329395e-02
2.4180991831e-01 -6.4792772333e-02
2.4486951792e-01 -5.2048622787e-02
2.4725794720e-01 -3.9161811583e-02
2.4896865963e-01 -2.6167660576e-02
2.4999696628e-01 -1.3101785830e-02
2.5034004861e-01 -6.1315627847e-17

2.5038695556e-01 0.0000000000e+00
2.5004380894e-01 1.3104240750e-02
2.4901530962e-01 2.6172563687e-02
2.4730427664e-01 3.9169149446e-02
2.4491539984e-01 5.2058375289e-02
2.4185522694e-01 6.4804912744e-02
2.3813214568e-01 7.7373824438e-02
2.3375636076e-01 8.9730659857e-02
2.2873986590e-01 1.0184154977e-01
2.2309641098e-01 1.1367329908e-01
2.2309641098e-01 -1.1367329908e-01
2.2873986590e-01 -1.0184154977e-01
2.3375636076e-01 -8.9730659857e-02
2.3813214568e-01 -7.7373824438e-02
2.4185522694e-01 -6.4804912744e-02
2.4491539984e-01 -5.2058375289e-02
2.4730427664e-01 -3.9169149446e-02
2.4901530962e-01 -2.6172563687e-02
2.5004380894e-01 -1.3104240750e-02
2.5038695556e-01 -6.1327116735e-17

2.5043895352e-01 0.0000000000e+00
2.5009573564e-01 1.3106962113e-02
2.4906702273e-01 2.6177998954e-02
2.4735563442e-01 3.9177283719e-02
2.4496626151e-01 5.2069186273e-02
2.4190545311e-01 6.4818370806e-02
2.3818159868e-01 7.7389892691e-02
2.3380490504e-01 8.9749294259e-02
2.2878736840e-01 1.0186269925e-01
2.2314274150e-01 1.1369690566e-01
2.2314274150e-01 -1.1369690566e-01
2.2878736840e-01 -1.0186269925e-01
2.3380490504e-01 -8.9749294259e-02
2.3818159868e-01 -7.7389892691e-02
2.4190545311e-01 -6.4818370806e-02
2.4496626151e-01 -5.2069186273e-02
2.4735563442e-01 -3.9177283719e-02
2.4906702273e-01 -2.6177998954e-02
2.5009573564e-01 -1.3106962113e-02
2.5043895352e-01 -6.1339852562e-17

2.5049659504e-01 0.0000000000e+00
2.5015329816e-01 1.3109978837e-02
2.4912434848e-01 2.6184024133e-02
2.4741256628e-01 3.9186300839e-02
2.4502264343e-01 5.2081170619e-02
2.4196113055e-01 6.4833289530e-02
2.3823641902e-01 7.7407704900e-02
2.3385871803e-01 8.9769951132e-02
2.2884002655e-01 1.0188614417e-01
2.2319410047e-01 1.1372307437e-01
2.2319410047e-01 -1.1372307437e-01
2.2884002655e-01 -1.0188614417e-01
2.3385871803e-01 -8.9769951132e-02
2.3823641902e-01 -7.7407704900e-02
2.4196113055e-01 -6.4833289530e-02
2.4502264343e-01 -5.2081170619e-02
2.4741256628e-01 -3.9186300839e-02
2.4912434848e-01 -2.6184024133e-02
2.5015329816e-01 -1.3109978837e-02
2.5049659504e-01 -6.1353970663e-17

2.5056049264e-01 0.0000000000e+00
2.5021710820e-01 1.3113322979e-02
2.4918789605e-01 2.6190703252e-02
2.4747567720e-01 3.9196296627e-02
2.4508514472e-01 5.2094455678e-02
2.4202285089e-01 6.4849827447e-02
2.3829718926e-01 7.7427450346e-02
2.3391837159e-01 8.9792849986e-02
2.2889839992e-01 1.0191213367e-01
2.2325103365e-01 1.1375208327e-01
2.2325103365e-01 -1.1375208327e-01
2.2889839992e-01 -1.0191213367e-01
2.3391837159e-01 -8.9792849986e-02
2.3829718926e-01 -7.7427450346e-02
2.4202285089e-01 -6.4849827447e-02
2.4508514472e-01 -5.2094455678e-02
2.4747567720e-01 -3.9196296627e-02
2.4918789605e-01 -2.6190703252e-02
2.5021710820e-01 -1.3113322979e-02
2.5056049264e-01 -6.1369621062e-17

2.5063132533e-01 0.0000000000e+00
2.5028784381e-01 1.3117030076e-02
2.4925834071e-01 2.6198107284e-02
2.4754563782e-01 3.9207377301e-02
2.4515442954e-01 5.2109182622e-02
2.4209127002e-01 6.4868160295e-02
2.3836455515e-01 7.7449338851e-02
2.3398449960e-01 8.9818234151e-02
2.2896310880e-01 1.0194094392e-01
2.2331414604e-01 1.1378424064e-01
2.2331414604e-01 -1.1378424064e-01
2.2896310880e-01 -1.0194094392e-01
2.3398449960e-01 -8.9818234151e-02
2.3836455515e-01 -7.7449338851e-02
2.4209127002e-01 -6.4868160295e-02
2.4515442954e-01 -5.2109182622e-02
2.4754563782e-01 -3.9207377301e-02
2.4925834071e-01 -2.6198107284e-02
2.5028784381e-01 -1.3117030076e-02
2.5063132533e-01 -6.1386970067e-17

2.5070984580e-01 0.0000000000e+00
2.5036625667e-01 1.3121139519e-02
2.4933643103e-01 2.6206314907e-02
2.4762319157e-01 3.9219660608e-02
2.4523123415e-01 5.2125507945e-02
2.4216711496e-01 6.4888482887e-02
2.3843923255e-01 7.7473603009e-02
2.3405780477e-01 8.9846373370e-02
2.2903484082e-01 1.0197288107e-01
2.2338410828e-01 1.1381988818e-01
2.2338410828e-01 -1.1381988818e-01
2.2903484082e-01 -1.0197288107e-01
2.3405780477e-01 -8.9846373370e-02
2.3843923255e-01 -7.7473603009e-02
2.4216711496e-01 -6.4888482887e-02
2.4523123415e-01 -5.2125507945e-02
2.4762319157e-01 -3.9219660608e-02
2.4933643103e-01 -2.6206314907e-02
2.5036625667e-01 -1.3121139519e-02
2.5070984580e-01 -6.1406202034e-17

2.5079688843e-01 0.0000000000e+00
2.5045318001e-01 1.3125694979e-02
2.4942299683e-01 2.6215413340e-02
2.4770916256e-01 3.9233277075e-02
2.4531637469e-01 5.2143605125e-02
2.4225119169e-01 6.4911011178e-02
2.3852201501e-01 7.7500500661e-02
2.3413906606e-01 8.9877566659e-02
2.2911435822e-01 1.0200828449e-01
2.2346166384e-01 1.1385940471e-01
2.2346166384e-01 -1.1385940471e-01
2.2911435822e-01 -1.0200828449e-01
2.3413906606e-01 -8.9877566659e-02
2.3852201501e-01 -7.7500500661e-02
2.4225119169e-01 -6.4911011178e-02
2.4531637469e-01 -5.2143605125e-02
2.4770916256e-01 -3.9233277075e-02
2.4942299683e-01 -2.6215413340e-02
2.5045318001e-01 -1.3125694979e-02
2.5079688843e-01 -6.1427521330e-17

2.5089337817e-01 0.0000000000e+00
2.5054953752e-01 1.3130744862e-02
2.4951895800e-01 2.6225499265e-02
2.4780446435e-01 3.9248371397e-02
2.4541075590e-01 5.2163666471e-02
2.4234439362e-01 6.4935984561e-02
2.3861378221e-01 7.7530317632e-02
2.3422914700e-01 8.9912145491e-02
2.2920250598e-01 1.0204753041e-01
2.2354763683e-01 1.1390321014e-01
2.2354763683e-01 -1.1390321014e-01
2.2920250598e-01 -1.0204753041e-01
2.3422914700e-01 -8.9912145491e-02
2.3861378221e-01 -7.7530317632e-02
2.4234439362e-01 -6.4935984561e-02
2.4541075590e-01 -5.2163666471e-02
2.4780446435e-01 -3.9248371397e-02
2.4951895800e-01 -2.6225499265e-02
2.5054953752e-01 -1.3130744862e-02
2.5089337817e-01 -6.1451154501e-17

2.5100034037e-01 0.0000000000e+00
2.5065635312e-01 1.3136342830e-02
2.4962533424e-01 2.6236679858e-02
2.4791010966e-01 3.9265103970e-02
2.4551538071e-01 5.2185905161e-02
2.4244771117e-01 6.4963668414e-02
2.3871550930e-01 7.7563370767e-02
2.3432900481e-01 8.9950477312e-02
2.2930022081e-01 1.0209103585e-01
2.2364294084e-01 1.1395176996e-01
2.2364294084e-01 -1.1395176996e-01
2.2930022081e-01 -1.0209103585e-01
2.3432900481e-01 -8.9950477312e-02
2.3871550930e-01 -7.7563370767e-02
2.4244771117e-01 -6.4963668414e-02
2.4551538071e-01 -5.2185905161e-02
2.4791010966e-01 -3.9265103970e-02
2.4962533424e-01 -2.6236679858e-02
2.5065635312e-01 -1.3136342830e-02
2.5100034037e-01 -6.1477352683e-17

2.5111891163e-01 0.0000000000e+00
2.5077476189e-01 1.3142548371e-02
2.4974325595e-01 2.6249073930e-02
2.4802722112e-01 3.9283652602e-02
2.4563136091e-01 5.2210557513e-02
2.4256224221e-01 6.4994356915e-02
2.3882827727e-01 7.7600011302e-02
2.3443970062e-01 8.9992969452e-02
2.2940854105e-01 1.0213926313e-01
2.2374858861e-01 1.1400560018e-01
2.2374858861e-01 -1.1400560018e-01
2.2940854105e-01 -1.0213926313e-01
2.3443970062e-01 -8.9992969452e-02
2.3882827727e-01 -7.7600011302e-02
2.4256224221e-01 -6.4994356915e-02
2.4563136091e-01 -5.2210557513e-02
2.4802722112e-01 -3.9283652602e-02
2.4974325595e-01 -2.6249073930e-02
2.5077476189e-01 -1.3142548371e-02
2.5111891163e-01 -6.1506394266e-17

2.5125035194e-01 0.0000000000e+00
2.5090602206e-01 1.3149427425e-02
2.4987397622e-01 2.6262813184e-02
2.4815704318e-01 3.9304214397e-02
2.4575992893e-01 5.2237885490e-02
2.4268920380e-01 6.5028376171e-02
2.3895328443e-01 7.7640628592e-02
2.3456241072e-01 9.0040073447e-02
2.2952861775e-01 1.0219272472e-01
2.2386570278e-01 1.1406527284e-01
2.2386570278e-01 -1.1406527284e-01
2.2952861775e-01 -1.0219272472e-01
2.3456241072e-01 -9.0040073447e-02
2.3895328443e-01 -7.7640628592e-02
2.4268920380e-01 -6.5028376171e-02
2.4575992893e-01 -5.2237885490e-02
2.4815704318e-01 -3.9304214397e-02
2.4987397622e-01 -2.6262813184e-02
2.5090602206e-01 -1.3149427425e-02
2.5125035194e-01 -6.1538587858e-17

2.5139605804e-01 0.0000000000e+00
2.5105152848e-01 1.3157053093e-02
2.5001888413e-01 2.6278043618e-02
2.4830095540e-01 3.9327007852e-02
2.4590245100e-01 5.2268179492e-02
2.4282994509e-01 6.5066087684e-02
2.3909185917e-01 7.7685654253e-02
2.3469843908e-01 9.0092289843e-02
2.2966172689e-01 1.0225198873e-01
2.2399552787e-01 1.1413142202e-01
2.2399552787e-01 -1.1413142202e-01
2.2966172689e-01 -1.0225198873e-01
2.3469843908e-01 -9.0092289843e-02
2.3909185917e-01 -7.7685654253e-02
2.4282994509e-01 -6.5066087684e-02
2.4590245100e-01 -5.2268179492e-02
2.4830095540e-01 -3.9327007852e-02
2.5001888413e-01 -2.6278043618e-02
2.5105152848e-01 -1.3157053093e-02
2.5139605804e-01 -6.1574275559e-17

2.5155757825e-01 0.0000000000e+00
2.5121282733e-01 1.3165506408e-02
2.5017951951e-01 2.6294927078e-02
2.4846048702e-01 3.9352275180e-02
2.4606044161e-01 5.2301761431e-02
2.4298596163e-01 6.5107892190e-02
2.3924547402e-01 7.7735566742e-02
2.3484923119e-01 9.0150173509e-02
2.2980928294e-01 1.0231768492e-01
2.2413944343e-01 1.1420475066e-01
2.2413944343e-01 -1.1420475066e-01
2.2980928294e-01 -1.0231768492e-01
2.3484923119e-01 -9.0150173509e-02
2.3924547402e-01 -7.7735566742e-02
2.4298596163e-01 -6.5107892190e-02
2.4606044161e-01 -5.2301761431e-02
2.4846048702e-01 -3.9352275180e-02
2.5017951951e-01 -2.6294927078e-02
2.5121282733e-01 -1.3165506408e-02
2.5155757825e-01 -6.1613836600e-17

2.5173662894e-01 0.0000000000e+00
2.5139163264e-01 1.3174877197e-02
2.5035758935e-01 2.6313642972e-02
2.4863733331e-01 3.9380284880e-02
2.4623557962e-01 5.2338988164e-02
2.4315891132e-01 6.5154233921e-02
2.3941576135e-01 7.7790896450e-02
2.3501638941e-01 9.0214339540e-02
2.2997285389e-01 1.0239051140e-01
2.2429897877e-01 1.1428603798e-01
2.2429897877e-01 -1.1428603798e-01
2.2997285389e-01 -1.0239051140e-01
2.3501638941e-01 -9.0214339540e-02
2.3941576135e-01 -7.7790896450e-02
2.4315891132e-01 -6.5154233921e-02
2.4623557962e-01 -5.2338988164e-02
2.4863733331e-01 -3.9380284880e-02
2.5035758935e-01 -2.6313642972e-02
2.5139163264e-01 -1.3174877197e-02
2.5173662894e-01 -6.1657691373e-17

2.5193511279e-01 0.0000000000e+00
2.5158984447e-01 1.3185265039e-02
2.5055498588e-01 2.6334390183e-02
2.4883337348e-01 3.9411334593e-02
2.4642972611e-01 5.2380255276e-02
2.4335063199e-01 6.5205605319e-02
2.3960453070e-01 7.7852231330e-02
2.3520169004e-01 9.0285469787e-02
2.3015417791e-01 1.0247124205e-01
2.2447582916e-01 1.1437614776e-01
2.2447582916e-01 -1.1437614776e-01
2.3015417791e-01 -1.0247124205e-01
2.3520169004e-01 -9.0285469787e-02
2.3960453070e-01 -7.7852231330e-02
2.4335063199e-01 -6.5205605319e-02
2.4642972611e-01 -5.2380255276e-02
2.4883337348e-01 -3.9411334593e-02
2.5055498588e-01 -2.6334390183e-02
2.5158984447e-01 -1.3185265039e-02
2.5193511279e-01 -6.1706305893e-17

2.5215513894e-01 0.0000000000e+00
2.5180956908e-01 1.3196780318e-02
2.5077380670e-01 2.6357389178e-02
2.4905069075e-01 3.9445754267e-02
2.4664494416e-01 5.2426001284e-02
2.4356316093e-01 6.5262552277e-02
2.3981378800e-01 7.7920223150e-02
2.3540710215e-01 9.0364320108e-02
2.3035518180e-01 1.0256073474e-01
2.2467187390e-01 1.1447603754e-01
2.2467187390e-01 -1.1447603754e-01
2.3035518180e-01 -1.0256073474e-01
2.3540710215e-01 -9.0364320108e-02
2.3981378800e-01 -7.7920223150e-02
2.4356316093e-01 -6.5262552277e-02
2.4664494416e-01 -5.2426001284e-02
2.4905069075e-01 -3.9445754267e-02
2.5077380670e-01 -2.6357389178e-02
2.5180956908e-01 -1.3196780318e-02
2.5215513894e-01 -6.1760196757e-17

2.5239904547e-01 0.0000000000e+00
2.5205314135e-01 1.3209545400e-02
2.5101637709e-01 2.6382884354e-02
2.4929159439e-01 3.9483909655e-02
2.4688352076e-01 5.2476712305e-02
2.4379875655e-01 6.5325679934e-02
2.4004575691e-01 7.7995594416e-02
2.3563480852e-01 9.0451728394e-02
2.3057800151e-01 1.0265994047e-01
2.2488919622e-01 1.1458676879e-01
2.2488919622e-01 -1.1458676879e-01
2.3057800151e-01 -1.0265994047e-01
2.3563480852e-01 -9.0451728394e-02
2.4004575691e-01 -7.7995594416e-02
2.4379875655e-01 -6.5325679934e-02
2.4688352076e-01 -5.2476712305e-02
2.4929159439e-01 -3.9483909655e-02
2.5101637709e-01 -2.6382884354e-02
2.5205314135e-01 -1.3209545400e-02
2.5239904547e-01 -6.1819936630e-17

2.5266942424e-01 0.0000000000e+00
2.5232314958e-01 1.3223695931e-02
2.5128527470e-01 2.6411146631e-02
2.4955864435e-01 3.9526206214e-02
2.4714799110e-01 5.2532927212e-02
2.4405992239e-01 6.5395659109e-02
2.4030290240e-01 7.8079146050e-02
2.3588722885e-01 9.0548623479e-02
2.3082500480e-01 1.0276991342e-01
2.2513010546e-01 1.1470951818e-01
2.2513010546e-01 -1.1470951818e-01
2.3082500480e-01 -1.0276991342e-01
2.3588722885e-01 -9.0548623479e-02
2.4030290240e-01 -7.8079146050e-02
2.4405992239e-01 -6.5395659109e-02
2.4714799110e-01 -5.2532927212e-02
2.4955864435e-01 -3.9526206214e-02
2.5128527470e-01 -2.6411146631e-02
2.5232314958e-01 -1.3223695931e-02
2.5266942424e-01 -6.1886160329e-17

2.5296914839e-01 0.0000000000e+00
2.5262246296e-01 1.3239382281e-02
2.5158335693e-01 2.6442476335e-02
2.4985467839e-01 3.9573093400e-02
2.4744116556e-01 5.2595243366e-02
2.4434943368e-01 6.5473233426e-02
2.4058795700e-01 7.8171765905e-02
2.3616704544e-01 9.0656035006e-02
2.3109881643e-01 1.0289182222e-01
2.2539716163e-01 1.1484559010e-01
2.2539716163e-01 -1.1484559010e-01
2.3109881643e-01 -1.0289182222e-01
2.3616704544e-01 -9.0656035006e-02
2.4058795700e-01 -7.8171765905e-02
2.4434943368e-01 -6.5473233426e-02
2.4744116556e-01 -5.2595243366e-02
2.4985467839e-01 -3.9573093400e-02
2.5158335693e-01 -2.6442476335e-02
2.5262246296e-01 -1.3239382281e-02
2.5296914839e-01 -6.1959571572e-17

2.5330140289e-01 0.0000000000e+00
2.5295426212e-01 1.3256771138e-02
2.5191379130e-01 2.6477206388e-02
2.5018284229e-01 3.9625069455e-02
2.4776615950e-01 5.2664322961e-02
2.4467036689e-01 6.5559227219e-02
2.4090394981e-01 7.8274438192e-02
2.3647723174e-01 9.0775104371e-02
2.3140234602e-01 1.0302696230e-01
2.2569320256e-01 1.1499643048e-01
2.2569320256e-01 -1.1499643048e-01
2.3140234602e-01 -1.0302696230e-01
2.3647723174e-01 -9.0775104371e-02
2.4090394981e-01 -7.8274438192e-02
2.4467036689e-01 -6.5559227219e-02
2.4776615950e-01 -5.2664322961e-02
2.5018284229e-01 -3.9625069455e-02
2.5191379130e-01 -2.6477206388e-02
2.5295426212e-01 -1.3256771138e-02
2.5330140289e-01 -6.2040950454e-17

2.5366971841e-01 0.0000000000e+00
2.5332207288e-01 1.3276047283e-02
2.5228008915e-01 2.6515705843e-02
2.5054662323e-01 3.9682686696e-02
2.4812642644e-01 5.2740900064e-02
2.4502613236e-01 6.5654554290e-02
2.4125423868e-01 7.8388253946e-02
2.3682108390e-01 9.0907096848e-02
2.3173881899e-01 1.0317676972e-01
2.2602137409e-01 1.1516364223e-01
2.2602137409e-01 -1.1516364223e-01
2.3173881899e-01 -1.0317676972e-01
2.3682108390e-01 -9.0907096848e-02
2.4125423868e-01 -7.8388253946e-02
2.4502613236e-01 -6.5654554290e-02
2.4812642644e-01 -5.2740900064e-02
2.5054662323e-01 -3.9682686696e-02
2.5228008915e-01 -2.6515705843e-02
2.5332207288e-01 -1.3276047283e-02
2.5366971841e-01 -6.2131161738e-17

2.5407800880e-01 0.0000000000e+00
2.5372980372e-01 1.3297415551e-02
2.5268614288e-01 2.6558383810e-02
2.5094988689e-01 3.9746557385e-02
2.4852579471e-01 5.2825788409e-02
2.4542051059e-01 6.5760227619e-02
2.4164254592e-01 7.8514422616e-02
2.3720225582e-01 9.1053415038e-02
2.3211181083e-01 1.0334283638e-01
2.2638516349e-01 1.1534900219e-01
2.2638516349e-01 -1.1534900219e-01
2.3211181083e-01 -1.0334283638e-01
2.3720225582e-01 -9.1053415038e-02
2.4164254592e-01 -7.8514422616e-02
2.4542051059e-01 -6.5760227619e-02
2.4852579471e-01 -5.2825788409e-02
2.5094988689e-01 -3.9746557385e-02
2.5268614288e-01 -2.6558383810e-02
2.5372980372e-01 -1.3297415551e-02
2.5407800880e-01 -6.2231164042e-17

2.5453061271e-01 0.0000000000e+00
2.5418178735e-01 1.3321103009e-02
2.5313626738e-01 2.6605693801e-02
2.5139691850e-01 3.9817360236e-02
2.4896850814e-01 5.2919890054e-02
2.4585769240e-01 6.5877370132e-02
2.4207299782e-01 7.8654284917e-02
2.3762479797e-01 9.1215613774e-02
2.3252528507e-01 1.0352692697e-01
2.2678843653e-01 1.1555448006e-01
2.2678843653e-01 -1.1555448006e-01
2.3252528507e-01 -1.0352692697e-01
2.3762479797e-01 -9.1215613774e-02
2.4207299782e-01 -7.8654284917e-02
2.4585769240e-01 -6.5877370132e-02
2.4896850814e-01 -5.2919890054e-02
2.5139691850e-01 -3.9817360236e-02
2.5313626738e-01 -2.6605693801e-02
2.5418178735e-01 -1.3321103009e-02
2.5453061271e-01 -6.2342020029e-17

2.5503233968e-01 0.0000000000e+00
2.5468282672e-01 1.3347361370e-02
2.5363524584e-01 2.6658138551e-02
2.5189246838e-01 3.9895847626e-02
2.4945927117e-01 5.3024204957e-02
2.4634232344e-01 6.6007226627e-02
2.4255016852e-01 7.8809327077e-02
2.3809320045e-01 9.1395416640e-02
2.3298363547e-01 1.0373099772e-01
2.2723547854e-01 1.1578225934e-01
2.2723547854e-01 -1.1578225934e-01
2.3298363547e-01 -1.0373099772e-01
2.3809320045e-01 -9.1395416640e-02
2.4255016852e-01 -7.8809327077e-02
2.4634232344e-01 -6.6007226627e-02
2.4945927117e-01 -5.3024204957e-02
2.5189246838e-01 -3.9895847626e-02
2.5363524584e-01 -2.6658138551e-02
2.5468282672e-01 -1.3347361370e-02
2.5503233968e-01 -6.2464907694e-17

2.5558852125e-01 0.0000000000e+00
2.5523824606e-01 1.3376469664e-02
2.5418838059e-01 2.6716275355e-02
2.5244180243e-01 3.9982853592e-02
2.5000329883e-01 5.3139841606e-02
2.4687955358e-01 6.6151177009e-02
2.4307912862e-01 7.8981196633e-02
2.3861244067e-01 9.1594734287e-02
2.3349173261e-01 1.0395721714e-01
2.2773103994e-01 1.1603476049e-01
2.2773103994e-01 -1.1603476049e-01
2.3349173261e-01 -1.0395721714e-01
2.3861244067e-01 -9.1594734287e-02
2.4307912862e-01 -7.8981196633e-02
2.4687955358e-01 -6.6151177009e-02
2.5000329883e-01 -5.3139841606e-02
2.5244180243e-01 -3.9982853592e-02
2.5418838059e-01 -2.6716275355e-02
2.5523824606e-01 -1.3376469664e-02
2.5558852125e-01 -6.2601132889e-17

2.5620506760e-01 0.0000000000e+00
2.5585394746e-01 1.3408737207e-02
2.5480154943e-01 2.6780721998e-02
2.5305075807e-01 4.0079302691e-02
2.5060637217e-01 5.3268028801e-02
2.4747509162e-01 6.6310750947e-02
2.4366549905e-01 7.9171719934e-02
2.3918803628e-01 9.1815684740e-02
2.3405497573e-01 1.0420798914e-01
2.2828038676e-01 1.1631466668e-01
2.2828038676e-01 -1.1631466668e-01
2.3405497573e-01 -1.0420798914e-01
2.3918803628e-01 -9.1815684740e-02
2.4366549905e-01 -7.9171719934e-02
2.4747509162e-01 -6.6310750947e-02
2.5060637217e-01 -5.3268028801e-02
2.5305075807e-01 -4.0079302691e-02
2.5480154943e-01 -2.6780721998e-02
2.5585394746e-01 -1.3408737207e-02
2.5620506760e-01 -6.2752143193e-17

2.5688853039e-01 0.0000000000e+00
2.5653647359e-01 1.3444506886e-02
2.5548126815e-01 2.6852163313e-02
2.5372580630e-01 4.0186219827e-02
2.5127489966e-01 5.3410128706e-02
2.4813526599e-01 6.6487644135e-02
2.4431551079e-01 7.9382921552e-02
2.3982610377e-01 9.2060615899e-02
2.3467935006e-01 1.0448597850e-01
2.2888935657e-01 1.1662495229e-01
2.2888935657e-01 -1.1662495229e-01
2.3467935006e-01 -1.0448597850e-01
2.3982610377e-01 -9.2060615899e-02
2.4431551079e-01 -7.9382921552e-02
2.4813526599e-01 -6.6487644135e-02
2.5127489966e-01 -5.3410128706e-02
2.5372580630e-01 -4.0186219827e-02
2.5548126815e-01 -2.6852163313e-02
2.5653647359e-01 -1.3444506886e-02
2.5688853039e-01 -6.2919543297e-17

2.5764617236e-01 0.0000000000e+00
2.5729307723e-01 1.3484158803e-02
2.5623475967e-01 2.6931358463e-02
2.5447412044e-01 4.0304741142e-02
2.5201598533e-01 5.3567651328e-02
2.4886709192e-01 6.6683736304e-02
2.4503607112e-01 7.9617045794e-02
2.4053342347e-01 9.2332130496e-02
2.3537149044e-01 1.0479413925e-01
2.2956442050e-01 1.1696891454e-01
2.2956442050e-01 -1.1696891454e-01
2.3537149044e-01 -1.0479413925e-01
2.4053342347e-01 -9.2332130496e-02
2.4503607112e-01 -7.9617045794e-02
2.4886709192e-01 -6.6683736304e-02
2.5201598533e-01 -5.3567651328e-02
2.5447412044e-01 -4.0304741142e-02
2.5623475967e-01 -2.6931358463e-02
2.5729307723e-01 -1.3484158803e-02
2.5764617236e-01 -6.3105112058e-17

2.5848604447e-01 0.0000000000e+00
2.5813179833e-01 1.3528114313e-02
2.5707003088e-01 2.7019149005e-02
2.5530365233e-01 4.0436126088e-02
2.5283750423e-01 5.3742270560e-02
2.4967834609e-01 6.6901111203e-02
2.4583483697e-01 7.9876580551e-02
2.4131751164e-01 9.2633113745e-02
2.3613875179e-01 1.0513574601e-01
2.3031275204e-01 1.1735020851e-01
2.3031275204e-01 -1.1735020851e-01
2.3613875179e-01 -1.0513574601e-01
2.4131751164e-01 -9.2633113745e-02
2.4583483697e-01 -7.9876580551e-02
2.4967834609e-01 -6.6901111203e-02
2.5283750423e-01 -5.3742270560e-02
2.5530365233e-01 -4.0436126088e-02
2.5707003088e-01 -2.7019149005e-02
2.5813179833e-01 -1.3528114313e-02
2.5848604447e-01 -6.3310821398e-17

2.5941707154e-01 0.0000000000e+00
2.5906154946e-01 1.3576840505e-02
2.5799595768e-01 2.7116467834e-02
2.5622321691e-01 4.0581770809e-02
2.5374818612e-01 5.3935841971e-02
2.5057764918e-01 6.7142078740e-02
2.4672029633e-01 8.0164283737e-02
2.4218670029e-01 9.2966764005e-02
2.3698928734e-01 1.0551442884e-01
2.3114230323e-01 1.1777288595e-01
2.3114230323e-01 -1.1777288595e-01
2.3698928734e-01 -1.0551442884e-01
2.4218670029e-01 -9.2966764005e-02
2.4672029633e-01 -8.0164283737e-02
2.5057764918e-01 -6.7142078740e-02
2.5374818612e-01 -5.3935841971e-02
2.5622321691e-01 -4.0581770809e-02
2.5799595768e-01 -2.7116467834e-02
2.5906154946e-01 -1.3576840505e-02
2.5941707154e-01 -6.3538857262e-17

2.6044914700e-01 0.0000000000e+00
2.6009221049e-01 1.3630855161e-02
2.5902237932e-01 2.7224349095e-02
2.5724258581e-01 4.0743222981e-02
2.5475770825e-01 5.4150422524e-02
2.5157455752e-01 6.7409199524e-02
2.4770185842e-01 8.0483212593e-02
2.4315022574e-01 9.3336626771e-02
2.3793213519e-01 1.0593421174e-01
2.3206188919e-01 1.1824143840e-01
2.3206188919e-01 -1.1824143840e-01
2.3793213519e-01 -1.0593421174e-01
2.4315022574e-01 -9.3336626771e-02
2.4770185842e-01 -8.0483212593e-02
2.5157455752e-01 -6.7409199524e-02
2.5475770825e-01 -5.4150422524e-02
2.5724258581e-01 -4.0743222981e-02
2.5902237932e-01 -2.7224349095e-02
2.6009221049e-01 -1.3630855161e-02
2.6044914700e-01 -6.3791642842e-17

2.6159323806e-01 0.0000000000e+00
2.6123473362e-01 1.3690732261e-02
2.6016020293e-01 2.7343939176e-02
2.5837259121e-01 4.0922198254e-02
2.5587679818e-01 5.4388292432e-02
2.5267966463e-01 6.7705312081e-02
2.4878995368e-01 8.0836756175e-02
2.4421832676e-01 9.3746632339e-02
2.3897731438e-01 1.0639955550e-01
2.3308128180e-01 1.1876084488e-01
2.3308128180e-01 -1.1876084488e-01
2.3897731438e-01 -1.0639955550e-01
2.4421832676e-01 -9.3746632339e-02
2.4878995368e-01 -8.0836756175e-02
2.5267966463e-01 -6.7705312081e-02
2.5587679818e-01 -5.4388292432e-02
2.5837259121e-01 -4.0922198254e-02
2.6016020293e-01 -2.7343939176e-02
2.6123473362e-01 -1.3690732261e-02
2.6159323806e-01 -6.4071864334e-17

2.6286150227e-01 0.0000000000e+00
2.6250125972e-01 1.3757108081e-02
2.6142151946e-01 2.7476508885e-02
2.5962524099e-01 4.1120598488e-02
2.5711734777e-01 5.4651979388e-02
2.5390471378e-01 6.8033563012e-02
2.4999614462e-01 8.1228671369e-02
2.4540235340e-01 9.4201137584e-02
2.4013593139e-01 1.0691540503e-01
2.3421131348e-01 1.1933662478e-01
2.3421131348e-01 -1.1933662478e-01
2.4013593139e-01 -1.0691540503e-01
2.4540235340e-01 -9.4201137584e-02
2.4999614462e-01 -8.1228671369e-02
2.5390471378e-01 -6.8033563012e-02
2.5711734777e-01 -5.4651979388e-02
2.5962524099e-01 -4.1120598488e-02
2.6142151946e-01 -2.7476508885e-02
2.6250125972e-01 -1.3757108081e-02
2.6286150227e-01 -6.4382499475e-17

2.6426741668e-01 0.0000000000e+00
2.6390524737e-01 1.3830687956e-02
2.6281973212e-01 2.7623466957e-02
2.6101384625e-01 4.1340531955e-02
2.5849253957e-01 5.4944285429e-02
2.5526272281e-01 6.8397440436e-02
2.5133324867e-01 8.1663122813e-02
2.4671488757e-01 9.4704972246e-02
2.4142029811e-01 1.0748724193e-01
2.3546399239e-01 1.1997489656e-01
2.3546399239e-01 -1.1997489656e-01
2.4142029811e-01 -1.0748724193e-01
2.4671488757e-01 -9.4704972246e-02
2.5133324867e-01 -8.1663122813e-02
2.5526272281e-01 -6.8397440436e-02
2.5849253957e-01 -5.4944285429e-02
2.6101384625e-01 -4.1340531955e-02
2.6281973212e-01 -2.7623466957e-02
2.6390524737e-01 -1.3830687956e-02
2.6426741668e-01 -6.4726849190e-17

2.6582592104e-01 0.0000000000e+00
2.6546161586e-01 1.3912253772e-02
2.6436969883e-01 2.7786375023e-02
2.6255316284e-01 4.1584335752e-02
2.6001698688e-01 5.5268316707e-02
2.5676812243e-01 6.8800811048e-02
2.5281547441e-01 8.2144727148e-02
2.4816987674e-01 9.5263490260e-02
2.4284406269e-01 1.0812114277e-01
2.3685262995e-01 1.2068244274e-01
2.3685262995e-01 -1.2068244274e-01
2.4284406269e-01 -1.0812114277e-01
2.4816987674e-01 -9.5263490260e-02
2.5281547441e-01 -8.2144727148e-02
2.5676812243e-01 -6.8800811048e-02
2.6001698688e-01 -5.5268316707e-02
2.6255316284e-01 -4.1584335752e-02
2.6436969883e-01 -2.7786375023e-02
2.6546161586e-01 -1.3912253772e-02
2.6582592104e-01 -6.5108572667e-17

2.6755357662e-01 0.0000000000e+00
2.6718690375e-01 1.4002672279e-02
2.6608789014e-01 2.7966964206e-02
2.6425954812e-01 4.1854600629e-02
2.6170688904e-01 5.5627516500e-02
2.5843690958e-01 6.9247961215e-02
2.5445857251e-01 8.2678602082e-02
2.4978278217e-01 9.5882626648e-02
2.4442235460e-01 1.0882384360e-01
2.3839198234e-01 1.2146678196e-01
2.3839198234e-01 -1.2146678196e-01
2.4442235460e-01 -1.0882384360e-01
2.4978278217e-01 -9.5882626648e-02
2.5445857251e-01 -8.2678602082e-02
2.5843690958e-01 -6.9247961215e-02
2.6170688904e-01 -5.5627516500e-02
2.6425954812e-01 -4.1854600629e-02
2.6608789014e-01 -2.7966964206e-02
2.6718690375e-01 -1.4002672279e-02
2.6755357662e-01 -6.5531726242e-17

2.6946874213e-01 0.0000000000e+00
2.6909944458e-01 1.4102904297e-02
2.6799256416e-01 2.8167153513e-02
2.6615113475e-01 4.2154198520e-02
2.6358020358e-01 5.6025701798e-02
2.6028681740e-01 6.9743642522e-02
2.5628000314e-01 8.3270420770e-02
2.5157074320e-01 9.6568960582e-02
2.4617194535e-01 1.0960281159e-01
2.4009840730e-01 1.2233624890e-01
2.4009840730e-01 -1.2233624890e-01
2.4617194535e-01 -1.0960281159e-01
2.5157074320e-01 -9.6568960582e-02
2.5628000314e-01 -8.3270420770e-02
2.6028681740e-01 -6.9743642522e-02
2.6358020358e-01 -5.6025701798e-02
2.6615113475e-01 -4.2154198520e-02
2.6799256416e-01 -2.8167153513e-02
2.6909944458e-01 -1.4102904297e-02
2.6946874213e-01 -6.6000806503e-17

2.7159176881e-01 0.0000000000e+00
2.7121956173e-01 1.4214014929e-02
2.7010396069e-01 2.8389070230e-02
2.6824802346e-01 4.2486313064e-02
2.6565683704e-01 5.6467103866e-02
2.6233750371e-01 7.0293122262e-02
2.5829912150e-01 8.3926472096e-02
2.5355275936e-01 9.7329785303e-02
2.4811142673e-01 1.1046632433e-01
2.4199003793e-01 1.2330008285e-01
2.4199003793e-01 -1.2330008285e-01
2.4811142673e-01 -1.1046632433e-01
2.5355275936e-01 -9.7329785303e-02
2.5829912150e-01 -8.3926472096e-02
2.6233750371e-01 -7.0293122262e-02
2.6565683704e-01 -5.6467103866e-02
2.6824802346e-01 -4.2486313064e-02
2.7010396069e-01 -2.8389070230e-02
2.7121956173e-01 -1.4214014929e-02
2.7159176881e-01 -6.6520798071e-17

2.7394521676e-01 0.0000000000e+00
2.7356978436e-01 1.4337184877e-02
2.7244451620e-01 2.8635072528e-02
2.7057249656e-01 4.2854473434e-02
2.6795885651e-01 5.6956413208e-02
2.6461075986e-01 7.0902239413e-02
2.6053738351e-01 8.4653727507e-02
2.5574989230e-01 9.8173185618e-02
2.5026140841e-01 1.1142355785e-01
2.4408697540e-01 1.2436852586e-01
2.4408697540e-01 -1.2436852586e-01
2.5026140841e-01 -1.1142355785e-01
2.5574989230e-01 -9.8173185618e-02
2.6053738351e-01 -8.4653727507e-02
2.6461075986e-01 -7.0902239413e-02
2.6795885651e-01 -5.6956413208e-02
2.7057249656e-01 -4.2854473434e-02
2.7244451620e-01 -2.8635072528e-02
2.7356978436e-01 -1.4337184877e-02
2.7394521676e-01 -6.7097226570e-17

2.7655409458e-01 0.0000000000e+00
2.7617508681e-01 1.4473722993e-02
2.7503910231e-01 2.8907774517e-02
2.7314925476e-01 4.3262591840e-02
2.7051072409e-01 5.7498829407e-02
2.6713074232e-01 7.1577466678e-02
2.6301857376e-01 8.5459915089e-02
2.5818548957e-01 9.9108123813e-02
2.5264473690e-01 1.1248468406e-01
2.4641150256e-01 1.2555293160e-01
2.4641150256e-01 -1.2555293160e-01
2.5264473690e-01 -1.1248468406e-01
2.5818548957e-01 -9.9108123813e-02
2.6301857376e-01 -8.5459915089e-02
2.6713074232e-01 -7.1577466678e-02
2.7051072409e-01 -5.7498829407e-02
2.7314925476e-01 -4.3262591840e-02
2.7503910231e-01 -2.8907774517e-02
2.7617508681e-01 -1.4473722993e-02
2.7655409458e-01 -6.7736217344e-17

2.7944612518e-01 0.0000000000e+00
2.7906315398e-01 1.4625080180e-02
2.7791529007e-01 2.9210074031e-02
2.7600567966e-01 4.3715005100e-02
2.7333955688e-01 5.8100116379e-02
2.6992422937e-01 7.2325979277e-02
2.6576905831e-01 8.6353601693e-02
2.6088543273e-01 1.0014453489e-01
2.5528673831e-01 1.1366097888e-01
2.4898832069e-01 1.2686588602e-01
2.4898832069e-01 -1.2686588602e-01
2.5528673831e-01 -1.1366097888e-01
2.6088543273e-01 -1.0014453489e-01
2.6576905831e-01 -8.6353601693e-02
2.6992422937e-01 -7.2325979277e-02
2.7333955688e-01 -5.8100116379e-02
2.7600567966e-01 -4.3715005100e-02
2.7791529007e-01 -2.9210074031e-02
2.7906315398e-01 -1.4625080180e-02
2.7944612518e-01 -6.8444560547e-17

2.8265204035e-01 0.0000000000e+00
2.8226467556e-01 1.4792864816e-02
2.8110364290e-01 2.9545183418e-02
2.7917212470e-01 4.4216520725e-02
2.7647541511e-01 5.8766663623e-02
2.7302090563e-01 7.3155731181e-02
2.6881806482e-01 8.7344283964e-02
2.6387841238e-01 1.0129343214e-01
2.5821548756e-01 1.1496494205e-01
2.5184481203e-01 1.2832134105e-01
2.5184481203e-01 -1.2832134105e-01
2.5821548756e-01 -1.1496494205e-01
2.6387841238e-01 -1.0129343214e-01
2.6881806482e-01 -8.7344283964e-02
2.7302090563e-01 -7.3155731181e-02
2.7647541511e-01 -5.8766663623e-02
2.7917212470e-01 -4.4216520725e-02
2.8110364290e-01 -2.9545183418e-02
2.8226467556e-01 -1.4792864816e-02
2.8265204035e-01 -6.9229783298e-17

2.8620590735e-01 0.0000000000e+00
2.8581367210e-01 1.4978859844e-02
2.8463804144e-01 2.9916663673e-02
2.8268223770e-01 4.4772468008e-02
2.7995162159e-01 5.9505554119e-02
2.7645367755e-01 7.4075539643e-02
2.7219799319e-01 8.8442489262e-02
2.6719623305e-01 1.0256702417e-01
2.6146210661e-01 1.1641042998e-01
2.5501133071e-01 1.2993476291e-01
2.5501133071e-01 -1.2993476291e-01
2.6146210661e-01 -1.1641042998e-01
2.6719623305e-01 -1.0256702417e-01
2.7219799319e-01 -8.8442489262e-02
2.7645367755e-01 -7.4075539643e-02
2.7995162159e-01 -5.9505554119e-02
2.8268223770e-01 -4.4772468008e-02
2.8463804144e-01 -2.9916663673e-02
2.8581367210e-01 -1.4978859844e-02
2.8620590735e-01 -7.0100229667e-17

2.9014549089e-01 0.0000000000e+00
2.8974785657e-01 1.5185041715e-02
2.8855604353e-01 3.0328462286e-02
2.8657331842e-01 4.5388754651e-02
2.8380511577e-01 6.0324639593e-02
2.8025902303e-01 7.5095178892e-02
2.7594475978e-01 8.9659887525e-02
2.7087415113e-01 1.0397884464e-01
2.6506109525e-01 1.1801280297e-01
2.5852152534e-01 1.3172329640e-01
2.5852152534e-01 -1.3172329640e-01
2.6506109525e-01 -1.1801280297e-01
2.7087415113e-01 -1.0397884464e-01
2.7594475978e-01 -8.9659887525e-02
2.8025902303e-01 -7.5095178892e-02
2.8380511577e-01 -6.0324639593e-02
2.8657331842e-01 -4.5388754651e-02
2.8855604353e-01 -3.0328462286e-02
2.8974785657e-01 -1.5185041715e-02
2.9014549089e-01 -7.1065149340e-17

2.9451265444e-01 0.0000000000e+00
2.9410903508e-01 1.5413601396e-02
2.9289928331e-01 3.0784955182e-02
2.9088671495e-01 4.6071929545e-02
2.8807684633e-01 6.1232623952e-02
2.8447737909e-01 7.6225483993e-02
2.8009817914e-01 9.1009415281e-02
2.7495124954e-01 1.0554389609e-01
2.6905069768e-01 1.1978908841e-01
2.6241269656e-01 1.3370594717e-01
2.6241269656e-01 -1.3370594717e-01
2.6905069768e-01 -1.1978908841e-01
2.7495124954e-01 -1.0554389609e-01
2.8009817914e-01 -9.1009415281e-02
2.8447737909e-01 -7.6225483993e-02
2.8807684633e-01 -6.1232623952e-02
2.9088671495e-01 -4.6071929545e-02
2.9289928331e-01 -3.0784955182e-02
2.9410903508e-01 -1.5413601396e-02
2.9451265444e-01 -7.2134795914e-17

2.9935380512e-01 0.0000000000e+00
2.9894355114e-01 1.5666967646e-02
2.9771391366e-01 3.1290993223e-02
2.9566826303e-01 4.6829252362e-02
2.9281220625e-01 6.2239155776e-02
2.8915357157e-01 7.7478465990e-02
2.8470238704e-01 9.2505413114e-02
2.7947085306e-01 1.0727880933e-01
2.7347330890e-01 1.2175816179e-01
2.6672619341e-01 1.3590378359e-01
2.6672619341e-01 -1.3590378359e-01
2.7347330890e-01 -1.2175816179e-01
2.7947085306e-01 -1.0727880933e-01
2.8470238704e-01 -9.2505413114e-02
2.8915357157e-01 -7.7478465990e-02
2.9281220625e-01 -6.2239155776e-02
2.9566826303e-01 -4.6829252362e-02
2.9771391366e-01 -3.1290993223e-02
2.9894355114e-01 -1.5666967646e-02
2.9935380512e-01 -7.3320535852e-17

3.0472038680e-01 0.0000000000e+00
3.0430277810e-01 1.5947832830e-02
3.0305109664e-01 3.1851953759e-02
3.0096877319e-01 4.7668770697e-02
2.9806151525e-01 6.3354930847e-02
2.9433729141e-01 7.8867439536e-02
2.8980630952e-01 9.4163778055e-02
2.8448098868e-01 1.0920202020e-01
2.7837592522e-01 1.2394094721e-01
2.7150785270e-01 1.3834016069e-01
2.7150785270e-01 -1.3834016069e-01
2.7837592522e-01 -1.2394094721e-01
2.8448098868e-01 -1.0920202020e-01
2.8980630952e-01 -9.4163778055e-02
2.9433729141e-01 -7.8867439536e-02
2.9806151525e-01 -6.3354930847e-02
3.0096877319e-01 -4.7668770697e-02
3.0305109664e-01 -3.1851953759e-02
3.0430277810e-01 -1.5947832830e-02
3.0472038680e-01 -7.4634969267e-17

3.1066942678e-01 0.0000000000e+00
3.1024366513e-01 1.6259181526e-02
3.0896754715e-01 3.2473797765e-02
3.0684457061e-01 4.8599405582e-02
3.0388055442e-01 6.4591805807e-02
3.0008362276e-01 8.0407164381e-02
2.9546418275e-01 9.6002132507e-02
2.9003489595e-01 1.1133396546e-01
2.8381064366e-01 1.2636063975e-01
2.7680848612e-01 1.4104096832e-01
2.7680848612e-01 -1.4104096832e-01
2.8381064366e-01 -1.2636063975e-01
2.9003489595e-01 -1.1133396546e-01
2.9546418275e-01 -9.6002132507e-02
3.0008362276e-01 -8.0407164381e-02
3.0388055442e-01 -6.4591805807e-02
3.0684457061e-01 -4.8599405582e-02
3.0896754715e-01 -3.2473797765e-02
3.1024366513e-01 -1.6259181526e-02
3.1066942678e-01 -7.6092063819e-17

3.1726414176e-01 0.0000000000e+00
3.1682934228e-01 1.6604322241e-02
3.1552613560e-01 3.3163133188e-02
3.1335809371e-01 4.9631046293e-02
3.1033115906e-01 6.5962924149e-02
3.0645362828e-01 8.2114002216e-02
3.0173612941e-01 9.8040011510e-02
2.9619159278e-01 1.1369729995e-01
2.8983521558e-01 1.2904295199e-01
2.8268442020e-01 1.4403490627e-01
2.8268442020e-01 -1.4403490627e-01
2.8983521558e-01 -1.2904295199e-01
2.9619159278e-01 -1.1369729995e-01
3.0173612941e-01 -9.8040011510e-02
3.0645362828e-01 -8.2114002216e-02
3.1033115906e-01 -6.5962924149e-02
3.1335809371e-01 -4.9631046293e-02
3.1552613560e-01 -3.3163133188e-02
3.1682934228e-01 -1.6604322241e-02
3.1726414176e-01 -7.7707303138e-17

3.2457460965e-01 0.0000000000e+00
3.2412979143e-01 1.6986922568e-02
3.2279655598e-01 3.3927285162e-02
3.2057855760e-01 5.0774655426e-02
3.1748187569e-01 6.7482855888e-02
3.1351499802e-01 8.4006090534e-02
3.0868879753e-01 1.0029907032e-01
3.0301650251e-01 1.1631713733e-01
2.9651366031e-01 1.3201638716e-01
2.8919809478e-01 1.4735378924e-01
2.8919809478e-01 -1.4735378924e-01
2.9651366031e-01 -1.3201638716e-01
3.0301650251e-01 -1.1631713733e-01
3.0868879753e-01 -1.0029907032e-01
3.1351499802e-01 -8.4006090534e-02
3.1748187569e-01 -6.7482855888e-02
3.2057855760e-01 -5.0774655426e-02
3.2279655598e-01 -3.3927285162e-02
3.2412979143e-01 -1.6986922568e-02
3.2457460965e-01 -7.9497851358e-17

3.3267851420e-01 0.0000000000e+00
3.3222258986e-01 1.7411048162e-02
3.3085606649e-01 3.4774373851e-02
3.2858268964e-01 5.2042385399e-02
3.2540869048e-01 6.9167752386e-02
3.2134276872e-01 8.6103535371e-02
3.1639606876e-01 1.0280331455e-01
3.1058214917e-01 1.1922131699e-01
3.0391694550e-01 1.3531254209e-01
2.9641872661e-01 1.5103288491e-01
2.9641872661e-01 -1.5103288491e-01
3.0391694550e-01 -1.3531254209e-01
3.1058214917e-01 -1.1922131699e-01
3.1639606876e-01 -1.0280331455e-01
3.2134276872e-01 -8.6103535371e-02
3.2540869048e-01 -6.9167752386e-02
3.2858268964e-01 -5.2042385399e-02
3.3085606649e-01 -3.4774373851e-02
3.3222258986e-01 -1.7411048162e-02
3.3267851420e-01 -8.1482735511e-17

3.4166197052e-01 0.0000000000e+00
3.4119373466e-01 1.7881205939e-02
3.3979031049e-01 3.5713400735e-02
3.3745554470e-01 5.3447707582e-02
3.3419583672e-01 7.1035517978e-02
3.3002012118e-01 8.8428624957e-02
3.2493984343e-01 1.0557935522e-01
3.1896892815e-01 1.2244069981e-01
3.1212374122e-01 1.3896644295e-01
3.0442304480e-01 1.5511128874e-01
3.0442304480e-01 -1.5511128874e-01
3.1212374122e-01 -1.3896644295e-01
3.1896892815e-01 -1.2244069981e-01
3.2493984343e-01 -1.0557935522e-01
3.3002012118e-01 -8.8428624957e-02
3.3419583672e-01 -7.1035517978e-02
3.3745554470e-01 -5.3447707582e-02
3.3979031049e-01 -3.5713400735e-02
3.4119373466e-01 -1.7881205939e-02
3.4166197052e-01 -8.3683047717e-17

3.5162044016e-01 0.0000000000e+00
3.5113855657e-01 1.8402391970e-02
3.4969422660e-01 3.6754344263e-02
3.4729140906e-01 5.5005555454e-02
3.4393668991e-01 7.3106000240e-02
3.3963926420e-01 9.1006066561e-02
3.3441091088e-01 1.0865669158e-01
3.2826596049e-01 1.2600949616e-01
3.2122125592e-01 1.4301691747e-01
3.1329610622e-01 1.5963233935e-01
3.1329610622e-01 -1.5963233935e-01
3.2122125592e-01 -1.4301691747e-01
3.2826596049e-01 -1.2600949616e-01
3.3441091088e-01 -1.0865669158e-01
3.3963926420e-01 -9.1006066561e-02
3.4393668991e-01 -7.3106000240e-02
3.4729140906e-01 -5.5005555454e-02
3.4969422660e-01 -3.6754344263e-02
3.5113855657e-01 -1.8402391970e-02
3.5162044016e-01 -8.6122169311e-17

3.6265974553e-01 0.0000000000e+00
3.6216273296e-01 1.8980144573e-02
3.6067305750e-01 3.7908265890e-02
3.5819480227e-01 5.6732483284e-02
3.5473475998e-01 7.5401200886e-02
3.5030241437e-01 9.3863249036e-02
3.4490991419e-01 1.1206802455e-01
3.3857203991e-01 1.2996562939e-01
3.3130616320e-01 1.4750700748e-01
3.2313219933e-01 1.6464407911e-01
3.2313219933e-01 -1.6464407911e-01
3.3130616320e-01 -1.4750700748e-01
3.3857203991e-01 -1.2996562939e-01
3.4490991419e-01 -1.1206802455e-01
3.5030241437e-01 -9.3863249036e-02
3.5473475998e-01 -7.5401200886e-02
3.5819480227e-01 -5.6732483284e-02
3.6067305750e-01 -3.7908265890e-02
3.6216273296e-01 -1.8980144573e-02
3.6265974553e-01 -8.8826019310e-17

3.7489719441e-01 0.0000000000e+00
3.7438341083e-01 1.9620603162e-02
3.7284346835e-01 3.9187427615e-02
3.7028158784e-01 5.8646842053e-02
3.6670479123e-01 7.7945509573e-02
3.6212288228e-01 9.7030533869e-02
3.5654841968e-01 1.1584960422e-01
3.4999668265e-01 1.3435113885e-01
3.4248562904e-01 1.5248442635e-01
3.3403584612e-01 1.7019976464e-01
3.3403584612e-01 -1.7019976464e-01
3.4248562904e-01 -1.5248442635e-01
3.4999668265e-01 -1.3435113885e-01
3.5654841968e-01 -1.1584960422e-01
3.6212288228e-01 -9.7030533869e-02
3.6670479123e-01 -7.7945509573e-02
3.7028158784e-01 -5.8646842053e-02
3.7284346835e-01 -3.9187427615e-02
3.7438341083e-01 -1.9620603162e-02
3.7489719441e-01 -9.1823329829e-17

3.8846282648e-01 0.0000000000e+00
3.8793045168e-01 2.0330573489e-02
3.8633478647e-01 4.0605422288e-02
3.8368020447e-01 6.0768974448e-02
3.7997398170e-01 8.0765963073e-02
3.7522627665e-01 1.0054157781e-01
3.6945010246e-01 1.2004161507e-01
3.6266129122e-01 1.3921262660e-01
3.5487845059e-01 1.5800206600e-01
3.4612291280e-01 1.7635843272e-01
3.4612291280e-01 -1.7635843272e-01
3.5487845059e-01 -1.5800206600e-01
3.6266129122e-01 -1.3921262660e-01
3.6945010246e-01 -1.2004161507e-01
3.7522627665e-01 -1.0054157781e-01
3.7997398170e-01 -8.0765963073e-02
3.8368020447e-01 -6.0768974448e-02
3.8633478647e-01 -4.0605422288e-02
3.8793045168e-01 -2.0330573489e-02
3.8846282648e-01 -9.5145951407e-17

4.0350079520e-01 0.0000000000e+00
4.0294781138e-01 2.1117599962e-02
4.0129037563e-01 4.2177318050e-02
3.9853303084e-01 6.3121431041e-02
3.9468333472e-01 8.3892532576e-02
3.8975183901e-01 1.0443369051e-01
3.8375206061e-01 1.2468860296e-01
3.7670044448e-01 1.4460175262e-01
3.6861631861e-01 1.6411855892e-01
3.5952184104e-01 1.8318552766e-01
3.5952184104e-01 -1.8318552766e-01
3.6861631861e-01 -1.6411855892e-01
3.7670044448e-01 -1.4460175262e-01
3.8375206061e-01 -1.2468860296e-01
3.8975183901e-01 -1.0443369051e-01
3.9468333472e-01 -8.3892532576e-02
3.9853303084e-01 -6.3121431041e-02
4.0129037563e-01 -4.2177318050e-02
4.0294781138e-01 -2.1117599962e-02
4.0350079520e-01 -9.8829191459e-17

4.2017089963e-01 0.0000000000e+00
4.1959507002e-01 2.1990045818e-02
4.1786915948e-01 4.3919818448e-02
4.1499789862e-01 6.5729209909e-02
4.1098915737e-01 8.7358442175e-02
4.0585392341e-01 1.0874823102e-01
3.9960627205e-01 1.2983994853e-01
3.9226332768e-01 1.5057578376e-01
3.8384521679e-01 1.7089890123e-01
3.7437501285e-01 1.9075359670e-01
3.7437501285e-01 -1.9075359670e-01
3.8384521679e-01 -1.7089890123e-01
3.9226332768e-01 -1.5057578376e-01
3.9960627205e-01 -1.2983994853e-01
4.0585392341e-01 -1.0874823102e-01
4.1098915737e-01 -8.7358442175e-02
4.1499789862e-01 -6.5729209909e-02
4.1786915948e-01 -4.3919818448e-02
4.1959507002e-01 -2.1990045818e-02
4.2017089963e-01 -1.0291218947e-16

4.3865028251e-01 0.0000000000e+00
4.3804912755e-01 2.2957181992e-02
4.3624731037e-01 4.5851439943e-02
4.3324976964e-01 6.8620022285e-02
4.2906472140e-01 9.1200521915e-02
4.2370363659e-01 1.1353104725e-01
4.1718120956e-01 1.3555039188e-01
4.0951531783e-01 1.5719820231e-01
4.0072697308e-01 1.7841514339e-01
3.9084026356e-01 1.9914306097e-01
3.9084026356e-01 -1.9914306097e-01
4.0072697308e-01 -1.7841514339e-01
4.0951531783e-01 -1.5719820231e-01
4.1718120956e-01 -1.3555039188e-01
4.2370363659e-01 -1.1353104725e-01
4.2906472140e-01 -9.1200521915e-02
4.3324976964e-01 -6.8620022285e-02
4.3624731037e-01 -4.5851439943e-02
4.3804912755e-01 -2.2957181992e-02
4.3865028251e-01 -1.0743833288e-16

4.5913531265e-01 0.0000000000e+00
4.5850608366e-01 2.4029285632e-02
4.5662012137e-01 4.7992708663e-02
4.5348259506e-01 7.1824587015e-02
4.4910210448e-01 9.5459599167e-02
4.4349065625e-01 1.1883296319e-01
4.3666363096e-01 1.4188061433e-01
4.2863974100e-01 1.6453938056e-01
4.1944097931e-01 1.8674715578e-01
4.0909255905e-01 2.0844307004e-01
4.0909255905e-01 -2.0844307004e-01
4.1944097931e-01 -1.8674715578e-01
4.2863974100e-01 -1.6453938056e-01
4.3666363096e-01 -1.4188061433e-01
4.4349065625e-01 -1.1883296319e-01
4.4910210448e-01 -9.5459599167e-02
4.5348259506e-01 -7.1824587015e-02
4.5662012137e-01 -4.7992708663e-02
4.5850608366e-01 -2.4029285632e-02
4.5913531265e-01 -1.1245571820e-16

4.8184367160e-01 0.0000000000e+00
4.8118332160e-01 2.5217749313e-02
4.7920408155e-01 5.0366378528e-02
4.7591137643e-01 7.5376957000e-02
4.7131423131e-01 1.0018093247e-01
4.6542524663e-01 1.2471031897e-01
4.5826056371e-01 1.4889788316e-01
4.4983982044e-01 1.7267732859e-01
4.4018609748e-01 1.9598347747e-01
4.2932585504e-01 2.1875244927e-01
4.2932585504e-01 -2.1875244927e-01
4.4018609748e-01 -1.9598347747e-01
4.4983982044e-01 -1.7267732859e-01
4.5826056371e-01 -1.4889788316e-01
4.6542524663e-01 -1.2471031897e-01
4.7131423131e-01 -1.0018093247e-01
4.7591137643e-01 -7.5376957000e-02
4.7920408155e-01 -5.0366378528e-02
4.8118332160e-01 -2.5217749313e-02
4.8184367160e-01 -1.1801766202e-16

5.0701666685e-01 0.0000000000e+00
5.0632181813e-01 2.6535202091e-02
5.0423917650e-01 5.2997673037e-02
5.0077445034e-01 7.9314881045e-02
4.9593713621e-01 1.0541469248e-01
4.8974049287e-01 1.3122556957e-01
4.8220150488e-01 1.5667676649e-01
4.7334083608e-01 1.8169852328e-01
4.6318277295e-01 2.0622225706e-01
4.5175515804e-01 2.3018074996e-01
4.5175515804e-01 -2.3018074996e-01
4.6318277295e-01 -2.0622225706e-01
4.7334083608e-01 -1.8169852328e-01
4.8220150488e-01 -1.5667676649e-01
4.8974049287e-01 -1.3122556957e-01
4.9593713621e-01 -1.0541469248e-01
5.0077445034e-01 -7.9314881045e-02
5.0423917650e-01 -5.2997673037e-02
5.0632181813e-01 -2.6535202091e-02
5.0701666685e-01 -1.2418326763e-16

5.3492179602e-01 0.0000000000e+00
5.3418870429e-01 2.7995643710e-02
5.3199143846e-01 5.5914553307e-02
5.2833602106e-01 8.3680204999e-02
5.2323247136e-01 1.1121649507e-01
5.1669477782e-01 1.3844794845e-01
5.0874085982e-01 1.6529992563e-01
4.9939251848e-01 1.9169882721e-01
4.8867537695e-01 2.1757229562e-01
4.7661881019e-01 2.4284941350e-01
4.7661881019e-01 -2.4284941350e-01
4.8867537695e-01 -2.1757229562e-01
4.9939251848e-01 -1.9169882721e-01
5.0874085982e-01 -1.6529992563e-01
5.1669477782e-01 -1.3844794845e-01
5.2323247136e-01 -1.1121649507e-01
5.2833602106e-01 -8.3680204999e-02
5.3199143846e-01 -5.5914553307e-02
5.3418870429e-01 -2.7995643710e-02
5.3492179602e-01 -1.3101805306e-16

5.6585558942e-01 0.0000000000e+00
5.6508010400e-01 2.9614593368e-02
5.6275577329e-01 5.9148015193e-02
5.5888896813e-01 8.8519316421e-02
5.5349028715e-01 1.1764799235e-01
5.4657452777e-01 1.4645420332e-01
5.3816064560e-01 1.7485899349e-01
5.2827170250e-01 2.0278450732e-01
5.1693480339e-01 2.3015420291e-01
5.0418102192e-01 2.5689306182e-01
5.0418102192e-01 -2.5689306182e-01
5.1693480339e-01 -2.3015420291e-01
5.2827170250e-01 -2.0278450732e-01
5.3816064560e-01 -1.7485899349e-01
5.4657452777e-01 -1.4645420332e-01
5.5349028715e-01 -1.1764799235e-01
5.5888896813e-01 -8.8519316421e-02
5.6275577329e-01 -5.9148015193e-02
5.6508010400e-01 -2.9614593368e-02
5.6585558942e-01 -1.3859464727e-16

6.0014676104e-01 0.0000000000e+00
5.9932428076e-01 3.1409254625e-02
5.9685909429e-01 6.2732418667e-02
5.9275795853e-01 9.3883637509e-02
5.8703211440e-01 1.2477752783e-01
5.7969725605e-01 1.5532941161e-01
5.7077348782e-01 1.8545554828e-01
5.6028526914e-01 2.1507336418e-01
5.4826134747e-01 2.4410167894e-01
5.3473467956e-01 2.7246092796e-01
5.3473467956e-01 -2.7246092796e-01
5.4826134747e-01 -2.4410167894e-01
5.6028526914e-01 -2.1507336418e-01
5.7077348782e-01 -1.8545554828e-01
5.7969725605e-01 -1.5532941161e-01
5.8703211440e-01 -1.2477752783e-01
5.9275795853e-01 -9.3883637509e-02
5.9685909429e-01 -6.2732418667e-02
5.9932428076e-01 -3.1409254625e-02
6.0014676104e-01 -1.4699356199e-16

6.3815970166e-01 0.0000000000e+00
6.3728512597e-01 3.3398698222e-02
6.3466379605e-01 6.6705852934e-02
6.3030289677e-01 9.9830171540e-02
6.2421438107e-01 1.3268086258e-01
6.1641493713e-01 1.6516788461e-01
6.0692594270e-01 1.9720219294e-01
5.9577340645e-01 2.2869598377e-01
5.8298789671e-01 2.5956293480e-01
5.6860445766e-01 2.8971844187e-01
5.6860445766e-01 -2.8971844187e-01
5.8298789671e-01 -2.5956293480e-01
5.9577340645e-01 -2.2869598377e-01
6.0692594270e-01 -1.9720219294e-01
6.1641493713e-01 -1.6516788461e-01
6.2421438107e-01 -1.3268086258e-01
6.3030289677e-01 -9.9830171540e-02
6.3466379605e-01 -6.6705852934e-02
6.3728512597e-01 -3.3398698222e-02
6.3815970166e-01 -1.5630404720e-16

6.8029835095e-01 0.0000000000e+00
6.7936602570e-01 3.5604064727e-02
6.7657160540e-01 7.1110541188e-02
6.7192274936e-01 1.0642210860e-01
6.6543219976e-01 1.4144198041e-01
6.5711774676e-01 1.7607416958e-01
6.4700217969e-01 2.1022375169e-01
6.3511322462e-01 2.4379712511e-01
6.2148346835e-01 2.7670226755e-01
6.0615026909e-01 3.0884898832e-01
6.0615026909e-01 -3.0884898832e-01
6.2148346835e-01 -2.7670226755e-01
6.3511322462e-01 -2.4379712511e-01
6.4700217969e-01 -2.1022375169e-01
6.5711774676e-01 -1.7607416958e-01
6.6543219976e-01 -1.4144198041e-01
6.7192274936e-01 -1.0642210860e-01
6.7657160540e-01 -7.1110541188e-02
6.7936602570e-01 -3.5604064727e-02
6.8029835095e-01 -1.6662503959e-16

7.2701048988e-01 0.0000000000e+00
7.2601414727e-01 3.8048789186e-02
7.2302785034e-01 7.5993289286e-02
7.1805978434e-01 1.1372949706e-01
7.1112356638e-01 1.5115398019e-01
7.0223820815e-01 1.8816416077e-01
6.9142806381e-01 2.2465859646e-01
6.7872276321e-01 2.6053725855e-01
6.6415713069e-01 2.9570180613e-01
6.4777108963e-01 3.3005585561e-01
6.4777108963e-01 -3.3005585561e-01
6.6415713069e-01 -2.9570180613e-01
6.7872276321e-01 -2.6053725855e-01
6.9142806381e-01 -2.2465859646e-01
7.0223820815e-01 -1.8816416077e-01
7.1112356638e-01 -1.5115398019e-01
7.1805978434e-01 -1.1372949706e-01
7.2302785034e-01 -7.5993289286e-02
7.2601414727e-01 -3.8048789186e-02
7.2701048988e-01 -1.7806621387e-16

7.7879249904e-01 0.0000000000e+00
7.7772519099e-01 4.0758850152e-02
7.7452619225e-01 8.1405983129e-02
7.6920427105e-01 1.2182998797e-01
7.6177401441e-01 1.6192006527e-01
7.5225578815e-01 2.0156633094e-01
7.4067568106e-01 2.4066011730e-01
7.2706543341e-01 2.7909427100e-01
7.1146234995e-01 3.1676344671e-01
6.9390919764e-01 3.5356439583e-01
6.9390919764e-01 -3.5356439583e-01
7.1146234995e-01 -3.1676344671e-01
7.2706543341e-01 -2.7909427100e-01
7.4067568106e-01 -2.4066011730e-01
7.5225578815e-01 -2.0156633094e-01
7.6177401441e-01 -1.6192006527e-01
7.6920427105e-01 -1.2182998797e-01
7.7452619225e-01 -8.1405983129e-02
7.7772519099e-01 -4.0758850152e-02
7.7879249904e-01 -1.9074914823e-16

8.3619463336e-01 0.0000000000e+00
8.3504865768e-01 4.3763045742e-02
8.3161387167e-01 8.7406140018e-02
8.2589968984e-01 1.3080966014e-01
8.1792177437e-01 1.7385464008e-01
8.0770199217e-01 2.1642309653e-01
7.9526835495e-01 2.5839835231e-01
7.8065494245e-01 2.9966535618e-01
7.6390180901e-01 3.4011099813e-01
7.4505487382e-01 3.7962441948e-01
7.4505487382e-01 -3.7962441948e-01
7.6390180901e-01 -3.4011099813e-01
7.8065494245e-01 -2.9966535618e-01
7.9526835495e-01 -2.5839835231e-01
8.0770199217e-01 -2.1642309653e-01
8.1792177437e-01 -1.7385464008e-01
8.2589968984e-01 -1.3080966014e-01
8.3161387167e-01 -8.7406140018e-02
8.3504865768e-01 -4.3763045742e-02
8.3619463336e-01 -2.0480861624e-16

8.9982686930e-01 0.0000000000e+00
8.9859368785e-01 4.7093299658e-02
8.9489752356e-01 9.4057519855e-02
8.8874850736e-01 1.4076393493e-01
8.8016349328e-01 1.8708452584e-01
8.6916601225e-01 2.3289233107e-01
8.5578620759e-01 2.7806179461e-01
8.4006075241e-01 3.2246911010e-01
8.2203274911e-01 3.6599256017e-01
8.0175161119e-01 4.0851285007e-01
8.0175161119e-01 -4.0851285007e-01
8.2203274911e-01 -3.6599256017e-01
8.4006075241e-01 -3.2246911010e-01
8.5578620759e-01 -2.7806179461e-01
8.6916601225e-01 -2.3289233107e-01
8.8016349328e-01 -1.8708452584e-01
8.8874850736e-01 -1.4076393493e-01
8.9489752356e-01 -9.4057519855e-02
8.9859368785e-01 -4.7093299658e-02
8.9982686930e-01 -2.2039401906e-16

9.7036538670e-01 0.0000000000e+00
9.6903553466e-01 5.0785000418e-02
9.6504962358e-01 1.0143080268e-01
9.5841857856e-01 1.5179859016e-01
9.4916057483e-01 2.0175030826e-01
9.3730098795e-01 2.5114904279e-01
9.2287232421e-01 2.9985939524e-01
9.0591413157e-01 3.4774785394e-01
8.8647289127e-01 3.9468315994e-01
8.6460189039e-01 4.4053666684e-01
8.6460189039e-01 -4.4053666684e-01
8.8647289127e-01 -3.9468315994e-01
9.0591413157e-01 -3.4774785394e-01
9.2287232421e-01 -2.9985939524e-01
9.3730098795e-01 -2.5114904279e-01
9.4916057483e-01 -2.0175030826e-01
9.5841857856e-01 -1.5179859016e-01
9.6504962358e-01 -1.0143080268e-01
9.6903553466e-01 -5.0785000418e-02
9.7036538670e-01 -2.3767097296e-16

1.0485597541e+00 0.0000000000e+00
1.0471227394e+00 5.4877377409e-02
1.0428156341e+00 1.0960433974e-01
1.0356502436e+00 1.6403088420e-01
1.0256462077e+00 2.1800783140e-01
1.0128309469e+00 2.7138723429e-01
9.9723958688e-01 3.2402278364e-01
9.7891486245e-01 3.7577020906e-01
9.5790700044e-01 4.2648767445e-01
9.3427358192e-01 4.7603616678e-01
9.3427358192e-01 -4.7603616678e-01
9.5790700044e-01 -4.2648767445e-01
9.7891486245e-01 -3.7577020906e-01
9.9723958688e-01 -3.2402278364e-01
1.0128309469e+00 -2.7138723429e-01
1.0256462077e+00 -2.1800783140e-01
1.0356502436e+00 -1.6403088420e-01
1.0428156341e+00 -1.0960433974e-01
1.0471227394e+00 -5.4877377409e-02
1.0485597541e+00 -2.5682306932e-16

1.1352408940e+00 0.0000000000e+00
1.1336850858e+00 5.9413917755e-02
1.1290219256e+00 1.1866498609e-01
1.1212641948e+00 1.7759080195e-01
1.1104331568e+00 2.3602985376e-01
1.0965584986e+00 2.9382196415e-01
1.0796782498e+00 3.5080872897e-01
1.0598386780e+00 4.0683395143e-01
1.0370941621e+00 4.6174407032e-01
1.0115070431e+00 5.1538858081e-01
1.0115070431e+00 -5.1538858081e-01
1.0370941621e+00 -4.6174407032e-01
1.0598386780e+00 -4.0683395143e-01
1.0796782498e+00 -3.5080872897e-01
1.0965584986e+00 -2.9382196415e-01
1.1104331568e+00 -2.3602985376e-01
1.1212641948e+00 -1.7759080195e-01
1.1290219256e+00 -1.1866498609e-01
1.1336850858e+00 -5.9413917755e-02
1.1352408940e+00 -2.7805382543e-16

1.2313299125e+00 0.0000000000e+00
1.2296424177e+00 6.4442828423e-02
1.2245845584e+00 1.2870902353e-01
1.2161701980e+00 1.9262243615e-01
1.2044223997e+00 2.5600788407e-01
1.1893733632e+00 3.1869163217e-01
1.1710643370e+00 3.8050186865e-01
1.1495455049e+00 4.4126917597e-01
1.1248758484e+00 5.0082699514e-01
1.0971229855e+00 5.5901208233e-01
1.0971229855e+00 -5.5901208233e-01
1.1248758484e+00 -5.0082699514e-01
1.1495455049e+00 -4.4126917597e-01
1.1710643370e+00 -3.8050186865e-01
1.1893733632e+00 -3.1869163217e-01
1.2044223997e+00 -2.5600788407e-01
1.2161701980e+00 -1.9262243615e-01
1.2245845584e+00 -1.2870902353e-01
1.2296424177e+00 -6.4442828423e-02
1.2313299125e+00 -3.0158884721e-16

1.3378478873e+00 0.0000000000e+00
1.3360144133e+00 7.0017548490e-02
1.3305190166e+00 1.3984318375e-01
1.3213767598e+00 2.0928551856e-01
1.3086127011e+00 2.7815421631e-01
1.2922618260e+00 3.4626051269e-01
1.2723689510e+00 4.1341773307e-01
1.2489886012e+00 4.7944180418e-01
1.2221848605e+00 5.4415175863e-01
1.1920311960e+00 6.0737023094e-01
1.1920311960e+00 -6.0737023094e-01
1.2221848605e+00 -5.4415175863e-01
1.2489886012e+00 -4.7944180418e-01
1.2723689510e+00 -4.1341773307e-01
1.2922618260e+00 -3.4626051269e-01
1.3086127011e+00 -2.7815421631e-01
1.3213767598e+00 -2.0928551856e-01
1.3305190166e+00 -1.3984318375e-01
1.3360144133e+00 -7.0017548490e-02
1.3378478873e+00 -3.2767822659e-16

1.4559267181e+00 0.0000000000e+00
1.4539314211e+00 7.6197317009e-02
1.4479509992e+00 1.5218578247e-01
1.4380018442e+00 2.2775711728e-01
1.4241112261e+00 3.0270418566e-01
1.4063172182e+00 3.7682156291e-01
1.3846685925e+00 4.4990609844e-01
1.3592246864e+00 5.2175747264e-01
1.3300552399e+00 5.9217874587e-01
1.2972402045e+00 6.6097689831e-01
1.2972402045e+00 -6.6097689831e-01
1.3300552399e+00 -5.9217874587e-01
1.3592246864e+00 -5.2175747264e-01
1.3846685925e+00 -4.4990609844e-01
1.4063172182e+00 -3.7682156291e-01
1.4241112261e+00 -3.0270418566e-01
1.4380018442e+00 -2.2775711728e-01
1.4479509992e+00 -1.5218578247e-01
1.4539314211e+00 -7.6197317009e-02
1.4559267181e+00 -3.5659919901e-16

1.5868211544e+00 0.0000000000e+00
1.5846464712e+00 8.3047802502e-02
1.5781283821e+00 1.6586797675e-01
1.5672847528e+00 2.4823351840e-01
1.5521453050e+00 3.2991866924e-01
1.5327515347e+00 4.1069953593e-01
1.5091565991e+00 4.9035470374e-01
1.4814251701e+00 5.6866584340e-01
1.4496332577e+00 6.4541830950e-01
1.4138680013e+00 7.2040172889e-01
1.4138680013e+00 -7.2040172889e-01
1.4496332577e+00 -6.4541830950e-01
1.4814251701e+00 -5.6866584340e-01
1.5091565991e+00 -4.9035470374e-01
1.5327515347e+00 -4.1069953593e-01
1.5521453050e+00 -3.2991866924e-01
1.5672847528e+00 -2.4823351840e-01
1.5781283821e+00 -1.6586797675e-01
1.5846464712e+00 -8.3047802502e-02
1.5868211544e+00 -3.8865908951e-16

1.7319221294e+00 0.0000000000e+00
1.7295485903e+00 9.0641800780e-02
1.7224344788e+00 1.8103515869e-01
1.7105992940e+00 2.7093231180e-01
1.6940754755e+00 3.6008685829e-01
1.6729083139e+00 4.4825443172e-01
1.6471558269e+00 5.3519337092e-01
1.6168886002e+00 6.2066538229e-01
1.5821895943e+00 7.0443619298e-01
1.5431539167e+00 7.8627619304e-01
1.5431539167e+00 -7.8627619304e-01
1.5821895943e+00 -7.0443619298e-01
1.6168886002e+00 -6.2066538229e-01
1.6471558269e+00 -5.3519337092e-01
1.6729083139e+00 -4.4825443172e-01
1.6940754755e+00 -3.6008685829e-01
1.7105992940e+00 -2.7093231180e-01
1.7224344788e+00 -1.8103515869e-01
1.7295485903e+00 -9.0641800780e-02
1.7319221294e+00 -4.2419857843e-16

1.8927715401e+00 0.0000000000e+00
1.8901775624e+00 9.9060008498e-02
1.8824027395e+00 1.9784850040e-01
1.8694683815e+00 2.9609470331e-01
1.8514099406e+00 3.9352933122e-01
1.8282769138e+00 4.8988532259e-01
1.8001327070e+00 5.8489857235e-01
1.7670544616e+00 6.7830865577e-01
1.7291328428e+00 7.6985954231e-01
1.6864717910e+00 8.5930029736e-01
1.6864717910e+00 -8.5930029736e-01
1.7291328428e+00 -7.6985954231e-01
1.7670544616e+00 -6.7830865577e-01
1.8001327070e+00 -5.8489857235e-01
1.8282769138e+00 -4.8988532259e-01
1.8514099406e+00 -3.9352933122e-01
1.8694683815e+00 -2.9609470331e-01
1.8824027395e+00 -1.9784850040e-01
1.8901775624e+00 -9.9060008498e-02
1.8927715401e+00 -4.6359532161e-16

2.0710786321e+00 0.0000000000e+00
2.0682402908e+00 1.0839188067e-01
2.0597330467e+00 2.1648666672e-01
2.0455802174e+00 3.2398807787e-01
2.0258205949e+00 4.3060146022e-01
2.0005083390e+00 5.3603459390e-01
1.9697128288e+00 6.3999849401e-01
1.9335184727e+00 7.4220820274e-01
1.8920244768e+00 8.4238357037e-01
1.8453445733e+00 9.4025002319e-01
1.8453445733e+00 -9.4025002319e-01
1.8920244768e+00 -8.4238357037e-01
1.9335184727e+00 -7.4220820274e-01
1.9697128288e+00 -6.3999849401e-01
2.0005083390e+00 -5.3603459390e-01
2.0258205949e+00 -4.3060146022e-01
2.0455802174e+00 -3.2398807787e-01
2.0597330467e+00 -2.1648666672e-01
2.0682402908e+00 -1.0839188067e-01
2.0710786321e+00 -5.0726796352e-16

2.2687381632e+00 0.0000000000e+00
2.2656289364e+00 1.1873658123e-01
2.2563097781e+00 2.3714771375e-01
2.2408062316e+00 3.5490884087e-01
2.2191607910e+00 4.7169718753e-01
2.1914327849e+00 5.8719264498e-01
2.1576982139e+00 7.0107864821e-01
2.1180495420e+00 8.1304304359e-01
2.0725954435e+00 9.2277894451e-01
2.0214605051e+00 1.0299855725e+00
2.0214605051e+00 -1.0299855725e+00
2.0725954435e+00 -9.2277894451e-01
2.1180495420e+00 -8.1304304359e-01
2.1576982139e+00 -7.0107864821e-01
2.1914327849e+00 -5.8719264498e-01
2.2191607910e+00 -4.7169718753e-01
2.2408062316e+00 -3.5490884087e-01
2.2563097781e+00 -2.3714771375e-01
2.2656289364e+00 -1.1873658123e-01
2.2687381632e+00 -5.5568058593e-16

2.4878505370e+00 0.0000000000e+00
2.4844410243e+00 1.3020403685e-01
2.4742218315e+00 2.6005119348e-01
2.4572209686e+00 3.8918556786e-01
2.4334850338e+00 5.1725321166e-01
2.4030790857e+00 6.4390310035e-01
2.3660864648e+00 7.6878809541e-01
2.3226085654e+00 8.9156589573e-01
2.2727645574e+00 1.0118999759e+00
2.2166910597e+00 1.1294605086e+00
2.2166910597e+00 -1.1294605086e+00
2.2727645574e+00 -1.0118999759e+00
2.3226085654e+00 -8.9156589573e-01
2.3660864648e+00 -7.6878809541e-01
2.4030790857e+00 -6.4390310035e-01
2.4334850338e+00 -5.1725321166e-01
2.4572209686e+00 -3.8918556786e-01
2.4742218315e+00 -2.6005119348e-01
2.4844410243e+00 -1.3020403685e-01
2.4878505370e+00 -6.0934763939e-16

2.7307441234e+00 0.0000000000e+00
2.7270017335e+00 1.4291610495e-01
2.7157848214e+00 2.8544048680e-01
2.6971241318e+00 4.2718249611e-01
2.6710708125e+00 5.6775362789e-01
2.6376962738e+00 7.0676858644e-01
2.5970919929e+00 8.4384634142e-01
2.5493692634e+00 9.7861117224e-01
2.4946588899e+00 1.1106936979e+00
2.4331108298e+00 1.2397318892e+00
2.4331108298e+00 -1.2397318892e+00
2.4946588899e+00 -1.1106936979e+00
2.5493692634e+00 -9.7861117224e-01
2.5970919929e+00 -8.4384634142e-01
2.6376962738e+00 -7.0676858644e-01
2.6710708125e+00 -5.6775362789e-01
2.6971241318e+00 -4.2718249611e-01
2.7157848214e+00 -2.8544048680e-01
2.7270017335e+00 -1.4291610495e-01
2.7307441234e+00 -6.6883941000e-16

3.0000000000e+00 0.0000000000e+00
2.9958886043e+00 1.5700786873e-01
2.9835656861e+00 3.1358538980e-01
2.9630650218e+00 4.6930339512e-01
2.9344428022e+00 6.2373507245e-01
2.8977774789e+00 7.7645713531e-01
2.8531695489e+00 9.2705098312e-01
2.8007412795e+00 1.0751038486e+00
2.7406363729e+00 1.2202099292e+00
2.6730195726e+00 1.3619714992e+00
2.6730195726e+00 -1.3619714992e+00
2.7406363729e+00 -1.2202099292e+00
2.8007412795e+00 -1.0751038486e+00
2.8531695489e+00 -9.2705098312e-01
2.8977774789e+00 -7.7645713531e-01
2.9344428022e+00 -6.2373507245e-01
2.9630650218e+00 -4.6930339512e-01
2.9835656861e+00 -3.1358538980e-01
2.9958886043e+00 -1.5700786873e-01
3.0000000000e+00 -7.3478807949e-16

