2.5000000000e-01 0.0000000000e+00
2.5001000000e-01 0.0000000000e+00
2.5002108534e-01 0.0000000000e+00
2.5003337383e-01 0.0000000000e+00
2.5004699603e-01 0.0000000000e+00
2.5006209671e-01 0.0000000000e+00
2.5007883634e-01 0.0000000000e+00
2.5009739279e-01 0.0000000000e+00
2.5011796325e-01 0.0000000000e+00
2.5014076631e-01 0.0000000000e+00
2.5016604428e-01 0.0000000000e+00
2.5019406579e-01 0.0000000000e+00
2.5022512859e-01 0.0000000000e+00
2.5025956276e-01 0.0000000000e+00
2.5029773423e-01 0.0000000000e+00
2.5034004861e-01 0.0000000000e+00
2.5038695556e-01 0.0000000000e+00
2.5043895352e-01 0.0000000000e+00
2.5049659504e-01 0.0000000000e+00
2.5056049264e-01 0.0000000000e+00
2.5063132533e-01 0.0000000000e+00
2.5070984580e-01 0.0000000000e+00
2.5079688843e-01 0.0000000000e+00
2.5089337817e-01 0.0000000000e+00
2.5100034037e-01 0.0000000000e+00
2.5111891163e-01 0.0000000000e+00
2.5125035194e-01 0.0000000000e+00
2.5139605804e-01 0.0000000000e+00
2.5155757825e-01 0.0000000000e+00
2.5173662894e-01 0.0000000000e+00
2.5193511279e-01 0.0000000000e+00
2.5215513894e-01 0.0000000000e+00
2.5239904547e-01 0.0000000000e+00
2.5266942424e-01 0.0000000000e+00
2.5296914839e-01 0.0000000000e+00
2.5330140289e-01 0.0000000000e+00
2.5366971841e-01 0.0000000000e+00
2.5407800880e-01 0.0000000000e+00
2.5453061271e-01 0.0000000000e+00
2.5503233968e-01 0.0000000000e+00
2.5558852125e-01 0.0000000000e+00
2.5620506760e-01 0.0000000000e+00
2.5688853039e-01 0.0000000000e+00
2.5764617236e-01 0.0000000000e+00
2.5848604447e-01 0.0000000000e+00
2.5941707154e-01 0.0000000000e+00
2.6044914700e-01 0.0000000000e+00
2.6159323806e-01 0.0000000000e+00
2.6286150227e-01 0.0000000000e+00
2.6426741668e-01 0.0000000000e+00
2.6582592104e-01 0.0000000000e+00
2.6755357662e-01 0.0000000000e+00
2.6946874213e-01 0.0000000000e+00
2.7159176881e-01 0.0000000000e+00
2.7394521676e-01 0.0000000000e+00
2.7655409458e-01 0.0000000000e+00
2.7944612518e-01 0.0000000000e+00
2.8265204035e-01 0.0000000000e+00
2.8620590735e-01 0.0000000000e+00
2.9014549089e-01 0.0000000000e+00
2.9451265444e-01 0.0000000000e+00
2.9935380512e-01 0.0000000000e+00
3.0472038680e-01 0.0000000000e+00
3.1066942678e-01 0.0000000000e+00
3.1726414176e-01 0.0000000000e+00
3.2457460965e-01 0.0000000000e+00
3.3267851420e-01 0.0000000000e+00
3.4166197052e-01 0.0000000000e+00
3.5162044016e-01 0.0000000000e+00
3.6265974553e-01 0.0000000000e+00
3.7489719441e-01 0.0000000000e+00
3.8846282648e-01 0.0000000000e+00
4.0350079520e-01 0.0000000000e+00
4.2017089963e-01 0.0000000000e+00
4.3865028251e-01 0.0000000000e+00
4.5913531265e-01 0.0000000000e+00
4.8184367160e-01 0.0000000000e+00
5.0701666685e-01 0.0000000000e+00
5.3492179602e-01 0.0000000000e+00
5.6585558942e-01 0.0000000000e+00
6.0014676104e-01 0.0000000000e+00
6.3815970166e-01 0.0000000000e+00
6.8029835095e-01 0.0000000000e+00
7.2701048988e-01 0.0000000000e+00
7.7879249904e-01 0.0000000000e+00
8.3619463336e-01 0.0000000000e+00
8.9982686930e-01 0.0000000000e+00
9.7036538670e-01 0.0000000000e+00
1.0485597541e+00 0.0000000000e+00
1.1352408940e+00 0.0000000000e+00
1.2313299125e+00 0.0000000000e+00
1.3378478873e+00 0.0000000000e+00
1.4559267181e+00 0.0000000000e+00
1.5868211544e+00 0.0000000000e+00
1.7319221294e+00 0.0000000000e+00
1.8927715401e+00 0.0000000000e+00
2.0710786321e+00 0.0000000000e+00
2.2687381632e+00 0.0000000000e+00
2.4878505370e+00 0.0000000000e+00
2.7307441234e+00 0.0000000000e+00
3.0000000000e+00 0.0000000000e+00

2.4965738369e-01 1.3083989061e-02
2.4966736998e-01 1.3084512420e-02
2.4967844014e-01 1.3085092582e-02
2.4969071178e-01 1.3085735712e-02
2.4970431531e-01 1.3086448643e-02
2.4971939530e-01 1.3087238952e-02
2.4973611199e-01 1.3088115036e-02
2.4975464300e-01 1.3089086205e-02
2.4977518527e-01 1.3090162780e-02
2.4979795708e-01 1.3091356200e-02
2.4982320041e-01 1.3092679147e-02
2.4985118352e-01 1.3094145679e-02
2.4988220374e-01 1.3095771381e-02
2.4991659073e-01 1.3097573526e-02
2.4995470989e-01 1.3099571266e-02
2.4999696628e-01 1.3101785830e-02
2.5004380894e-01 1.3104240750e-02
2.5009573564e-01 1.3106962113e-02
2.5015329816e-01 1.3109978837e-02
2.5021710820e-01 1.3113322979e-02
2.5028784381e-01 1.3117030076e-02
2.5036625667e-01 1.3121139519e-02
2.5045318001e-01 1.3125694979e-02
2.5054953752e-01 1.3130744862e-02
2.5065635312e-01 1.3136342830e-02
2.5077476189e-01 1.3142548371e-02
2.5090602206e-01 1.3149427425e-02
2.5105152848e-01 1.3157053093e-02
2.5121282733e-01 1.3165506408e-02
2.5139163264e-01 1.3174877197e-02
2.5158984447e-01 1.3185265039e-02
2.5180956908e-01 1.3196780318e-02
2.5205314135e-01 1.3209545400e-02
2.5232314958e-01 1.3223695931e-02
2.5262246296e-01 1.3239382281e-02
2.5295426212e-01 1.3256771138e-02
2.5332207288e-01 1.3276047283e-02
2.5372980372e-01 1.3297415551e-02
2.5418178735e-01 1.3321103009e-02
2.5468282672e-01 1.3347361370e-02
2.5523824606e-01 1.3376469664e-02
2.5585394746e-01 1.3408737207e-02
2.5653647359e-01 1.3444506886e-02
2.5729307723e-01 1.3484158803e-02
2.5813179833e-01 1.3528114313e-02
2.5906154946e-01 1.3576840505e-02
2.6009221049e-01 1.3630855161e-02
2.6123473362e-01 1.3690732261e-02
2.6250125972e-01 1.3757108081e-02
2.6390524737e-01 1.3830687956e-02
2.6546161586e-01 1.3912253772e-02
2.6718690375e-01 1.4002672279e-02
2.6909944458e-01 1.4102904297e-02
2.7121956173e-01 1.4214014929e-02
2.7356978436e-01 1.4337184877e-02
2.7617508681e-01 1.4473722993e-02
2.7906315398e-01 1.4625080180e-02
2.8226467556e-01 1.4792864816e-02
2.8581367210e-01 1.4978859844e-02
2.8974785657e-01 1.5185041715e-02
2.9410903508e-01 1.5413601396e-02
2.9894355114e-01 1.5666967646e-02
3.0430277810e-01 1.5947832830e-02
3.1024366513e-01 1.6259181526e-02
3.1682934228e-01 1.6604322241e-02
3.2412979143e-01 1.6986922568e-02
3.3222258986e-01 1.7411048162e-02
3.4119373466e-01 1.7881205939e-02
3.5113855657e-01 1.8402391970e-02
3.6216273296e-01 1.8980144573e-02
3.7438341083e-01 1.9620603162e-02
3.8793045168e-01 2.0330573489e-02
4.0294781138e-01 2.1117599962e-02
4.1959507002e-01 2.1990045818e-02
4.3804912755e-01 2.2957181992e-02
4.5850608366e-01 2.4029285632e-02
4.8118332160e-01 2.5217749313e-02
5.0632181813e-01 2.6535202091e-02
5.3418870429e-01 2.7995643710e-02
5.6508010400e-01 2.9614593368e-02
5.9932428076e-01 3.1409254625e-02
6.3728512597e-01 3.3398698222e-02
6.7936602570e-01 3.5604064727e-02
7.2601414727e-01 3.8048789186e-02
7.7772519099e-01 4.0758850152e-02
8.3504865768e-01 4.3763045742e-02
8.9859368785e-01 4.7093299658e-02
9.6903553466e-01 5.0785000418e-02
1.0471227394e+00 5.4877377409e-02
1.1336850858e+00 5.9413917755e-02
1.2296424177e+00 6.4442828423e-02
1.3360144133e+00 7.0017548490e-02
1.4539314211e+00 7.6197317009e-02
1.5846464712e+00 8.3047802502e-02
1.7295485903e+00 9.0641800780e-02
1.8901775624e+00 9.9060008498e-02
2.0682402908e+00 1.0839188067e-01
2.2656289364e+00 1.1873658123e-01
2.4844410243e+00 1.3020403685e-01
2.7270017335e+00 1.4291610495e-01
2.9958886043e+00 1.5700786873e-01

2.4863047384e-01 2.6132115817e-02
2.4864041906e-01 2.6133161102e-02
2.4865144368e-01 2.6134319835e-02
2.4866366484e-01 2.6135604332e-02
2.4867721243e-01 2.6137028240e-02
2.4869223038e-01 2.6138606691e-02
2.4870887831e-01 2.6140356458e-02
2.4872733310e-01 2.6142296135e-02
2.4874779087e-01 2.6144446334e-02
2.4877046902e-01 2.6146829903e-02
2.4879560852e-01 2.6149472171e-02
2.4882347652e-01 2.6152401215e-02
2.4885436915e-01 2.6155648162e-02
2.4888861469e-01 2.6159247514e-02
2.4892657705e-01 2.6163237519e-02
2.4896865963e-01 2.6167660576e-02
2.4901530962e-01 2.6172563687e-02
2.4906702273e-01 2.6177998954e-02
2.4912434848e-01 2.6184024133e-02
2.4918789605e-01 2.6190703252e-02
2.4925834071e-01 2.6198107284e-02
2.4933643103e-01 2.6206314907e-02
2.4942299683e-01 2.6215413340e-02
2.4951895800e-01 2.6225499265e-02
2.4962533424e-01 2.6236679858e-02
2.4974325595e-01 2.6249073930e-02
2.4987397622e-01 2.6262813184e-02
2.5001888413e-01 2.6278043618e-02
2.5017951951e-01 2.6294927078e-02
2.5035758935e-01 2.6313642972e-02
2.5055498588e-01 2.6334390183e-02
2.5077380670e-01 2.6357389178e-02
2.5101637709e-01 2.6382884354e-02
2.5128527470e-01 2.6411146631e-02
2.5158335693e-01 2.6442476335e-02
2.5191379130e-01 2.6477206388e-02
2.5228008915e-01 2.6515705843e-02
2.5268614288e-01 2.6558383810e-02
2.5313626738e-01 2.6605693801e-02
2.5363524584e-01 2.6658138551e-02
2.5418838059e-01 2.6716275355e-02
2.5480154943e-01 2.6780721998e-02
2.5548126815e-01 2.6852163313e-02
2.5623475967e-01 2.6931358463e-02
2.5707003088e-01 2.7019149005e-02
2.5799595768e-01 2.7116467834e-02
2.5902237932e-01 2.7224349095e-02
2.6016020293e-01 2.7343939176e-02
2.6142151946e-01 2.7476508885e-02
2.6281973212e-01 2.7623466957e-02
2.6436969883e-01 2.7786375023e-02
2.6608789014e-01 2.7966964206e-02
2.6799256416e-01 2.8167153513e-02
2.7010396069e-01 2.8389070230e-02
2.7244451620e-01 2.8635072528e-02
2.7503910231e-01 2.8907774517e-02
2.7791529007e-01 2.9210074031e-02
2.8110364290e-01 2.9545183418e-02
2.8463804144e-01 2.9916663673e-02
2.8855604353e-01 3.0328462286e-02
2.9289928331e-01 3.0784955182e-02
2.9771391366e-01 3.1290993223e-02
3.0305109664e-01 3.1851953759e-02
3.0896754715e-01 3.2473797765e-02
3.1552613560e-01 3.3163133188e-02
3.2279655598e-01 3.3927285162e-02
3.3085606649e-01 3.4774373851e-02
3.3979031049e-01 3.5713400735e-02
3.4969422660e-01 3.6754344263e-02
3.6067305750e-01 3.7908265890e-02
3.7284346835e-01 3.9187427615e-02
3.8633478647e-01 4.0605422288e-02
4.0129037563e-01 4.2177318050e-02
4.1786915948e-01 4.3919818448e-02
4.3624731037e-01 4.5851439943e-02
4.5662012137e-01 4.7992708663e-02
4.7920408155e-01 5.0366378528e-02
5.0423917650e-01 5.2997673037e-02
5.3199143846e-01 5.5914553307e-02
5.6275577329e-01 5.9148015193e-02
5.9685909429e-01 6.2732418667e-02
6.3466379605e-01 6.6705852934e-02
6.7657160540e-01 7.1110541188e-02
7.2302785034e-01 7.5993289286e-02
7.7452619225e-01 8.1405983129e-02
8.3161387167e-01 8.7406140018e-02
8.9489752356e-01 9.4057519855e-02
9.6504962358e-01 1.0143080268e-01
1.0428156341e+00 1.0960433974e-01
1.1290219256e+00 1.1866498609e-01
1.2245845584e+00 1.2870902353e-01
1.3305190166e+00 1.3984318375e-01
1.4479509992e+00 1.5218578247e-01
1.5781283821e+00 1.6586797675e-01
1.7224344788e+00 1.8103515869e-01
1.8824027395e+00 1.9784850040e-01
2.0597330467e+00 2.1648666672e-01
2.2563097781e+00 2.3714771375e-01
2.4742218315e+00 2.6005119348e-01
2.7157848214e+00 2.8544048680e-01
2.9835656861e+00 3.1358538980e-01

2.4692208515e-01 3.9108616260e-02
2.4693196203e-01 3.9110180605e-02
2.4694291090e-01 3.9111914734e-02
2.4695504809e-01 3.9113837077e-02
2.4696850258e-01 3.9115968059e-02
2.4698341735e-01 3.9118330326e-02
2.4699995088e-01 3.9120948981e-02
2.4701827887e-01 3.9123851849e-02
2.4703859607e-01 3.9127069778e-02
2.4706111839e-01 3.9130636962e-02
2.4708608515e-01 3.9134591309e-02
2.4711376166e-01 3.9138974838e-02
2.4714444203e-01 3.9143834130e-02
2.4717845226e-01 3.9149220822e-02
2.4721615378e-01 3.9155192155e-02
2.4725794720e-01 3.9161811583e-02
2.4730427664e-01 3.9169149446e-02
2.4735563442e-01 3.9177283719e-02
2.4741256628e-01 3.9186300839e-02
2.4747567720e-01 3.9196296627e-02
2.4754563782e-01 3.9207377301e-02
2.4762319157e-01 3.9219660608e-02
2.4770916256e-01 3.9233277075e-02
2.4780446435e-01 3.9248371397e-02
2.4791010966e-01 3.9265103970e-02
2.4802722112e-01 3.9283652602e-02
2.4815704318e-01 3.9304214397e-02
2.4830095540e-01 3.9327007852e-02
2.4846048702e-01 3.9352275180e-02
2.4863733331e-01 3.9380284880e-02
2.4883337348e-01 3.9411334593e-02
2.4905069075e-01 3.9445754267e-02
2.4929159439e-01 3.9483909655e-02
2.4955864435e-01 3.9526206214e-02
2.4985467839e-01 3.9573093400e-02
2.5018284229e-01 3.9625069455e-02
2.5054662323e-01 3.9682686696e-02
2.5094988689e-01 3.9746557385e-02
2.5139691850e-01 3.9817360236e-02
2.5189246838e-01 3.9895847626e-02
2.5244180243e-01 3.9982853592e-02
2.5305075807e-01 4.0079302691e-02
2.5372580630e-01 4.0186219827e-02
2.5447412044e-01 4.0304741142e-02
2.5530365233e-01 4.0436126088e-02
2.5622321691e-01 4.0581770809e-02
2.5724258581e-01 4.0743222981e-02
2.5837259121e-01 4.0922198254e-02
2.5962524099e-01 4.1120598488e-02
2.6101384625e-01 4.1340531955e-02
2.6255316284e-01 4.1584335752e-02
2.6425954812e-01 4.1854600629e-02
2.6615113475e-01 4.2154198520e-02
2.6824802346e-01 4.2486313064e-02
2.7057249656e-01 4.2854473434e-02
2.7314925476e-01 4.3262591840e-02
2.7600567966e-01 4.3715005100e-02
2.7917212470e-01 4.4216520725e-02
2.8268223770e-01 4.4772468008e-02
2.8657331842e-01 4.5388754651e-02
2.9088671495e-01 4.6071929545e-02
2.9566826303e-01 4.6829252362e-02
3.0096877319e-01 4.7668770697e-02
3.0684457061e-01 4.8599405582e-02
3.1335809371e-01 4.9631046293e-02
3.2057855760e-01 5.0774655426e-02
3.2858268964e-01 5.2042385399e-02
3.3745554470e-01 5.3447707582e-02
3.4729140906e-01 5.5005555454e-02
3.5819480227e-01 5.6732483284e-02
3.7028158784e-01 5.8646842053e-02
3.8368020447e-01 6.0768974448e-02
3.9853303084e-01 6.3121431041e-02
4.1499789862e-01 6.5729209909e-02
4.3324976964e-01 6.8620022285e-02
4.5348259506e-01 7.1824587015e-02
4.7591137643e-01 7.5376957000e-02
5.0077445034e-01 7.9314881045e-02
5.2833602106e-01 8.3680204999e-02
5.5888896813e-01 8.8519316421e-02
5.9275795853e-01 9.3883637509e-02
6.3030289677e-01 9.9830171540e-02
6.7192274936e-01 1.0642210860e-01
7.1805978434e-01 1.1372949706e-01
7.6920427105e-01 1.2182998797e-01
8.2589968984e-01 1.3080966014e-01
8.8874850736e-01 1.4076393493e-01
9.5841857856e-01 1.5179859016e-01
1.0356502436e+00 1.6403088420e-01
1.1212641948e+00 1.7759080195e-01
1.2161701980e+00 1.9262243615e-01
1.3213767598e+00 2.0928551856e-01
1.4380018442e+00 2.2775711728e-01
1.5672847528e+00 2.4823351840e-01
1.7105992940e+00 2.7093231180e-01
1.8694683815e+00 2.9609470331e-01
2.0455802174e+00 3.2398807787e-01
2.2408062316e+00 3.5490884087e-01
2.4572209686e+00 3.8918556786e-01
2.6971241318e+00 4.2718249611e-01
2.9630650218e+00 4.6930339512e-01

2.4453690018e-01 5.1977922704e-02
2.4454668166e-01 5.1980001821e-02
2.4455752476e-01 5.1982306594e-02
2.4456954471e-01 5.1984861513e-02
2.4458286924e-01 5.1987693729e-02
2.4459763994e-01 5.1990833337e-02
2.4461401376e-01 5.1994313701e-02
2.4463216471e-01 5.1998171804e-02
2.4465228565e-01 5.2002448643e-02
2.4467459041e-01 5.2007189666e-02
2.4469931600e-01 5.2012445252e-02
2.4472672517e-01 5.2018271250e-02
2.4475710917e-01 5.2024729569e-02
2.4479079088e-01 5.2031888838e-02
2.4482812821e-01 5.2039825132e-02
2.4486951792e-01 5.2048622787e-02
2.4491539984e-01 5.2058375289e-02
2.4496626151e-01 5.2069186273e-02
2.4502264343e-01 5.2081170619e-02
2.4508514472e-01 5.2094455678e-02
2.4515442954e-01 5.2109182622e-02
2.4523123415e-01 5.2125507945e-02
2.4531637469e-01 5.2143605125e-02
2.4541075590e-01 5.2163666471e-02
2.4551538071e-01 5.2185905161e-02
2.4563136091e-01 5.2210557513e-02
2.4575992893e-01 5.2237885490e-02
2.4590245100e-01 5.2268179492e-02
2.4606044161e-01 5.2301761431e-02
2.4623557962e-01 5.2338988164e-02
2.4642972611e-01 5.2380255276e-02
2.4664494416e-01 5.2426001284e-02
2.4688352076e-01 5.2476712305e-02
2.4714799110e-01 5.2532927212e-02
2.4744116556e-01 5.2595243366e-02
2.4776615950e-01 5.2664322961e-02
2.4812642644e-01 5.2740900064e-02
2.4852579471e-01 5.2825788409e-02
2.4896850814e-01 5.2919890054e-02
2.4945927117e-01 5.3024204957e-02
2.5000329883e-01 5.3139841606e-02
2.5060637217e-01 5.3268028801e-02
2.5127489966e-01 5.3410128706e-02
2.5201598533e-01 5.3567651328e-02
2.5283750423e-01 5.3742270560e-02
2.5374818612e-01 5.3935841971e-02
2.5475770825e-01 5.4150422524e-02
2.5587679818e-01 5.4388292432e-02
2.5711734777e-01 5.4651979388e-02
2.5849253957e-01 5.4944285429e-02
2.6001698688e-01 5.5268316707e-02
2.6170688904e-01 5.5627516500e-02
2.6358020358e-01 5.6025701798e-02
2.6565683704e-01 5.6467103866e-02
2.6795885651e-01 5.6956413208e-02
2.7051072409e-01 5.7498829407e-02
2.7333955688e-01 5.8100116379e-02
2.7647541511e-01 5.8766663623e-02
2.7995162159e-01 5.9505554119e-02
2.8380511577e-01 6.0324639593e-02
2.8807684633e-01 6.1232623952e-02
2.9281220625e-01 6.2239155776e-02
2.9806151525e-01 6.3354930847e-02
3.0388055442e-01 6.4591805807e-02
3.1033115906e-01 6.5962924149e-02
3.1748187569e-01 6.7482855888e-02
3.2540869048e-01 6.9167752386e-02
3.3419583672e-01 7.1035517978e-02
3.4393668991e-01 7.3106000240e-02
3.5473475998e-01 7.5401200886e-02
3.6670479123e-01 7.7945509573e-02
3.7997398170e-01 8.0765963073e-02
3.9468333472e-01 8.3892532576e-02
4.1098915737e-01 8.7358442175e-02
4.2906472140e-01 9.1200521915e-02
4.4910210448e-01 9.5459599167e-02
4.7131423131e-01 1.0018093247e-01
4.9593713621e-01 1.0541469248e-01
5.2323247136e-01 1.1121649507e-01
5.5349028715e-01 1.1764799235e-01
5.8703211440e-01 1.2477752783e-01
6.2421438107e-01 1.3268086258e-01
6.6543219976e-01 1.4144198041e-01
7.1112356638e-01 1.5115398019e-01
7.6177401441e-01 1.6192006527e-01
8.1792177437e-01 1.7385464008e-01
8.8016349328e-01 1.8708452584e-01
9.4916057483e-01 2.0175030826e-01
1.0256462077e+00 2.1800783140e-01
1.1104331568e+00 2.3602985376e-01
1.2044223997e+00 2.5600788407e-01
1.3086127011e+00 2.7815421631e-01
1.4241112261e+00 3.0270418566e-01
1.5521453050e+00 3.2991866924e-01
1.6940754755e+00 3.6008685829e-01
1.8514099406e+00 3.9352933122e-01
2.0258205949e+00 4.3060146022e-01
2.2191607910e+00 4.7169718753e-01
2.4334850338e+00 5.1725321166e-01
2.6710708125e+00 5.6775362789e-01
2.9344428022e+00 6.2373507245e-01

2.4148145657e-01 6.4704761276e-02
2.4149111583e-01 6.4707349466e-02
2.4150182345e-01 6.4710218564e-02
2.4151369321e-01 6.4713399058e-02
2.4152685125e-01 6.4716924744e-02
2.4154143739e-01 6.4720833088e-02
2.4155760663e-01 6.4725165622e-02
2.4157553078e-01 6.4729968384e-02
2.4159540032e-01 6.4735292411e-02
2.4161742639e-01 6.4741194277e-02
2.4164184303e-01 6.4747736699e-02
2.4166890973e-01 6.4754989197e-02
2.4169891409e-01 6.4763028841e-02
2.4173217495e-01 6.4771941062e-02
2.4176904576e-01 6.4781820565e-02
2.4180991831e-01 6.4792772333e-02
2.4185522694e-01 6.4804912744e-02
2.4190545311e-01 6.4818370806e-02
2.4196113055e-01 6.4833289530e-02
2.4202285089e-01 6.4849827447e-02
2.4209127002e-01 6.4868160295e-02
2.4216711496e-01 6.4888482887e-02
2.4225119169e-01 6.4911011178e-02
2.4234439362e-01 6.4935984561e-02
2.4244771117e-01 6.4963668414e-02
2.4256224221e-01 6.4994356915e-02
2.4268920380e-01 6.5028376171e-02
2.4282994509e-01 6.5066087684e-02
2.4298596163e-01 6.5107892190e-02
2.4315891132e-01 6.5154233921e-02
2.4335063199e-01 6.5205605319e-02
2.4356316093e-01 6.5262552277e-02
2.4379875655e-01 6.5325679934e-02
2.4405992239e-01 6.5395659109e-02
2.4434943368e-01 6.5473233426e-02
2.4467036689e-01 6.5559227219e-02
2.4502613236e-01 6.5654554290e-02
2.4542051059e-01 6.5760227619e-02
2.4585769240e-01 6.5877370132e-02
2.4634232344e-01 6.6007226627e-02
2.4687955358e-01 6.6151177009e-02
2.4747509162e-01 6.6310750947e-02
2.4813526599e-01 6.6487644135e-02
2.4886709192e-01 6.6683736304e-02
2.4967834609e-01 6.6901111203e-02
2.5057764918e-01 6.7142078740e-02
2.5157455752e-01 6.7409199524e-02
2.5267966463e-01 6.7705312081e-02
2.5390471378e-01 6.8033563012e-02
2.5526272281e-01 6.8397440436e-02
2.5676812243e-01 6.8800811048e-02
2.5843690958e-01 6.9247961215e-02
2.6028681740e-01 6.9743642522e-02
2.6233750371e-01 7.0293122262e-02
2.6461075986e-01 7.0902239413e-02
2.6713074232e-01 7.1577466678e-02
2.6992422937e-01 7.2325979277e-02
2.7302090563e-01 7.3155731181e-02
2.7645367755e-01 7.4075539643e-02
2.8025902303e-01 7.5095178892e-02
2.8447737909e-01 7.6225483993e-02
2.8915357157e-01 7.7478465990e-02
2.9433729141e-01 7.8867439536e-02
3.0008362276e-01 8.0407164381e-02
3.0645362828e-01 8.2114002216e-02
3.1351499802e-01 8.4006090534e-02
3.2134276872e-01 8.6103535371e-02
3.3002012118e-01 8.8428624957e-02
3.3963926420e-01 9.1006066561e-02
3.5030241437e-01 9.3863249036e-02
3.6212288228e-01 9.7030533869e-02
3.7522627665e-01 1.0054157781e-01
3.8975183901e-01 1.0443369051e-01
4.0585392341e-01 1.0874823102e-01
4.2370363659e-01 1.1353104725e-01
4.4349065625e-01 1.1883296319e-01
4.6542524663e-01 1.2471031897e-01
4.8974049287e-01 1.3122556957e-01
5.1669477782e-01 1.3844794845e-01
5.4657452777e-01 1.4645420332e-01
5.7969725605e-01 1.5532941161e-01
6.1641493713e-01 1.6516788461e-01
6.5711774676e-01 1.7607416958e-01
7.0223820815e-01 1.8816416077e-01
7.5225578815e-01 2.0156633094e-01
8.0770199217e-01 2.1642309653e-01
8.6916601225e-01 2.3289233107e-01
9.3730098795e-01 2.5114904279e-01
1.0128309469e+00 2.7138723429e-01
1.0965584986e+00 2.9382196415e-01
1.1893733632e+00 3.1869163217e-01
1.2922618260e+00 3.4626051269e-01
1.4063172182e+00 3.7682156291e-01
1.5327515347e+00 4.1069953593e-01
1.6729083139e+00 4.4825443172e-01
1.8282769138e+00 4.8988532259e-01
2.0005083390e+00 5.3603459390e-01
2.1914327849e+00 5.8719264498e-01
2.4030790857e+00 6.4390310035e-01
2.6376962738e+00 7.0676858644e-01
2.8977774789e+00 7.7645713531e-01

2.3776412907e-01 7.7254248594e-02
2.3777363964e-01 7.7257338764e-02
2.3778418243e-01 7.7260764323e-02
2.3779586947e-01 7.7264561673e-02
2.3780882496e-01 7.7268771166e-02
2.3782318656e-01 7.7273437534e-02
2.3783910689e-01 7.7278610362e-02
2.3785675512e-01 7.7284344620e-02
2.3787631879e-01 7.7290701242e-02
2.3789800579e-01 7.7297747775e-02
2.3792204657e-01 7.7305559099e-02
2.3794869661e-01 7.7314218220e-02
2.3797823908e-01 7.7323817153e-02
2.3801098793e-01 7.7334457899e-02
2.3804729116e-01 7.7346253531e-02
2.3808753452e-01 7.7359329395e-02
2.3813214568e-01 7.7373824438e-02
2.3818159868e-01 7.7389892691e-02
2.3823641902e-01 7.7407704900e-02
2.3829718926e-01 7.7427450346e-02
2.3836455515e-01 7.7449338851e-02
2.3843923255e-01 7.7473603009e-02
2.3852201501e-01 7.7500500661e-02
2.3861378221e-01 7.7530317632e-02
2.3871550930e-01 7.7563370767e-02
2.3882827727e-01 7.7600011302e-02
2.3895328443e-01 7.7640628592e-02
2.3909185917e-01 7.7685654253e-02
2.3924547402e-01 7.7735566742e-02
2.3941576135e-01 7.7790896450e-02
2.3960453070e-01 7.7852231330e-02
2.3981378800e-01 7.7920223150e-02
2.4004575691e-01 7.7995594416e-02
2.4030290240e-01 7.8079146050e-02
2.4058795700e-01 7.8171765905e-02
2.4090394981e-01 7.8274438192e-02
2.4125423868e-01 7.8388253946e-02
2.4164254592e-01 7.8514422616e-02
2.4207299782e-01 7.8654284917e-02
2.4255016852e-01 7.8809327077e-02
2.4307912862e-01 7.8981196633e-02
2.4366549905e-01 7.9171719934e-02
2.4431551079e-01 7.9382921552e-02
2.4503607112e-01 7.9617045794e-02
2.4583483697e-01 7.9876580551e-02
2.4672029633e-01 8.0164283737e-02
2.4770185842e-01 8.0483212593e-02
2.4878995368e-01 8.0836756175e-02
2.4999614462e-01 8.1228671369e-02
2.5133324867e-01 8.1663122813e-02
2.5281547441e-01 8.2144727148e-02
2.5445857251e-01 8.2678602082e-02
2.5628000314e-01 8.3270420770e-02
2.5829912150e-01 8.3926472096e-02
2.6053738351e-01 8.4653727507e-02
2.6301857376e-01 8.5459915089e-02
2.6576905831e-01 8.6353601693e-02
2.6881806482e-01 8.7344283964e-02
2.7219799319e-01 8.8442489262e-02
2.7594475978e-01 8.9659887525e-02
2.8009817914e-01 9.1009415281e-02
2.8470238704e-01 9.2505413114e-02
2.8980630952e-01 9.4163778055e-02
2.9546418275e-01 9.6002132507e-02
3.0173612941e-01 9.8040011510e-02
3.0868879753e-01 1.0029907032e-01
3.1639606876e-01 1.0280331455e-01
3.2493984343e-01 1.0557935522e-01
3.3441091088e-01 1.0865669158e-01
3.4490991419e-01 1.1206802455e-01
3.5654841968e-01 1.1584960422e-01
3.6945010246e-01 1.2004161507e-01
3.8375206061e-01 1.2468860296e-01
3.9960627205e-01 1.2983994853e-01
4.1718120956e-01 1.3555039188e-01
4.3666363096e-01 1.4188061433e-01
4.5826056371e-01 1.4889788316e-01
4.8220150488e-01 1.5667676649e-01
5.0874085982e-01 1.6529992563e-01
5.3816064560e-01 1.7485899349e-01
5.7077348782e-01 1.8545554828e-01
6.0692594270e-01 1.9720219294e-01
6.4700217969e-01 2.1022375169e-01
6.9142806381e-01 2.2465859646e-01
7.4067568106e-01 2.4066011730e-01
7.9526835495e-01 2.5839835231e-01
8.5578620759e-01 2.7806179461e-01
9.2287232421e-01 2.9985939524e-01
9.9723958688e-01 3.2402278364e-01
1.0796782498e+00 3.5080872897e-01
1.1710643370e+00 3.8050186865e-01
1.2723689510e+00 4.1341773307e-01
1.3846685925e+00 4.4990609844e-01
1.5091565991e+00 4.9035470374e-01
1.6471558269e+00 5.3519337092e-01
1.8001327070e+00 5.8489857235e-01
1.9697128288e+00 6.3999849401e-01
2.1576982139e+00 7.0107864821e-01
2.3660864648e+00 7.6878809541e-01
2.5970919929e+00 8.4384634142e-01
2.8531695489e+00 9.2705098312e-01

2.3339510662e-01 8.9591987386e-02
2.3340444243e-01 8.9595571066e-02
2.3341479149e-01 8.9599543698e-02
2.3342626378e-01 8.9603947496e-02
2.3343898120e-01 8.9608829258e-02
2.3345307890e-01 8.9614240859e-02
2.3346870669e-01 8.9620239804e-02
2.3348603062e-01 8.9626889840e-02
2.3350523480e-01 8.9634261634e-02
2.3352652329e-01 8.9642433520e-02
2.3355012232e-01 8.9651492336e-02
2.3357628265e-01 8.9661534345e-02
2.3360528227e-01 8.9672666256e-02
2.3363742934e-01 8.9685006362e-02
2.3367306548e-01 8.9698685793e-02
2.3371256935e-01 8.9713849911e-02
2.3375636076e-01 8.9730659857e-02
2.3380490504e-01 8.9749294259e-02
2.3385871803e-01 8.9769951132e-02
2.3391837159e-01 8.9792849986e-02
2.3398449960e-01 8.9818234151e-02
2.3405780477e-01 8.9846373370e-02
2.3413906606e-01 8.9877566659e-02
2.3422914700e-01 8.9912145491e-02
2.3432900481e-01 8.9950477312e-02
2.3443970062e-01 8.9992969452e-02
2.3456241072e-01 9.0040073447e-02
2.3469843908e-01 9.0092289843e-02
2.3484923119e-01 9.0150173509e-02
2.3501638941e-01 9.0214339540e-02
2.3520169004e-01 9.0285469787e-02
2.3540710215e-01 9.0364320108e-02
2.3563480852e-01 9.0451728394e-02
2.3588722885e-01 9.0548623479e-02
2.3616704544e-01 9.0656035006e-02
2.3647723174e-01 9.0775104371e-02
2.3682108390e-01 9.0907096848e-02
2.3720225582e-01 9.1053415038e-02
2.3762479797e-01 9.1215613774e-02
2.3809320045e-01 9.1395416640e-02
2.3861244067e-01 9.1594734287e-02
2.3918803628e-01 9.1815684740e-02
2.3982610377e-01 9.2060615899e-02
2.4053342347e-01 9.2332130496e-02
2.4131751164e-01 9.2633113745e-02
2.4218670029e-01 9.2966764005e-02
2.4315022574e-01 9.3336626771e-02
2.4421832676e-01 9.3746632339e-02
2.4540235340e-01 9.4201137584e-02
2.4671488757e-01 9.4704972246e-02
2.4816987674e-01 9.5263490260e-02
2.4978278217e-01 9.5882626648e-02
2.5157074320e-01 9.6568960582e-02
2.5355275936e-01 9.7329785303e-02
2.5574989230e-01 9.8173185618e-02
2.5818548957e-01 9.9108123813e-02
2.6088543273e-01 1.0014453489e-01
2.6387841238e-01 1.0129343214e-01
2.6719623305e-01 1.0256702417e-01
2.7087415113e-01 1.0397884464e-01
2.7495124954e-01 1.0554389609e-01
2.7947085306e-01 1.0727880933e-01
2.8448098868e-01 1.0920202020e-01
2.9003489595e-01 1.1133396546e-01
2.9619159278e-01 1.1369729995e-01
3.0301650251e-01 1.1631713733e-01
3.1058214917e-01 1.1922131699e-01
3.1896892815e-01 1.2244069981e-01
3.2826596049e-01 1.2600949616e-01
3.3857203991e-01 1.2996562939e-01
3.4999668265e-01 1.3435113885e-01
3.6266129122e-01 1.3921262660e-01
3.7670044448e-01 1.4460175262e-01
3.9226332768e-01 1.5057578376e-01
4.0951531783e-01 1.5719820231e-01
4.2863974100e-01 1.6453938056e-01
4.4983982044e-01 1.7267732859e-01
4.7334083608e-01 1.8169852328e-01
4.9939251848e-01 1.9169882721e-01
5.2827170250e-01 2.0278450732e-01
5.6028526914e-01 2.1507336418e-01
5.9577340645e-01 2.2869598377e-01
6.3511322462e-01 2.4379712511e-01
6.7872276321e-01 2.6053725855e-01
7.2706543341e-01 2.7909427100e-01
7.8065494245e-01 2.9966535618e-01
8.4006075241e-01 3.2246911010e-01
9.0591413157e-01 3.4774785394e-01
9.7891486245e-01 3.7577020906e-01
1.0598386780e+00 4.0683395143e-01
1.1495455049e+00 4.4126917597e-01
1.2489886012e+00 4.7944180418e-01
1.3592246864e+00 5.2175747264e-01
1.4814251701e+00 5.6866584340e-01
1.6168886002e+00 6.2066538229e-01
1.7670544616e+00 6.7830865577e-01
1.9335184727e+00 7.4220820274e-01
2.1180495420e+00 8.1304304359e-01
2.3226085654e+00 8.9156589573e-01
2.5493692634e+00 9.7861117224e-01
2.8007412795e+00 1.0751038486e+00

2.2838636441e-01 1.0168416077e-01
2.2839549987e-01 1.0168822814e-01
2.2840562683e-01 1.0169273695e-01
2.2841685292e-01 1.0169773513e-01
2.2842929742e-01 1.0170327578e-01
2.2844309258e-01 1.0170941778e-01
2.2845838499e-01 1.0171622640e-01
2.2847533715e-01 1.0172377398e-01
2.2849412920e-01 1.0173214074e-01
2.2851496083e-01 1.0174141558e-01
2.2853805341e-01 1.0175169706e-01
2.2856365233e-01 1.0176309444e-01
2.2859202961e-01 1.0177572881e-01
2.2862348679e-01 1.0178973446e-01
2.2865835817e-01 1.0180526019e-01
2.2869701428e-01 1.0182247100e-01
2.2873986590e-01 1.0184154977e-01
2.2878736840e-01 1.0186269925e-01
2.2884002655e-01 1.0188614417e-01
2.2889839992e-01 1.0191213367e-01
2.2896310880e-01 1.0194094392e-01
2.2903484082e-01 1.0197288107e-01
2.2911435822e-01 1.0200828449e-01
2.2920250598e-01 1.0204753041e-01
2.2930022081e-01 1.0209103585e-01
2.2940854105e-01 1.0213926313e-01
2.2952861775e-01 1.0219272472e-01
2.2966172689e-01 1.0225198873e-01
2.2980928294e-01 1.0231768492e-01
2.2997285389e-01 1.0239051140e-01
2.3015417791e-01 1.0247124205e-01
2.3035518180e-01 1.0256073474e-01
2.3057800151e-01 1.0265994047e-01
2.3082500480e-01 1.0276991342e-01
2.3109881643e-01 1.0289182222e-01
2.3140234602e-01 1.0302696230e-01
2.3173881899e-01 1.0317676972e-01
2.3211181083e-01 1.0334283638e-01
2.3252528507e-01 1.0352692697e-01
2.3298363547e-01 1.0373099772e-01
2.3349173261e-01 1.0395721714e-01
2.3405497573e-01 1.0420798914e-01
2.3467935006e-01 1.0448597850e-01
2.3537149044e-01 1.0479413925e-01
2.3613875179e-01 1.0513574601e-01
2.3698928734e-01 1.0551442884e-01
2.3793213519e-01 1.0593421174e-01
2.3897731438e-01 1.0639955550e-01
2.4013593139e-01 1.0691540503e-01
2.4142029811e-01 1.0748724193e-01
2.4284406269e-01 1.0812114277e-01
2.4442235460e-01 1.0882384360e-01
2.4617194535e-01 1.0960281159e-01
2.4811142673e-01 1.1046632433e-01
2.5026140841e-01 1.1142355785e-01
2.5264473690e-01 1.1248468406e-01
2.5528673831e-01 1.1366097888e-01
2.5821548756e-01 1.1496494205e-01
2.6146210661e-01 1.1641042998e-01
2.6506109525e-01 1.1801280297e-01
2.6905069768e-01 1.1978908841e-01
2.7347330890e-01 1.2175816179e-01
2.7837592522e-01 1.2394094721e-01
2.8381064366e-01 1.2636063975e-01
2.8983521558e-01 1.2904295199e-01
2.9651366031e-01 1.3201638716e-01
3.0391694550e-01 1.3531254209e-01
3.1212374122e-01 1.3896644295e-01
3.2122125592e-01 1.4301691747e-01
3.3130616320e-01 1.4750700748e-01
3.4248562904e-01 1.5248442635e-01
3.5487845059e-01 1.5800206600e-01
3.6861631861e-01 1.6411855892e-01
3.8384521679e-01 1.7089890123e-01
4.0072697308e-01 1.7841514339e-01
4.1944097931e-01 1.8674715578e-01
4.4018609748e-01 1.9598347747e-01
4.6318277295e-01 2.0622225706e-01
4.8867537695e-01 2.1757229562e-01
5.1693480339e-01 2.3015420291e-01
5.4826134747e-01 2.4410167894e-01
5.8298789671e-01 2.5956293480e-01
6.2148346835e-01 2.7670226755e-01
6.6415713069e-01 2.9570180613e-01
7.1146234995e-01 3.1676344671e-01
7.6390180901e-01 3.4011099813e-01
8.2203274911e-01 3.6599256017e-01
8.8647289127e-01 3.9468315994e-01
9.5790700044e-01 4.2648767445e-01
1.0370941621e+00 4.6174407032e-01
1.1248758484e+00 5.0082699514e-01
1.2221848605e+00 5.4415175863e-01
1.3300552399e+00 5.9217874587e-01
1.4496332577e+00 6.4541830950e-01
1.5821895943e+00 7.0443619298e-01
1.7291328428e+00 7.6985954231e-01
1.8920244768e+00 8.4238357037e-01
2.0725954435e+00 9.2277894451e-01
2.2727645574e+00 1.0118999759e+00
2.4946588899e+00 1.1106936979e+00
2.7406363729e+00 1.2202099292e+00

2.2275163105e-01 1.1349762493e-01
2.2276054111e-01 1.1350216484e-01
2.2277041823e-01 1.1350719748e-01
2.2278136734e-01 1.1351277634e-01
2.2279350482e-01 1.1351896069e-01
2.2280695962e-01 1.1352581625e-01
2.2282187474e-01 1.1353341588e-01
2.2283840866e-01 1.1354184034e-01
2.2285673707e-01 1.1355117913e-01
2.2287705475e-01 1.1356153150e-01
2.2289957759e-01 1.1357300746e-01
2.2292454493e-01 1.1358572896e-01
2.2295222209e-01 1.1359983117e-01
2.2298290316e-01 1.1361546396e-01
2.2301691419e-01 1.1363279345e-01
2.2305461658e-01 1.1365200378e-01
2.2309641098e-01 1.1367329908e-01
2.2314274150e-01 1.1369690566e-01
2.2319410047e-01 1.1372307437e-01
2.2325103365e-01 1.1375208327e-01
2.2331414604e-01 1.1378424064e-01
2.2338410828e-01 1.1381988818e-01
2.2346166384e-01 1.1385940471e-01
2.2354763683e-01 1.1390321014e-01
2.2364294084e-01 1.1395176996e-01
2.2374858861e-01 1.1400560018e-01
2.2386570278e-01 1.1406527284e-01
2.2399552787e-01 1.1413142202e-01
2.2413944343e-01 1.1420475066e-01
2.2429897877e-01 1.1428603798e-01
2.2447582916e-01 1.1437614776e-01
2.2467187390e-01 1.1447603754e-01
2.2488919622e-01 1.1458676879e-01
2.2513010546e-01 1.1470951818e-01
2.2539716163e-01 1.1484559010e-01
2.2569320256e-01 1.1499643048e-01
2.2602137409e-01 1.1516364223e-01
2.2638516349e-01 1.1534900219e-01
2.2678843653e-01 1.1555448006e-01
2.2723547854e-01 1.1578225934e-01
2.2773103994e-01 1.1603476049e-01
2.2828038676e-01 1.1631466668e-01
2.2888935657e-01 1.1662495229e-01
2.2956442050e-01 1.1696891454e-01
2.3031275204e-01 1.1735020851e-01
2.3114230323e-01 1.1777288595e-01
2.3206188919e-01 1.1824143840e-01
2.3308128180e-01 1.1876084488e-01
2.3421131348e-01 1.1933662478e-01
2.3546399239e-01 1.1997489656e-01
2.3685262995e-01 1.2068244274e-01
2.3839198234e-01 1.2146678196e-01
2.4009840730e-01 1.2233624890e-01
2.4199003793e-01 1.2330008285e-01
2.4408697540e-01 1.2436852586e-01
2.4641150256e-01 1.2555293160e-01
2.4898832069e-01 1.2686588602e-01
2.5184481203e-01 1.2832134105e-01
2.5501133071e-01 1.2993476291e-01
2.5852152534e-01 1.3172329640e-01
2.6241269656e-01 1.3370594717e-01
2.6672619341e-01 1.3590378359e-01
2.7150785270e-01 1.3834016069e-01
2.7680848612e-01 1.4104096832e-01
2.8268442020e-01 1.4403490627e-01
2.8919809478e-01 1.4735378924e-01
2.9641872661e-01 1.5103288491e-01
3.0442304480e-01 1.5511128874e-01
3.1329610622e-01 1.5963233935e-01
3.2313219933e-01 1.6464407911e-01
3.3403584612e-01 1.7019976464e-01
3.4612291280e-01 1.7635843272e-01
3.5952184104e-01 1.8318552766e-01
3.7437501285e-01 1.9075359670e-01
3.9084026356e-01 1.9914306097e-01
4.0909255905e-01 2.0844307004e-01
4.2932585504e-01 2.1875244927e-01
4.5175515804e-01 2.3018074996e-01
4.7661881019e-01 2.4284941350e-01
5.0418102192e-01 2.5689306182e-01
5.3473467956e-01 2.7246092796e-01
5.6860445766e-01 2.8971844187e-01
6.0615026909e-01 3.0884898832e-01
6.4777108963e-01 3.3005585561e-01
6.9390919764e-01 3.5356439583e-01
7.4505487382e-01 3.7962441948e-01
8.0175161119e-01 4.0851285007e-01
8.6460189039e-01 4.4053666684e-01
9.3427358192e-01 4.7603616678e-01
1.0115070431e+00 5.1538858081e-01
1.0971229855e+00 5.5901208233e-01
1.1920311960e+00 6.0737023094e-01
1.2972402045e+00 6.6097689831e-01
1.4138680013e+00 7.2040172889e-01
1.5431539167e+00 7.8627619304e-01
1.6864717910e+00 8.5930029736e-01
1.8453445733e+00 9.4025002319e-01
2.0214605051e+00 1.0299855725e+00
2.2166910597e+00 1.1294605086e+00
2.4331108298e+00 1.2397318892e+00
2.6730195726e+00 1.3619714992e+00

2.1650635095e-01 1.2500000000e-01
2.1651501120e-01 1.2500500000e-01
2.1652461139e-01 1.2501054267e-01
2.1653525353e-01 1.2501668691e-01
2.1654705070e-01 1.2502349802e-01
2.1656012828e-01 1.2503104836e-01
2.1657462522e-01 1.2503941817e-01
2.1659069557e-01 1.2504869639e-01
2.1660851012e-01 1.2505898162e-01
2.1662825815e-01 1.2507038315e-01
2.1665014951e-01 1.2508302214e-01
2.1667441685e-01 1.2509703289e-01
2.1670131802e-01 1.2511256429e-01
2.1673113889e-01 1.2512978138e-01
2.1676419635e-01 1.2514886712e-01
2.1680084168e-01 1.2517002431e-01
2.1684146429e-01 1.2519347778e-01
2.1688649584e-01 1.2521947676e-01
2.1693641487e-01 1.2524829752e-01
2.1699175182e-01 1.2528024632e-01
2.1705309472e-01 1.2531566267e-01
2.1712109544e-01 1.2535492290e-01
2.1719647657e-01 1.2539844421e-01
2.1728003914e-01 1.2544668909e-01
2.1737267112e-01 1.2550017018e-01
2.1747535684e-01 1.2555945581e-01
2.1758918749e-01 1.2562517597e-01
2.1771537267e-01 1.2569802902e-01
2.1785525328e-01 1.2577878912e-01
2.1801031573e-01 1.2586831447e-01
2.1818220778e-01 1.2596755639e-01
2.1837275601e-01 1.2607756947e-01
2.1858398527e-01 1.2619952274e-01
2.1881814015e-01 1.2633471212e-01
2.1907770888e-01 1.2648457419e-01
2.1936544972e-01 1.2665070145e-01
2.1968442031e-01 1.2683485920e-01
2.2003801016e-01 1.2703900440e-01
2.2042997665e-01 1.2726530636e-01
2.2086448495e-01 1.2751616984e-01
2.2134615232e-01 1.2779426062e-01
2.2188009712e-01 1.2810253380e-01
2.2247199326e-01 1.2844426520e-01
2.2312813045e-01 1.2882308618e-01
2.2385548104e-01 1.2924302224e-01
2.2466177413e-01 1.2970853577e-01
2.2555557769e-01 1.3022457350e-01
2.2654638962e-01 1.3079661903e-01
2.2764473864e-01 1.3143075114e-01
2.2886229623e-01 1.3213370834e-01
2.3021200061e-01 1.3291296052e-01
2.3170819423e-01 1.3377678831e-01
2.3336677621e-01 1.3473437106e-01
2.3520537125e-01 1.3579588441e-01
2.3724351696e-01 1.3697260838e-01
2.3950287143e-01 1.3827704729e-01
2.4200744339e-01 1.3972306259e-01
2.4478384738e-01 1.4132602018e-01
2.4786158648e-01 1.4310295368e-01
2.5127336590e-01 1.4507274544e-01
2.5505544048e-01 1.4725632722e-01
2.5924799996e-01 1.4967690256e-01
2.6389559602e-01 1.5236019340e-01
2.6904761577e-01 1.5533471339e-01
2.7475880647e-01 1.5863207088e-01
2.8108985738e-01 1.6228730482e-01
2.8810804459e-01 1.6633925710e-01
2.9588794598e-01 1.7083098526e-01
3.0451223367e-01 1.7581022008e-01
3.1407255256e-01 1.8132987277e-01
3.2467049417e-01 1.8744859721e-01
3.3641867616e-01 1.9423141324e-01
3.4944193909e-01 2.0175039760e-01
3.6387867301e-01 2.1008544982e-01
3.7988228803e-01 2.1932514126e-01
3.9762284453e-01 2.2956765632e-01
4.1728886026e-01 2.4092183580e-01
4.3908931364e-01 2.5350833343e-01
4.6325586440e-01 2.6746089801e-01
4.9004531531e-01 2.8292779471e-01
5.1974234106e-01 3.0007338052e-01
5.5266251331e-01 3.1907985083e-01
5.8915565407e-01 3.4014917547e-01
6.2960955305e-01 3.6350524494e-01
6.7445408845e-01 3.8939624952e-01
7.2416579500e-01 4.1809731668e-01
7.7927292782e-01 4.4991343465e-01
8.4036107583e-01 4.8518269335e-01
9.0807938445e-01 5.2427987706e-01
9.8314745365e-01 5.6762044702e-01
1.0663629847e+00 6.1566495626e-01
1.1586102568e+00 6.6892394365e-01
1.2608695239e+00 7.2796335903e-01
1.3742274310e+00 7.9341057720e-01
1.4998885614e+00 8.6596106470e-01
1.6391882372e+00 9.4638577003e-01
1.7936067086e+00 1.0355393161e+00
1.9647848838e+00 1.1343690816e+00
2.1545417659e+00 1.2439252685e+00
2.3648937821e+00 1.3653720617e+00
2.5980762114e+00 1.5000000000e+00

2.0966764199e-01 1.3615975875e-01
2.0967602869e-01 1.3616520514e-01
2.0968532564e-01 1.3617124265e-01
2.0969563163e-01 1.3617793544e-01
2.0970705618e-01 1.3618535463e-01
2.0971972067e-01 1.3619357905e-01
2.0973375970e-01 1.3620269610e-01
2.0974932245e-01 1.3621280267e-01
2.0976657429e-01 1.3622400614e-01
2.0978569855e-01 1.3623642558e-01
2.0980689844e-01 1.3625019295e-01
2.0983039925e-01 1.3626545456e-01
2.0985645071e-01 1.3628237257e-01
2.0988532964e-01 1.3630112677e-01
2.0991734292e-01 1.3632191644e-01
2.0995283075e-01 1.3634496250e-01
2.0999217023e-01 1.3637050986e-01
2.1003577938e-01 1.3639882997e-01
2.1008412163e-01 1.3643022380e-01
2.1013771067e-01 1.3646502493e-01
2.1019711596e-01 1.3650360317e-01
2.1026296877e-01 1.3654636848e-01
2.1033596886e-01 1.3659377530e-01
2.1041689197e-01 1.3664632738e-01
2.1050659801e-01 1.3670458317e-01
2.1060604024e-01 1.3676916170e-01
2.1071627536e-01 1.3684074923e-01
2.1083847477e-01 1.3692010646e-01
2.1097393702e-01 1.3700807667e-01
2.1112410157e-01 1.3710559467e-01
2.1129056412e-01 1.3721369671e-01
2.1147509358e-01 1.3733353154e-01
2.1167965082e-01 1.3746637257e-01
2.1190640953e-01 1.3761363140e-01
2.1215777935e-01 1.3777687287e-01
2.1243643142e-01 1.3795783164e-01
2.1274532681e-01 1.3815843065e-01
2.1308774794e-01 1.3838080153e-01
2.1346733352e-01 1.3862730729e-01
2.1388811717e-01 1.3890056738e-01
2.1435457028e-01 1.3920348557e-01
2.1487164956e-01 1.3953928078e-01
2.1544484968e-01 1.3991152130e-01
2.1608026170e-01 1.4032416269e-01
2.1678463773e-01 1.4078158983e-01
2.1756546272e-01 1.4128866351e-01
2.1843103403e-01 1.4185077209e-01
2.1939054954e-01 1.4247388874e-01
2.2045420540e-01 1.4316463494e-01
2.2163330443e-01 1.4393035080e-01
2.2294037618e-01 1.4477917312e-01
2.2438931006e-01 1.4572012179e-01
2.2599550300e-01 1.4676319568e-01
2.2777602300e-01 1.4791947889e-01
2.2974979053e-01 1.4920125850e-01
2.3193777957e-01 1.5062215520e-01
2.3436324051e-01 1.5219726796e-01
2.3705194721e-01 1.5394333450e-01
2.4003247087e-01 1.5587890920e-01
2.4333648363e-01 1.5802456017e-01
2.4699909517e-01 1.6040308791e-01
2.5105922576e-01 1.6303976755e-01
2.5556001987e-01 1.6596261742e-01
2.6054930460e-01 1.6920269681e-01
2.6608009796e-01 1.7279443601e-01
2.7221117221e-01 1.7677600219e-01
2.7900767845e-01 1.8118970494e-01
2.8654183886e-01 1.8608244592e-01
2.9489371425e-01 1.9150621722e-01
3.0415205476e-01 1.9751865385e-01
3.1441524296e-01 2.0418364619e-01
3.2579233931e-01 2.1157201895e-01
3.3840424108e-01 2.1976228373e-01
3.5238496703e-01 2.2884147332e-01
3.6788308156e-01 2.3890606658e-01
3.8506327342e-01 2.5006301362e-01
4.0410810572e-01 2.6243087233e-01
4.2521995595e-01 2.7614106817e-01
4.4862316648e-01 2.9133929080e-01
4.7456642855e-01 3.0818704218e-01
5.0332542493e-01 3.2686335280e-01
5.3520575943e-01 3.4756668410e-01
5.7054620436e-01 3.7051703738e-01
6.0972230045e-01 3.9595829165e-01
6.5315034748e-01 4.2416079516e-01
7.0129182808e-01 4.5542423820e-01
7.5465831153e-01 4.9008083778e-01
8.1381688998e-01 5.2849886782e-01
8.7939620451e-01 5.7108657264e-01
9.5209312535e-01 6.1829650503e-01
1.0326801571e+00 6.7063033534e-01
1.1220136475e+00 7.2864418234e-01
1.2210428875e+00 7.9295452277e-01
1.3308201988e+00 8.6424474228e-01
1.4525121159e+00 9.4327239728e-01
1.5874117825e+00 1.0308772651e+00
1.7369526927e+00 1.1279902676e+00
1.9027239238e+00 1.2356433639e+00
2.0864870229e+00 1.3549805158e+00
2.2901947249e+00 1.4872698442e+00
2.5160117038e+00 1.6339171050e+00

2.0225424859e-01 1.4694631307e-01
2.0226233876e-01 1.4695219093e-01
2.0227130699e-01 1.4695870673e-01
2.0228124859e-01 1.4696592972e-01
2.0229226918e-01 1.4697393665e-01
2.0230448589e-01 1.4698281261e-01
2.0231802853e-01 1.4699265191e-01
2.0233304101e-01 1.4700355912e-01
2.0234968287e-01 1.4701565013e-01
2.0236813093e-01 1.4702905343e-01
2.0238858124e-01 1.4704391145e-01
2.0241125111e-01 1.4706038208e-01
2.0243638145e-01 1.4707864034e-01
2.0246423928e-01 1.4709888024e-01
2.0249512065e-01 1.4712131686e-01
2.0252935370e-01 1.4714618863e-01
2.0256730222e-01 1.4717375984e-01
2.0260936945e-01 1.4720432348e-01
2.0265600242e-01 1.4723820431e-01
2.0270769667e-01 1.4727576238e-01
2.0276500152e-01 1.4731739679e-01
2.0282852591e-01 1.4736354996e-01
2.0289894488e-01 1.4741471234e-01
2.0297700672e-01 1.4747142759e-01
2.0306354095e-01 1.4753429839e-01
2.0315946712e-01 1.4760399283e-01
2.0326580456e-01 1.4768125150e-01
2.0338368327e-01 1.4776689540e-01
2.0351435587e-01 1.4786183460e-01
2.0365921092e-01 1.4796707795e-01
2.0381978772e-01 1.4808374383e-01
2.0399779262e-01 1.4821307196e-01
2.0419511715e-01 1.4835643662e-01
2.0441385817e-01 1.4851536128e-01
2.0465634010e-01 1.4869153471e-01
2.0492513964e-01 1.4888682900e-01
2.0522311315e-01 1.4910331943e-01
2.0555342702e-01 1.4934330650e-01
2.0591959127e-01 1.4960934041e-01
2.0632549692e-01 1.4990424812e-01
2.0677545726e-01 1.5023116344e-01
2.0727425373e-01 1.5059356030e-01
2.0782718675e-01 1.5099528965e-01
2.0844013197e-01 1.5144062042e-01
2.0911960279e-01 1.5193428487e-01
2.0987281951e-01 1.5248152885e-01
2.1070778609e-01 1.5308816758e-01
2.1163337521e-01 1.5376064743e-01
2.1265942251e-01 1.5450611443e-01
2.1379683115e-01 1.5533249018e-01
2.1505768767e-01 1.5624855607e-01
2.1645539039e-01 1.5726404654e-01
2.1800479183e-01 1.5838975258e-01
2.1972235650e-01 1.5963763635e-01
2.2162633589e-01 1.6102095835e-01
2.2373696238e-01 1.6255441826e-01
2.2607666428e-01 1.6425431119e-01
2.2867030414e-01 1.6613870085e-01
2.3154544294e-01 1.6822761146e-01
2.3473263297e-01 1.7054324056e-01
2.3826574250e-01 1.7311019489e-01
2.4218231568e-01 1.7595575187e-01
2.4652397146e-01 1.7911014944e-01
2.5133684590e-01 1.8260690740e-01
2.5667208239e-01 1.8648318361e-01
2.6258637515e-01 1.9078016882e-01
2.6914257165e-01 1.9554352440e-01
2.7641034048e-01 2.0082386754e-01
2.8446691166e-01 2.0667730913e-01
2.9339789731e-01 2.1316605003e-01
3.0329820142e-01 2.2035904200e-01
3.1427302830e-01 2.2833272047e-01
3.2643900056e-01 2.3717181671e-01
3.3992539834e-01 2.4697025825e-01
3.5487553314e-01 2.5783216697e-01
3.7144827065e-01 2.6987296558e-01
3.8981971896e-01 2.8322060408e-01
4.1018509991e-01 2.9801691944e-01
4.3276082365e-01 3.1441914283e-01
4.5778678820e-01 3.3260157039e-01
4.8552892880e-01 3.5275741535e-01
5.1628204377e-01 3.7510086125e-01
5.5037292716e-01 3.9986933785e-01
5.8816384140e-01 4.2732604421e-01
6.3005636682e-01 4.5776274553e-01
6.7649566900e-01 4.9150287354e-01
7.2797522926e-01 5.2890496339e-01
7.8504208859e-01 5.7036646364e-01
8.4830266070e-01 6.1632795962e-01
9.1842917598e-01 6.6727785531e-01
9.9616682492e-01 7.2375756329e-01
1.0823416767e+00 7.8636725797e-01
1.1778694575e+00 8.5577225329e-01
1.2837652809e+00 9.3271007258e-01
1.4011544356e+00 1.0179982858e+00
1.5312843424e+00 1.1125431972e+00
1.6755378101e+00 1.2173494763e+00
1.8354477298e+00 1.3335308336e+00
2.0127133639e+00 1.4623218556e+00
2.2092184031e+00 1.6050911235e+00
2.4270509831e+00 1.7633557569e+00

1.9428649036e-01 1.5733009776e-01
1.9429426182e-01 1.5733639097e-01
1.9430287675e-01 1.5734336720e-01
1.9431242670e-01 1.5735110059e-01
1.9432301314e-01 1.5735967332e-01
1.9433474858e-01 1.5736917649e-01
1.9434775771e-01 1.5737971108e-01
1.9436217878e-01 1.5739138903e-01
1.9437816503e-01 1.5740433444e-01
1.9439588633e-01 1.5741868487e-01
1.9441553101e-01 1.5743459282e-01
1.9443730781e-01 1.5745222732e-01
1.9446144814e-01 1.5747177577e-01
1.9448820852e-01 1.5749344590e-01
1.9451787332e-01 1.5751746799e-01
1.9455075777e-01 1.5754409729e-01
1.9458721131e-01 1.5757361679e-01
1.9462762132e-01 1.5760634016e-01
1.9467241719e-01 1.5764261515e-01
1.9472207496e-01 1.5768282721e-01
1.9477712230e-01 1.5772740367e-01
1.9483814416e-01 1.5777681820e-01
1.9490578899e-01 1.5783159590e-01
1.9498077560e-01 1.5789231886e-01
1.9506390084e-01 1.5795963235e-01
1.9515604802e-01 1.5803425167e-01
1.9525819632e-01 1.5811696973e-01
1.9537143123e-01 1.5820866555e-01
1.9549695601e-01 1.5831031351e-01
1.9563610453e-01 1.5842299377e-01
1.9579035545e-01 1.5854790370e-01
1.9596134788e-01 1.5868637064e-01
1.9615089887e-01 1.5883986600e-01
1.9636102263e-01 1.5901002087e-01
1.9659395204e-01 1.5919864339e-01
1.9685216229e-01 1.5940773792e-01
1.9713839720e-01 1.5963952639e-01
1.9745569843e-01 1.5989647186e-01
1.9780743774e-01 1.6018130473e-01
1.9819735283e-01 1.6049705174e-01
1.9862958708e-01 1.6084706814e-01
1.9910873359e-01 1.6123507333e-01
1.9963988394e-01 1.6166519040e-01
2.0022868233e-01 1.6214198994e-01
2.0088138556e-01 1.6267053859e-01
2.0160492948e-01 1.6325645291e-01
2.0240700275e-01 1.6390595904e-01
2.0329612850e-01 1.6462595887e-01
2.0428175491e-01 1.6542410340e-01
2.0537435561e-01 1.6630887400e-01
2.0658554099e-01 1.6728967258e-01
2.0792818155e-01 1.6837692147e-01
2.0941654468e-01 1.6958217417e-01
2.1106644630e-01 1.7091823816e-01
2.1289541887e-01 1.7239931094e-01
2.1492289773e-01 1.7404113095e-01
2.1717042763e-01 1.7586114478e-01
2.1966189166e-01 1.7787869257e-01
2.2242376504e-01 1.8011521353e-01
2.2548539648e-01 1.8259447379e-01
2.2887932000e-01 1.8534281886e-01
2.3264160070e-01 1.8838945370e-01
2.3681221798e-01 1.9176675298e-01
2.4143549037e-01 1.9551060515e-01
2.4656054648e-01 1.9966079376e-01
2.5224184708e-01 2.0426142027e-01
2.5853976377e-01 2.0936137265e-01
2.6552122057e-01 2.1501484489e-01
2.7326040504e-01 2.2128191290e-01
2.8183955662e-01 2.2822917288e-01
2.9134984060e-01 2.3593044899e-01
3.0189231677e-01 2.4446757787e-01
3.1357901343e-01 2.5393127822e-01
3.2653411777e-01 2.6442211486e-01
3.4089529555e-01 2.7605156732e-01
3.5681515399e-01 2.8894321450e-01
3.7446286344e-01 3.0323404784e-01
3.9402595503e-01 3.1907592705e-01
4.1571231348e-01 3.3663719386e-01
4.3975238608e-01 3.5610446081e-01
4.6640163163e-01 3.7768459435e-01
4.9594323491e-01 4.0160691300e-01
5.2869111602e-01 4.2812562425e-01
5.6499326614e-01 4.5752252579e-01
6.0523544544e-01 4.9011000004e-01
6.4984528231e-01 5.2623433366e-01
6.9929681749e-01 5.6627939727e-01
7.5411554141e-01 6.1067072462e-01
8.1488397826e-01 6.5988003450e-01
8.8224787608e-01 7.1443024337e-01
9.5692306874e-01 7.7490102206e-01
1.0397030827e+00 8.4193495561e-01
1.1314675691e+00 9.1624437155e-01
1.2331916517e+00 9.9861890942e-01
1.3459562884e+00 1.0899339117e+00
1.4709597583e+00 1.1911597258e+00
1.6095303948e+00 1.3033720147e+00
1.7631407011e+00 1.4277631880e+00
1.9334229976e+00 1.5656550728e+00
2.1221867673e+00 1.7185129596e+00
2.3314378844e+00 1.8879611731e+00

1.8578620637e-01 1.6728265159e-01
1.8579363782e-01 1.6728934290e-01
1.8580187583e-01 1.6729676044e-01
1.8581100796e-01 1.6730498304e-01
1.8582113123e-01 1.6731409807e-01
1.8583235322e-01 1.6732420240e-01
1.8584479319e-01 1.6733540340e-01
1.8585858332e-01 1.6734782008e-01
1.8587387015e-01 1.6736158441e-01
1.8589081612e-01 1.6737684264e-01
1.8590960132e-01 1.6739375690e-01
1.8593042536e-01 1.6741250695e-01
1.8595350951e-01 1.6743329202e-01
1.8597909909e-01 1.6745633298e-01
1.8600746602e-01 1.6748187468e-01
1.8603891174e-01 1.6751018853e-01
1.8607377039e-01 1.6754157540e-01
1.8611241241e-01 1.6757636882e-01
1.8615524840e-01 1.6761493853e-01
1.8620273358e-01 1.6765769437e-01
1.8625537252e-01 1.6770509069e-01
1.8631372460e-01 1.6775763114e-01
1.8637840988e-01 1.6781587403e-01
1.8645011574e-01 1.6788043827e-01
1.8652960414e-01 1.6795200995e-01
1.8661771976e-01 1.6803134961e-01
1.8671539894e-01 1.6811930034e-01
1.8682367968e-01 1.6821679675e-01
1.8694371258e-01 1.6832487487e-01
1.8707677318e-01 1.6844468317e-01
1.8722427542e-01 1.6857749478e-01
1.8738778672e-01 1.6872472101e-01
1.8756904460e-01 1.6888792634e-01
1.8776997518e-01 1.6906884505e-01
1.8799271363e-01 1.6926939965e-01
1.8823962684e-01 1.6949172131e-01
1.8851333862e-01 1.6973817249e-01
1.8881675751e-01 1.7001137209e-01
1.8915310776e-01 1.7031422322e-01
1.8952596356e-01 1.7064994409e-01
1.8993928702e-01 1.7102210220e-01
1.9039747025e-01 1.7143465224e-01
1.9090538209e-01 1.7189197811e-01
1.9146841979e-01 1.7239893954e-01
1.9209256641e-01 1.7296092367e-01
1.9278445436e-01 1.7358390238e-01
1.9355143589e-01 1.7427449566e-01
1.9440166125e-01 1.7504004200e-01
1.9534416523e-01 1.7588867640e-01
1.9638896325e-01 1.7682941676e-01
1.9754715770e-01 1.7787225973e-01
1.9883105601e-01 1.7902828696e-01
2.0025430134e-01 1.8030978281e-01
2.0183201764e-01 1.8173036495e-01
2.0358097030e-01 1.8330512900e-01
2.0551974435e-01 1.8505080900e-01
2.0766894193e-01 1.8698595519e-01
2.1005140120e-01 1.8913113115e-01
2.1269243907e-01 1.9150913233e-01
2.1562012019e-01 1.9414522825e-01
2.1886555519e-01 1.9706743105e-01
2.2246323127e-01 2.0030679314e-01
2.2645137867e-01 2.0389773719e-01
2.3087237694e-01 2.0787842192e-01
2.3577320526e-01 2.1229114755e-01
2.4120594164e-01 2.1718280536e-01
2.4722831637e-01 2.2260537593e-01
2.5390432545e-01 2.2861648150e-01
2.6130491064e-01 2.3527999833e-01
2.6950871330e-01 2.4266673543e-01
2.7860291011e-01 2.5085518702e-01
2.8868413939e-01 2.5993236663e-01
2.9985952803e-01 2.6999473176e-01
3.1224782988e-01 2.8114920885e-01
3.2598068764e-01 2.9351432952e-01
3.4120403179e-01 3.0722149015e-01
3.5807963124e-01 3.2241634815e-01
3.7678681240e-01 3.3926036972e-01
3.9752436475e-01 3.5793254573e-01
4.2051265324e-01 3.7863129366e-01
4.4599596000e-01 4.0157656612e-01
4.7424508012e-01 4.2701218813e-01
5.0556019929e-01 4.5520844807e-01
5.4027408362e-01 4.8646496992e-01
5.7875561578e-01 5.2111389711e-01
6.2141371488e-01 5.5952342206e-01
6.6870168175e-01 6.0210169867e-01
7.2112201595e-01 6.4930117959e-01
7.7923175547e-01 7.0162342407e-01
8.4364839607e-01 7.5962442779e-01
9.1505645295e-01 8.2392053100e-01
9.9421473473e-01 8.9519496805e-01
1.0819644068e+00 9.7420512767e-01
1.1792379299e+00 1.0617906012e+00
1.2870689686e+00 1.1588821046e+00
1.4066033758e+00 1.2665113683e+00
1.5391113686e+00 1.3858221009e+00
1.6860010263e+00 1.5180821428e+00
1.8488332532e+00 1.6646969384e+00
2.0293383650e+00 1.8272244711e+00
2.2294344764e+00 2.0073918191e+00

1.7677669530e-01 1.7677669530e-01
1.7678376636e-01 1.7678376636e-01
1.7679160489e-01 1.7679160489e-01
1.7680029416e-01 1.7680029416e-01
1.7680992651e-01 1.7680992651e-01
1.7682060430e-01 1.7682060430e-01
1.7683244101e-01 1.7683244101e-01
1.7684556240e-01 1.7684556240e-01
1.7686010791e-01 1.7686010791e-01
1.7687623211e-01 1.7687623211e-01
1.7689410634e-01 1.7689410634e-01
1.7691392053e-01 1.7691392053e-01
1.7693588525e-01 1.7693588525e-01
1.7696023389e-01 1.7696023389e-01
1.7698722519e-01 1.7698722519e-01
1.7701714598e-01 1.7701714598e-01
1.7705031420e-01 1.7705031420e-01
1.7708708231e-01 1.7708708231e-01
1.7712784102e-01 1.7712784102e-01
1.7717302345e-01 1.7717302345e-01
1.7722310972e-01 1.7722310972e-01
1.7727863207e-01 1.7727863207e-01
1.7734018051e-01 1.7734018051e-01
1.7740840906e-01 1.7740840906e-01
1.7748404275e-01 1.7748404275e-01
1.7756788530e-01 1.7756788530e-01
1.7766082763e-01 1.7766082763e-01
1.7776385740e-01 1.7776385740e-01
1.7787806944e-01 1.7787806944e-01
1.7800467740e-01 1.7800467740e-01
1.7814502667e-01 1.7814502667e-01
1.7830060865e-01 1.7830060865e-01
1.7847307662e-01 1.7847307662e-01
1.7866426328e-01 1.7866426328e-01
1.7887620026e-01 1.7887620026e-01
1.7911113967e-01 1.7911113967e-01
1.7937157807e-01 1.7937157807e-01
1.7966028297e-01 1.7966028297e-01
1.7998032227e-01 1.7998032227e-01
1.8033509681e-01 1.8033509681e-01
1.8072837657e-01 1.8072837657e-01
1.8116434068e-01 1.8116434068e-01
1.8164762185e-01 1.8164762185e-01
1.8218335562e-01 1.8218335562e-01
1.8277723489e-01 1.8277723489e-01
1.8343557044e-01 1.8343557044e-01
1.8416535800e-01 1.8416535800e-01
1.8497435255e-01 1.8497435255e-01
1.8587115077e-01 1.8587115077e-01
1.8686528238e-01 1.8686528238e-01
1.8796731139e-01 1.8796731139e-01
1.8918894836e-01 1.8918894836e-01
1.9054317488e-01 1.9054317488e-01
1.9204438144e-01 1.9204438144e-01
1.9370852045e-01 1.9370852045e-01
1.9555327564e-01 1.9555327564e-01
1.9759825009e-01 1.9759825009e-01
1.9986517445e-01 1.9986517445e-01
2.0237813790e-01 2.0237813790e-01
2.0516384414e-01 2.0516384414e-01
2.0825189510e-01 2.0825189510e-01
2.1167510558e-01 2.1167510558e-01
2.1546985188e-01 2.1546985188e-01
2.1967645838e-01 2.1967645838e-01
2.2433962607e-01 2.2433962607e-01
2.2950890748e-01 2.2950890748e-01
2.3523923334e-01 2.3523923334e-01
2.4159149623e-01 2.4159149623e-01
2.4863319764e-01 2.4863319764e-01
2.5643916533e-01 2.5643916533e-01
2.6509234842e-01 2.6509234842e-01
2.7468469884e-01 2.7468469884e-01
2.8531814850e-01 2.8531814850e-01
2.9710569239e-01 2.9710569239e-01
3.1017258933e-01 3.1017258933e-01
3.2465769306e-01 3.2465769306e-01
3.4071492766e-01 3.4071492766e-01
3.5851492331e-01 3.5851492331e-01
3.7824682937e-01 3.7824682937e-01
4.0012032445e-01 4.0012032445e-01
4.2436784444e-01 4.2436784444e-01
4.5124705253e-01 4.5124705253e-01
4.8104357718e-01 4.8104357718e-01
5.1407404739e-01 5.1407404739e-01
5.5068945721e-01 5.5068945721e-01
5.9127889564e-01 5.9127889564e-01
6.3627368118e-01 6.3627368118e-01
6.8615194516e-01 6.8615194516e-01
7.4144371261e-01 7.4144371261e-01
8.0273653445e-01 8.0273653445e-01
8.7068173103e-01 8.7068173103e-01
9.4600131331e-01 9.4600131331e-01
1.0294956552e+00 1.0294956552e+00
1.1220519988e+00 1.1220519988e+00
1.2246538822e+00 1.2246538822e+00
1.3383915912e+00 1.3383915912e+00
1.4644737451e+00 1.4644737451e+00
1.6042401399e+00 1.6042401399e+00
1.7591759853e+00 1.7591759853e+00
1.9309276873e+00 1.9309276873e+00
2.1213203436e+00 2.1213203436e+00

1.6728265159e-01 1.8578620637e-01
1.6728934290e-01 1.8579363782e-01
1.6729676044e-01 1.8580187583e-01
1.6730498304e-01 1.8581100796e-01
1.6731409807e-01 1.8582113123e-01
1.6732420240e-01 1.8583235322e-01
1.6733540340e-01 1.8584479319e-01
1.6734782008e-01 1.8585858332e-01
1.6736158441e-01 1.8587387015e-01
1.6737684264e-01 1.8589081612e-01
1.6739375690e-01 1.8590960132e-01
1.6741250695e-01 1.8593042536e-01
1.6743329202e-01 1.8595350951e-01
1.6745633298e-01 1.8597909909e-01
1.6748187468e-01 1.8600746602e-01
1.6751018853e-01 1.8603891174e-01
1.6754157540e-01 1.8607377039e-01
1.6757636882e-01 1.8611241241e-01
1.6761493853e-01 1.8615524840e-01
1.6765769437e-01 1.8620273358e-01
1.6770509069e-01 1.8625537252e-01
1.6775763114e-01 1.8631372460e-01
1.6781587403e-01 1.8637840988e-01
1.6788043827e-01 1.8645011574e-01
1.6795200995e-01 1.8652960414e-01
1.6803134961e-01 1.8661771976e-01
1.6811930034e-01 1.8671539894e-01
1.6821679675e-01 1.8682367968e-01
1.6832487487e-01 1.8694371258e-01
1.6844468317e-01 1.8707677318e-01
1.6857749478e-01 1.8722427542e-01
1.6872472101e-01 1.8738778672e-01
1.6888792634e-01 1.8756904460e-01
1.6906884505e-01 1.8776997518e-01
1.6926939965e-01 1.8799271363e-01
1.6949172131e-01 1.8823962684e-01
1.6973817249e-01 1.8851333862e-01
1.7001137209e-01 1.8881675751e-01
1.7031422322e-01 1.8915310776e-01
1.7064994409e-01 1.8952596356e-01
1.7102210220e-01 1.8993928702e-01
1.7143465224e-01 1.9039747025e-01
1.7189197811e-01 1.9090538209e-01
1.7239893954e-01 1.9146841979e-01
1.7296092367e-01 1.9209256641e-01
1.7358390238e-01 1.9278445436e-01
1.7427449566e-01 1.9355143589e-01
1.7504004200e-01 1.9440166125e-01
1.7588867640e-01 1.9534416523e-01
1.7682941676e-01 1.9638896325e-01
1.7787225973e-01 1.9754715770e-01
1.7902828696e-01 1.9883105601e-01
1.8030978281e-01 2.0025430134e-01
1.8173036495e-01 2.0183201764e-01
1.8330512900e-01 2.0358097030e-01
1.8505080900e-01 2.0551974435e-01
1.8698595519e-01 2.0766894193e-01
1.8913113115e-01 2.1005140120e-01
1.9150913233e-01 2.1269243907e-01
1.9414522825e-01 2.1562012019e-01
1.9706743105e-01 2.1886555519e-01
2.0030679314e-01 2.2246323127e-01
2.0389773719e-01 2.2645137867e-01
2.0787842192e-01 2.3087237694e-01
2.1229114755e-01 2.3577320526e-01
2.1718280536e-01 2.4120594164e-01
2.2260537593e-01 2.4722831637e-01
2.2861648150e-01 2.5390432545e-01
2.3527999833e-01 2.6130491064e-01
2.4266673543e-01 2.6950871330e-01
2.5085518702e-01 2.7860291011e-01
2.5993236663e-01 2.8868413939e-01
2.6999473176e-01 2.9985952803e-01
2.8114920885e-01 3.1224782988e-01
2.9351432952e-01 3.2598068764e-01
3.0722149015e-01 3.4120403179e-01
3.2241634815e-01 3.5807963124e-01
3.3926036972e-01 3.7678681240e-01
3.5793254573e-01 3.9752436475e-01
3.7863129366e-01 4.2051265324e-01
4.0157656612e-01 4.4599596000e-01
4.2701218813e-01 4.7424508012e-01
4.5520844807e-01 5.0556019929e-01
4.8646496992e-01 5.4027408362e-01
5.2111389711e-01 5.7875561578e-01
5.5952342206e-01 6.2141371488e-01
6.0210169867e-01 6.6870168175e-01
6.4930117959e-01 7.2112201595e-01
7.0162342407e-01 7.7923175547e-01
7.5962442779e-01 8.4364839607e-01
8.2392053100e-01 9.1505645295e-01
8.9519496805e-01 9.9421473473e-01
9.7420512767e-01 1.0819644068e+00
1.0617906012e+00 1.1792379299e+00
1.1588821046e+00 1.2870689686e+00
1.2665113683e+00 1.4066033758e+00
1.3858221009e+00 1.5391113686e+00
1.5180821428e+00 1.6860010263e+00
1.6646969384e+00 1.8488332532e+00
1.8272244711e+00 2.0293383650e+00
2.0073918191e+00 2.2294344764e+00

1.5733009776e-01 1.9428649036e-01
1.5733639097e-01 1.9429426182e-01
1.5734336720e-01 1.9430287675e-01
1.5735110059e-01 1.9431242670e-01
1.5735967332e-01 1.9432301314e-01
1.5736917649e-01 1.9433474858e-01
1.5737971108e-01 1.9434775771e-01
1.5739138903e-01 1.9436217878e-01
1.5740433444e-01 1.9437816503e-01
1.5741868487e-01 1.9439588633e-01
1.5743459282e-01 1.9441553101e-01
1.5745222732e-01 1.9443730781e-01
1.5747177577e-01 1.9446144814e-01
1.5749344590e-01 1.9448820852e-01
1.5751746799e-01 1.9451787332e-01
1.5754409729e-01 1.9455075777e-01
1.5757361679e-01 1.9458721131e-01
1.5760634016e-01 1.9462762132e-01
1.5764261515e-01 1.9467241719e-01
1.5768282721e-01 1.9472207496e-01
1.5772740367e-01 1.9477712230e-01
1.5777681820e-01 1.9483814416e-01
1.5783159590e-01 1.9490578899e-01
1.5789231886e-01 1.9498077560e-01
1.5795963235e-01 1.9506390084e-01
1.5803425167e-01 1.9515604802e-01
1.5811696973e-01 1.9525819632e-01
1.5820866555e-01 1.9537143123e-01
1.5831031351e-01 1.9549695601e-01
1.5842299377e-01 1.9563610453e-01
1.5854790370e-01 1.9579035545e-01
1.5868637064e-01 1.9596134788e-01
1.5883986600e-01 1.9615089887e-01
1.5901002087e-01 1.9636102263e-01
1.5919864339e-01 1.9659395204e-01
1.5940773792e-01 1.9685216229e-01
1.5963952639e-01 1.9713839720e-01
1.5989647186e-01 1.9745569843e-01
1.6018130473e-01 1.9780743774e-01
1.6049705174e-01 1.9819735283e-01
1.6084706814e-01 1.9862958708e-01
1.6123507333e-01 1.9910873359e-01
1.6166519040e-01 1.9963988394e-01
1.6214198994e-01 2.0022868233e-01
1.6267053859e-01 2.0088138556e-01
1.6325645291e-01 2.0160492948e-01
1.6390595904e-01 2.0240700275e-01
1.6462595887e-01 2.0329612850e-01
1.6542410340e-01 2.0428175491e-01
1.6630887400e-01 2.0537435561e-01
1.6728967258e-01 2.0658554099e-01
1.6837692147e-01 2.0792818155e-01
1.6958217417e-01 2.0941654468e-01
1.7091823816e-01 2.1106644630e-01
1.7239931094e-01 2.1289541887e-01
1.7404113095e-01 2.1492289773e-01
1.7586114478e-01 2.1717042763e-01
1.7787869257e-01 2.1966189166e-01
1.8011521353e-01 2.2242376504e-01
1.8259447379e-01 2.2548539648e-01
1.8534281886e-01 2.2887932000e-01
1.8838945370e-01 2.3264160070e-01
1.9176675298e-01 2.3681221798e-01
1.9551060515e-01 2.4143549037e-01
1.9966079376e-01 2.4656054648e-01
2.0426142027e-01 2.5224184708e-01
2.0936137265e-01 2.5853976377e-01
2.1501484489e-01 2.6552122057e-01
2.2128191290e-01 2.7326040504e-01
2.2822917288e-01 2.8183955662e-01
2.3593044899e-01 2.9134984060e-01
2.4446757787e-01 3.0189231677e-01
2.5393127822e-01 3.1357901343e-01
2.6442211486e-01 3.2653411777e-01
2.7605156732e-01 3.4089529555e-01
2.8894321450e-01 3.5681515399e-01
3.0323404784e-01 3.7446286344e-01
3.1907592705e-01 3.9402595503e-01
3.3663719386e-01 4.1571231348e-01
3.5610446081e-01 4.3975238608e-01
3.7768459435e-01 4.6640163163e-01
4.0160691300e-01 4.9594323491e-01
4.2812562425e-01 5.2869111602e-01
4.5752252579e-01 5.6499326614e-01
4.9011000004e-01 6.0523544544e-01
5.2623433366e-01 6.4984528231e-01
5.6627939727e-01 6.9929681749e-01
6.1067072462e-01 7.5411554141e-01
6.5988003450e-01 8.1488397826e-01
7.1443024337e-01 8.8224787608e-01
7.7490102206e-01 9.5692306874e-01
8.4193495561e-01 1.0397030827e+00
9.1624437155e-01 1.1314675691e+00
9.9861890942e-01 1.2331916517e+00
1.0899339117e+00 1.3459562884e+00
1.1911597258e+00 1.4709597583e+00
1.3033720147e+00 1.6095303948e+00
1.4277631880e+00 1.7631407011e+00
1.5656550728e+00 1.9334229976e+00
1.7185129596e+00 2.1221867673e+00
1.8879611731e+00 2.3314378844e+00

1.4694631307e-01 2.0225424859e-01
1.4695219093e-01 2.0226233876e-01
1.4695870673e-01 2.0227130699e-01
1.4696592972e-01 2.0228124859e-01
1.4697393665e-01 2.0229226918e-01
1.4698281261e-01 2.0230448589e-01
1.4699265191e-01 2.0231802853e-01
1.4700355912e-01 2.0233304101e-01
1.4701565013e-01 2.0234968287e-01
1.4702905343e-01 2.0236813093e-01
1.4704391145e-01 2.0238858124e-01
1.4706038208e-01 2.0241125111e-01
1.4707864034e-01 2.0243638145e-01
1.4709888024e-01 2.0246423928e-01
1.4712131686e-01 2.0249512065e-01
1.4714618863e-01 2.0252935370e-01
1.4717375984e-01 2.0256730222e-01
1.4720432348e-01 2.0260936945e-01
1.4723820431e-01 2.0265600242e-01
1.4727576238e-01 2.0270769667e-01
1.4731739679e-01 2.0276500152e-01
1.4736354996e-01 2.0282852591e-01
1.4741471234e-01 2.0289894488e-01
1.4747142759e-01 2.0297700672e-01
1.4753429839e-01 2.0306354095e-01
1.4760399283e-01 2.0315946712e-01
1.4768125150e-01 2.0326580456e-01
1.4776689540e-01 2.0338368327e-01
1.4786183460e-01 2.0351435587e-01
1.4796707795e-01 2.0365921092e-01
1.4808374383e-01 2.0381978772e-01
1.4821307196e-01 2.0399779262e-01
1.4835643662e-01 2.0419511715e-01
1.4851536128e-01 2.0441385817e-01
1.4869153471e-01 2.0465634010e-01
1.4888682900e-01 2.0492513964e-01
1.4910331943e-01 2.0522311315e-01
1.4934330650e-01 2.0555342702e-01
1.4960934041e-01 2.0591959127e-01
1.4990424812e-01 2.0632549692e-01
1.5023116344e-01 2.0677545726e-01
1.5059356030e-01 2.0727425373e-01
1.5099528965e-01 2.0782718675e-01
1.5144062042e-01 2.0844013197e-01
1.5193428487e-01 2.0911960279e-01
1.5248152885e-01 2.0987281951e-01
1.5308816758e-01 2.1070778609e-01
1.5376064743e-01 2.1163337521e-01
1.5450611443e-01 2.1265942251e-01
1.5533249018e-01 2.1379683115e-01
1.5624855607e-01 2.1505768767e-01
1.5726404654e-01 2.1645539039e-01
1.5838975258e-01 2.1800479183e-01
1.5963763635e-01 2.1972235650e-01
1.6102095835e-01 2.2162633589e-01
1.6255441826e-01 2.2373696238e-01
1.6425431119e-01 2.2607666428e-01
1.6613870085e-01 2.2867030414e-01
1.6822761146e-01 2.3154544294e-01
1.7054324056e-01 2.3473263297e-01
1.7311019489e-01 2.3826574250e-01
1.7595575187e-01 2.4218231568e-01
1.7911014944e-01 2.4652397146e-01
1.8260690740e-01 2.5133684590e-01
1.8648318361e-01 2.5667208239e-01
1.9078016882e-01 2.6258637515e-01
1.9554352440e-01 2.6914257165e-01
2.0082386754e-01 2.7641034048e-01
2.0667730913e-01 2.8446691166e-01
2.1316605003e-01 2.9339789731e-01
2.2035904200e-01 3.0329820142e-01
2.2833272047e-01 3.1427302830e-01
2.3717181671e-01 3.2643900056e-01
2.4697025825e-01 3.3992539834e-01
2.5783216697e-01 3.5487553314e-01
2.6987296558e-01 3.7144827065e-01
2.8322060408e-01 3.8981971896e-01
2.9801691944e-01 4.1018509991e-01
3.1441914283e-01 4.3276082365e-01
3.3260157039e-01 4.5778678820e-01
3.5275741535e-01 4.8552892880e-01
3.7510086125e-01 5.1628204377e-01
3.9986933785e-01 5.5037292716e-01
4.2732604421e-01 5.8816384140e-01
4.5776274553e-01 6.3005636682e-01
4.9150287354e-01 6.7649566900e-01
5.2890496339e-01 7.2797522926e-01
5.7036646364e-01 7.8504208859e-01
6.1632795962e-01 8.4830266070e-01
6.6727785531e-01 9.1842917598e-01
7.2375756329e-01 9.9616682492e-01
7.8636725797e-01 1.0823416767e+00
8.5577225329e-01 1.1778694575e+00
9.3271007258e-01 1.2837652809e+00
1.0179982858e+00 1.4011544356e+00
1.1125431972e+00 1.5312843424e+00
1.2173494763e+00 1.6755378101e+00
1.3335308336e+00 1.8354477298e+00
1.4623218556e+00 2.0127133639e+00
1.6050911235e+00 2.2092184031e+00
1.7633557569e+00 2.4270509831e+00

1.3615975875e-01 2.0966764199e-01
1.3616520514e-01 2.0967602869e-01
1.3617124265e-01 2.0968532564e-01
1.3617793544e-01 2.0969563163e-01
1.3618535463e-01 2.0970705618e-01
1.3619357905e-01 2.0971972067e-01
1.3620269610e-01 2.0973375970e-01
1.3621280267e-01 2.0974932245e-01
1.3622400614e-01 2.0976657429e-01
1.3623642558e-01 2.0978569855e-01
1.3625019295e-01 2.0980689844e-01
1.3626545456e-01 2.0983039925e-01
1.3628237257e-01 2.0985645071e-01
1.3630112677e-01 2.0988532964e-01
1.3632191644e-01 2.0991734292e-01
1.3634496250e-01 2.0995283075e-01
1.3637050986e-01 2.0999217023e-01
1.3639882997e-01 2.1003577938e-01
1.3643022380e-01 2.1008412163e-01
1.3646502493e-01 2.1013771067e-01
1.3650360317e-01 2.1019711596e-01
1.3654636848e-01 2.1026296877e-01
1.3659377530e-01 2.1033596886e-01
1.3664632738e-01 2.1041689197e-01
1.3670458317e-01 2.1050659801e-01
1.3676916170e-01 2.1060604024e-01
1.3684074923e-01 2.1071627536e-01
1.3692010646e-01 2.1083847477e-01
1.3700807667e-01 2.1097393702e-01
1.3710559467e-01 2.1112410157e-01
1.3721369671e-01 2.1129056412e-01
1.3733353154e-01 2.1147509358e-01
1.3746637257e-01 2.1167965082e-01
1.3761363140e-01 2.1190640953e-01
1.3777687287e-01 2.1215777935e-01
1.3795783164e-01 2.1243643142e-01
1.3815843065e-01 2.1274532681e-01
1.3838080153e-01 2.1308774794e-01
1.3862730729e-01 2.1346733352e-01
1.3890056738e-01 2.1388811717e-01
1.3920348557e-01 2.1435457028e-01
1.3953928078e-01 2.1487164956e-01
1.3991152130e-01 2.1544484968e-01
1.4032416269e-01 2.1608026170e-01
1.4078158983e-01 2.1678463773e-01
1.4128866351e-01 2.1756546272e-01
1.4185077209e-01 2.1843103403e-01
1.4247388874e-01 2.1939054954e-01
1.4316463494e-01 2.2045420540e-01
1.4393035080e-01 2.2163330443e-01
1.4477917312e-01 2.2294037618e-01
1.4572012179e-01 2.2438931006e-01
1.4676319568e-01 2.2599550300e-01
1.4791947889e-01 2.2777602300e-01
1.4920125850e-01 2.2974979053e-01
1.5062215520e-01 2.3193777957e-01
1.5219726796e-01 2.3436324051e-01
1.5394333450e-01 2.3705194721e-01
1.5587890920e-01 2.4003247087e-01
1.5802456017e-01 2.4333648363e-01
1.6040308791e-01 2.4699909517e-01
1.6303976755e-01 2.5105922576e-01
1.6596261742e-01 2.5556001987e-01
1.6920269681e-01 2.6054930460e-01
1.7279443601e-01 2.6608009796e-01
1.7677600219e-01 2.7221117221e-01
1.8118970494e-01 2.7900767845e-01
1.8608244592e-01 2.8654183886e-01
1.9150621722e-01 2.9489371425e-01
1.9751865385e-01 3.0415205476e-01
2.0418364619e-01 3.1441524296e-01
2.1157201895e-01 3.2579233931e-01
2.1976228373e-01 3.3840424108e-01
2.2884147332e-01 3.5238496703e-01
2.3890606658e-01 3.6788308156e-01
2.5006301362e-01 3.8506327342e-01
2.6243087233e-01 4.0410810572e-01
2.7614106817e-01 4.2521995595e-01
2.9133929080e-01 4.4862316648e-01
3.0818704218e-01 4.7456642855e-01
3.2686335280e-01 5.0332542493e-01
3.4756668410e-01 5.3520575943e-01
3.7051703738e-01 5.7054620436e-01
3.9595829165e-01 6.0972230045e-01
4.2416079516e-01 6.5315034748e-01
4.5542423820e-01 7.0129182808e-01
4.9008083778e-01 7.5465831153e-01
5.2849886782e-01 8.1381688998e-01
5.7108657264e-01 8.7939620451e-01
6.1829650503e-01 9.5209312535e-01
6.7063033534e-01 1.0326801571e+00
7.2864418234e-01 1.1220136475e+00
7.9295452277e-01 1.2210428875e+00
8.6424474228e-01 1.3308201988e+00
9.4327239728e-01 1.4525121159e+00
1.0308772651e+00 1.5874117825e+00
1.1279902676e+00 1.7369526927e+00
1.2356433639e+00 1.9027239238e+00
1.3549805158e+00 2.0864870229e+00
1.4872698442e+00 2.2901947249e+00
1.6339171050e+00 2.5160117038e+00

1.2500000000e-01 2.1650635095e-01
1.2500500000e-01 2.1651501120e-01
1.2501054267e-01 2.1652461139e-01
1.2501668691e-01 2.1653525353e-01
1.2502349802e-01 2.1654705070e-01
1.2503104836e-01 2.1656012828e-01
1.2503941817e-01 2.1657462522e-01
1.2504869639e-01 2.1659069557e-01
1.2505898162e-01 2.1660851012e-01
1.2507038315e-01 2.1662825815e-01
1.2508302214e-01 2.1665014951e-01
1.2509703289e-01 2.1667441685e-01
1.2511256429e-01 2.1670131802e-01
1.2512978138e-01 2.1673113889e-01
1.2514886712e-01 2.1676419635e-01
1.2517002431e-01 2.1680084168e-01
1.2519347778e-01 2.1684146429e-01
1.2521947676e-01 2.1688649584e-01
1.2524829752e-01 2.1693641487e-01
1.2528024632e-01 2.1699175182e-01
1.2531566267e-01 2.1705309472e-01
1.2535492290e-01 2.1712109544e-01
1.2539844421e-01 2.1719647657e-01
1.2544668909e-01 2.1728003914e-01
1.2550017018e-01 2.1737267112e-01
1.2555945581e-01 2.1747535684e-01
1.2562517597e-01 2.1758918749e-01
1.2569802902e-01 2.1771537267e-01
1.2577878912e-01 2.1785525328e-01
1.2586831447e-01 2.1801031573e-01
1.2596755639e-01 2.1818220778e-01
1.2607756947e-01 2.1837275601e-01
1.2619952274e-01 2.1858398527e-01
1.2633471212e-01 2.1881814015e-01
1.2648457419e-01 2.1907770888e-01
1.2665070145e-01 2.1936544972e-01
1.2683485920e-01 2.1968442031e-01
1.2703900440e-01 2.2003801016e-01
1.2726530636e-01 2.2042997665e-01
1.2751616984e-01 2.2086448495e-01
1.2779426062e-01 2.2134615232e-01
1.2810253380e-01 2.2188009712e-01
1.2844426520e-01 2.2247199326e-01
1.2882308618e-01 2.2312813045e-01
1.2924302224e-01 2.2385548104e-01
1.2970853577e-01 2.2466177413e-01
1.3022457350e-01 2.2555557769e-01
1.3079661903e-01 2.2654638962e-01
1.3143075114e-01 2.2764473864e-01
1.3213370834e-01 2.2886229623e-01
1.3291296052e-01 2.3021200061e-01
1.3377678831e-01 2.3170819423e-01
1.3473437106e-01 2.3336677621e-01
1.3579588441e-01 2.3520537125e-01
1.3697260838e-01 2.3724351696e-01
1.3827704729e-01 2.3950287143e-01
1.3972306259e-01 2.4200744339e-01
1.4132602018e-01 2.4478384738e-01
1.4310295368e-01 2.4786158648e-01
1.4507274544e-01 2.5127336590e-01
1.4725632722e-01 2.5505544048e-01
1.4967690256e-01 2.5924799996e-01
1.5236019340e-01 2.6389559602e-01
1.5533471339e-01 2.6904761577e-01
1.5863207088e-01 2.7475880647e-01
1.6228730482e-01 2.8108985738e-01
1.6633925710e-01 2.8810804459e-01
1.7083098526e-01 2.9588794598e-01
1.7581022008e-01 3.0451223367e-01
1.8132987277e-01 3.1407255256e-01
1.8744859721e-01 3.2467049417e-01
1.9423141324e-01 3.3641867616e-01
2.0175039760e-01 3.4944193909e-01
2.1008544982e-01 3.6387867301e-01
2.1932514126e-01 3.7988228803e-01
2.2956765632e-01 3.9762284453e-01
2.4092183580e-01 4.1728886026e-01
2.5350833343e-01 4.3908931364e-01
2.6746089801e-01 4.6325586440e-01
2.8292779471e-01 4.9004531531e-01
3.0007338052e-01 5.1974234106e-01
3.1907985083e-01 5.5266251331e-01
3.4014917547e-01 5.8915565407e-01
3.6350524494e-01 6.2960955305e-01
3.8939624952e-01 6.7445408845e-01
4.1809731668e-01 7.2416579500e-01
4.4991343465e-01 7.7927292782e-01
4.8518269335e-01 8.4036107583e-01
5.2427987706e-01 9.0807938445e-01
5.6762044702e-01 9.8314745365e-01
6.1566495626e-01 1.0663629847e+00
6.6892394365e-01 1.1586102568e+00
7.2796335903e-01 1.2608695239e+00
7.9341057720e-01 1.3742274310e+00
8.6596106470e-01 1.4998885614e+00
9.4638577003e-01 1.6391882372e+00
1.0355393161e+00 1.7936067086e+00
1.1343690816e+00 1.9647848838e+00
1.2439252685e+00 2.1545417659e+00
1.3653720617e+00 2.3648937821e+00
1.5000000000e+00 2.5980762114e+00

1.1349762493e-01 2.2275163105e-01
1.1350216484e-01 2.2276054111e-01
1.1350719748e-01 2.2277041823e-01
1.1351277634e-01 2.2278136734e-01
1.1351896069e-01 2.2279350482e-01
1.1352581625e-01 2.2280695962e-01
1.1353341588e-01 2.2282187474e-01
1.1354184034e-01 2.2283840866e-01
1.1355117913e-01 2.2285673707e-01
1.1356153150e-01 2.2287705475e-01
1.1357300746e-01 2.2289957759e-01
1.1358572896e-01 2.2292454493e-01
1.1359983117e-01 2.2295222209e-01
1.1361546396e-01 2.2298290316e-01
1.1363279345e-01 2.2301691419e-01
1.1365200378e-01 2.2305461658e-01
1.1367329908e-01 2.2309641098e-01
1.1369690566e-01 2.2314274150e-01
1.1372307437e-01 2.2319410047e-01
1.1375208327e-01 2.2325103365e-01
1.1378424064e-01 2.2331414604e-01
1.1381988818e-01 2.2338410828e-01
1.1385940471e-01 2.2346166384e-01
1.1390321014e-01 2.2354763683e-01
1.1395176996e-01 2.2364294084e-01
1.1400560018e-01 2.2374858861e-01
1.1406527284e-01 2.2386570278e-01
1.1413142202e-01 2.2399552787e-01
1.1420475066e-01 2.2413944343e-01
1.1428603798e-01 2.2429897877e-01
1.1437614776e-01 2.2447582916e-01
1.1447603754e-01 2.2467187390e-01
1.1458676879e-01 2.2488919622e-01
1.1470951818e-01 2.2513010546e-01
1.1484559010e-01 2.2539716163e-01
1.1499643048e-01 2.2569320256e-01
1.1516364223e-01 2.2602137409e-01
1.1534900219e-01 2.2638516349e-01
1.1555448006e-01 2.2678843653e-01
1.1578225934e-01 2.2723547854e-01
1.1603476049e-01 2.2773103994e-01
1.1631466668e-01 2.2828038676e-01
1.1662495229e-01 2.2888935657e-01
1.1696891454e-01 2.2956442050e-01
1.1735020851e-01 2.3031275204e-01
1.1777288595e-01 2.3114230323e-01
1.1824143840e-01 2.3206188919e-01
1.1876084488e-01 2.3308128180e-01
1.1933662478e-01 2.3421131348e-01
1.1997489656e-01 2.3546399239e-01
1.2068244274e-01 2.3685262995e-01
1.2146678196e-01 2.3839198234e-01
1.2233624890e-01 2.4009840730e-01
1.2330008285e-01 2.4199003793e-01
1.2436852586e-01 2.4408697540e-01
1.2555293160e-01 2.4641150256e-01
1.2686588602e-01 2.4898832069e-01
1.2832134105e-01 2.5184481203e-01
1.2993476291e-01 2.5501133071e-01
1.3172329640e-01 2.5852152534e-01
1.3370594717e-01 2.6241269656e-01
1.3590378359e-01 2.6672619341e-01
1.3834016069e-01 2.7150785270e-01
1.4104096832e-01 2.7680848612e-01
1.4403490627e-01 2.8268442020e-01
1.4735378924e-01 2.8919809478e-01
1.5103288491e-01 2.9641872661e-01
1.5511128874e-01 3.0442304480e-01
1.5963233935e-01 3.1329610622e-01
1.6464407911e-01 3.2313219933e-01
1.7019976464e-01 3.3403584612e-01
1.7635843272e-01 3.4612291280e-01
1.8318552766e-01 3.5952184104e-01
1.9075359670e-01 3.7437501285e-01
1.9914306097e-01 3.9084026356e-01
2.0844307004e-01 4.0909255905e-01
2.1875244927e-01 4.2932585504e-01
2.3018074996e-01 4.5175515804e-01
2.4284941350e-01 4.7661881019e-01
2.5689306182e-01 5.0418102192e-01
2.7246092796e-01 5.3473467956e-01
2.8971844187e-01 5.6860445766e-01
3.0884898832e-01 6.0615026909e-01
3.3005585561e-01 6.4777108963e-01
3.5356439583e-01 6.9390919764e-01
3.7962441948e-01 7.4505487382e-01
4.0851285007e-01 8.0175161119e-01
4.4053666684e-01 8.6460189039e-01
4.7603616678e-01 9.3427358192e-01
5.1538858081e-01 1.0115070431e+00
5.5901208233e-01 1.0971229855e+00
6.0737023094e-01 1.1920311960e+00
6.6097689831e-01 1.2972402045e+00
7.2040172889e-01 1.4138680013e+00
7.8627619304e-01 1.5431539167e+00
8.5930029736e-01 1.6864717910e+00
9.4025002319e-01 1.8453445733e+00
1.0299855725e+00 2.0214605051e+00
1.1294605086e+00 2.2166910597e+00
1.2397318892e+00 2.4331108298e+00
1.3619714992e+00 2.6730195726e+00

1.0168416077e-01 2.2838636441e-01
1.0168822814e-01 2.2839549987e-01
1.0169273695e-01 2.2840562683e-01
1.0169773513e-01 2.2841685292e-01
1.0170327578e-01 2.2842929742e-01
1.0170941778e-01 2.2844309258e-01
1.0171622640e-01 2.2845838499e-01
1.0172377398e-01 2.2847533715e-01
1.0173214074e-01 2.2849412920e-01
1.0174141558e-01 2.2851496083e-01
1.0175169706e-01 2.2853805341e-01
1.0176309444e-01 2.2856365233e-01
1.0177572881e-01 2.2859202961e-01
1.0178973446e-01 2.2862348679e-01
1.0180526019e-01 2.2865835817e-01
1.0182247100e-01 2.2869701428e-01
1.0184154977e-01 2.2873986590e-01
1.0186269925e-01 2.2878736840e-01
1.0188614417e-01 2.2884002655e-01
1.0191213367e-01 2.2889839992e-01
1.0194094392e-01 2.2896310880e-01
1.0197288107e-01 2.2903484082e-01
1.0200828449e-01 2.2911435822e-01
1.0204753041e-01 2.2920250598e-01
1.0209103585e-01 2.2930022081e-01
1.0213926313e-01 2.2940854105e-01
1.0219272472e-01 2.2952861775e-01
1.0225198873e-01 2.2966172689e-01
1.0231768492e-01 2.2980928294e-01
1.0239051140e-01 2.2997285389e-01
1.0247124205e-01 2.3015417791e-01
1.0256073474e-01 2.3035518180e-01
1.0265994047e-01 2.3057800151e-01
1.0276991342e-01 2.3082500480e-01
1.0289182222e-01 2.3109881643e-01
1.0302696230e-01 2.3140234602e-01
1.0317676972e-01 2.3173881899e-01
1.0334283638e-01 2.3211181083e-01
1.0352692697e-01 2.3252528507e-01
1.0373099772e-01 2.3298363547e-01
1.0395721714e-01 2.3349173261e-01
1.0420798914e-01 2.3405497573e-01
1.0448597850e-01 2.3467935006e-01
1.0479413925e-01 2.3537149044e-01
1.0513574601e-01 2.3613875179e-01
1.0551442884e-01 2.3698928734e-01
1.0593421174e-01 2.3793213519e-01
1.0639955550e-01 2.3897731438e-01
1.0691540503e-01 2.4013593139e-01
1.0748724193e-01 2.4142029811e-01
1.0812114277e-01 2.4284406269e-01
1.0882384360e-01 2.4442235460e-01
1.0960281159e-01 2.4617194535e-01
1.1046632433e-01 2.4811142673e-01
1.1142355785e-01 2.5026140841e-01
1.1248468406e-01 2.5264473690e-01
1.1366097888e-01 2.5528673831e-01
1.1496494205e-01 2.5821548756e-01
1.1641042998e-01 2.6146210661e-01
1.1801280297e-01 2.6506109525e-01
1.1978908841e-01 2.6905069768e-01
1.2175816179e-01 2.7347330890e-01
1.2394094721e-01 2.7837592522e-01
1.2636063975e-01 2.8381064366e-01
1.2904295199e-01 2.8983521558e-01
1.3201638716e-01 2.9651366031e-01
1.3531254209e-01 3.0391694550e-01
1.3896644295e-01 3.1212374122e-01
1.4301691747e-01 3.2122125592e-01
1.4750700748e-01 3.3130616320e-01
1.5248442635e-01 3.4248562904e-01
1.5800206600e-01 3.5487845059e-01
1.6411855892e-01 3.6861631861e-01
1.7089890123e-01 3.8384521679e-01
1.7841514339e-01 4.0072697308e-01
1.8674715578e-01 4.1944097931e-01
1.9598347747e-01 4.4018609748e-01
2.0622225706e-01 4.6318277295e-01
2.1757229562e-01 4.8867537695e-01
2.3015420291e-01 5.1693480339e-01
2.4410167894e-01 5.4826134747e-01
2.5956293480e-01 5.8298789671e-01
2.7670226755e-01 6.2148346835e-01
2.9570180613e-01 6.6415713069e-01
3.1676344671e-01 7.1146234995e-01
3.4011099813e-01 7.6390180901e-01
3.6599256017e-01 8.2203274911e-01
3.9468315994e-01 8.8647289127e-01
4.2648767445e-01 9.5790700044e-01
4.6174407032e-01 1.0370941621e+00
5.0082699514e-01 1.1248758484e+00
5.4415175863e-01 1.2221848605e+00
5.9217874587e-01 1.3300552399e+00
6.4541830950e-01 1.4496332577e+00
7.0443619298e-01 1.5821895943e+00
7.6985954231e-01 1.7291328428e+00
8.4238357037e-01 1.8920244768e+00
9.2277894451e-01 2.0725954435e+00
1.0118999759e+00 2.2727645574e+00
1.1106936979e+00 2.4946588899e+00
1.2202099292e+00 2.7406363729e+00

8.9591987386e-02 2.3339510662e-01
8.9595571066e-02 2.3340444243e-01
8.9599543698e-02 2.3341479149e-01
8.9603947496e-02 2.3342626378e-01
8.9608829258e-02 2.3343898120e-01
8.9614240859e-02 2.3345307890e-01
8.9620239804e-02 2.3346870669e-01
8.9626889840e-02 2.3348603062e-01
8.9634261634e-02 2.3350523480e-01
8.9642433520e-02 2.3352652329e-01
8.9651492336e-02 2.3355012232e-01
8.9661534345e-02 2.3357628265e-01
8.9672666256e-02 2.3360528227e-01
8.9685006362e-02 2.3363742934e-01
8.9698685793e-02 2.3367306548e-01
8.9713849911e-02 2.3371256935e-01
8.9730659857e-02 2.3375636076e-01
8.9749294259e-02 2.3380490504e-01
8.9769951132e-02 2.3385871803e-01
8.9792849986e-02 2.3391837159e-01
8.9818234151e-02 2.3398449960e-01
8.9846373370e-02 2.3405780477e-01
8.9877566659e-02 2.3413906606e-01
8.9912145491e-02 2.3422914700e-01
8.9950477312e-02 2.3432900481e-01
8.9992969452e-02 2.3443970062e-01
9.0040073447e-02 2.3456241072e-01
9.0092289843e-02 2.3469843908e-01
9.0150173509e-02 2.3484923119e-01
9.0214339540e-02 2.3501638941e-01
9.0285469787e-02 2.3520169004e-01
9.0364320108e-02 2.3540710215e-01
9.0451728394e-02 2.3563480852e-01
9.0548623479e-02 2.3588722885e-01
9.0656035006e-02 2.3616704544e-01
9.0775104371e-02 2.3647723174e-01
9.0907096848e-02 2.3682108390e-01
9.1053415038e-02 2.3720225582e-01
9.1215613774e-02 2.3762479797e-01
9.1395416640e-02 2.3809320045e-01
9.1594734287e-02 2.3861244067e-01
9.1815684740e-02 2.3918803628e-01
9.2060615899e-02 2.3982610377e-01
9.2332130496e-02 2.4053342347e-01
9.2633113745e-02 2.4131751164e-01
9.2966764005e-02 2.4218670029e-01
9.3336626771e-02 2.4315022574e-01
9.3746632339e-02 2.4421832676e-01
9.4201137584e-02 2.4540235340e-01
9.4704972246e-02 2.4671488757e-01
9.5263490260e-02 2.4816987674e-01
9.5882626648e-02 2.4978278217e-01
9.6568960582e-02 2.5157074320e-01
9.7329785303e-02 2.5355275936e-01
9.8173185618e-02 2.5574989230e-01
9.9108123813e-02 2.5818548957e-01
1.0014453489e-01 2.6088543273e-01
1.0129343214e-01 2.6387841238e-01
1.0256702417e-01 2.6719623305e-01
1.0397884464e-01 2.7087415113e-01
1.0554389609e-01 2.7495124954e-01
1.0727880933e-01 2.7947085306e-01
1.0920202020e-01 2.8448098868e-01
1.1133396546e-01 2.9003489595e-01
1.1369729995e-01 2.9619159278e-01
1.1631713733e-01 3.0301650251e-01
1.1922131699e-01 3.1058214917e-01
1.2244069981e-01 3.1896892815e-01
1.2600949616e-01 3.2826596049e-01
1.2996562939e-01 3.3857203991e-01
1.3435113885e-01 3.4999668265e-01
1.3921262660e-01 3.6266129122e-01
1.4460175262e-01 3.7670044448e-01
1.5057578376e-01 3.9226332768e-01
1.5719820231e-01 4.0951531783e-01
1.6453938056e-01 4.2863974100e-01
1.7267732859e-01 4.4983982044e-01
1.8169852328e-01 4.7334083608e-01
1.9169882721e-01 4.9939251848e-01
2.0278450732e-01 5.2827170250e-01
2.1507336418e-01 5.6028526914e-01
2.2869598377e-01 5.9577340645e-01
2.4379712511e-01 6.3511322462e-01
2.6053725855e-01 6.7872276321e-01
2.7909427100e-01 7.2706543341e-01
2.9966535618e-01 7.8065494245e-01
3.2246911010e-01 8.4006075241e-01
3.4774785394e-01 9.0591413157e-01
3.7577020906e-01 9.7891486245e-01
4.0683395143e-01 1.0598386780e+00
4.4126917597e-01 1.1495455049e+00
4.7944180418e-01 1.2489886012e+00
5.2175747264e-01 1.3592246864e+00
5.6866584340e-01 1.4814251701e+00
6.2066538229e-01 1.6168886002e+00
6.7830865577e-01 1.7670544616e+00
7.4220820274e-01 1.9335184727e+00
8.1304304359e-01 2.1180495420e+00
8.9156589573e-01 2.3226085654e+00
9.7861117224e-01 2.5493692634e+00
1.0751038486e+00 2.8007412795e+00

7.7254248594e-02 2.3776412907e-01
7.7257338764e-02 2.3777363964e-01
7.7260764323e-02 2.3778418243e-01
7.7264561673e-02 2.3779586947e-01
7.7268771166e-02 2.3780882496e-01
7.7273437534e-02 2.3782318656e-01
7.7278610362e-02 2.3783910689e-01
7.7284344620e-02 2.3785675512e-01
7.7290701242e-02 2.3787631879e-01
7.7297747775e-02 2.3789800579e-01
7.7305559099e-02 2.3792204657e-01
7.7314218220e-02 2.3794869661e-01
7.7323817153e-02 2.3797823908e-01
7.7334457899e-02 2.3801098793e-01
7.7346253531e-02 2.3804729116e-01
7.7359329395e-02 2.3808753452e-01
7.7373824438e-02 2.3813214568e-01
7.7389892691e-02 2.3818159868e-01
7.7407704900e-02 2.3823641902e-01
7.7427450346e-02 2.3829718926e-01
7.7449338851e-02 2.3836455515e-01
7.7473603009e-02 2.3843923255e-01
7.7500500661e-02 2.3852201501e-01
7.7530317632e-02 2.3861378221e-01
7.7563370767e-02 2.3871550930e-01
7.7600011302e-02 2.3882827727e-01
7.7640628592e-02 2.3895328443e-01
7.7685654253e-02 2.3909185917e-01
7.7735566742e-02 2.3924547402e-01
7.7790896450e-02 2.3941576135e-01
7.7852231330e-02 2.3960453070e-01
7.7920223150e-02 2.3981378800e-01
7.7995594416e-02 2.4004575691e-01
7.8079146050e-02 2.4030290240e-01
7.8171765905e-02 2.4058795700e-01
7.8274438192e-02 2.4090394981e-01
7.8388253946e-02 2.4125423868e-01
7.8514422616e-02 2.4164254592e-01
7.8654284917e-02 2.4207299782e-01
7.8809327077e-02 2.4255016852e-01
7.8981196633e-02 2.4307912862e-01
7.9171719934e-02 2.4366549905e-01
7.9382921552e-02 2.4431551079e-01
7.9617045794e-02 2.4503607112e-01
7.9876580551e-02 2.4583483697e-01
8.0164283737e-02 2.4672029633e-01
8.0483212593e-02 2.4770185842e-01
8.0836756175e-02 2.4878995368e-01
8.1228671369e-02 2.4999614462e-01
8.1663122813e-02 2.5133324867e-01
8.2144727148e-02 2.5281547441e-01
8.2678602082e-02 2.5445857251e-01
8.3270420770e-02 2.5628000314e-01
8.3926472096e-02 2.5829912150e-01
8.4653727507e-02 2.6053738351e-01
8.5459915089e-02 2.6301857376e-01
8.6353601693e-02 2.6576905831e-01
8.7344283964e-02 2.6881806482e-01
8.8442489262e-02 2.7219799319e-01
8.9659887525e-02 2.7594475978e-01
9.1009415281e-02 2.8009817914e-01
9.2505413114e-02 2.8470238704e-01
9.4163778055e-02 2.8980630952e-01
9.6002132507e-02 2.9546418275e-01
9.8040011510e-02 3.0173612941e-01
1.0029907032e-01 3.0868879753e-01
1.0280331455e-01 3.1639606876e-01
1.0557935522e-01 3.2493984343e-01
1.0865669158e-01 3.3441091088e-01
1.1206802455e-01 3.4490991419e-01
1.1584960422e-01 3.5654841968e-01
1.2004161507e-01 3.6945010246e-01
1.2468860296e-01 3.8375206061e-01
1.2983994853e-01 3.9960627205e-01
1.3555039188e-01 4.1718120956e-01
1.4188061433e-01 4.3666363096e-01
1.4889788316e-01 4.5826056371e-01
1.5667676649e-01 4.8220150488e-01
1.6529992563e-01 5.0874085982e-01
1.7485899349e-01 5.3816064560e-01
1.8545554828e-01 5.7077348782e-01
1.9720219294e-01 6.0692594270e-01
2.1022375169e-01 6.4700217969e-01
2.2465859646e-01 6.9142806381e-01
2.4066011730e-01 7.4067568106e-01
2.5839835231e-01 7.9526835495e-01
2.7806179461e-01 8.5578620759e-01
2.9985939524e-01 9.2287232421e-01
3.2402278364e-01 9.9723958688e-01
3.5080872897e-01 1.0796782498e+00
3.8050186865e-01 1.1710643370e+00
4.1341773307e-01 1.2723689510e+00
4.4990609844e-01 1.3846685925e+00
4.9035470374e-01 1.5091565991e+00
5.3519337092e-01 1.6471558269e+00
5.8489857235e-01 1.8001327070e+00
6.3999849401e-01 1.9697128288e+00
7.0107864821e-01 2.1576982139e+00
7.6878809541e-01 2.3660864648e+00
8.4384634142e-01 2.5970919929e+00
9.2705098312e-01 2.8531695489e+00

6.4704761276e-02 2.4148145657e-01
6.4707349466e-02 2.4149111583e-01
6.4710218564e-02 2.4150182345e-01
6.4713399058e-02 2.4151369321e-01
6.4716924744e-02 2.4152685125e-01
6.4720833088e-02 2.4154143739e-01
6.4725165622e-02 2.4155760663e-01
6.4729968384e-02 2.4157553078e-01
6.4735292411e-02 2.4159540032e-01
6.4741194277e-02 2.4161742639e-01
6.4747736699e-02 2.4164184303e-01
6.4754989197e-02 2.4166890973e-01
6.4763028841e-02 2.4169891409e-01
6.4771941062e-02 2.4173217495e-01
6.4781820565e-02 2.4176904576e-01
6.4792772333e-02 2.4180991831e-01
6.4804912744e-02 2.4185522694e-01
6.4818370806e-02 2.4190545311e-01
6.4833289530e-02 2.4196113055e-01
6.4849827447e-02 2.4202285089e-01
6.4868160295e-02 2.4209127002e-01
6.4888482887e-02 2.4216711496e-01
6.4911011178e-02 2.4225119169e-01
6.4935984561e-02 2.4234439362e-01
6.4963668414e-02 2.4244771117e-01
6.4994356915e-02 2.4256224221e-01
6.5028376171e-02 2.4268920380e-01
6.5066087684e-02 2.4282994509e-01
6.5107892190e-02 2.4298596163e-01
6.5154233921e-02 2.4315891132e-01
6.5205605319e-02 2.4335063199e-01
6.5262552277e-02 2.4356316093e-01
6.5325679934e-02 2.4379875655e-01
6.5395659109e-02 2.4405992239e-01
6.5473233426e-02 2.4434943368e-01
6.5559227219e-02 2.4467036689e-01
6.5654554290e-02 2.4502613236e-01
6.5760227619e-02 2.4542051059e-01
6.5877370132e-02 2.4585769240e-01
6.6007226627e-02 2.4634232344e-01
6.6151177009e-02 2.4687955358e-01
6.6310750947e-02 2.4747509162e-01
6.6487644135e-02 2.4813526599e-01
6.6683736304e-02 2.4886709192e-01
6.6901111203e-02 2.4967834609e-01
6.7142078740e-02 2.5057764918e-01
6.7409199524e-02 2.5157455752e-01
6.7705312081e-02 2.5267966463e-01
6.8033563012e-02 2.5390471378e-01
6.8397440436e-02 2.5526272281e-01
6.8800811048e-02 2.5676812243e-01
6.9247961215e-02 2.5843690958e-01
6.9743642522e-02 2.6028681740e-01
7.0293122262e-02 2.6233750371e-01
7.0902239413e-02 2.6461075986e-01
7.1577466678e-02 2.6713074232e-01
7.2325979277e-02 2.6992422937e-01
7.3155731181e-02 2.7302090563e-01
7.4075539643e-02 2.7645367755e-01
7.5095178892e-02 2.8025902303e-01
7.6225483993e-02 2.8447737909e-01
7.7478465990e-02 2.8915357157e-01
7.8867439536e-02 2.9433729141e-01
8.0407164381e-02 3.0008362276e-01
8.2114002216e-02 3.0645362828e-01
8.4006090534e-02 3.1351499802e-01
8.6103535371e-02 3.2134276872e-01
8.8428624957e-02 3.3002012118e-01
9.1006066561e-02 3.3963926420e-01
9.3863249036e-02 3.5030241437e-01
9.7030533869e-02 3.6212288228e-01
1.0054157781e-01 3.7522627665e-01
1.0443369051e-01 3.8975183901e-01
1.0874823102e-01 4.0585392341e-01
1.1353104725e-01 4.2370363659e-01
1.1883296319e-01 4.4349065625e-01
1.2471031897e-01 4.6542524663e-01
1.3122556957e-01 4.8974049287e-01
1.3844794845e-01 5.1669477782e-01
1.4645420332e-01 5.4657452777e-01
1.5532941161e-01 5.7969725605e-01
1.6516788461e-01 6.1641493713e-01
1.7607416958e-01 6.5711774676e-01
1.8816416077e-01 7.0223820815e-01
2.0156633094e-01 7.5225578815e-01
2.1642309653e-01 8.0770199217e-01
2.3289233107e-01 8.6916601225e-01
2.5114904279e-01 9.3730098795e-01
2.7138723429e-01 1.0128309469e+00
2.9382196415e-01 1.0965584986e+00
3.1869163217e-01 1.1893733632e+00
3.4626051269e-01 1.2922618260e+00
3.7682156291e-01 1.4063172182e+00
4.1069953593e-01 1.5327515347e+00
4.4825443172e-01 1.6729083139e+00
4.8988532259e-01 1.8282769138e+00
5.3603459390e-01 2.0005083390e+00
5.8719264498e-01 2.1914327849e+00
6.4390310035e-01 2.4030790857e+00
7.0676858644e-01 2.6376962738e+00
7.7645713531e-01 2.8977774789e+00

5.1977922704e-02 2.4453690018e-01
5.1980001821e-02 2.4454668166e-01
5.1982306594e-02 2.4455752476e-01
5.1984861513e-02 2.4456954471e-01
5.1987693729e-02 2.4458286924e-01
5.1990833337e-02 2.4459763994e-01
5.1994313701e-02 2.4461401376e-01
5.1998171804e-02 2.4463216471e-01
5.2002448643e-02 2.4465228565e-01
5.2007189666e-02 2.4467459041e-01
5.2012445252e-02 2.4469931600e-01
5.2018271250e-02 2.4472672517e-01
5.2024729569e-02 2.4475710917e-01
5.2031888838e-02 2.4479079088e-01
5.2039825132e-02 2.4482812821e-01
5.2048622787e-02 2.4486951792e-01
5.2058375289e-02 2.4491539984e-01
5.2069186273e-02 2.4496626151e-01
5.2081170619e-02 2.4502264343e-01
5.2094455678e-02 2.4508514472e-01
5.2109182622e-02 2.4515442954e-01
5.2125507945e-02 2.4523123415e-01
5.2143605125e-02 2.4531637469e-01
5.2163666471e-02 2.4541075590e-01
5.2185905161e-02 2.4551538071e-01
5.2210557513e-02 2.4563136091e-01
5.2237885490e-02 2.4575992893e-01
5.2268179492e-02 2.4590245100e-01
5.2301761431e-02 2.4606044161e-01
5.2338988164e-02 2.4623557962e-01
5.2380255276e-02 2.4642972611e-01
5.2426001284e-02 2.4664494416e-01
5.2476712305e-02 2.4688352076e-01
5.2532927212e-02 2.4714799110e-01
5.2595243366e-02 2.4744116556e-01
5.2664322961e-02 2.4776615950e-01
5.2740900064e-02 2.4812642644e-01
5.2825788409e-02 2.4852579471e-01
5.2919890054e-02 2.4896850814e-01
5.3024204957e-02 2.4945927117e-01
5.3139841606e-02 2.5000329883e-01
5.3268028801e-02 2.5060637217e-01
5.3410128706e-02 2.5127489966e-01
5.3567651328e-02 2.5201598533e-01
5.3742270560e-02 2.5283750423e-01
5.3935841971e-02 2.5374818612e-01
5.4150422524e-02 2.5475770825e-01
5.4388292432e-02 2.5587679818e-01
5.4651979388e-02 2.5711734777e-01
5.4944285429e-02 2.5849253957e-01
5.5268316707e-02 2.6001698688e-01
5.5627516500e-02 2.6170688904e-01
5.6025701798e-02 2.6358020358e-01
5.6467103866e-02 2.6565683704e-01
5.6956413208e-02 2.6795885651e-01
5.7498829407e-02 2.7051072409e-01
5.8100116379e-02 2.7333955688e-01
5.8766663623e-02 2.7647541511e-01
5.9505554119e-02 2.7995162159e-01
6.0324639593e-02 2.8380511577e-01
6.1232623952e-02 2.8807684633e-01
6.2239155776e-02 2.9281220625e-01
6.3354930847e-02 2.9806151525e-01
6.4591805807e-02 3.0388055442e-01
6.5962924149e-02 3.1033115906e-01
6.7482855888e-02 3.1748187569e-01
6.9167752386e-02 3.2540869048e-01
7.1035517978e-02 3.3419583672e-01
7.3106000240e-02 3.4393668991e-01
7.5401200886e-02 3.5473475998e-01
7.7945509573e-02 3.6670479123e-01
8.0765963073e-02 3.7997398170e-01
8.3892532576e-02 3.9468333472e-01
8.7358442175e-02 4.1098915737e-01
9.1200521915e-02 4.2906472140e-01
9.5459599167e-02 4.4910210448e-01
1.0018093247e-01 4.7131423131e-01
1.0541469248e-01 4.9593713621e-01
1.1121649507e-01 5.2323247136e-01
1.1764799235e-01 5.5349028715e-01
1.2477752783e-01 5.8703211440e-01
1.3268086258e-01 6.2421438107e-01
1.4144198041e-01 6.6543219976e-01
1.5115398019e-01 7.1112356638e-01
1.6192006527e-01 7.6177401441e-01
1.7385464008e-01 8.1792177437e-01
1.8708452584e-01 8.8016349328e-01
2.0175030826e-01 9.4916057483e-01
2.1800783140e-01 1.0256462077e+00
2.3602985376e-01 1.1104331568e+00
2.5600788407e-01 1.2044223997e+00
2.7815421631e-01 1.3086127011e+00
3.0270418566e-01 1.4241112261e+00
3.2991866924e-01 1.5521453050e+00
3.6008685829e-01 1.6940754755e+00
3.9352933122e-01 1.8514099406e+00
4.3060146022e-01 2.0258205949e+00
4.7169718753e-01 2.2191607910e+00
5.1725321166e-01 2.4334850338e+00
5.6775362789e-01 2.6710708125e+00
6.2373507245e-01 2.9344428022e+00

3.9108616260e-02 2.4692208515e-01
3.9110180605e-02 2.4693196203e-01
3.9111914734e-02 2.4694291090e-01
3.9113837077e-02 2.4695504809e-01
3.9115968059e-02 2.4696850258e-01
3.9118330326e-02 2.4698341735e-01
3.9120948981e-02 2.4699995088e-01
3.9123851849e-02 2.4701827887e-01
3.9127069778e-02 2.4703859607e-01
3.9130636962e-02 2.4706111839e-01
3.9134591309e-02 2.4708608515e-01
3.9138974838e-02 2.4711376166e-01
3.9143834130e-02 2.4714444203e-01
3.9149220822e-02 2.4717845226e-01
3.9155192155e-02 2.4721615378e-01
3.9161811583e-02 2.4725794720e-01
3.9169149446e-02 2.4730427664e-01
3.9177283719e-02 2.4735563442e-01
3.9186300839e-02 2.4741256628e-01
3.9196296627e-02 2.4747567720e-01
3.9207377301e-02 2.4754563782e-01
3.9219660608e-02 2.4762319157e-01
3.9233277075e-02 2.4770916256e-01
3.9248371397e-02 2.4780446435e-01
3.9265103970e-02 2.4791010966e-01
3.9283652602e-02 2.4802722112e-01
3.9304214397e-02 2.4815704318e-01
3.9327007852e-02 2.4830095540e-01
3.9352275180e-02 2.4846048702e-01
3.9380284880e-02 2.4863733331e-01
3.9411334593e-02 2.4883337348e-01
3.9445754267e-02 2.4905069075e-01
3.9483909655e-02 2.4929159439e-01
3.9526206214e-02 2.4955864435e-01
3.9573093400e-02 2.4985467839e-01
3.9625069455e-02 2.5018284229e-01
3.9682686696e-02 2.5054662323e-01
3.9746557385e-02 2.5094988689e-01
3.9817360236e-02 2.5139691850e-01
3.9895847626e-02 2.5189246838e-01
3.9982853592e-02 2.5244180243e-01
4.0079302691e-02 2.5305075807e-01
4.0186219827e-02 2.5372580630e-01
4.0304741142e-02 2.5447412044e-01
4.0436126088e-02 2.5530365233e-01
4.0581770809e-02 2.5622321691e-01
4.0743222981e-02 2.5724258581e-01
4.0922198254e-02 2.5837259121e-01
4.1120598488e-02 2.5962524099e-01
4.1340531955e-02 2.6101384625e-01
4.1584335752e-02 2.6255316284e-01
4.1854600629e-02 2.6425954812e-01
4.2154198520e-02 2.6615113475e-01
4.2486313064e-02 2.6824802346e-01
4.2854473434e-02 2.7057249656e-01
4.3262591840e-02 2.7314925476e-01
4.3715005100e-02 2.7600567966e-01
4.4216520725e-02 2.7917212470e-01
4.4772468008e-02 2.8268223770e-01
4.5388754651e-02 2.8657331842e-01
4.6071929545e-02 2.9088671495e-01
4.6829252362e-02 2.9566826303e-01
4.7668770697e-02 3.0096877319e-01
4.8599405582e-02 3.0684457061e-01
4.9631046293e-02 3.1335809371e-01
5.0774655426e-02 3.2057855760e-01
5.2042385399e-02 3.2858268964e-01
5.3447707582e-02 3.3745554470e-01
5.5005555454e-02 3.4729140906e-01
5.6732483284e-02 3.5819480227e-01
5.8646842053e-02 3.7028158784e-01
6.0768974448e-02 3.8368020447e-01
6.3121431041e-02 3.9853303084e-01
6.5729209909e-02 4.1499789862e-01
6.8620022285e-02 4.3324976964e-01
7.1824587015e-02 4.5348259506e-01
7.5376957000e-02 4.7591137643e-01
7.9314881045e-02 5.0077445034e-01
8.3680204999e-02 5.2833602106e-01
8.8519316421e-02 5.5888896813e-01
9.3883637509e-02 5.9275795853e-01
9.9830171540e-02 6.3030289677e-01
1.0642210860e-01 6.7192274936e-01
1.1372949706e-01 7.1805978434e-01
1.2182998797e-01 7.6920427105e-01
1.3080966014e-01 8.2589968984e-01
1.4076393493e-01 8.8874850736e-01
1.5179859016e-01 9.5841857856e-01
1.6403088420e-01 1.0356502436e+00
1.7759080195e-01 1.1212641948e+00
1.9262243615e-01 1.2161701980e+00
2.0928551856e-01 1.3213767598e+00
2.2775711728e-01 1.4380018442e+00
2.4823351840e-01 1.5672847528e+00
2.7093231180e-01 1.7105992940e+00
2.9609470331e-01 1.8694683815e+00
3.2398807787e-01 2.0455802174e+00
3.5490884087e-01 2.2408062316e+00
3.8918556786e-01 2.4572209686e+00
4.2718249611e-01 2.6971241318e+00
4.6930339512e-01 2.9630650218e+00

2.6132115817e-02 2.4863047384e-01
2.6133161102e-02 2.4864041906e-01
2.6134319835e-02 2.4865144368e-01
2.6135604332e-02 2.4866366484e-01
2.6137028240e-02 2.4867721243e-01
2.6138606691e-02 2.4869223038e-01
2.6140356458e-02 2.4870887831e-01
2.6142296135e-02 2.4872733310e-01
2.6144446334e-02 2.4874779087e-01
2.6146829903e-02 2.4877046902e-01
2.6149472171e-02 2.4879560852e-01
2.6152401215e-02 2.4882347652e-01
2.6155648162e-02 2.4885436915e-01
2.6159247514e-02 2.4888861469e-01
2.6163237519e-02 2.4892657705e-01
2.6167660576e-02 2.4896865963e-01
2.6172563687e-02 2.4901530962e-01
2.6177998954e-02 2.4906702273e-01
2.6184024133e-02 2.4912434848e-01
2.6190703252e-02 2.4918789605e-01
2.6198107284e-02 2.4925834071e-01
2.6206314907e-02 2.4933643103e-01
2.6215413340e-02 2.4942299683e-01
2.6225499265e-02 2.4951895800e-01
2.6236679858e-02 2.4962533424e-01
2.6249073930e-02 2.4974325595e-01
2.6262813184e-02 2.4987397622e-01
2.6278043618e-02 2.5001888413e-01
2.6294927078e-02 2.5017951951e-01
2.6313642972e-02 2.5035758935e-01
2.6334390183e-02 2.5055498588e-01
2.6357389178e-02 2.5077380670e-01
2.6382884354e-02 2.5101637709e-01
2.6411146631e-02 2.5128527470e-01
2.6442476335e-02 2.5158335693e-01
2.6477206388e-02 2.5191379130e-01
2.6515705843e-02 2.5228008915e-01
2.6558383810e-02 2.5268614288e-01
2.6605693801e-02 2.5313626738e-01
2.6658138551e-02 2.5363524584e-01
2.6716275355e-02 2.5418838059e-01
2.6780721998e-02 2.5480154943e-01
2.6852163313e-02 2.5548126815e-01
2.6931358463e-02 2.5623475967e-01
2.7019149005e-02 2.5707003088e-01
2.7116467834e-02 2.5799595768e-01
2.7224349095e-02 2.5902237932e-01
2.7343939176e-02 2.6016020293e-01
2.7476508885e-02 2.6142151946e-01
2.7623466957e-02 2.6281973212e-01
2.7786375023e-02 2.6436969883e-01
2.7966964206e-02 2.6608789014e-01
2.8167153513e-02 2.6799256416e-01
2.8389070230e-02 2.7010396069e-01
2.8635072528e-02 2.7244451620e-01
2.8907774517e-02 2.7503910231e-01
2.9210074031e-02 2.7791529007e-01
2.9545183418e-02 2.8110364290e-01
2.9916663673e-02 2.8463804144e-01
3.0328462286e-02 2.8855604353e-01
3.0784955182e-02 2.9289928331e-01
3.1290993223e-02 2.9771391366e-01
3.1851953759e-02 3.0305109664e-01
3.2473797765e-02 3.0896754715e-01
3.3163133188e-02 3.1552613560e-01
3.3927285162e-02 3.2279655598e-01
3.4774373851e-02 3.3085606649e-01
3.5713400735e-02 3.3979031049e-01
3.6754344263e-02 3.4969422660e-01
3.7908265890e-02 3.6067305750e-01
3.9187427615e-02 3.7284346835e-01
4.0605422288e-02 3.8633478647e-01
4.2177318050e-02 4.0129037563e-01
4.3919818448e-02 4.1786915948e-01
4.5851439943e-02 4.3624731037e-01
4.7992708663e-02 4.5662012137e-01
5.0366378528e-02 4.7920408155e-01
5.2997673037e-02 5.0423917650e-01
5.5914553307e-02 5.3199143846e-01
5.9148015193e-02 5.6275577329e-01
6.2732418667e-02 5.9685909429e-01
6.6705852934e-02 6.3466379605e-01
7.1110541188e-02 6.7657160540e-01
7.5993289286e-02 7.2302785034e-01
8.1405983129e-02 7.7452619225e-01
8.7406140018e-02 8.3161387167e-01
9.4057519855e-02 8.9489752356e-01
1.0143080268e-01 9.6504962358e-01
1.0960433974e-01 1.0428156341e+00
1.1866498609e-01 1.1290219256e+00
1.2870902353e-01 1.2245845584e+00
1.3984318375e-01 1.3305190166e+00
1.5218578247e-01 1.4479509992e+00
1.6586797675e-01 1.5781283821e+00
1.8103515869e-01 1.7224344788e+00
1.9784850040e-01 1.8824027395e+00
2.1648666672e-01 2.0597330467e+00
2.3714771375e-01 2.2563097781e+00
2.6005119348e-01 2.4742218315e+00
2.8544048680e-01 2.7157848214e+00
3.1358538980e-01 2.9835656861e+00

1.3083989061e-02 2.4965738369e-01
1.3084512420e-02 2.4966736998e-01
1.3085092582e-02 2.4967844014e-01
1.3085735712e-02 2.4969071178e-01
1.3086448643e-02 2.4970431531e-01
1.3087238952e-02 2.4971939530e-01
1.3088115036e-02 2.4973611199e-01
1.3089086205e-02 2.4975464300e-01
1.3090162780e-02 2.4977518527e-01
1.3091356200e-02 2.4979795708e-01
1.3092679147e-02 2.4982320041e-01
1.3094145679e-02 2.4985118352e-01
1.3095771381e-02 2.4988220374e-01
1.3097573526e-02 2.4991659073e-01
1.3099571266e-02 2.4995470989e-01
1.3101785830e-02 2.4999696628e-01
1.3104240750e-02 2.5004380894e-01
1.3106962113e-02 2.5009573564e-01
1.3109978837e-02 2.5015329816e-01
1.3113322979e-02 2.5021710820e-01
1.3117030076e-02 2.5028784381e-01
1.3121139519e-02 2.5036625667e-01
1.3125694979e-02 2.5045318001e-01
1.3130744862e-02 2.5054953752e-01
1.3136342830e-02 2.5065635312e-01
1.3142548371e-02 2.5077476189e-01
1.3149427425e-02 2.5090602206e-01
1.3157053093e-02 2.5105152848e-01
1.3165506408e-02 2.5121282733e-01
1.3174877197e-02 2.5139163264e-01
1.3185265039e-02 2.5158984447e-01
1.3196780318e-02 2.5180956908e-01
1.3209545400e-02 2.5205314135e-01
1.3223695931e-02 2.5232314958e-01
1.3239382281e-02 2.5262246296e-01
1.3256771138e-02 2.5295426212e-01
1.3276047283e-02 2.5332207288e-01
1.3297415551e-02 2.5372980372e-01
1.3321103009e-02 2.5418178735e-01
1.3347361370e-02 2.5468282672e-01
1.3376469664e-02 2.5523824606e-01
1.3408737207e-02 2.5585394746e-01
1.3444506886e-02 2.5653647359e-01
1.3484158803e-02 2.5729307723e-01
1.3528114313e-02 2.5813179833e-01
1.3576840505e-02 2.5906154946e-01
1.3630855161e-02 2.6009221049e-01
1.3690732261e-02 2.6123473362e-01
1.3757108081e-02 2.6250125972e-01
1.3830687956e-02 2.6390524737e-01
1.3912253772e-02 2.6546161586e-01
1.4002672279e-02 2.6718690375e-01
1.4102904297e-02 2.6909944458e-01
1.4214014929e-02 2.7121956173e-01
1.4337184877e-02 2.7356978436e-01
1.4473722993e-02 2.7617508681e-01
1.4625080180e-02 2.7906315398e-01
1.4792864816e-02 2.8226467556e-01
1.4978859844e-02 2.8581367210e-01
1.5185041715e-02 2.8974785657e-01
1.5413601396e-02 2.9410903508e-01
1.5666967646e-02 2.9894355114e-01
1.5947832830e-02 3.0430277810e-01
1.6259181526e-02 3.1024366513e-01
1.6604322241e-02 3.1682934228e-01
1.6986922568e-02 3.2412979143e-01
1.7411048162e-02 3.3222258986e-01
1.7881205939e-02 3.4119373466e-01
1.8402391970e-02 3.5113855657e-01
1.8980144573e-02 3.6216273296e-01
1.9620603162e-02 3.7438341083e-01
2.0330573489e-02 3.8793045168e-01
2.1117599962e-02 4.0294781138e-01
2.1990045818e-02 4.1959507002e-01
2.2957181992e-02 4.3804912755e-01
2.4029285632e-02 4.5850608366e-01
2.5217749313e-02 4.8118332160e-01
2.6535202091e-02 5.0632181813e-01
2.7995643710e-02 5.3418870429e-01
2.9614593368e-02 5.6508010400e-01
3.1409254625e-02 5.9932428076e-01
3.3398698222e-02 6.3728512597e-01
3.5604064727e-02 6.7936602570e-01
3.8048789186e-02 7.2601414727e-01
4.0758850152e-02 7.7772519099e-01
4.3763045742e-02 8.3504865768e-01
4.7093299658e-02 8.9859368785e-01
5.0785000418e-02 9.6903553466e-01
5.4877377409e-02 1.0471227394e+00
5.9413917755e-02 1.1336850858e+00
6.4442828423e-02 1.2296424177e+00
7.0017548490e-02 1.3360144133e+00
7.6197317009e-02 1.4539314211e+00
8.3047802502e-02 1.5846464712e+00
9.0641800780e-02 1.7295485903e+00
9.9060008498e-02 1.8901775624e+00
1.0839188067e-01 2.0682402908e+00
1.1873658123e-01 2.2656289364e+00
1.3020403685e-01 2.4844410243e+00
1.4291610495e-01 2.7270017335e+00
1.5700786873e-01 2.9958886043e+00

1.5308084989e-17 2.5000000000e-01
1.5308697313e-17 2.5001000000e-01
1.5309376094e-17 2.5002108534e-01
1.5310128547e-17 2.5003337383e-01
1.5310962666e-17 2.5004699603e-01
1.5311887316e-17 2.5006209671e-01
1.5312912323e-17 2.5007883634e-01
1.5314048578e-17 2.5009739279e-01
1.5315308155e-17 2.5011796325e-01
1.5316704440e-17 2.5014076631e-01
1.5318252269e-17 2.5016604428e-01
1.5319968092e-17 2.5019406579e-01
1.5321870139e-17 2.5022512859e-01
1.5323978625e-17 2.5025956276e-01
1.5326315953e-17 2.5029773423e-01
1.5328906962e-17 2.5034004861e-01
1.5331779184e-17 2.5038695556e-01
1.5334963140e-17 2.5043895352e-01
1.5338492666e-17 2.5049659504e-01
1.5342405266e-17 2.5056049264e-01
1.5346742517e-17 2.5063132533e-01
1.5351550509e-17 2.5070984580e-01
1.5356880333e-17 2.5079688843e-01
1.5362788625e-17 2.5089337817e-01
1.5369338171e-17 2.5100034037e-01
1.5376598566e-17 2.5111891163e-01
1.5384646964e-17 2.5125035194e-01
1.5393568890e-17 2.5139605804e-01
1.5403459150e-17 2.5155757825e-01
1.5414422843e-17 2.5173662894e-01
1.5426576473e-17 2.5193511279e-01
1.5440049189e-17 2.5215513894e-01
1.5454984157e-17 2.5239904547e-01
1.5471540082e-17 2.5266942424e-01
1.5489892893e-17 2.5296914839e-01
1.5510237613e-17 2.5330140289e-01
1.5532790434e-17 2.5366971841e-01
1.5557791011e-17 2.5407800880e-01
1.5585505007e-17 2.5453061271e-01
1.5616226924e-17 2.5503233968e-01
1.5650283222e-17 2.5558852125e-01
1.5688035798e-17 2.5620506760e-01
1.5729885824e-17 2.5688853039e-01
1.5776278014e-17 2.5764617236e-01
1.5827705350e-17 2.5848604447e-01
1.5884714315e-17 2.5941707154e-01
1.5947910711e-17 2.6044914700e-01
1.6017966084e-17 2.6159323806e-01
1.6095624869e-17 2.6286150227e-01
1.6181712298e-17 2.6426741668e-01
1.6277143167e-17 2.6582592104e-01
1.6382931561e-17 2.6755357662e-01
1.6500201626e-17 2.6946874213e-01
1.6630199518e-17 2.7159176881e-01
1.6774306642e-17 2.7394521676e-01
1.6934054336e-17 2.7655409458e-01
1.7111140137e-17 2.7944612518e-01
1.7307445825e-17 2.8265204035e-01
1.7525057417e-17 2.8620590735e-01
1.7766287335e-17 2.9014549089e-01
1.8033698979e-17 2.9451265444e-01
1.8330133963e-17 2.9935380512e-01
1.8658742317e-17 3.0472038680e-01
1.9023015955e-17 3.1066942678e-01
1.9426825785e-17 3.1726414176e-01
1.9874462840e-17 3.2457460965e-01
2.0370683878e-17 3.3267851420e-01
2.0920761929e-17 3.4166197052e-01
2.1530542328e-17 3.5162044016e-01
2.2206504827e-17 3.6265974553e-01
2.2955832457e-17 3.7489719441e-01
2.3786487852e-17 3.8846282648e-01
2.4707297865e-17 4.0350079520e-01
2.5728047366e-17 4.2017089963e-01
2.6859583221e-17 4.3865028251e-01
2.8113929551e-17 4.5913531265e-01
2.9504415506e-17 4.8184367160e-01
3.1045816909e-17 5.0701666685e-01
3.2754513265e-17 5.3492179602e-01
3.4648661818e-17 5.6585558942e-01
3.6748390496e-17 6.0014676104e-01
3.9076011799e-17 6.3815970166e-01
4.1656259898e-17 6.8029835095e-01
4.4516553469e-17 7.2701048988e-01
4.7687287058e-17 7.7879249904e-01
5.1202154061e-17 8.3619463336e-01
5.5098504764e-17 8.9982686930e-01
5.9417743241e-17 9.7036538670e-01
6.4205767330e-17 1.0485597541e+00
6.9513456357e-17 1.1352408940e+00
7.5397211804e-17 1.2313299125e+00
8.1919556647e-17 1.3378478873e+00
8.9149799753e-17 1.4559267181e+00
9.7164772378e-17 1.5868211544e+00
1.0604964461e-16 1.7319221294e+00
1.1589883040e-16 1.8927715401e+00
1.2681699088e-16 2.0710786321e+00
1.3892014648e-16 2.2687381632e+00
1.5233690985e-16 2.4878505370e+00
1.6720985250e-16 2.7307441234e+00
1.8369701987e-16 3.0000000000e+00

-1.3083989061e-02 2.4965738369e-01
-1.3084512420e-02 2.4966736998e-01
-1.3085092582e-02 2.4967844014e-01
-1.3085735712e-02 2.4969071178e-01
-1.3086448643e-02 2.4970431531e-01
-1.3087238952e-02 2.4971939530e-01
-1.3088115036e-02 2.4973611199e-01
-1.3089086205e-02 2.4975464300e-01
-1.3090162780e-02 2.4977518527e-01
-1.3091356200e-02 2.4979795708e-01
-1.3092679147e-02 2.4982320041e-01
-1.3094145679e-02 2.4985118352e-01
-1.3095771381e-02 2.4988220374e-01
-1.3097573526e-02 2.4991659073e-01
-1.3099571266e-02 2.4995470989e-01
-1.3101785830e-02 2.4999696628e-01
-1.3104240750e-02 2.5004380894e-01
-1.3106962113e-02 2.5009573564e-01
-1.3109978837e-02 2.5015329816e-01
-1.3113322979e-02 2.5021710820e-01
-1.3117030076e-02 2.5028784381e-01
-1.3121139519e-02 2.5036625667e-01
-1.3125694979e-02 2.5045318001e-01
-1.3130744862e-02 2.5054953752e-01
-1.3136342830e-02 2.5065635312e-01
-1.3142548371e-02 2.5077476189e-01
-1.3149427425e-02 2.5090602206e-01
-1.3157053093e-02 2.5105152848e-01
-1.3165506408e-02 2.5121282733e-01
-1.3174877197e-02 2.5139163264e-01
-1.3185265039e-02 2.5158984447e-01
-1.3196780318e-02 2.5180956908e-01
-1.3209545400e-02 2.5205314135e-01
-1.3223695931e-02 2.5232314958e-01
-1.3239382281e-02 2.5262246296e-01
-1.3256771138e-02 2.5295426212e-01
-1.3276047283e-02 2.5332207288e-01
-1.3297415551e-02 2.5372980372e-01
-1.3321103009e-02 2.5418178735e-01
-1.3347361370e-02 2.5468282672e-01
-1.3376469664e-02 2.5523824606e-01
-1.3408737207e-02 2.5585394746e-01
-1.3444506886e-02 2.5653647359e-01
-1.3484158803e-02 2.5729307723e-01
-1.3528114313e-02 2.5813179833e-01
-1.3576840505e-02 2.5906154946e-01
-1.3630855161e-02 2.6009221049e-01
-1.3690732261e-02 2.6123473362e-01
-1.3757108081e-02 2.6250125972e-01
-1.3830687956e-02 2.6390524737e-01
-1.3912253772e-02 2.6546161586e-01
-1.4002672279e-02 2.6718690375e-01
-1.4102904297e-02 2.6909944458e-01
-1.4214014929e-02 2.7121956173e-01
-1.4337184877e-02 2.7356978436e-01
-1.4473722993e-02 2.7617508681e-01
-1.4625080180e-02 2.7906315398e-01
-1.4792864816e-02 2.8226467556e-01
-1.4978859844e-02 2.8581367210e-01
-1.5185041715e-02 2.8974785657e-01
-1.5413601396e-02 2.9410903508e-01
-1.5666967646e-02 2.9894355114e-01
-1.5947832830e-02 3.0430277810e-01
-1.6259181526e-02 3.1024366513e-01
-1.6604322241e-02 3.1682934228e-01
-1.6986922568e-02 3.2412979143e-01
-1.7411048162e-02 3.3222258986e-01
-1.7881205939e-02 3.4119373466e-01
-1.8402391970e-02 3.5113855657e-01
-1.8980144573e-02 3.6216273296e-01
-1.9620603162e-02 3.7438341083e-01
-2.0330573489e-02 3.8793045168e-01
-2.1117599962e-02 4.0294781138e-01
-2.1990045818e-02 4.1959507002e-01
-2.2957181992e-02 4.3804912755e-01
-2.4029285632e-02 4.5850608366e-01
-2.5217749313e-02 4.8118332160e-01
-2.6535202091e-02 5.0632181813e-01
-2.7995643710e-02 5.3418870429e-01
-2.9614593368e-02 5.6508010400e-01
-3.1409254625e-02 5.9932428076e-01
-3.3398698222e-02 6.3728512597e-01
-3.5604064727e-02 6.7936602570e-01
-3.8048789186e-02 7.2601414727e-01
-4.0758850152e-02 7.7772519099e-01
-4.3763045742e-02 8.3504865768e-01
-4.7093299658e-02 8.9859368785e-01
-5.0785000418e-02 9.6903553466e-01
-5.4877377409e-02 1.0471227394e+00
-5.9413917755e-02 1.1336850858e+00
-6.4442828423e-02 1.2296424177e+00
-7.0017548490e-02 1.3360144133e+00
-7.6197317009e-02 1.4539314211e+00
-8.3047802502e-02 1.5846464712e+00
-9.0641800780e-02 1.7295485903e+00
-9.9060008498e-02 1.8901775624e+00
-1.0839188067e-01 2.0682402908e+00
-1.1873658123e-01 2.2656289364e+00
-1.3020403685e-01 2.4844410243e+00
-1.4291610495e-01 2.7270017335e+00
-1.5700786873e-01 2.9958886043e+00

-2.6132115817e-02 2.4863047384e-01
-2.6133161102e-02 2.4864041906e-01
-2.6134319835e-02 2.4865144368e-01
-2.6135604332e-02 2.4866366484e-01
-2.6137028240e-02 2.4867721243e-01
-2.6138606691e-02 2.4869223038e-01
-2.6140356458e-02 2.4870887831e-01
-2.6142296135e-02 2.4872733310e-01
-2.6144446334e-02 2.4874779087e-01
-2.6146829903e-02 2.4877046902e-01
-2.6149472171e-02 2.4879560852e-01
-2.6152401215e-02 2.4882347652e-01
-2.6155648162e-02 2.4885436915e-01
-2.6159247514e-02 2.4888861469e-01
-2.6163237519e-02 2.4892657705e-01
-2.6167660576e-02 2.4896865963e-01
-2.6172563687e-02 2.4901530962e-01
-2.6177998954e-02 2.4906702273e-01
-2.6184024133e-02 2.4912434848e-01
-2.6190703252e-02 2.4918789605e-01
-2.6198107284e-02 2.4925834071e-01
-2.6206314907e-02 2.4933643103e-01
-2.6215413340e-02 2.4942299683e-01
-2.6225499265e-02 2.4951895800e-01
-2.6236679858e-02 2.4962533424e-01
-2.6249073930e-02 2.4974325595e-01
-2.6262813184e-02 2.4987397622e-01
-2.6278043618e-02 2.5001888413e-01
-2.6294927078e-02 2.5017951951e-01
-2.6313642972e-02 2.5035758935e-01
-2.6334390183e-02 2.5055498588e-01
-2.6357389178e-02 2.5077380670e-01
-2.6382884354e-02 2.5101637709e-01
-2.6411146631e-02 2.5128527470e-01
-2.6442476335e-02 2.5158335693e-01
-2.6477206388e-02 2.5191379130e-01
-2.6515705843e-02 2.5228008915e-01
-2.6558383810e-02 2.5268614288e-01
-2.6605693801e-02 2.5313626738e-01
-2.6658138551e-02 2.5363524584e-01
-2.6716275355e-02 2.5418838059e-01
-2.6780721998e-02 2.5480154943e-01
-2.6852163313e-02 2.5548126815e-01
-2.6931358463e-02 2.5623475967e-01
-2.7019149005e-02 2.5707003088e-01
-2.7116467834e-02 2.5799595768e-01
-2.7224349095e-02 2.5902237932e-01
-2.7343939176e-02 2.6016020293e-01
-2.7476508885e-02 2.6142151946e-01
-2.7623466957e-02 2.6281973212e-01
-2.7786375023e-02 2.6436969883e-01
-2.7966964206e-02 2.6608789014e-01
-2.8167153513e-02 2.6799256416e-01
-2.8389070230e-02 2.7010396069e-01
-2.8635072528e-02 2.7244451620e-01
-2.8907774517e-02 2.7503910231e-01
-2.9210074031e-02 2.7791529007e-01
-2.9545183418e-02 2.8110364290e-01
-2.9916663673e-02 2.8463804144e-01
-3.0328462286e-02 2.8855604353e-01
-3.0784955182e-02 2.9289928331e-01
-3.1290993223e-02 2.9771391366e-01
-3.1851953759e-02 3.0305109664e-01
-3.2473797765e-02 3.0896754715e-01
-3.3163133188e-02 3.1552613560e-01
-3.3927285162e-02 3.2279655598e-01
-3.4774373851e-02 3.3085606649e-01
-3.5713400735e-02 3.3979031049e-01
-3.6754344263e-02 3.4969422660e-01
-3.7908265890e-02 3.6067305750e-01
-3.9187427615e-02 3.7284346835e-01
-4.0605422288e-02 3.8633478647e-01
-4.2177318050e-02 4.0129037563e-01
-4.3919818448e-02 4.1786915948e-01
-4.5851439943e-02 4.3624731037e-01
-4.7992708663e-02 4.5662012137e-01
-5.0366378528e-02 4.7920408155e-01
-5.2997673037e-02 5.0423917650e-01
-5.5914553307e-02 5.3199143846e-01
-5.9148015193e-02 5.6275577329e-01
-6.2732418667e-02 5.9685909429e-01
-6.6705852934e-02 6.3466379605e-01
-7.1110541188e-02 6.7657160540e-01
-7.5993289286e-02 7.2302785034e-01
-8.1405983129e-02 7.7452619225e-01
-8.7406140018e-02 8.3161387167e-01
-9.4057519855e-02 8.9489752356e-01
-1.0143080268e-01 9.6504962358e-01
-1.0960433974e-01 1.0428156341e+00
-1.1866498609e-01 1.1290219256e+00
-1.2870902353e-01 1.2245845584e+00
-1.3984318375e-01 1.3305190166e+00
-1.5218578247e-01 1.4479509992e+00
-1.6586797675e-01 1.5781283821e+00
-1.8103515869e-01 1.7224344788e+00
-1.9784850040e-01 1.8824027395e+00
-2.1648666672e-01 2.0597330467e+00
-2.3714771375e-01 2.2563097781e+00
-2.6005119348e-01 2.4742218315e+00
-2.8544048680e-01 2.7157848214e+00
-3.1358538980e-01 2.9835656861e+00

-3.9108616260e-02 2.4692208515e-01
-3.9110180605e-02 2.4693196203e-01
-3.9111914734e-02 2.4694291090e-01
-3.9113837077e-02 2.4695504809e-01
-3.9115968059e-02 2.4696850258e-01
-3.9118330326e-02 2.4698341735e-01
-3.9120948981e-02 2.4699995088e-01
-3.9123851849e-02 2.4701827887e-01
-3.9127069778e-02 2.4703859607e-01
-3.9130636962e-02 2.4706111839e-01
-3.9134591309e-02 2.4708608515e-01
-3.9138974838e-02 2.4711376166e-01
-3.9143834130e-02 2.4714444203e-01
-3.9149220822e-02 2.4717845226e-01
-3.9155192155e-02 2.4721615378e-01
-3.9161811583e-02 2.4725794720e-01
-3.9169149446e-02 2.4730427664e-01
-3.9177283719e-02 2.4735563442e-01
-3.9186300839e-02 2.4741256628e-01
-3.9196296627e-02 2.4747567720e-01
-3.9207377301e-02 2.4754563782e-01
-3.9219660608e-02 2.4762319157e-01
-3.9233277075e-02 2.4770916256e-01
-3.9248371397e-02 2.4780446435e-01
-3.9265103970e-02 2.4791010966e-01
-3.9283652602e-02 2.4802722112e-01
-3.9304214397e-02 2.4815704318e-01
-3.9327007852e-02 2.4830095540e-01
-3.9352275180e-02 2.4846048702e-01
-3.9380284880e-02 2.4863733331e-01
-3.9411334593e-02 2.4883337348e-01
-3.9445754267e-02 2.4905069075e-01
-3.9483909655e-02 2.4929159439e-01
-3.9526206214e-02 2.4955864435e-01
-3.9573093400e-02 2.4985467839e-01
-3.9625069455e-02 2.5018284229e-01
-3.9682686696e-02 2.5054662323e-01
-3.9746557385e-02 2.5094988689e-01
-3.9817360236e-02 2.5139691850e-01
-3.9895847626e-02 2.5189246838e-01
-3.9982853592e-02 2.5244180243e-01
-4.0079302691e-02 2.5305075807e-01
-4.0186219827e-02 2.5372580630e-01
-4.0304741142e-02 2.5447412044e-01
-4.0436126088e-02 2.5530365233e-01
-4.0581770809e-02 2.5622321691e-01
-4.0743222981e-02 2.5724258581e-01
-4.0922198254e-02 2.5837259121e-01
-4.1120598488e-02 2.5962524099e-01
-4.1340531955e-02 2.6101384625e-01
-4.1584335752e-02 2.6255316284e-01
-4.1854600629e-02 2.6425954812e-01
-4.2154198520e-02 2.6615113475e-01
-4.2486313064e-02 2.6824802346e-01
-4.2854473434e-02 2.7057249656e-01
-4.3262591840e-02 2.7314925476e-01
-4.3715005100e-02 2.7600567966e-01
-4.4216520725e-02 2.7917212470e-01
-4.4772468008e-02 2.8268223770e-01
-4.5388754651e-02 2.8657331842e-01
-4.6071929545e-02 2.9088671495e-01
-4.6829252362e-02 2.9566826303e-01
-4.7668770697e-02 3.0096877319e-01
-4.8599405582e-02 3.0684457061e-01
-4.9631046293e-02 3.1335809371e-01
-5.0774655426e-02 3.2057855760e-01
-5.2042385399e-02 3.2858268964e-01
-5.3447707582e-02 3.3745554470e-01
-5.5005555454e-02 3.4729140906e-01
-5.6732483284e-02 3.5819480227e-01
-5.8646842053e-02 3.7028158784e-01
-6.0768974448e-02 3.8368020447e-01
-6.3121431041e-02 3.9853303084e-01
-6.5729209909e-02 4.1499789862e-01
-6.8620022285e-02 4.3324976964e-01
-7.1824587015e-02 4.5348259506e-01
-7.5376957000e-02 4.7591137643e-01
-7.9314881045e-02 5.0077445034e-01
-8.3680204999e-02 5.2833602106e-01
-8.8519316421e-02 5.5888896813e-01
-9.3883637509e-02 5.9275795853e-01
-9.9830171540e-02 6.3030289677e-01
-1.0642210860e-01 6.7192274936e-01
-1.1372949706e-01 7.1805978434e-01
-1.2182998797e-01 7.6920427105e-01
-1.3080966014e-01 8.2589968984e-01
-1.4076393493e-01 8.8874850736e-01
-1.5179859016e-01 9.5841857856e-01
-1.6403088420e-01 1.0356502436e+00
-1.7759080195e-01 1.1212641948e+00
-1.9262243615e-01 1.2161701980e+00
-2.0928551856e-01 1.3213767598e+00
-2.2775711728e-01 1.4380018442e+00
-2.4823351840e-01 1.5672847528e+00
-2.7093231180e-01 1.7105992940e+00
-2.9609470331e-01 1.8694683815e+00
-3.2398807787e-01 2.0455802174e+00
-3.5490884087e-01 2.2408062316e+00
-3.8918556786e-01 2.4572209686e+00
-4.2718249611e-01 2.6971241318e+00
-4.6930339512e-01 2.9630650218e+00

-5.1977922704e-02 2.4453690018e-01
-5.1980001821e-02 2.4454668166e-01
-5.1982306594e-02 2.4455752476e-01
-5.1984861513e-02 2.4456954471e-01
-5.1987693729e-02 2.4458286924e-01
-5.1990833337e-02 2.4459763994e-01
-5.1994313701e-02 2.4461401376e-01
-5.1998171804e-02 2.4463216471e-01
-5.2002448643e-02 2.4465228565e-01
-5.2007189666e-02 2.4467459041e-01
-5.2012445252e-02 2.4469931600e-01
-5.2018271250e-02 2.4472672517e-01
-5.2024729569e-02 2.4475710917e-01
-5.2031888838e-02 2.4479079088e-01
-5.2039825132e-02 2.4482812821e-01
-5.2048622787e-02 2.4486951792e-01
-5.2058375289e-02 2.4491539984e-01
-5.2069186273e-02 2.4496626151e-01
-5.2081170619e-02 2.4502264343e-01
-5.2094455678e-02 2.4508514472e-01
-5.2109182622e-02 2.4515442954e-01
-5.2125507945e-02 2.4523123415e-01
-5.2143605125e-02 2.4531637469e-01
-5.2163666471e-02 2.4541075590e-01
-5.2185905161e-02 2.4551538071e-01
-5.2210557513e-02 2.4563136091e-01
-5.2237885490e-02 2.4575992893e-01
-5.2268179492e-02 2.4590245100e-01
-5.2301761431e-02 2.4606044161e-01
-5.2338988164e-02 2.4623557962e-01
-5.2380255276e-02 2.4642972611e-01
-5.2426001284e-02 2.4664494416e-01
-5.2476712305e-02 2.4688352076e-01
-5.2532927212e-02 2.4714799110e-01
-5.2595243366e-02 2.4744116556e-01
-5.2664322961e-02 2.4776615950e-01
-5.2740900064e-02 2.4812642644e-01
-5.2825788409e-02 2.4852579471e-01
-5.2919890054e-02 2.4896850814e-01
-5.3024204957e-02 2.4945927117e-01
-5.3139841606e-02 2.5000329883e-01
-5.3268028801e-02 2.5060637217e-01
-5.3410128706e-02 2.5127489966e-01
-5.3567651328e-02 2.5201598533e-01
-5.3742270560e-02 2.5283750423e-01
-5.3935841971e-02 2.5374818612e-01
-5.4150422524e-02 2.5475770825e-01
-5.4388292432e-02 2.5587679818e-01
-5.4651979388e-02 2.5711734777e-01
-5.4944285429e-02 2.5849253957e-01
-5.5268316707e-02 2.6001698688e-01
-5.5627516500e-02 2.6170688904e-01
-5.6025701798e-02 2.6358020358e-01
-5.6467103866e-02 2.6565683704e-01
-5.6956413208e-02 2.6795885651e-01
-5.7498829407e-02 2.7051072409e-01
-5.8100116379e-02 2.7333955688e-01
-5.8766663623e-02 2.7647541511e-01
-5.9505554119e-02 2.7995162159e-01
-6.0324639593e-02 2.8380511577e-01
-6.1232623952e-02 2.8807684633e-01
-6.2239155776e-02 2.9281220625e-01
-6.3354930847e-02 2.9806151525e-01
-6.4591805807e-02 3.0388055442e-01
-6.5962924149e-02 3.1033115906e-01
-6.7482855888e-02 3.1748187569e-01
-6.9167752386e-02 3.2540869048e-01
-7.1035517978e-02 3.3419583672e-01
-7.3106000240e-02 3.4393668991e-01
-7.5401200886e-02 3.5473475998e-01
-7.7945509573e-02 3.6670479123e-01
-8.0765963073e-02 3.7997398170e-01
-8.3892532576e-02 3.9468333472e-01
-8.7358442175e-02 4.1098915737e-01
-9.1200521915e-02 4.2906472140e-01
-9.5459599167e-02 4.4910210448e-01
-1.0018093247e-01 4.7131423131e-01
-1.0541469248e-01 4.9593713621e-01
-1.1121649507e-01 5.2323247136e-01
-1.1764799235e-01 5.5349028715e-01
-1.2477752783e-01 5.8703211440e-01
-1.3268086258e-01 6.2421438107e-01
-1.4144198041e-01 6.6543219976e-01
-1.5115398019e-01 7.1112356638e-01
-1.6192006527e-01 7.6177401441e-01
-1.7385464008e-01 8.1792177437e-01
-1.8708452584e-01 8.8016349328e-01
-2.0175030826e-01 9.4916057483e-01
-2.1800783140e-01 1.0256462077e+00
-2.3602985376e-01 1.1104331568e+00
-2.5600788407e-01 1.2044223997e+00
-2.7815421631e-01 1.3086127011e+00
-3.0270418566e-01 1.4241112261e+00
-3.2991866924e-01 1.5521453050e+00
-3.6008685829e-01 1.6940754755e+00
-3.9352933122e-01 1.8514099406e+00
-4.3060146022e-01 2.0258205949e+00
-4.7169718753e-01 2.2191607910e+00
-5.1725321166e-01 2.4334850338e+00
-5.6775362789e-01 2.6710708125e+00
-6.2373507245e-01 2.9344428022e+00

-6.4704761276e-02 2.4148145657e-01
-6.4707349466e-02 2.4149111583e-01
-6.4710218564e-02 2.4150182345e-01
-6.4713399058e-02 2.4151369321e-01
-6.4716924744e-02 2.4152685125e-01
-6.4720833088e-02 2.4154143739e-01
-6.4725165622e-02 2.4155760663e-01
-6.4729968384e-02 2.4157553078e-01
-6.4735292411e-02 2.4159540032e-01
-6.4741194277e-02 2.4161742639e-01
-6.4747736699e-02 2.4164184303e-01
-6.4754989197e-02 2.4166890973e-01
-6.4763028841e-02 2.4169891409e-01
-6.4771941062e-02 2.4173217495e-01
-6.4781820565e-02 2.4176904576e-01
-6.4792772333e-02 2.4180991831e-01
-6.4804912744e-02 2.4185522694e-01
-6.4818370806e-02 2.4190545311e-01
-6.4833289530e-02 2.4196113055e-01
-6.4849827447e-02 2.4202285089e-01
-6.4868160295e-02 2.4209127002e-01
-6.4888482887e-02 2.4216711496e-01
-6.4911011178e-02 2.4225119169e-01
-6.4935984561e-02 2.4234439362e-01
-6.4963668414e-02 2.4244771117e-01
-6.4994356915e-02 2.4256224221e-01
-6.5028376171e-02 2.4268920380e-01
-6.5066087684e-02 2.4282994509e-01
-6.5107892190e-02 2.4298596163e-01
-6.5154233921e-02 2.4315891132e-01
-6.5205605319e-02 2.4335063199e-01
-6.5262552277e-02 2.4356316093e-01
-6.5325679934e-02 2.4379875655e-01
-6.5395659109e-02 2.4405992239e-01
-6.5473233426e-02 2.4434943368e-01
-6.5559227219e-02 2.4467036689e-01
-6.5654554290e-02 2.4502613236e-01
-6.5760227619e-02 2.4542051059e-01
-6.5877370132e-02 2.4585769240e-01
-6.6007226627e-02 2.4634232344e-01
-6.6151177009e-02 2.4687955358e-01
-6.6310750947e-02 2.4747509162e-01
-6.6487644135e-02 2.4813526599e-01
-6.6683736304e-02 2.4886709192e-01
-6.6901111203e-02 2.4967834609e-01
-6.7142078740e-02 2.5057764918e-01
-6.7409199524e-02 2.5157455752e-01
-6.7705312081e-02 2.5267966463e-01
-6.8033563012e-02 2.5390471378e-01
-6.8397440436e-02 2.5526272281e-01
-6.8800811048e-02 2.5676812243e-01
-6.9247961215e-02 2.5843690958e-01
-6.9743642522e-02 2.6028681740e-01
-7.0293122262e-02 2.6233750371e-01
-7.0902239413e-02 2.6461075986e-01
-7.1577466678e-02 2.6713074232e-01
-7.2325979277e-02 2.6992422937e-01
-7.3155731181e-02 2.7302090563e-01
-7.4075539643e-02 2.7645367755e-01
-7.5095178892e-02 2.8025902303e-01
-7.6225483993e-02 2.8447737909e-01
-7.7478465990e-02 2.8915357157e-01
-7.8867439536e-02 2.9433729141e-01
-8.0407164381e-02 3.0008362276e-01
-8.2114002216e-02 3.0645362828e-01
-8.4006090534e-02 3.1351499802e-01
-8.6103535371e-02 3.2134276872e-01
-8.8428624957e-02 3.3002012118e-01
-9.1006066561e-02 3.3963926420e-01
-9.3863249036e-02 3.5030241437e-01
-9.7030533869e-02 3.6212288228e-01
-1.0054157781e-01 3.7522627665e-01
-1.0443369051e-01 3.8975183901e-01
-1.0874823102e-01 4.0585392341e-01
-1.1353104725e-01 4.2370363659e-01
-1.1883296319e-01 4.4349065625e-01
-1.2471031897e-01 4.6542524663e-01
-1.3122556957e-01 4.8974049287e-01
-1.3844794845e-01 5.1669477782e-01
-1.4645420332e-01 5.4657452777e-01
-1.5532941161e-01 5.7969725605e-01
-1.6516788461e-01 6.1641493713e-01
-1.7607416958e-01 6.5711774676e-01
-1.8816416077e-01 7.0223820815e-01
-2.0156633094e-01 7.5225578815e-01
-2.1642309653e-01 8.0770199217e-01
-2.3289233107e-01 8.6916601225e-01
-2.5114904279e-01 9.3730098795e-01
-2.7138723429e-01 1.0128309469e+00
-2.9382196415e-01 1.0965584986e+00
-3.1869163217e-01 1.1893733632e+00
-3.4626051269e-01 1.2922618260e+00
-3.7682156291e-01 1.4063172182e+00
-4.1069953593e-01 1.5327515347e+00
-4.4825443172e-01 1.6729083139e+00
-4.8988532259e-01 1.8282769138e+00
-5.3603459390e-01 2.0005083390e+00
-5.8719264498e-01 2.1914327849e+00
-6.4390310035e-01 2.4030790857e+00
-7.0676858644e-01 2.6376962738e+00
-7.7645713531e-01 2.8977774789e+00

-7.7254248594e-02 2.3776412907e-01
-7.7257338764e-02 2.3777363964e-01
-7.7260764323e-02 2.3778418243e-01
-7.7264561673e-02 2.3779586947e-01
-7.7268771166e-02 2.3780882496e-01
-7.7273437534e-02 2.3782318656e-01
-7.7278610362e-02 2.3783910689e-01
-7.7284344620e-02 2.3785675512e-01
-7.7290701242e-02 2.3787631879e-01
-7.7297747775e-02 2.3789800579e-01
-7.7305559099e-02 2.3792204657e-01
-7.7314218220e-02 2.3794869661e-01
-7.7323817153e-02 2.3797823908e-01
-7.7334457899e-02 2.3801098793e-01
-7.7346253531e-02 2.3804729116e-01
-7.7359329395e-02 2.3808753452e-01
-7.7373824438e-02 2.3813214568e-01
-7.7389892691e-02 2.3818159868e-01
-7.7407704900e-02 2.3823641902e-01
-7.7427450346e-02 2.3829718926e-01
-7.7449338851e-02 2.3836455515e-01
-7.7473603009e-02 2.3843923255e-01
-7.7500500661e-02 2.3852201501e-01
-7.7530317632e-02 2.3861378221e-01
-7.7563370767e-02 2.3871550930e-01
-7.7600011302e-02 2.3882827727e-01
-7.7640628592e-02 2.3895328443e-01
-7.7685654253e-02 2.3909185917e-01
-7.7735566742e-02 2.3924547402e-01
-7.7790896450e-02 2.3941576135e-01
-7.7852231330e-02 2.3960453070e-01
-7.7920223150e-02 2.3981378800e-01
-7.7995594416e-02 2.4004575691e-01
-7.8079146050e-02 2.4030290240e-01
-7.8171765905e-02 2.4058795700e-01
-7.8274438192e-02 2.4090394981e-01
-7.8388253946e-02 2.4125423868e-01
-7.8514422616e-02 2.4164254592e-01
-7.8654284917e-02 2.4207299782e-01
-7.8809327077e-02 2.4255016852e-01
-7.8981196633e-02 2.4307912862e-01
-7.9171719934e-02 2.4366549905e-01
-7.9382921552e-02 2.4431551079e-01
-7.9617045794e-02 2.4503607112e-01
-7.9876580551e-02 2.4583483697e-01
-8.0164283737e-02 2.4672029633e-01
-8.0483212593e-02 2.4770185842e-01
-8.0836756175e-02 2.4878995368e-01
-8.1228671369e-02 2.4999614462e-01
-8.1663122813e-02 2.5133324867e-01
-8.2144727148e-02 2.5281547441e-01
-8.2678602082e-02 2.5445857251e-01
-8.3270420770e-02 2.5628000314e-01
-8.3926472096e-02 2.5829912150e-01
-8.4653727507e-02 2.6053738351e-01
-8.5459915089e-02 2.6301857376e-01
-8.6353601693e-02 2.6576905831e-01
-8.7344283964e-02 2.6881806482e-01
-8.8442489262e-02 2.7219799319e-01
-8.9659887525e-02 2.7594475978e-01
-9.1009415281e-02 2.8009817914e-01
-9.2505413114e-02 2.8470238704e-01
-9.4163778055e-02 2.8980630952e-01
-9.6002132507e-02 2.9546418275e-01
-9.8040011510e-02 3.0173612941e-01
-1.0029907032e-01 3.0868879753e-01
-1.0280331455e-01 3.1639606876e-01
-1.0557935522e-01 3.2493984343e-01
-1.0865669158e-01 3.3441091088e-01
-1.1206802455e-01 3.4490991419e-01
-1.1584960422e-01 3.5654841968e-01
-1.2004161507e-01 3.6945010246e-01
-1.2468860296e-01 3.8375206061e-01
-1.2983994853e-01 3.9960627205e-01
-1.3555039188e-01 4.1718120956e-01
-1.4188061433e-01 4.3666363096e-01
-1.4889788316e-01 4.5826056371e-01
-1.5667676649e-01 4.8220150488e-01
-1.6529992563e-01 5.0874085982e-01
-1.7485899349e-01 5.3816064560e-01
-1.8545554828e-01 5.7077348782e-01
-1.9720219294e-01 6.0692594270e-01
-2.1022375169e-01 6.4700217969e-01
-2.2465859646e-01 6.9142806381e-01
-2.4066011730e-01 7.4067568106e-01
-2.5839835231e-01 7.9526835495e-01
-2.7806179461e-01 8.5578620759e-01
-2.9985939524e-01 9.2287232421e-01
-3.2402278364e-01 9.9723958688e-01
-3.5080872897e-01 1.0796782498e+00
-3.8050186865e-01 1.1710643370e+00
-4.1341773307e-01 1.2723689510e+00
-4.4990609844e-01 1.3846685925e+00
-4.9035470374e-01 1.5091565991e+00
-5.3519337092e-01 1.6471558269e+00
-5.8489857235e-01 1.8001327070e+00
-6.3999849401e-01 1.9697128288e+00
-7.0107864821e-01 2.1576982139e+00
-7.6878809541e-01 2.3660864648e+00
-8.4384634142e-01 2.5970919929e+00
-9.2705098312e-01 2.8531695489e+00

-8.9591987386e-02 2.3339510662e-01
-8.9595571066e-02 2.3340444243e-01
-8.9599543698e-02 2.3341479149e-01
-8.9603947496e-02 2.3342626378e-01
-8.9608829258e-02 2.3343898120e-01
-8.9614240859e-02 2.3345307890e-01
-8.9620239804e-02 2.3346870669e-01
-8.9626889840e-02 2.3348603062e-01
-8.9634261634e-02 2.3350523480e-01
-8.9642433520e-02 2.3352652329e-01
-8.9651492336e-02 2.3355012232e-01
-8.9661534345e-02 2.3357628265e-01
-8.9672666256e-02 2.3360528227e-01
-8.9685006362e-02 2.3363742934e-01
-8.9698685793e-02 2.3367306548e-01
-8.9713849911e-02 2.3371256935e-01
-8.9730659857e-02 2.3375636076e-01
-8.9749294259e-02 2.3380490504e-01
-8.9769951132e-02 2.3385871803e-01
-8.9792849986e-02 2.3391837159e-01
-8.9818234151e-02 2.3398449960e-01
-8.9846373370e-02 2.3405780477e-01
-8.9877566659e-02 2.3413906606e-01
-8.9912145491e-02 2.3422914700e-01
-8.9950477312e-02 2.3432900481e-01
-8.9992969452e-02 2.3443970062e-01
-9.0040073447e-02 2.3456241072e-01
-9.0092289843e-02 2.3469843908e-01
-9.0150173509e-02 2.3484923119e-01
-9.0214339540e-02 2.3501638941e-01
-9.0285469787e-02 2.3520169004e-01
-9.0364320108e-02 2.3540710215e-01
-9.0451728394e-02 2.3563480852e-01
-9.0548623479e-02 2.3588722885e-01
-9.0656035006e-02 2.3616704544e-01
-9.0775104371e-02 2.3647723174e-01
-9.0907096848e-02 2.3682108390e-01
-9.1053415038e-02 2.3720225582e-01
-9.1215613774e-02 2.3762479797e-01
-9.1395416640e-02 2.3809320045e-01
-9.1594734287e-02 2.3861244067e-01
-9.1815684740e-02 2.3918803628e-01
-9.2060615899e-02 2.3982610377e-01
-9.2332130496e-02 2.4053342347e-01
-9.2633113745e-02 2.4131751164e-01
-9.2966764005e-02 2.4218670029e-01
-9.3336626771e-02 2.4315022574e-01
-9.3746632339e-02 2.4421832676e-01
-9.4201137584e-02 2.4540235340e-01
-9.4704972246e-02 2.4671488757e-01
-9.5263490260e-02 2.4816987674e-01
-9.5882626648e-02 2.4978278217e-01
-9.6568960582e-02 2.5157074320e-01
-9.7329785303e-02 2.5355275936e-01
-9.8173185618e-02 2.5574989230e-01
-9.9108123813e-02 2.5818548957e-01
-1.0014453489e-01 2.6088543273e-01
-1.0129343214e-01 2.6387841238e-01
-1.0256702417e-01 2.6719623305e-01
-1.0397884464e-01 2.7087415113e-01
-1.0554389609e-01 2.7495124954e-01
-1.0727880933e-01 2.7947085306e-01
-1.0920202020e-01 2.8448098868e-01
-1.1133396546e-01 2.9003489595e-01
-1.1369729995e-01 2.9619159278e-01
-1.1631713733e-01 3.0301650251e-01
-1.1922131699e-01 3.1058214917e-01
-1.2244069981e-01 3.1896892815e-01
-1.2600949616e-01 3.2826596049e-01
-1.2996562939e-01 3.3857203991e-01
-1.3435113885e-01 3.4999668265e-01
-1.3921262660e-01 3.6266129122e-01
-1.4460175262e-01 3.7670044448e-01
-1.5057578376e-01 3.9226332768e-01
-1.5719820231e-01 4.0951531783e-01
-1.6453938056e-01 4.2863974100e-01
-1.7267732859e-01 4.4983982044e-01
-1.8169852328e-01 4.7334083608e-01
-1.9169882721e-01 4.9939251848e-01
-2.0278450732e-01 5.2827170250e-01
-2.1507336418e-01 5.6028526914e-01
-2.2869598377e-01 5.9577340645e-01
-2.4379712511e-01 6.3511322462e-01
-2.6053725855e-01 6.7872276321e-01
-2.7909427100e-01 7.2706543341e-01
-2.9966535618e-01 7.8065494245e-01
-3.2246911010e-01 8.4006075241e-01
-3.4774785394e-01 9.0591413157e-01
-3.7577020906e-01 9.7891486245e-01
-4.0683395143e-01 1.0598386780e+00
-4.4126917597e-01 1.1495455049e+00
-4.7944180418e-01 1.2489886012e+00
-5.2175747264e-01 1.3592246864e+00
-5.6866584340e-01 1.4814251701e+00
-6.2066538229e-01 1.6168886002e+00
-6.7830865577e-01 1.7670544616e+00
-7.4220820274e-01 1.9335184727e+00
-8.1304304359e-01 2.1180495420e+00
-8.9156589573e-01 2.3226085654e+00
-9.7861117224e-01 2.5493692634e+00
-1.0751038486e+00 2.8007412795e+00

-1.0168416077e-01 2.2838636441e-01
-1.0168822814e-01 2.2839549987e-01
-1.0169273695e-01 2.2840562683e-01
-1.0169773513e-01 2.2841685292e-01
-1.0170327578e-01 2.2842929742e-01
-1.0170941778e-01 2.2844309258e-01
-1.0171622640e-01 2.2845838499e-01
-1.0172377398e-01 2.2847533715e-01
-1.0173214074e-01 2.2849412920e-01
-1.0174141558e-01 2.2851496083e-01
-1.0175169706e-01 2.2853805341e-01
-1.0176309444e-01 2.2856365233e-01
-1.0177572881e-01 2.2859202961e-01
-1.0178973446e-01 2.2862348679e-01
-1.0180526019e-01 2.2865835817e-01
-1.0182247100e-01 2.2869701428e-01
-1.0184154977e-01 2.2873986590e-01
-1.0186269925e-01 2.2878736840e-01
-1.0188614417e-01 2.2884002655e-01
-1.0191213367e-01 2.2889839992e-01
-1.0194094392e-01 2.2896310880e-01
-1.0197288107e-01 2.2903484082e-01
-1.0200828449e-01 2.2911435822e-01
-1.0204753041e-01 2.2920250598e-01
-1.0209103585e-01 2.2930022081e-01
-1.0213926313e-01 2.2940854105e-01
-1.0219272472e-01 2.2952861775e-01
-1.0225198873e-01 2.2966172689e-01
-1.0231768492e-01 2.2980928294e-01
-1.0239051140e-01 2.2997285389e-01
-1.0247124205e-01 2.3015417791e-01
-1.0256073474e-01 2.3035518180e-01
-1.0265994047e-01 2.3057800151e-01
-1.0276991342e-01 2.3082500480e-01
-1.0289182222e-01 2.3109881643e-01
-1.0302696230e-01 2.3140234602e-01
-1.0317676972e-01 2.3173881899e-01
-1.0334283638e-01 2.3211181083e-01
-1.0352692697e-01 2.3252528507e-01
-1.0373099772e-01 2.3298363547e-01
-1.0395721714e-01 2.3349173261e-01
-1.0420798914e-01 2.3405497573e-01
-1.0448597850e-01 2.3467935006e-01
-1.0479413925e-01 2.3537149044e-01
-1.0513574601e-01 2.3613875179e-01
-1.0551442884e-01 2.3698928734e-01
-1.0593421174e-01 2.3793213519e-01
-1.0639955550e-01 2.3897731438e-01
-1.0691540503e-01 2.4013593139e-01
-1.0748724193e-01 2.4142029811e-01
-1.0812114277e-01 2.4284406269e-01
-1.0882384360e-01 2.4442235460e-01
-1.0960281159e-01 2.4617194535e-01
-1.1046632433e-01 2.4811142673e-01
-1.1142355785e-01 2.5026140841e-01
-1.1248468406e-01 2.5264473690e-01
-1.1366097888e-01 2.5528673831e-01
-1.1496494205e-01 2.5821548756e-01
-1.1641042998e-01 2.6146210661e-01
-1.1801280297e-01 2.6506109525e-01
-1.1978908841e-01 2.6905069768e-01
-1.2175816179e-01 2.7347330890e-01
-1.2394094721e-01 2.7837592522e-01
-1.2636063975e-01 2.8381064366e-01
-1.2904295199e-01 2.8983521558e-01
-1.3201638716e-01 2.9651366031e-01
-1.3531254209e-01 3.0391694550e-01
-1.3896644295e-01 3.1212374122e-01
-1.4301691747e-01 3.2122125592e-01
-1.4750700748e-01 3.3130616320e-01
-1.5248442635e-01 3.4248562904e-01
-1.5800206600e-01 3.5487845059e-01
-1.6411855892e-01 3.6861631861e-01
-1.7089890123e-01 3.8384521679e-01
-1.7841514339e-01 4.0072697308e-01
-1.8674715578e-01 4.1944097931e-01
-1.9598347747e-01 4.4018609748e-01
-2.0622225706e-01 4.6318277295e-01
-2.1757229562e-01 4.8867537695e-01
-2.3015420291e-01 5.1693480339e-01
-2.4410167894e-01 5.4826134747e-01
-2.5956293480e-01 5.8298789671e-01
-2.7670226755e-01 6.2148346835e-01
-2.9570180613e-01 6.6415713069e-01
-3.1676344671e-01 7.1146234995e-01
-3.4011099813e-01 7.6390180901e-01
-3.6599256017e-01 8.2203274911e-01
-3.9468315994e-01 8.8647289127e-01
-4.2648767445e-01 9.5790700044e-01
-4.6174407032e-01 1.0370941621e+00
-5.0082699514e-01 1.1248758484e+00
-5.4415175863e-01 1.2221848605e+00
-5.9217874587e-01 1.3300552399e+00
-6.4541830950e-01 1.4496332577e+00
-7.0443619298e-01 1.5821895943e+00
-7.6985954231e-01 1.7291328428e+00
-8.4238357037e-01 1.8920244768e+00
-9.2277894451e-01 2.0725954435e+00
-1.0118999759e+00 2.2727645574e+00
-1.1106936979e+00 2.4946588899e+00
-1.2202099292e+00 2.7406363729e+00

-1.1349762493e-01 2.2275163105e-01
-1.1350216484e-01 2.2276054111e-01
-1.1350719748e-01 2.2277041823e-01
-1.1351277634e-01 2.2278136734e-01
-1.1351896069e-01 2.2279350482e-01
-1.1352581625e-01 2.2280695962e-01
-1.1353341588e-01 2.2282187474e-01
-1.1354184034e-01 2.2283840866e-01
-1.1355117913e-01 2.2285673707e-01
-1.1356153150e-01 2.2287705475e-01
-1.1357300746e-01 2.2289957759e-01
-1.1358572896e-01 2.2292454493e-01
-1.1359983117e-01 2.2295222209e-01
-1.1361546396e-01 2.2298290316e-01
-1.1363279345e-01 2.2301691419e-01
-1.1365200378e-01 2.2305461658e-01
-1.1367329908e-01 2.2309641098e-01
-1.1369690566e-01 2.2314274150e-01
-1.1372307437e-01 2.2319410047e-01
-1.1375208327e-01 2.2325103365e-01
-1.1378424064e-01 2.2331414604e-01
-1.1381988818e-01 2.2338410828e-01
-1.1385940471e-01 2.2346166384e-01
-1.1390321014e-01 2.2354763683e-01
-1.1395176996e-01 2.2364294084e-01
-1.1400560018e-01 2.2374858861e-01
-1.1406527284e-01 2.2386570278e-01
-1.1413142202e-01 2.2399552787e-01
-1.1420475066e-01 2.2413944343e-01
-1.1428603798e-01 2.2429897877e-01
-1.1437614776e-01 2.2447582916e-01
-1.1447603754e-01 2.2467187390e-01
-1.1458676879e-01 2.2488919622e-01
-1.1470951818e-01 2.2513010546e-01
-1.1484559010e-01 2.2539716163e-01
-1.1499643048e-01 2.2569320256e-01
-1.1516364223e-01 2.2602137409e-01
-1.1534900219e-01 2.2638516349e-01
-1.1555448006e-01 2.2678843653e-01
-1.1578225934e-01 2.2723547854e-01
-1.1603476049e-01 2.2773103994e-01
-1.1631466668e-01 2.2828038676e-01
-1.1662495229e-01 2.2888935657e-01
-1.1696891454e-01 2.2956442050e-01
-1.1735020851e-01 2.3031275204e-01
-1.1777288595e-01 2.3114230323e-01
-1.1824143840e-01 2.3206188919e-01
-1.1876084488e-01 2.3308128180e-01
-1.1933662478e-01 2.3421131348e-01
-1.1997489656e-01 2.3546399239e-01
-1.2068244274e-01 2.3685262995e-01
-1.2146678196e-01 2.3839198234e-01
-1.2233624890e-01 2.4009840730e-01
-1.2330008285e-01 2.4199003793e-01
-1.2436852586e-01 2.4408697540e-01
-1.2555293160e-01 2.4641150256e-01
-1.2686588602e-01 2.4898832069e-01
-1.2832134105e-01 2.5184481203e-01
-1.2993476291e-01 2.5501133071e-01
-1.3172329640e-01 2.5852152534e-01
-1.3370594717e-01 2.6241269656e-01
-1.3590378359e-01 2.6672619341e-01
-1.3834016069e-01 2.7150785270e-01
-1.4104096832e-01 2.7680848612e-01
-1.4403490627e-01 2.8268442020e-01
-1.4735378924e-01 2.8919809478e-01
-1.5103288491e-01 2.9641872661e-01
-1.5511128874e-01 3.0442304480e-01
-1.5963233935e-01 3.1329610622e-01
-1.6464407911e-01 3.2313219933e-01
-1.7019976464e-01 3.3403584612e-01
-1.7635843272e-01 3.4612291280e-01
-1.8318552766e-01 3.5952184104e-01
-1.9075359670e-01 3.7437501285e-01
-1.9914306097e-01 3.9084026356e-01
-2.0844307004e-01 4.0909255905e-01
-2.1875244927e-01 4.2932585504e-01
-2.3018074996e-01 4.5175515804e-01
-2.4284941350e-01 4.7661881019e-01
-2.5689306182e-01 5.0418102192e-01
-2.7246092796e-01 5.3473467956e-01
-2.8971844187e-01 5.6860445766e-01
-3.0884898832e-01 6.0615026909e-01
-3.3005585561e-01 6.4777108963e-01
-3.5356439583e-01 6.9390919764e-01
-3.7962441948e-01 7.4505487382e-01
-4.0851285007e-01 8.0175161119e-01
-4.4053666684e-01 8.6460189039e-01
-4.7603616678e-01 9.3427358192e-01
-5.1538858081e-01 1.0115070431e+00
-5.5901208233e-01 1.0971229855e+00
-6.0737023094e-01 1.1920311960e+00
-6.6097689831e-01 1.2972402045e+00
-7.2040172889e-01 1.4138680013e+00
-7.8627619304e-01 1.5431539167e+00
-8.5930029736e-01 1.6864717910e+00
-9.4025002319e-01 1.8453445733e+00
-1.0299855725e+00 2.0214605051e+00
-1.1294605086e+00 2.2166910597e+00
-1.2397318892e+00 2.4331108298e+00
-1.3619714992e+00 2.6730195726e+00

-1.2500000000e-01 2.1650635095e-01
-1.2500500000e-01 2.1651501120e-01
-1.2501054267e-01 2.1652461139e-01
-1.2501668691e-01 2.1653525353e-01
-1.2502349802e-01 2.1654705070e-01
-1.2503104836e-01 2.1656012828e-01
-1.2503941817e-01 2.1657462522e-01
-1.2504869639e-01 2.1659069557e-01
-1.2505898162e-01 2.1660851012e-01
-1.2507038315e-01 2.1662825815e-01
-1.2508302214e-01 2.1665014951e-01
-1.2509703289e-01 2.1667441685e-01
-1.2511256429e-01 2.1670131802e-01
-1.2512978138e-01 2.1673113889e-01
-1.2514886712e-01 2.1676419635e-01
-1.2517002431e-01 2.1680084168e-01
-1.2519347778e-01 2.1684146429e-01
-1.2521947676e-01 2.1688649584e-01
-1.2524829752e-01 2.1693641487e-01
-1.2528024632e-01 2.1699175182e-01
-1.2531566267e-01 2.1705309472e-01
-1.2535492290e-01 2.1712109544e-01
-1.2539844421e-01 2.1719647657e-01
-1.2544668909e-01 2.1728003914e-01
-1.2550017018e-01 2.1737267112e-01
-1.2555945581e-01 2.1747535684e-01
-1.2562517597e-01 2.1758918749e-01
-1.2569802902e-01 2.1771537267e-01
-1.2577878912e-01 2.1785525328e-01
-1.2586831447e-01 2.1801031573e-01
-1.2596755639e-01 2.1818220778e-01
-1.2607756947e-01 2.1837275601e-01
-1.2619952274e-01 2.1858398527e-01
-1.2633471212e-01 2.1881814015e-01
-1.2648457419e-01 2.1907770888e-01
-1.2665070145e-01 2.1936544972e-01
-1.2683485920e-01 2.1968442031e-01
-1.2703900440e-01 2.2003801016e-01
-1.2726530636e-01 2.2042997665e-01
-1.2751616984e-01 2.2086448495e-01
-1.2779426062e-01 2.2134615232e-01
-1.2810253380e-01 2.2188009712e-01
-1.2844426520e-01 2.2247199326e-01
-1.2882308618e-01 2.2312813045e-01
-1.2924302224e-01 2.2385548104e-01
-1.2970853577e-01 2.2466177413e-01
-1.3022457350e-01 2.2555557769e-01
-1.3079661903e-01 2.2654638962e-01
-1.3143075114e-01 2.2764473864e-01
-1.3213370834e-01 2.2886229623e-01
-1.3291296052e-01 2.3021200061e-01
-1.3377678831e-01 2.3170819423e-01
-1.3473437106e-01 2.3336677621e-01
-1.3579588441e-01 2.3520537125e-01
-1.3697260838e-01 2.3724351696e-01
-1.3827704729e-01 2.3950287143e-01
-1.3972306259e-01 2.4200744339e-01
-1.4132602018e-01 2.4478384738e-01
-1.4310295368e-01 2.4786158648e-01
-1.4507274544e-01 2.5127336590e-01
-1.4725632722e-01 2.5505544048e-01
-1.4967690256e-01 2.5924799996e-01
-1.5236019340e-01 2.6389559602e-01
-1.5533471339e-01 2.6904761577e-01
-1.5863207088e-01 2.7475880647e-01
-1.6228730482e-01 2.8108985738e-01
-1.6633925710e-01 2.8810804459e-01
-1.7083098526e-01 2.9588794598e-01
-1.7581022008e-01 3.0451223367e-01
-1.8132987277e-01 3.1407255256e-01
-1.8744859721e-01 3.2467049417e-01
-1.9423141324e-01 3.3641867616e-01
-2.0175039760e-01 3.4944193909e-01
-2.1008544982e-01 3.6387867301e-01
-2.1932514126e-01 3.7988228803e-01
-2.2956765632e-01 3.9762284453e-01
-2.4092183580e-01 4.1728886026e-01
-2.5350833343e-01 4.3908931364e-01
-2.6746089801e-01 4.6325586440e-01
-2.8292779471e-01 4.9004531531e-01
-3.0007338052e-01 5.1974234106e-01
-3.1907985083e-01 5.5266251331e-01
-3.4014917547e-01 5.8915565407e-01
-3.6350524494e-01 6.2960955305e-01
-3.8939624952e-01 6.7445408845e-01
-4.1809731668e-01 7.2416579500e-01
-4.4991343465e-01 7.7927292782e-01
-4.8518269335e-01 8.4036107583e-01
-5.2427987706e-01 9.0807938445e-01
-5.6762044702e-01 9.8314745365e-01
-6.1566495626e-01 1.0663629847e+00
-6.6892394365e-01 1.1586102568e+00
-7.2796335903e-01 1.2608695239e+00
-7.9341057720e-01 1.3742274310e+00
-8.6596106470e-01 1.4998885614e+00
-9.4638577003e-01 1.6391882372e+00
-1.0355393161e+00 1.7936067086e+00
-1.1343690816e+00 1.9647848838e+00
-1.2439252685e+00 2.1545417659e+00
-1.3653720617e+00 2.3648937821e+00
-1.5000000000e+00 2.5980762114e+00

-1.3615975875e-01 2.0966764199e-01
-1.3616520514e-01 2.0967602869e-01
-1.3617124265e-01 2.0968532564e-01
-1.3617793544e-01 2.0969563163e-01
-1.3618535463e-01 2.0970705618e-01
-1.3619357905e-01 2.0971972067e-01
-1.3620269610e-01 2.0973375970e-01
-1.3621280267e-01 2.0974932245e-01
-1.3622400614e-01 2.0976657429e-01
-1.3623642558e-01 2.0978569855e-01
-1.3625019295e-01 2.0980689844e-01
-1.3626545456e-01 2.0983039925e-01
-1.3628237257e-01 2.0985645071e-01
-1.3630112677e-01 2.0988532964e-01
-1.3632191644e-01 2.0991734292e-01
-1.3634496250e-01 2.0995283075e-01
-1.3637050986e-01 2.0999217023e-01
-1.3639882997e-01 2.1003577938e-01
-1.3643022380e-01 2.1008412163e-01
-1.3646502493e-01 2.1013771067e-01
-1.3650360317e-01 2.1019711596e-01
-1.3654636848e-01 2.1026296877e-01
-1.3659377530e-01 2.1033596886e-01
-1.3664632738e-01 2.1041689197e-01
-1.3670458317e-01 2.1050659801e-01
-1.3676916170e-01 2.1060604024e-01
-1.3684074923e-01 2.1071627536e-01
-1.3692010646e-01 2.1083847477e-01
-1.3700807667e-01 2.1097393702e-01
-1.3710559467e-01 2.1112410157e-01
-1.3721369671e-01 2.1129056412e-01
-1.3733353154e-01 2.1147509358e-01
-1.3746637257e-01 2.1167965082e-01
-1.3761363140e-01 2.1190640953e-01
-1.3777687287e-01 2.1215777935e-01
-1.3795783164e-01 2.1243643142e-01
-1.3815843065e-01 2.1274532681e-01
-1.3838080153e-01 2.1308774794e-01
-1.3862730729e-01 2.1346733352e-01
-1.3890056738e-01 2.1388811717e-01
-1.3920348557e-01 2.1435457028e-01
-1.3953928078e-01 2.1487164956e-01
-1.3991152130e-01 2.1544484968e-01
-1.4032416269e-01 2.1608026170e-01
-1.4078158983e-01 2.1678463773e-01
-1.4128866351e-01 2.1756546272e-01
-1.4185077209e-01 2.1843103403e-01
-1.4247388874e-01 2.1939054954e-01
-1.4316463494e-01 2.2045420540e-01
-1.4393035080e-01 2.2163330443e-01
-1.4477917312e-01 2.2294037618e-01
-1.4572012179e-01 2.2438931006e-01
-1.4676319568e-01 2.2599550300e-01
-1.4791947889e-01 2.2777602300e-01
-1.4920125850e-01 2.2974979053e-01
-1.5062215520e-01 2.3193777957e-01
-1.5219726796e-01 2.3436324051e-01
-1.5394333450e-01 2.3705194721e-01
-1.5587890920e-01 2.4003247087e-01
-1.5802456017e-01 2.4333648363e-01
-1.6040308791e-01 2.4699909517e-01
-1.6303976755e-01 2.5105922576e-01
-1.6596261742e-01 2.5556001987e-01
-1.6920269681e-01 2.6054930460e-01
-1.7279443601e-01 2.6608009796e-01
-1.7677600219e-01 2.7221117221e-01
-1.8118970494e-01 2.7900767845e-01
-1.8608244592e-01 2.8654183886e-01
-1.9150621722e-01 2.9489371425e-01
-1.9751865385e-01 3.0415205476e-01
-2.0418364619e-01 3.1441524296e-01
-2.1157201895e-01 3.2579233931e-01
-2.1976228373e-01 3.3840424108e-01
-2.2884147332e-01 3.5238496703e-01
-2.3890606658e-01 3.6788308156e-01
-2.5006301362e-01 3.8506327342e-01
-2.6243087233e-01 4.0410810572e-01
-2.7614106817e-01 4.2521995595e-01
-2.9133929080e-01 4.4862316648e-01
-3.0818704218e-01 4.7456642855e-01
-3.2686335280e-01 5.0332542493e-01
-3.4756668410e-01 5.3520575943e-01
-3.7051703738e-01 5.7054620436e-01
-3.9595829165e-01 6.0972230045e-01
-4.2416079516e-01 6.5315034748e-01
-4.5542423820e-01 7.0129182808e-01
-4.9008083778e-01 7.5465831153e-01
-5.2849886782e-01 8.1381688998e-01
-5.7108657264e-01 8.7939620451e-01
-6.1829650503e-01 9.5209312535e-01
-6.7063033534e-01 1.0326801571e+00
-7.2864418234e-01 1.1220136475e+00
-7.9295452277e-01 1.2210428875e+00
-8.6424474228e-01 1.3308201988e+00
-9.4327239728e-01 1.4525121159e+00
-1.0308772651e+00 1.5874117825e+00
-1.1279902676e+00 1.7369526927e+00
-1.2356433639e+00 1.9027239238e+00
-1.3549805158e+00 2.0864870229e+00
-1.4872698442e+00 2.2901947249e+00
-1.6339171050e+00 2.5160117038e+00

-1.4694631307e-01 2.0225424859e-01
-1.4695219093e-01 2.0226233876e-01
-1.4695870673e-01 2.0227130699e-01
-1.4696592972e-01 2.0228124859e-01
-1.4697393665e-01 2.0229226918e-01
-1.4698281261e-01 2.0230448589e-01
-1.4699265191e-01 2.0231802853e-01
-1.4700355912e-01 2.0233304101e-01
-1.4701565013e-01 2.0234968287e-01
-1.4702905343e-01 2.0236813093e-01
-1.4704391145e-01 2.0238858124e-01
-1.4706038208e-01 2.0241125111e-01
-1.4707864034e-01 2.0243638145e-01
-1.4709888024e-01 2.0246423928e-01
-1.4712131686e-01 2.0249512065e-01
-1.4714618863e-01 2.0252935370e-01
-1.4717375984e-01 2.0256730222e-01
-1.4720432348e-01 2.0260936945e-01
-1.4723820431e-01 2.0265600242e-01
-1.4727576238e-01 2.0270769667e-01
-1.4731739679e-01 2.0276500152e-01
-1.4736354996e-01 2.0282852591e-01
-1.4741471234e-01 2.0289894488e-01
-1.4747142759e-01 2.0297700672e-01
-1.4753429839e-01 2.0306354095e-01
-1.4760399283e-01 2.0315946712e-01
-1.4768125150e-01 2.0326580456e-01
-1.4776689540e-01 2.0338368327e-01
-1.4786183460e-01 2.0351435587e-01
-1.4796707795e-01 2.0365921092e-01
-1.4808374383e-01 2.0381978772e-01
-1.4821307196e-01 2.0399779262e-01
-1.4835643662e-01 2.0419511715e-01
-1.4851536128e-01 2.0441385817e-01
-1.4869153471e-01 2.0465634010e-01
-1.4888682900e-01 2.0492513964e-01
-1.4910331943e-01 2.0522311315e-01
-1.4934330650e-01 2.0555342702e-01
-1.4960934041e-01 2.0591959127e-01
-1.4990424812e-01 2.0632549692e-01
-1.5023116344e-01 2.0677545726e-01
-1.5059356030e-01 2.0727425373e-01
-1.5099528965e-01 2.0782718675e-01
-1.5144062042e-01 2.0844013197e-01
-1.5193428487e-01 2.0911960279e-01
-1.5248152885e-01 2.0987281951e-01
-1.5308816758e-01 2.1070778609e-01
-1.5376064743e-01 2.1163337521e-01
-1.5450611443e-01 2.1265942251e-01
-1.5533249018e-01 2.1379683115e-01
-1.5624855607e-01 2.1505768767e-01
-1.5726404654e-01 2.1645539039e-01
-1.5838975258e-01 2.1800479183e-01
-1.5963763635e-01 2.1972235650e-01
-1.6102095835e-01 2.2162633589e-01
-1.6255441826e-01 2.2373696238e-01
-1.6425431119e-01 2.2607666428e-01
-1.6613870085e-01 2.2867030414e-01
-1.6822761146e-01 2.3154544294e-01
-1.7054324056e-01 2.3473263297e-01
-1.7311019489e-01 2.3826574250e-01
-1.7595575187e-01 2.4218231568e-01
-1.7911014944e-01 2.4652397146e-01
-1.8260690740e-01 2.5133684590e-01
-1.8648318361e-01 2.5667208239e-01
-1.9078016882e-01 2.6258637515e-01
-1.9554352440e-01 2.6914257165e-01
-2.0082386754e-01 2.7641034048e-01
-2.0667730913e-01 2.8446691166e-01
-2.1316605003e-01 2.9339789731e-01
-2.2035904200e-01 3.0329820142e-01
-2.2833272047e-01 3.1427302830e-01
-2.3717181671e-01 3.2643900056e-01
-2.4697025825e-01 3.3992539834e-01
-2.5783216697e-01 3.5487553314e-01
-2.6987296558e-01 3.7144827065e-01
-2.8322060408e-01 3.8981971896e-01
-2.9801691944e-01 4.1018509991e-01
-3.1441914283e-01 4.3276082365e-01
-3.3260157039e-01 4.5778678820e-01
-3.5275741535e-01 4.8552892880e-01
-3.7510086125e-01 5.1628204377e-01
-3.9986933785e-01 5.5037292716e-01
-4.2732604421e-01 5.8816384140e-01
-4.5776274553e-01 6.3005636682e-01
-4.9150287354e-01 6.7649566900e-01
-5.2890496339e-01 7.2797522926e-01
-5.7036646364e-01 7.8504208859e-01
-6.1632795962e-01 8.4830266070e-01
-6.6727785531e-01 9.1842917598e-01
-7.2375756329e-01 9.9616682492e-01
-7.8636725797e-01 1.0823416767e+00
-8.5577225329e-01 1.1778694575e+00
-9.3271007258e-01 1.2837652809e+00
-1.0179982858e+00 1.4011544356e+00
-1.1125431972e+00 1.5312843424e+00
-1.2173494763e+00 1.6755378101e+00
-1.3335308336e+00 1.8354477298e+00
-1.4623218556e+00 2.0127133639e+00
-1.6050911235e+00 2.2092184031e+00
-1.7633557569e+00 2.4270509831e+00

-1.5733009776e-01 1.9428649036e-01
-1.5733639097e-01 1.9429426182e-01
-1.5734336720e-01 1.9430287675e-01
-1.5735110059e-01 1.9431242670e-01
-1.5735967332e-01 1.9432301314e-01
-1.5736917649e-01 1.9433474858e-01
-1.5737971108e-01 1.9434775771e-01
-1.5739138903e-01 1.9436217878e-01
-1.5740433444e-01 1.9437816503e-01
-1.5741868487e-01 1.9439588633e-01
-1.5743459282e-01 1.9441553101e-01
-1.5745222732e-01 1.9443730781e-01
-1.5747177577e-01 1.9446144814e-01
-1.5749344590e-01 1.9448820852e-01
-1.5751746799e-01 1.9451787332e-01
-1.5754409729e-01 1.9455075777e-01
-1.5757361679e-01 1.9458721131e-01
-1.5760634016e-01 1.9462762132e-01
-1.5764261515e-01 1.9467241719e-01
-1.5768282721e-01 1.9472207496e-01
-1.5772740367e-01 1.9477712230e-01
-1.5777681820e-01 1.9483814416e-01
-1.5783159590e-01 1.9490578899e-01
-1.5789231886e-01 1.9498077560e-01
-1.5795963235e-01 1.9506390084e-01
-1.5803425167e-01 1.9515604802e-01
-1.5811696973e-01 1.9525819632e-01
-1.5820866555e-01 1.9537143123e-01
-1.5831031351e-01 1.9549695601e-01
-1.5842299377e-01 1.9563610453e-01
-1.5854790370e-01 1.9579035545e-01
-1.5868637064e-01 1.9596134788e-01
-1.5883986600e-01 1.9615089887e-01
-1.5901002087e-01 1.9636102263e-01
-1.5919864339e-01 1.9659395204e-01
-1.5940773792e-01 1.9685216229e-01
-1.5963952639e-01 1.9713839720e-01
-1.5989647186e-01 1.9745569843e-01
-1.6018130473e-01 1.9780743774e-01
-1.6049705174e-01 1.9819735283e-01
-1.6084706814e-01 1.9862958708e-01
-1.6123507333e-01 1.9910873359e-01
-1.6166519040e-01 1.9963988394e-01
-1.6214198994e-01 2.0022868233e-01
-1.6267053859e-01 2.0088138556e-01
-1.6325645291e-01 2.0160492948e-01
-1.6390595904e-01 2.0240700275e-01
-1.6462595887e-01 2.0329612850e-01
-1.6542410340e-01 2.0428175491e-01
-1.6630887400e-01 2.0537435561e-01
-1.6728967258e-01 2.0658554099e-01
-1.6837692147e-01 2.0792818155e-01
-1.6958217417e-01 2.0941654468e-01
-1.7091823816e-01 2.1106644630e-01
-1.7239931094e-01 2.1289541887e-01
-1.7404113095e-01 2.1492289773e-01
-1.7586114478e-01 2.1717042763e-01
-1.7787869257e-01 2.1966189166e-01
-1.8011521353e-01 2.2242376504e-01
-1.8259447379e-01 2.2548539648e-01
-1.8534281886e-01 2.2887932000e-01
-1.8838945370e-01 2.3264160070e-01
-1.9176675298e-01 2.3681221798e-01
-1.9551060515e-01 2.4143549037e-01
-1.9966079376e-01 2.4656054648e-01
-2.0426142027e-01 2.5224184708e-01
-2.0936137265e-01 2.5853976377e-01
-2.1501484489e-01 2.6552122057e-01
-2.2128191290e-01 2.7326040504e-01
-2.2822917288e-01 2.8183955662e-01
-2.3593044899e-01 2.9134984060e-01
-2.4446757787e-01 3.0189231677e-01
-2.5393127822e-01 3.1357901343e-01
-2.6442211486e-01 3.2653411777e-01
-2.7605156732e-01 3.4089529555e-01
-2.8894321450e-01 3.5681515399e-01
-3.0323404784e-01 3.7446286344e-01
-3.1907592705e-01 3.9402595503e-01
-3.3663719386e-01 4.1571231348e-01
-3.5610446081e-01 4.3975238608e-01
-3.7768459435e-01 4.6640163163e-01
-4.0160691300e-01 4.9594323491e-01
-4.2812562425e-01 5.2869111602e-01
-4.5752252579e-01 5.6499326614e-01
-4.9011000004e-01 6.0523544544e-01
-5.2623433366e-01 6.4984528231e-01
-5.6627939727e-01 6.9929681749e-01
-6.1067072462e-01 7.5411554141e-01
-6.5988003450e-01 8.1488397826e-01
-7.1443024337e-01 8.8224787608e-01
-7.7490102206e-01 9.5692306874e-01
-8.4193495561e-01 1.0397030827e+00
-9.1624437155e-01 1.1314675691e+00
-9.9861890942e-01 1.2331916517e+00
-1.0899339117e+00 1.3459562884e+00
-1.1911597258e+00 1.4709597583e+00
-1.3033720147e+00 1.6095303948e+00
-1.4277631880e+00 1.7631407011e+00
-1.5656550728e+00 1.9334229976e+00
-1.7185129596e+00 2.1221867673e+00
-1.8879611731e+00 2.3314378844e+00

-1.6728265159e-01 1.8578620637e-01
-1.6728934290e-01 1.8579363782e-01
-1.6729676044e-01 1.8580187583e-01
-1.6730498304e-01 1.8581100796e-01
-1.6731409807e-01 1.8582113123e-01
-1.6732420240e-01 1.8583235322e-01
-1.6733540340e-01 1.8584479319e-01
-1.6734782008e-01 1.8585858332e-01
-1.6736158441e-01 1.8587387015e-01
-1.6737684264e-01 1.8589081612e-01
-1.6739375690e-01 1.8590960132e-01
-1.6741250695e-01 1.8593042536e-01
-1.6743329202e-01 1.8595350951e-01
-1.6745633298e-01 1.8597909909e-01
-1.6748187468e-01 1.8600746602e-01
-1.6751018853e-01 1.8603891174e-01
-1.6754157540e-01 1.8607377039e-01
-1.6757636882e-01 1.8611241241e-01
-1.6761493853e-01 1.8615524840e-01
-1.6765769437e-01 1.8620273358e-01
-1.6770509069e-01 1.8625537252e-01
-1.6775763114e-01 1.8631372460e-01
-1.6781587403e-01 1.8637840988e-01
-1.6788043827e-01 1.8645011574e-01
-1.6795200995e-01 1.8652960414e-01
-1.6803134961e-01 1.8661771976e-01
-1.6811930034e-01 1.8671539894e-01
-1.6821679675e-01 1.8682367968e-01
-1.6832487487e-01 1.8694371258e-01
-1.6844468317e-01 1.8707677318e-01
-1.6857749478e-01 1.8722427542e-01
-1.6872472101e-01 1.8738778672e-01
-1.6888792634e-01 1.8756904460e-01
-1.6906884505e-01 1.8776997518e-01
-1.6926939965e-01 1.8799271363e-01
-1.6949172131e-01 1.8823962684e-01
-1.6973817249e-01 1.8851333862e-01
-1.7001137209e-01 1.8881675751e-01
-1.7031422322e-01 1.8915310776e-01
-1.7064994409e-01 1.8952596356e-01
-1.7102210220e-01 1.8993928702e-01
-1.7143465224e-01 1.9039747025e-01
-1.7189197811e-01 1.9090538209e-01
-1.7239893954e-01 1.9146841979e-01
-1.7296092367e-01 1.9209256641e-01
-1.7358390238e-01 1.9278445436e-01
-1.7427449566e-01 1.9355143589e-01
-1.7504004200e-01 1.9440166125e-01
-1.7588867640e-01 1.9534416523e-01
-1.7682941676e-01 1.9638896325e-01
-1.7787225973e-01 1.9754715770e-01
-1.7902828696e-01 1.9883105601e-01
-1.8030978281e-01 2.0025430134e-01
-1.8173036495e-01 2.0183201764e-01
-1.8330512900e-01 2.0358097030e-01
-1.8505080900e-01 2.0551974435e-01
-1.8698595519e-01 2.0766894193e-01
-1.8913113115e-01 2.1005140120e-01
-1.9150913233e-01 2.1269243907e-01
-1.9414522825e-01 2.1562012019e-01
-1.9706743105e-01 2.1886555519e-01
-2.0030679314e-01 2.2246323127e-01
-2.0389773719e-01 2.2645137867e-01
-2.0787842192e-01 2.3087237694e-01
-2.1229114755e-01 2.3577320526e-01
-2.1718280536e-01 2.4120594164e-01
-2.2260537593e-01 2.4722831637e-01
-2.2861648150e-01 2.5390432545e-01
-2.3527999833e-01 2.6130491064e-01
-2.4266673543e-01 2.6950871330e-01
-2.5085518702e-01 2.7860291011e-01
-2.5993236663e-01 2.8868413939e-01
-2.6999473176e-01 2.9985952803e-01
-2.8114920885e-01 3.1224782988e-01
-2.9351432952e-01 3.2598068764e-01
-3.0722149015e-01 3.4120403179e-01
-3.2241634815e-01 3.5807963124e-01
-3.3926036972e-01 3.7678681240e-01
-3.5793254573e-01 3.9752436475e-01
-3.7863129366e-01 4.2051265324e-01
-4.0157656612e-01 4.4599596000e-01
-4.2701218813e-01 4.7424508012e-01
-4.5520844807e-01 5.0556019929e-01
-4.8646496992e-01 5.4027408362e-01
-5.2111389711e-01 5.7875561578e-01
-5.5952342206e-01 6.2141371488e-01
-6.0210169867e-01 6.6870168175e-01
-6.4930117959e-01 7.2112201595e-01
-7.0162342407e-01 7.7923175547e-01
-7.5962442779e-01 8.4364839607e-01
-8.2392053100e-01 9.1505645295e-01
-8.9519496805e-01 9.9421473473e-01
-9.7420512767e-01 1.0819644068e+00
-1.0617906012e+00 1.1792379299e+00
-1.1588821046e+00 1.2870689686e+00
-1.2665113683e+00 1.4066033758e+00
-1.3858221009e+00 1.5391113686e+00
-1.5180821428e+00 1.6860010263e+00
-1.6646969384e+00 1.8488332532e+00
-1.8272244711e+00 2.0293383650e+00
-2.0073918191e+00 2.2294344764e+00

-1.7677669530e-01 1.7677669530e-01
-1.7678376636e-01 1.7678376636e-01
-1.7679160489e-01 1.7679160489e-01
-1.7680029416e-01 1.7680029416e-01
-1.7680992651e-01 1.7680992651e-01
-1.7682060430e-01 1.7682060430e-01
-1.7683244101e-01 1.7683244101e-01
-1.7684556240e-01 1.7684556240e-01
-1.7686010791e-01 1.7686010791e-01
-1.7687623211e-01 1.7687623211e-01
-1.7689410634e-01 1.7689410634e-01
-1.7691392053e-01 1.7691392053e-01
-1.7693588525e-01 1.7693588525e-01
-1.7696023389e-01 1.7696023389e-01
-1.7698722519e-01 1.7698722519e-01
-1.7701714598e-01 1.7701714598e-01
-1.7705031420e-01 1.7705031420e-01
-1.7708708231e-01 1.7708708231e-01
-1.7712784102e-01 1.7712784102e-01
-1.7717302345e-01 1.7717302345e-01
-1.7722310972e-01 1.7722310972e-01
-1.7727863207e-01 1.7727863207e-01
-1.7734018051e-01 1.7734018051e-01
-1.7740840906e-01 1.7740840906e-01
-1.7748404275e-01 1.7748404275e-01
-1.7756788530e-01 1.7756788530e-01
-1.7766082763e-01 1.7766082763e-01
-1.7776385740e-01 1.7776385740e-01
-1.7787806944e-01 1.7787806944e-01
-1.7800467740e-01 1.7800467740e-01
-1.7814502667e-01 1.7814502667e-01
-1.7830060865e-01 1.7830060865e-01
-1.7847307662e-01 1.7847307662e-01
-1.7866426328e-01 1.7866426328e-01
-1.7887620026e-01 1.7887620026e-01
-1.7911113967e-01 1.7911113967e-01
-1.7937157807e-01 1.7937157807e-01
-1.7966028297e-01 1.7966028297e-01
-1.7998032227e-01 1.7998032227e-01
-1.8033509681e-01 1.8033509681e-01
-1.8072837657e-01 1.8072837657e-01
-1.8116434068e-01 1.8116434068e-01
-1.8164762185e-01 1.8164762185e-01
-1.8218335562e-01 1.8218335562e-01
-1.8277723489e-01 1.8277723489e-01
-1.8343557044e-01 1.8343557044e-01
-1.8416535800e-01 1.8416535800e-01
-1.8497435255e-01 1.8497435255e-01
-1.8587115077e-01 1.8587115077e-01
-1.8686528238e-01 1.8686528238e-01
-1.8796731139e-01 1.8796731139e-01
-1.8918894836e-01 1.8918894836e-01
-1.9054317488e-01 1.9054317488e-01
-1.9204438144e-01 1.9204438144e-01
-1.9370852045e-01 1.9370852045e-01
-1.9555327564e-01 1.9555327564e-01
-1.9759825009e-01 1.9759825009e-01
-1.9986517445e-01 1.9986517445e-01
-2.0237813790e-01 2.0237813790e-01
-2.0516384414e-01 2.0516384414e-01
-2.0825189510e-01 2.0825189510e-01
-2.1167510558e-01 2.1167510558e-01
-2.1546985188e-01 2.1546985188e-01
-2.1967645838e-01 2.1967645838e-01
-2.2433962607e-01 2.2433962607e-01
-2.2950890748e-01 2.2950890748e-01
-2.3523923334e-01 2.3523923334e-01
-2.4159149623e-01 2.4159149623e-01
-2.4863319764e-01 2.4863319764e-01
-2.5643916533e-01 2.5643916533e-01
-2.6509234842e-01 2.6509234842e-01
-2.7468469884e-01 2.7468469884e-01
-2.8531814850e-01 2.8531814850e-01
-2.9710569239e-01 2.9710569239e-01
-3.1017258933e-01 3.1017258933e-01
-3.2465769306e-01 3.2465769306e-01
-3.4071492766e-01 3.4071492766e-01
-3.5851492331e-01 3.5851492331e-01
-3.7824682937e-01 3.7824682937e-01
-4.0012032445e-01 4.0012032445e-01
-4.2436784444e-01 4.2436784444e-01
-4.5124705253e-01 4.5124705253e-01
-4.8104357718e-01 4.8104357718e-01
-5.1407404739e-01 5.1407404739e-01
-5.5068945721e-01 5.5068945721e-01
-5.9127889564e-01 5.9127889564e-01
-6.3627368118e-01 6.3627368118e-01
-6.8615194516e-01 6.8615194516e-01
-7.4144371261e-01 7.4144371261e-01
-8.0273653445e-01 8.0273653445e-01
-8.7068173103e-01 8.7068173103e-01
-9.4600131331e-01 9.4600131331e-01
-1.0294956552e+00 1.0294956552e+00
-1.1220519988e+00 1.1220519988e+00
-1.2246538822e+00 1.2246538822e+00
-1.3383915912e+00 1.3383915912e+00
-1.4644737451e+00 1.4644737451e+00
-1.6042401399e+00 1.6042401399e+00
-1.7591759853e+00 1.7591759853e+00
-1.9309276873e+00 1.9309276873e+00
-2.1213203436e+00 2.1213203436e+00

-1.8578620637e-01 1.6728265159e-01
-1.8579363782e-01 1.6728934290e-01
-1.8580187583e-01 1.6729676044e-01
-1.8581100796e-01 1.6730498304e-01
-1.8582113123e-01 1.6731409807e-01
-1.8583235322e-01 1.6732420240e-01
-1.8584479319e-01 1.6733540340e-01
-1.8585858332e-01 1.6734782008e-01
-1.8587387015e-01 1.6736158441e-01
-1.8589081612e-01 1.6737684264e-01
-1.8590960132e-01 1.6739375690e-01
-1.8593042536e-01 1.6741250695e-01
-1.8595350951e-01 1.6743329202e-01
-1.8597909909e-01 1.6745633298e-01
-1.8600746602e-01 1.6748187468e-01
-1.8603891174e-01 1.6751018853e-01
-1.8607377039e-01 1.6754157540e-01
-1.8611241241e-01 1.6757636882e-01
-1.8615524840e-01 1.6761493853e-01
-1.8620273358e-01 1.6765769437e-01
-1.8625537252e-01 1.6770509069e-01
-1.8631372460e-01 1.6775763114e-01
-1.8637840988e-01 1.6781587403e-01
-1.8645011574e-01 1.6788043827e-01
-1.8652960414e-01 1.6795200995e-01
-1.8661771976e-01 1.6803134961e-01
-1.8671539894e-01 1.6811930034e-01
-1.8682367968e-01 1.6821679675e-01
-1.8694371258e-01 1.6832487487e-01
-1.8707677318e-01 1.6844468317e-01
-1.8722427542e-01 1.6857749478e-01
-1.8738778672e-01 1.6872472101e-01
-1.8756904460e-01 1.6888792634e-01
-1.8776997518e-01 1.6906884505e-01
-1.8799271363e-01 1.6926939965e-01
-1.8823962684e-01 1.6949172131e-01
-1.8851333862e-01 1.6973817249e-01
-1.8881675751e-01 1.7001137209e-01
-1.8915310776e-01 1.7031422322e-01
-1.8952596356e-01 1.7064994409e-01
-1.8993928702e-01 1.7102210220e-01
-1.9039747025e-01 1.7143465224e-01
-1.9090538209e-01 1.7189197811e-01
-1.9146841979e-01 1.7239893954e-01
-1.9209256641e-01 1.7296092367e-01
-1.9278445436e-01 1.7358390238e-01
-1.9355143589e-01 1.7427449566e-01
-1.9440166125e-01 1.7504004200e-01
-1.9534416523e-01 1.7588867640e-01
-1.9638896325e-01 1.7682941676e-01
-1.9754715770e-01 1.7787225973e-01
-1.9883105601e-01 1.7902828696e-01
-2.0025430134e-01 1.8030978281e-01
-2.0183201764e-01 1.8173036495e-01
-2.0358097030e-01 1.8330512900e-01
-2.0551974435e-01 1.8505080900e-01
-2.0766894193e-01 1.8698595519e-01
-2.1005140120e-01 1.8913113115e-01
-2.1269243907e-01 1.9150913233e-01
-2.1562012019e-01 1.9414522825e-01
-2.1886555519e-01 1.9706743105e-01
-2.2246323127e-01 2.0030679314e-01
-2.2645137867e-01 2.0389773719e-01
-2.3087237694e-01 2.0787842192e-01
-2.3577320526e-01 2.1229114755e-01
-2.4120594164e-01 2.1718280536e-01
-2.4722831637e-01 2.2260537593e-01
-2.5390432545e-01 2.2861648150e-01
-2.6130491064e-01 2.3527999833e-01
-2.6950871330e-01 2.4266673543e-01
-2.7860291011e-01 2.5085518702e-01
-2.8868413939e-01 2.5993236663e-01
-2.9985952803e-01 2.6999473176e-01
-3.1224782988e-01 2.8114920885e-01
-3.2598068764e-01 2.9351432952e-01
-3.4120403179e-01 3.0722149015e-01
-3.5807963124e-01 3.2241634815e-01
-3.7678681240e-01 3.3926036972e-01
-3.9752436475e-01 3.5793254573e-01
-4.2051265324e-01 3.7863129366e-01
-4.4599596000e-01 4.0157656612e-01
-4.7424508012e-01 4.2701218813e-01
-5.0556019929e-01 4.5520844807e-01
-5.4027408362e-01 4.8646496992e-01
-5.7875561578e-01 5.2111389711e-01
-6.2141371488e-01 5.5952342206e-01
-6.6870168175e-01 6.0210169867e-01
-7.2112201595e-01 6.4930117959e-01
-7.7923175547e-01 7.0162342407e-01
-8.4364839607e-01 7.5962442779e-01
-9.1505645295e-01 8.2392053100e-01
-9.9421473473e-01 8.9519496805e-01
-1.0819644068e+00 9.7420512767e-01
-1.1792379299e+00 1.0617906012e+00
-1.2870689686e+00 1.1588821046e+00
-1.4066033758e+00 1.2665113683e+00
-1.5391113686e+00 1.3858221009e+00
-1.6860010263e+00 1.5180821428e+00
-1.8488332532e+00 1.6646969384e+00
-2.0293383650e+00 1.8272244711e+00
-2.2294344764e+00 2.0073918191e+00

-1.9428649036e-01 1.5733009776e-01
-1.9429426182e-01 1.5733639097e-01
-1.9430287675e-01 1.5734336720e-01
-1.9431242670e-01 1.5735110059e-01
-1.9432301314e-01 1.5735967332e-01
-1.9433474858e-01 1.5736917649e-01
-1.9434775771e-01 1.5737971108e-01
-1.9436217878e-01 1.5739138903e-01
-1.9437816503e-01 1.5740433444e-01
-1.9439588633e-01 1.5741868487e-01
-1.9441553101e-01 1.5743459282e-01
-1.9443730781e-01 1.5745222732e-01
-1.9446144814e-01 1.5747177577e-01
-1.9448820852e-01 1.5749344590e-01
-1.9451787332e-01 1.5751746799e-01
-1.9455075777e-01 1.5754409729e-01
-1.9458721131e-01 1.5757361679e-01
-1.9462762132e-01 1.5760634016e-01
-1.9467241719e-01 1.5764261515e-01
-1.9472207496e-01 1.5768282721e-01
-1.9477712230e-01 1.5772740367e-01
-1.9483814416e-01 1.5777681820e-01
-1.9490578899e-01 1.5783159590e-01
-1.9498077560e-01 1.5789231886e-01
-1.9506390084e-01 1.5795963235e-01
-1.9515604802e-01 1.5803425167e-01
-1.9525819632e-01 1.5811696973e-01
-1.9537143123e-01 1.5820866555e-01
-1.9549695601e-01 1.5831031351e-01
-1.9563610453e-01 1.5842299377e-01
-1.9579035545e-01 1.5854790370e-01
-1.9596134788e-01 1.5868637064e-01
-1.9615089887e-01 1.5883986600e-01
-1.9636102263e-01 1.5901002087e-01
-1.9659395204e-01 1.5919864339e-01
-1.9685216229e-01 1.5940773792e-01
-1.9713839720e-01 1.5963952639e-01
-1.9745569843e-01 1.5989647186e-01
-1.9780743774e-01 1.6018130473e-01
-1.9819735283e-01 1.6049705174e-01
-1.9862958708e-01 1.6084706814e-01
-1.9910873359e-01 1.6123507333e-01
-1.9963988394e-01 1.6166519040e-01
-2.0022868233e-01 1.6214198994e-01
-2.0088138556e-01 1.6267053859e-01
-2.0160492948e-01 1.6325645291e-01
-2.0240700275e-01 1.6390595904e-01
-2.0329612850e-01 1.6462595887e-01
-2.0428175491e-01 1.6542410340e-01
-2.0537435561e-01 1.6630887400e-01
-2.0658554099e-01 1.6728967258e-01
-2.0792818155e-01 1.6837692147e-01
-2.0941654468e-01 1.6958217417e-01
-2.1106644630e-01 1.7091823816e-01
-2.1289541887e-01 1.7239931094e-01
-2.1492289773e-01 1.7404113095e-01
-2.1717042763e-01 1.7586114478e-01
-2.1966189166e-01 1.7787869257e-01
-2.2242376504e-01 1.8011521353e-01
-2.2548539648e-01 1.8259447379e-01
-2.2887932000e-01 1.8534281886e-01
-2.3264160070e-01 1.8838945370e-01
-2.3681221798e-01 1.9176675298e-01
-2.4143549037e-01 1.9551060515e-01
-2.4656054648e-01 1.9966079376e-01
-2.5224184708e-01 2.0426142027e-01
-2.5853976377e-01 2.0936137265e-01
-2.6552122057e-01 2.1501484489e-01
-2.7326040504e-01 2.2128191290e-01
-2.8183955662e-01 2.2822917288e-01
-2.9134984060e-01 2.3593044899e-01
-3.0189231677e-01 2.4446757787e-01
-3.1357901343e-01 2.5393127822e-01
-3.2653411777e-01 2.6442211486e-01
-3.4089529555e-01 2.7605156732e-01
-3.5681515399e-01 2.8894321450e-01
-3.7446286344e-01 3.0323404784e-01
-3.9402595503e-01 3.1907592705e-01
-4.1571231348e-01 3.3663719386e-01
-4.3975238608e-01 3.5610446081e-01
-4.6640163163e-01 3.7768459435e-01
-4.9594323491e-01 4.0160691300e-01
-5.2869111602e-01 4.2812562425e-01
-5.6499326614e-01 4.5752252579e-01
-6.0523544544e-01 4.9011000004e-01
-6.4984528231e-01 5.2623433366e-01
-6.9929681749e-01 5.6627939727e-01
-7.5411554141e-01 6.1067072462e-01
-8.1488397826e-01 6.5988003450e-01
-8.8224787608e-01 7.1443024337e-01
-9.5692306874e-01 7.7490102206e-01
-1.0397030827e+00 8.4193495561e-01
-1.1314675691e+00 9.1624437155e-01
-1.2331916517e+00 9.9861890942e-01
-1.3459562884e+00 1.0899339117e+00
-1.4709597583e+00 1.1911597258e+00
-1.6095303948e+00 1.3033720147e+00
-1.7631407011e+00 1.4277631880e+00
-1.9334229976e+00 1.5656550728e+00
-2.1221867673e+00 1.7185129596e+00
-2.3314378844e+00 1.8879611731e+00

-2.0225424859e-01 1.4694631307e-01
-2.0226233876e-01 1.4695219093e-01
-2.0227130699e-01 1.4695870673e-01
-2.0228124859e-01 1.4696592972e-01
-2.0229226918e-01 1.4697393665e-01
-2.0230448589e-01 1.4698281261e-01
-2.0231802853e-01 1.4699265191e-01
-2.0233304101e-01 1.4700355912e-01
-2.0234968287e-01 1.4701565013e-01
-2.0236813093e-01 1.4702905343e-01
-2.0238858124e-01 1.4704391145e-01
-2.0241125111e-01 1.4706038208e-01
-2.0243638145e-01 1.4707864034e-01
-2.0246423928e-01 1.4709888024e-01
-2.0249512065e-01 1.4712131686e-01
-2.0252935370e-01 1.4714618863e-01
-2.0256730222e-01 1.4717375984e-01
-2.0260936945e-01 1.4720432348e-01
-2.0265600242e-01 1.4723820431e-01
-2.0270769667e-01 1.4727576238e-01
-2.0276500152e-01 1.4731739679e-01
-2.0282852591e-01 1.4736354996e-01
-2.0289894488e-01 1.4741471234e-01
-2.0297700672e-01 1.4747142759e-01
-2.0306354095e-01 1.4753429839e-01
-2.0315946712e-01 1.4760399283e-01
-2.0326580456e-01 1.4768125150e-01
-2.0338368327e-01 1.4776689540e-01
-2.0351435587e-01 1.4786183460e-01
-2.0365921092e-01 1.4796707795e-01
-2.0381978772e-01 1.4808374383e-01
-2.0399779262e-01 1.4821307196e-01
-2.0419511715e-01 1.4835643662e-01
-2.0441385817e-01 1.4851536128e-01
-2.0465634010e-01 1.4869153471e-01
-2.0492513964e-01 1.4888682900e-01
-2.0522311315e-01 1.4910331943e-01
-2.0555342702e-01 1.4934330650e-01
-2.0591959127e-01 1.4960934041e-01
-2.0632549692e-01 1.4990424812e-01
-2.0677545726e-01 1.5023116344e-01
-2.0727425373e-01 1.5059356030e-01
-2.0782718675e-01 1.5099528965e-01
-2.0844013197e-01 1.5144062042e-01
-2.0911960279e-01 1.5193428487e-01
-2.0987281951e-01 1.5248152885e-01
-2.1070778609e-01 1.5308816758e-01
-2.1163337521e-01 1.5376064743e-01
-2.1265942251e-01 1.5450611443e-01
-2.1379683115e-01 1.5533249018e-01
-2.1505768767e-01 1.5624855607e-01
-2.1645539039e-01 1.5726404654e-01
-2.1800479183e-01 1.5838975258e-01
-2.1972235650e-01 1.5963763635e-01
-2.2162633589e-01 1.6102095835e-01
-2.2373696238e-01 1.6255441826e-01
-2.2607666428e-01 1.6425431119e-01
-2.2867030414e-01 1.6613870085e-01
-2.3154544294e-01 1.6822761146e-01
-2.3473263297e-01 1.7054324056e-01
-2.3826574250e-01 1.7311019489e-01
-2.4218231568e-01 1.7595575187e-01
-2.4652397146e-01 1.7911014944e-01
-2.5133684590e-01 1.8260690740e-01
-2.5667208239e-01 1.8648318361e-01
-2.6258637515e-01 1.9078016882e-01
-2.6914257165e-01 1.9554352440e-01
-2.7641034048e-01 2.0082386754e-01
-2.8446691166e-01 2.0667730913e-01
-2.9339789731e-01 2.1316605003e-01
-3.0329820142e-01 2.2035904200e-01
-3.1427302830e-01 2.2833272047e-01
-3.2643900056e-01 2.3717181671e-01
-3.3992539834e-01 2.4697025825e-01
-3.5487553314e-01 2.5783216697e-01
-3.7144827065e-01 2.6987296558e-01
-3.8981971896e-01 2.8322060408e-01
-4.1018509991e-01 2.9801691944e-01
-4.3276082365e-01 3.1441914283e-01
-4.5778678820e-01 3.3260157039e-01
-4.8552892880e-01 3.5275741535e-01
-5.1628204377e-01 3.7510086125e-01
-5.5037292716e-01 3.9986933785e-01
-5.8816384140e-01 4.2732604421e-01
-6.3005636682e-01 4.5776274553e-01
-6.7649566900e-01 4.9150287354e-01
-7.2797522926e-01 5.2890496339e-01
-7.8504208859e-01 5.7036646364e-01
-8.4830266070e-01 6.1632795962e-01
-9.1842917598e-01 6.6727785531e-01
-9.9616682492e-01 7.2375756329e-01
-1.0823416767e+00 7.8636725797e-01
-1.1778694575e+00 8.5577225329e-01
-1.2837652809e+00 9.3271007258e-01
-1.4011544356e+00 1.0179982858e+00
-1.5312843424e+00 1.1125431972e+00
-1.6755378101e+00 1.2173494763e+00
-1.8354477298e+00 1.3335308336e+00
-2.0127133639e+00 1.4623218556e+00
-2.2092184031e+00 1.6050911235e+00
-2.4270509831e+00 1.7633557569e+00

-2.0966764199e-01 1.3615975875e-01
-2.0967602869e-01 1.3616520514e-01
-2.0968532564e-01 1.3617124265e-01
-2.0969563163e-01 1.3617793544e-01
-2.0970705618e-01 1.3618535463e-01
-2.0971972067e-01 1.3619357905e-01
-2.0973375970e-01 1.3620269610e-01
-2.0974932245e-01 1.3621280267e-01
-2.0976657429e-01 1.3622400614e-01
-2.0978569855e-01 1.3623642558e-01
-2.0980689844e-01 1.3625019295e-01
-2.0983039925e-01 1.3626545456e-01
-2.0985645071e-01 1.3628237257e-01
-2.0988532964e-01 1.3630112677e-01
-2.0991734292e-01 1.3632191644e-01
-2.0995283075e-01 1.3634496250e-01
-2.0999217023e-01 1.3637050986e-01
-2.1003577938e-01 1.3639882997e-01
-2.1008412163e-01 1.3643022380e-01
-2.1013771067e-01 1.3646502493e-01
-2.1019711596e-01 1.3650360317e-01
-2.1026296877e-01 1.3654636848e-01
-2.1033596886e-01 1.3659377530e-01
-2.1041689197e-01 1.3664632738e-01
-2.1050659801e-01 1.3670458317e-01
-2.1060604024e-01 1.3676916170e-01
-2.1071627536e-01 1.3684074923e-01
-2.1083847477e-01 1.3692010646e-01
-2.1097393702e-01 1.3700807667e-01
-2.1112410157e-01 1.3710559467e-01
-2.1129056412e-01 1.3721369671e-01
-2.1147509358e-01 1.3733353154e-01
-2.1167965082e-01 1.3746637257e-01
-2.1190640953e-01 1.3761363140e-01
-2.1215777935e-01 1.3777687287e-01
-2.1243643142e-01 1.3795783164e-01
-2.1274532681e-01 1.3815843065e-01
-2.1308774794e-01 1.3838080153e-01
-2.1346733352e-01 1.3862730729e-01
-2.1388811717e-01 1.3890056738e-01
-2.1435457028e-01 1.3920348557e-01
-2.1487164956e-01 1.3953928078e-01
-2.1544484968e-01 1.3991152130e-01
-2.1608026170e-01 1.4032416269e-01
-2.1678463773e-01 1.4078158983e-01
-2.1756546272e-01 1.4128866351e-01
-2.1843103403e-01 1.4185077209e-01
-2.1939054954e-01 1.4247388874e-01
-2.2045420540e-01 1.4316463494e-01
-2.2163330443e-01 1.4393035080e-01
-2.2294037618e-01 1.4477917312e-01
-2.2438931006e-01 1.4572012179e-01
-2.2599550300e-01 1.4676319568e-01
-2.2777602300e-01 1.4791947889e-01
-2.2974979053e-01 1.4920125850e-01
-2.3193777957e-01 1.5062215520e-01
-2.3436324051e-01 1.5219726796e-01
-2.3705194721e-01 1.5394333450e-01
-2.4003247087e-01 1.5587890920e-01
-2.4333648363e-01 1.5802456017e-01
-2.4699909517e-01 1.6040308791e-01
-2.5105922576e-01 1.6303976755e-01
-2.5556001987e-01 1.6596261742e-01
-2.6054930460e-01 1.6920269681e-01
-2.6608009796e-01 1.7279443601e-01
-2.7221117221e-01 1.7677600219e-01
-2.7900767845e-01 1.8118970494e-01
-2.8654183886e-01 1.8608244592e-01
-2.9489371425e-01 1.9150621722e-01
-3.0415205476e-01 1.9751865385e-01
-3.1441524296e-01 2.0418364619e-01
-3.2579233931e-01 2.1157201895e-01
-3.3840424108e-01 2.1976228373e-01
-3.5238496703e-01 2.2884147332e-01
-3.6788308156e-01 2.3890606658e-01
-3.8506327342e-01 2.5006301362e-01
-4.0410810572e-01 2.6243087233e-01
-4.2521995595e-01 2.7614106817e-01
-4.4862316648e-01 2.9133929080e-01
-4.7456642855e-01 3.0818704218e-01
-5.0332542493e-01 3.2686335280e-01
-5.3520575943e-01 3.4756668410e-01
-5.7054620436e-01 3.7051703738e-01
-6.0972230045e-01 3.9595829165e-01
-6.5315034748e-01 4.2416079516e-01
-7.0129182808e-01 4.5542423820e-01
-7.5465831153e-01 4.9008083778e-01
-8.1381688998e-01 5.2849886782e-01
-8.7939620451e-01 5.7108657264e-01
-9.5209312535e-01 6.1829650503e-01
-1.0326801571e+00 6.7063033534e-01
-1.1220136475e+00 7.2864418234e-01
-1.2210428875e+00 7.9295452277e-01
-1.3308201988e+00 8.6424474228e-01
-1.4525121159e+00 9.4327239728e-01
-1.5874117825e+00 1.0308772651e+00
-1.7369526927e+00 1.1279902676e+00
-1.9027239238e+00 1.2356433639e+00
-2.0864870229e+00 1.3549805158e+00
-2.2901947249e+00 1.4872698442e+00
-2.5160117038e+00 1.6339171050e+00

-2.1650635095e-01 1.2500000000e-01
-2.1651501120e-01 1.2500500000e-01
-2.1652461139e-01 1.2501054267e-01
-2.1653525353e-01 1.2501668691e-01
-2.1654705070e-01 1.2502349802e-01
-2.1656012828e-01 1.2503104836e-01
-2.1657462522e-01 1.2503941817e-01
-2.1659069557e-01 1.2504869639e-01
-2.1660851012e-01 1.2505898162e-01
-2.1662825815e-01 1.2507038315e-01
-2.1665014951e-01 1.2508302214e-01
-2.1667441685e-01 1.2509703289e-01
-2.1670131802e-01 1.2511256429e-01
-2.1673113889e-01 1.2512978138e-01
-2.1676419635e-01 1.2514886712e-01
-2.1680084168e-01 1.2517002431e-01
-2.1684146429e-01 1.2519347778e-01
-2.1688649584e-01 1.2521947676e-01
-2.1693641487e-01 1.2524829752e-01
-2.1699175182e-01 1.2528024632e-01
-2.1705309472e-01 1.2531566267e-01
-2.1712109544e-01 1.2535492290e-01
-2.1719647657e-01 1.2539844421e-01
-2.1728003914e-01 1.2544668909e-01
-2.1737267112e-01 1.2550017018e-01
-2.1747535684e-01 1.2555945581e-01
-2.1758918749e-01 1.2562517597e-01
-2.1771537267e-01 1.2569802902e-01
-2.1785525328e-01 1.2577878912e-01
-2.1801031573e-01 1.2586831447e-01
-2.1818220778e-01 1.2596755639e-01
-2.1837275601e-01 1.2607756947e-01
-2.1858398527e-01 1.2619952274e-01
-2.1881814015e-01 1.2633471212e-01
-2.1907770888e-01 1.2648457419e-01
-2.1936544972e-01 1.2665070145e-01
-2.1968442031e-01 1.2683485920e-01
-2.2003801016e-01 1.2703900440e-01
-2.2042997665e-01 1.2726530636e-01
-2.2086448495e-01 1.2751616984e-01
-2.2134615232e-01 1.2779426062e-01
-2.2188009712e-01 1.2810253380e-01
-2.2247199326e-01 1.2844426520e-01
-2.2312813045e-01 1.2882308618e-01
-2.2385548104e-01 1.2924302224e-01
-2.2466177413e-01 1.2970853577e-01
-2.2555557769e-01 1.3022457350e-01
-2.2654638962e-01 1.3079661903e-01
-2.2764473864e-01 1.3143075114e-01
-2.2886229623e-01 1.3213370834e-01
-2.3021200061e-01 1.3291296052e-01
-2.3170819423e-01 1.3377678831e-01
-2.3336677621e-01 1.3473437106e-01
-2.3520537125e-01 1.3579588441e-01
-2.3724351696e-01 1.3697260838e-01
-2.3950287143e-01 1.3827704729e-01
-2.4200744339e-01 1.3972306259e-01
-2.4478384738e-01 1.4132602018e-01
-2.4786158648e-01 1.4310295368e-01
-2.5127336590e-01 1.4507274544e-01
-2.5505544048e-01 1.4725632722e-01
-2.5924799996e-01 1.4967690256e-01
-2.6389559602e-01 1.5236019340e-01
-2.6904761577e-01 1.5533471339e-01
-2.7475880647e-01 1.5863207088e-01
-2.8108985738e-01 1.6228730482e-01
-2.8810804459e-01 1.6633925710e-01
-2.9588794598e-01 1.7083098526e-01
-3.0451223367e-01 1.7581022008e-01
-3.1407255256e-01 1.8132987277e-01
-3.2467049417e-01 1.8744859721e-01
-3.3641867616e-01 1.9423141324e-01
-3.4944193909e-01 2.0175039760e-01
-3.6387867301e-01 2.1008544982e-01
-3.7988228803e-01 2.1932514126e-01
-3.9762284453e-01 2.2956765632e-01
-4.1728886026e-01 2.4092183580e-01
-4.3908931364e-01 2.5350833343e-01
-4.6325586440e-01 2.6746089801e-01
-4.9004531531e-01 2.8292779471e-01
-5.1974234106e-01 3.0007338052e-01
-5.5266251331e-01 3.1907985083e-01
-5.8915565407e-01 3.4014917547e-01
-6.2960955305e-01 3.6350524494e-01
-6.7445408845e-01 3.8939624952e-01
-7.2416579500e-01 4.1809731668e-01
-7.7927292782e-01 4.4991343465e-01
-8.4036107583e-01 4.8518269335e-01
-9.0807938445e-01 5.2427987706e-01
-9.8314745365e-01 5.6762044702e-01
-1.0663629847e+00 6.1566495626e-01
-1.1586102568e+00 6.6892394365e-01
-1.2608695239e+00 7.2796335903e-01
-1.3742274310e+00 7.9341057720e-01
-1.4998885614e+00 8.6596106470e-01
-1.6391882372e+00 9.4638577003e-01
-1.7936067086e+00 1.0355393161e+00
-1.9647848838e+00 1.1343690816e+00
-2.1545417659e+00 1.2439252685e+00
-2.3648937821e+00 1.3653720617e+00
-2.5980762114e+00 1.5000000000e+00

-2.2275163105e-01 1.1349762493e-01
-2.2276054111e-01 1.1350216484e-01
-2.2277041823e-01 1.1350719748e-01
-2.2278136734e-01 1.1351277634e-01
-2.2279350482e-01 1.1351896069e-01
-2.2280695962e-01 1.1352581625e-01
-2.2282187474e-01 1.1353341588e-01
-2.2283840866e-01 1.1354184034e-01
-2.2285673707e-01 1.1355117913e-01
-2.2287705475e-01 1.1356153150e-01
-2.2289957759e-01 1.1357300746e-01
-2.2292454493e-01 1.1358572896e-01
-2.2295222209e-01 1.1359983117e-01
-2.2298290316e-01 1.1361546396e-01
-2.2301691419e-01 1.1363279345e-01
-2.2305461658e-01 1.1365200378e-01
-2.2309641098e-01 1.1367329908e-01
-2.2314274150e-01 1.1369690566e-01
-2.2319410047e-01 1.1372307437e-01
-2.2325103365e-01 1.1375208327e-01
-2.2331414604e-01 1.1378424064e-01
-2.2338410828e-01 1.1381988818e-01
-2.2346166384e-01 1.1385940471e-01
-2.2354763683e-01 1.1390321014e-01
-2.2364294084e-01 1.1395176996e-01
-2.2374858861e-01 1.1400560018e-01
-2.2386570278e-01 1.1406527284e-01
-2.2399552787e-01 1.1413142202e-01
-2.2413944343e-01 1.1420475066e-01
-2.2429897877e-01 1.1428603798e-01
-2.2447582916e-01 1.1437614776e-01
-2.2467187390e-01 1.1447603754e-01
-2.2488919622e-01 1.1458676879e-01
-2.2513010546e-01 1.1470951818e-01
-2.2539716163e-01 1.1484559010e-01
-2.2569320256e-01 1.1499643048e-01
-2.2602137409e-01 1.1516364223e-01
-2.2638516349e-01 1.1534900219e-01
-2.2678843653e-01 1.1555448006e-01
-2.2723547854e-01 1.1578225934e-01
-2.2773103994e-01 1.1603476049e-01
-2.2828038676e-01 1.1631466668e-01
-2.2888935657e-01 1.1662495229e-01
-2.2956442050e-01 1.1696891454e-01
-2.3031275204e-01 1.1735020851e-01
-2.3114230323e-01 1.1777288595e-01
-2.3206188919e-01 1.1824143840e-01
-2.3308128180e-01 1.1876084488e-01
-2.3421131348e-01 1.1933662478e-01
-2.3546399239e-01 1.1997489656e-01
-2.3685262995e-01 1.2068244274e-01
-2.3839198234e-01 1.2146678196e-01
-2.4009840730e-01 1.2233624890e-01
-2.4199003793e-01 1.2330008285e-01
-2.4408697540e-01 1.2436852586e-01
-2.4641150256e-01 1.2555293160e-01
-2.4898832069e-01 1.2686588602e-01
-2.5184481203e-01 1.2832134105e-01
-2.5501133071e-01 1.2993476291e-01
-2.5852152534e-01 1.3172329640e-01
-2.6241269656e-01 1.3370594717e-01
-2.6672619341e-01 1.3590378359e-01
-2.7150785270e-01 1.3834016069e-01
-2.7680848612e-01 1.4104096832e-01
-2.8268442020e-01 1.4403490627e-01
-2.8919809478e-01 1.4735378924e-01
-2.9641872661e-01 1.5103288491e-01
-3.0442304480e-01 1.5511128874e-01
-3.1329610622e-01 1.5963233935e-01
-3.2313219933e-01 1.6464407911e-01
-3.3403584612e-01 1.7019976464e-01
-3.4612291280e-01 1.7635843272e-01
-3.5952184104e-01 1.8318552766e-01
-3.7437501285e-01 1.9075359670e-01
-3.9084026356e-01 1.9914306097e-01
-4.0909255905e-01 2.0844307004e-01
-4.2932585504e-01 2.1875244927e-01
-4.5175515804e-01 2.3018074996e-01
-4.7661881019e-01 2.4284941350e-01
-5.0418102192e-01 2.5689306182e-01
-5.3473467956e-01 2.7246092796e-01
-5.6860445766e-01 2.8971844187e-01
-6.0615026909e-01 3.0884898832e-01
-6.4777108963e-01 3.3005585561e-01
-6.9390919764e-01 3.5356439583e-01
-7.4505487382e-01 3.7962441948e-01
-8.0175161119e-01 4.0851285007e-01
-8.6460189039e-01 4.4053666684e-01
-9.3427358192e-01 4.7603616678e-01
-1.0115070431e+00 5.1538858081e-01
-1.0971229855e+00 5.5901208233e-01
-1.1920311960e+00 6.0737023094e-01
-1.2972402045e+00 6.6097689831e-01
-1.4138680013e+00 7.2040172889e-01
-1.5431539167e+00 7.8627619304e-01
-1.6864717910e+00 8.5930029736e-01
-1.8453445733e+00 9.4025002319e-01
-2.0214605051e+00 1.0299855725e+00
-2.2166910597e+00 1.1294605086e+00
-2.4331108298e+00 1.2397318892e+00
-2.6730195726e+00 1.3619714992e+00

-2.2838636441e-01 1.0168416077e-01
-2.2839549987e-01 1.0168822814e-01
-2.2840562683e-01 1.0169273695e-01
-2.2841685292e-01 1.0169773513e-01
-2.2842929742e-01 1.0170327578e-01
-2.2844309258e-01 1.0170941778e-01
-2.2845838499e-01 1.0171622640e-01
-2.2847533715e-01 1.0172377398e-01
-2.2849412920e-01 1.0173214074e-01
-2.2851496083e-01 1.0174141558e-01
-2.2853805341e-01 1.0175169706e-01
-2.2856365233e-01 1.0176309444e-01
-2.2859202961e-01 1.0177572881e-01
-2.2862348679e-01 1.0178973446e-01
-2.2865835817e-01 1.0180526019e-01
-2.2869701428e-01 1.0182247100e-01
-2.2873986590e-01 1.0184154977e-01
-2.2878736840e-01 1.0186269925e-01
-2.2884002655e-01 1.0188614417e-01
-2.2889839992e-01 1.0191213367e-01
-2.2896310880e-01 1.0194094392e-01
-2.2903484082e-01 1.0197288107e-01
-2.2911435822e-01 1.0200828449e-01
-2.2920250598e-01 1.0204753041e-01
-2.2930022081e-01 1.0209103585e-01
-2.2940854105e-01 1.0213926313e-01
-2.2952861775e-01 1.0219272472e-01
-2.2966172689e-01 1.0225198873e-01
-2.2980928294e-01 1.0231768492e-01
-2.2997285389e-01 1.0239051140e-01
-2.3015417791e-01 1.0247124205e-01
-2.3035518180e-01 1.0256073474e-01
-2.3057800151e-01 1.0265994047e-01
-2.3082500480e-01 1.0276991342e-01
-2.3109881643e-01 1.0289182222e-01
-2.3140234602e-01 1.0302696230e-01
-2.3173881899e-01 1.0317676972e-01
-2.3211181083e-01 1.0334283638e-01
-2.3252528507e-01 1.0352692697e-01
-2.3298363547e-01 1.0373099772e-01
-2.3349173261e-01 1.0395721714e-01
-2.3405497573e-01 1.0420798914e-01
-2.3467935006e-01 1.0448597850e-01
-2.3537149044e-01 1.0479413925e-01
-2.3613875179e-01 1.0513574601e-01
-2.3698928734e-01 1.0551442884e-01
-2.3793213519e-01 1.0593421174e-01
-2.3897731438e-01 1.0639955550e-01
-2.4013593139e-01 1.0691540503e-01
-2.4142029811e-01 1.0748724193e-01
-2.4284406269e-01 1.0812114277e-01
-2.4442235460e-01 1.0882384360e-01
-2.4617194535e-01 1.0960281159e-01
-2.4811142673e-01 1.1046632433e-01
-2.5026140841e-01 1.1142355785e-01
-2.5264473690e-01 1.1248468406e-01
-2.5528673831e-01 1.1366097888e-01
-2.5821548756e-01 1.1496494205e-01
-2.6146210661e-01 1.1641042998e-01
-2.6506109525e-01 1.1801280297e-01
-2.6905069768e-01 1.1978908841e-01
-2.7347330890e-01 1.2175816179e-01
-2.7837592522e-01 1.2394094721e-01
-2.8381064366e-01 1.2636063975e-01
-2.8983521558e-01 1.2904295199e-01
-2.9651366031e-01 1.3201638716e-01
-3.0391694550e-01 1.3531254209e-01
-3.1212374122e-01 1.3896644295e-01
-3.2122125592e-01 1.4301691747e-01
-3.3130616320e-01 1.4750700748e-01
-3.4248562904e-01 1.5248442635e-01
-3.5487845059e-01 1.5800206600e-01
-3.6861631861e-01 1.6411855892e-01
-3.8384521679e-01 1.7089890123e-01
-4.0072697308e-01 1.7841514339e-01
-4.1944097931e-01 1.8674715578e-01
-4.4018609748e-01 1.9598347747e-01
-4.6318277295e-01 2.0622225706e-01
-4.8867537695e-01 2.1757229562e-01
-5.1693480339e-01 2.3015420291e-01
-5.4826134747e-01 2.4410167894e-01
-5.8298789671e-01 2.5956293480e-01
-6.2148346835e-01 2.7670226755e-01
-6.6415713069e-01 2.9570180613e-01
-7.1146234995e-01 3.1676344671e-01
-7.6390180901e-01 3.4011099813e-01
-8.2203274911e-01 3.6599256017e-01
-8.8647289127e-01 3.9468315994e-01
-9.5790700044e-01 4.2648767445e-01
-1.0370941621e+00 4.6174407032e-01
-1.1248758484e+00 5.0082699514e-01
-1.2221848605e+00 5.4415175863e-01
-1.3300552399e+00 5.9217874587e-01
-1.4496332577e+00 6.4541830950e-01
-1.5821895943e+00 7.0443619298e-01
-1.7291328428e+00 7.6985954231e-01
-1.8920244768e+00 8.4238357037e-01
-2.0725954435e+00 9.2277894451e-01
-2.2727645574e+00 1.0118999759e+00
-2.4946588899e+00 1.1106936979e+00
-2.7406363729e+00 1.2202099292e+00

-2.3339510662e-01 8.9591987386e-02
-2.3340444243e-01 8.9595571066e-02
-2.3341479149e-01 8.9599543698e-02
-2.3342626378e-01 8.9603947496e-02
-2.3343898120e-01 8.9608829258e-02
-2.3345307890e-01 8.9614240859e-02
-2.3346870669e-01 8.9620239804e-02
-2.3348603062e-01 8.9626889840e-02
-2.3350523480e-01 8.9634261634e-02
-2.3352652329e-01 8.9642433520e-02
-2.3355012232e-01 8.9651492336e-02
-2.3357628265e-01 8.9661534345e-02
-2.3360528227e-01 8.9672666256e-02
-2.3363742934e-01 8.9685006362e-02
-2.3367306548e-01 8.9698685793e-02
-2.3371256935e-01 8.9713849911e-02
-2.3375636076e-01 8.9730659857e-02
-2.3380490504e-01 8.9749294259e-02
-2.3385871803e-01 8.9769951132e-02
-2.3391837159e-01 8.9792849986e-02
-2.3398449960e-01 8.9818234151e-02
-2.3405780477e-01 8.9846373370e-02
-2.3413906606e-01 8.9877566659e-02
-2.3422914700e-01 8.9912145491e-02
-2.3432900481e-01 8.9950477312e-02
-2.3443970062e-01 8.9992969452e-02
-2.3456241072e-01 9.0040073447e-02
-2.3469843908e-01 9.0092289843e-02
-2.3484923119e-01 9.0150173509e-02
-2.3501638941e-01 9.0214339540e-02
-2.3520169004e-01 9.0285469787e-02
-2.3540710215e-01 9.0364320108e-02
-2.3563480852e-01 9.0451728394e-02
-2.3588722885e-01 9.0548623479e-02
-2.3616704544e-01 9.0656035006e-02
-2.3647723174e-01 9.0775104371e-02
-2.3682108390e-01 9.0907096848e-02
-2.3720225582e-01 9.1053415038e-02
-2.3762479797e-01 9.1215613774e-02
-2.3809320045e-01 9.1395416640e-02
-2.3861244067e-01 9.1594734287e-02
-2.3918803628e-01 9.1815684740e-02
-2.3982610377e-01 9.2060615899e-02
-2.4053342347e-01 9.2332130496e-02
-2.4131751164e-01 9.2633113745e-02
-2.4218670029e-01 9.2966764005e-02
-2.4315022574e-01 9.3336626771e-02
-2.4421832676e-01 9.3746632339e-02
-2.4540235340e-01 9.4201137584e-02
-2.4671488757e-01 9.4704972246e-02
-2.4816987674e-01 9.5263490260e-02
-2.4978278217e-01 9.5882626648e-02
-2.5157074320e-01 9.6568960582e-02
-2.5355275936e-01 9.7329785303e-02
-2.5574989230e-01 9.8173185618e-02
-2.5818548957e-01 9.9108123813e-02
-2.6088543273e-01 1.0014453489e-01
-2.6387841238e-01 1.0129343214e-01
-2.6719623305e-01 1.0256702417e-01
-2.7087415113e-01 1.0397884464e-01
-2.7495124954e-01 1.0554389609e-01
-2.7947085306e-01 1.0727880933e-01
-2.8448098868e-01 1.0920202020e-01
-2.9003489595e-01 1.1133396546e-01
-2.9619159278e-01 1.1369729995e-01
-3.0301650251e-01 1.1631713733e-01
-3.1058214917e-01 1.1922131699e-01
-3.1896892815e-01 1.2244069981e-01
-3.2826596049e-01 1.2600949616e-01
-3.3857203991e-01 1.2996562939e-01
-3.4999668265e-01 1.3435113885e-01
-3.6266129122e-01 1.3921262660e-01
-3.7670044448e-01 1.4460175262e-01
-3.9226332768e-01 1.5057578376e-01
-4.0951531783e-01 1.5719820231e-01
-4.2863974100e-01 1.6453938056e-01
-4.4983982044e-01 1.7267732859e-01
-4.7334083608e-01 1.8169852328e-01
-4.9939251848e-01 1.9169882721e-01
-5.2827170250e-01 2.0278450732e-01
-5.6028526914e-01 2.1507336418e-01
-5.9577340645e-01 2.2869598377e-01
-6.3511322462e-01 2.4379712511e-01
-6.7872276321e-01 2.6053725855e-01
-7.2706543341e-01 2.7909427100e-01
-7.8065494245e-01 2.9966535618e-01
-8.4006075241e-01 3.2246911010e-01
-9.0591413157e-01 3.4774785394e-01
-9.7891486245e-01 3.7577020906e-01
-1.0598386780e+00 4.0683395143e-01
-1.1495455049e+00 4.4126917597e-01
-1.2489886012e+00 4.7944180418e-01
-1.3592246864e+00 5.2175747264e-01
-1.4814251701e+00 5.6866584340e-01
-1.6168886002e+00 6.2066538229e-01
-1.7670544616e+00 6.7830865577e-01
-1.9335184727e+00 7.4220820274e-01
-2.1180495420e+00 8.1304304359e-01
-2.3226085654e+00 8.9156589573e-01
-2.5493692634e+00 9.7861117224e-01
-2.8007412795e+00 1.0751038486e+00

-2.3776412907e-01 7.7254248594e-02
-2.3777363964e-01 7.7257338764e-02
-2.3778418243e-01 7.7260764323e-02
-2.3779586947e-01 7.7264561673e-02
-2.3780882496e-01 7.7268771166e-02
-2.3782318656e-01 7.7273437534e-02
-2.3783910689e-01 7.7278610362e-02
-2.3785675512e-01 7.7284344620e-02
-2.3787631879e-01 7.7290701242e-02
-2.3789800579e-01 7.7297747775e-02
-2.3792204657e-01 7.7305559099e-02
-2.3794869661e-01 7.7314218220e-02
-2.3797823908e-01 7.7323817153e-02
-2.3801098793e-01 7.7334457899e-02
-2.3804729116e-01 7.7346253531e-02
-2.3808753452e-01 7.7359329395e-02
-2.3813214568e-01 7.7373824438e-02
-2.3818159868e-01 7.7389892691e-02
-2.3823641902e-01 7.7407704900e-02
-2.3829718926e-01 7.7427450346e-02
-2.3836455515e-01 7.7449338851e-02
-2.3843923255e-01 7.7473603009e-02
-2.3852201501e-01 7.7500500661e-02
-2.3861378221e-01 7.7530317632e-02
-2.3871550930e-01 7.7563370767e-02
-2.3882827727e-01 7.7600011302e-02
-2.3895328443e-01 7.7640628592e-02
-2.3909185917e-01 7.7685654253e-02
-2.3924547402e-01 7.7735566742e-02
-2.3941576135e-01 7.7790896450e-02
-2.3960453070e-01 7.7852231330e-02
-2.3981378800e-01 7.7920223150e-02
-2.4004575691e-01 7.7995594416e-02
-2.4030290240e-01 7.8079146050e-02
-2.4058795700e-01 7.8171765905e-02
-2.4090394981e-01 7.8274438192e-02
-2.4125423868e-01 7.8388253946e-02
-2.4164254592e-01 7.8514422616e-02
-2.4207299782e-01 7.8654284917e-02
-2.4255016852e-01 7.8809327077e-02
-2.4307912862e-01 7.8981196633e-02
-2.4366549905e-01 7.9171719934e-02
-2.4431551079e-01 7.9382921552e-02
-2.4503607112e-01 7.9617045794e-02
-2.4583483697e-01 7.9876580551e-02
-2.4672029633e-01 8.0164283737e-02
-2.4770185842e-01 8.0483212593e-02
-2.4878995368e-01 8.0836756175e-02
-2.4999614462e-01 8.1228671369e-02
-2.5133324867e-01 8.1663122813e-02
-2.5281547441e-01 8.2144727148e-02
-2.5445857251e-01 8.2678602082e-02
-2.5628000314e-01 8.3270420770e-02
-2.5829912150e-01 8.3926472096e-02
-2.6053738351e-01 8.4653727507e-02
-2.6301857376e-01 8.5459915089e-02
-2.6576905831e-01 8.6353601693e-02
-2.6881806482e-01 8.7344283964e-02
-2.7219799319e-01 8.8442489262e-02
-2.7594475978e-01 8.9659887525e-02
-2.8009817914e-01 9.1009415281e-02
-2.8470238704e-01 9.2505413114e-02
-2.8980630952e-01 9.4163778055e-02
-2.9546418275e-01 9.6002132507e-02
-3.0173612941e-01 9.8040011510e-02
-3.0868879753e-01 1.0029907032e-01
-3.1639606876e-01 1.0280331455e-01
-3.2493984343e-01 1.0557935522e-01
-3.3441091088e-01 1.0865669158e-01
-3.4490991419e-01 1.1206802455e-01
-3.5654841968e-01 1.1584960422e-01
-3.6945010246e-01 1.2004161507e-01
-3.8375206061e-01 1.2468860296e-01
-3.9960627205e-01 1.2983994853e-01
-4.1718120956e-01 1.3555039188e-01
-4.3666363096e-01 1.4188061433e-01
-4.5826056371e-01 1.4889788316e-01
-4.8220150488e-01 1.5667676649e-01
-5.0874085982e-01 1.6529992563e-01
-5.3816064560e-01 1.7485899349e-01
-5.7077348782e-01 1.8545554828e-01
-6.0692594270e-01 1.9720219294e-01
-6.4700217969e-01 2.1022375169e-01
-6.9142806381e-01 2.2465859646e-01
-7.4067568106e-01 2.4066011730e-01
-7.9526835495e-01 2.5839835231e-01
-8.5578620759e-01 2.7806179461e-01
-9.2287232421e-01 2.9985939524e-01
-9.9723958688e-01 3.2402278364e-01
-1.0796782498e+00 3.5080872897e-01
-1.1710643370e+00 3.8050186865e-01
-1.2723689510e+00 4.1341773307e-01
-1.3846685925e+00 4.4990609844e-01
-1.5091565991e+00 4.9035470374e-01
-1.6471558269e+00 5.3519337092e-01
-1.8001327070e+00 5.8489857235e-01
-1.9697128288e+00 6.3999849401e-01
-2.1576982139e+00 7.0107864821e-01
-2.3660864648e+00 7.6878809541e-01
-2.5970919929e+00 8.4384634142e-01
-2.8531695489e+00 9.2705098312e-01

-2.4148145657e-01 6.4704761276e-02
-2.4149111583e-01 6.4707349466e-02
-2.4150182345e-01 6.4710218564e-02
-2.4151369321e-01 6.4713399058e-02
-2.4152685125e-01 6.4716924744e-02
-2.4154143739e-01 6.4720833088e-02
-2.4155760663e-01 6.4725165622e-02
-2.4157553078e-01 6.4729968384e-02
-2.4159540032e-01 6.4735292411e-02
-2.4161742639e-01 6.4741194277e-02
-2.4164184303e-01 6.4747736699e-02
-2.4166890973e-01 6.4754989197e-02
-2.4169891409e-01 6.4763028841e-02
-2.4173217495e-01 6.4771941062e-02
-2.4176904576e-01 6.4781820565e-02
-2.4180991831e-01 6.4792772333e-02
-2.4185522694e-01 6.4804912744e-02
-2.4190545311e-01 6.4818370806e-02
-2.4196113055e-01 6.4833289530e-02
-2.4202285089e-01 6.4849827447e-02
-2.4209127002e-01 6.4868160295e-02
-2.4216711496e-01 6.4888482887e-02
-2.4225119169e-01 6.4911011178e-02
-2.4234439362e-01 6.4935984561e-02
-2.4244771117e-01 6.4963668414e-02
-2.4256224221e-01 6.4994356915e-02
-2.4268920380e-01 6.5028376171e-02
-2.4282994509e-01 6.5066087684e-02
-2.4298596163e-01 6.5107892190e-02
-2.4315891132e-01 6.5154233921e-02
-2.4335063199e-01 6.5205605319e-02
-2.4356316093e-01 6.5262552277e-02
-2.4379875655e-01 6.5325679934e-02
-2.4405992239e-01 6.5395659109e-02
-2.4434943368e-01 6.5473233426e-02
-2.4467036689e-01 6.5559227219e-02
-2.4502613236e-01 6.5654554290e-02
-2.4542051059e-01 6.5760227619e-02
-2.4585769240e-01 6.5877370132e-02
-2.4634232344e-01 6.6007226627e-02
-2.4687955358e-01 6.6151177009e-02
-2.4747509162e-01 6.6310750947e-02
-2.4813526599e-01 6.6487644135e-02
-2.4886709192e-01 6.6683736304e-02
-2.4967834609e-01 6.6901111203e-02
-2.5057764918e-01 6.7142078740e-02
-2.5157455752e-01 6.7409199524e-02
-2.5267966463e-01 6.7705312081e-02
-2.5390471378e-01 6.8033563012e-02
-2.5526272281e-01 6.8397440436e-02
-2.5676812243e-01 6.8800811048e-02
-2.5843690958e-01 6.9247961215e-02
-2.6028681740e-01 6.9743642522e-02
-2.6233750371e-01 7.0293122262e-02
-2.6461075986e-01 7.0902239413e-02
-2.6713074232e-01 7.1577466678e-02
-2.6992422937e-01 7.2325979277e-02
-2.7302090563e-01 7.3155731181e-02
-2.7645367755e-01 7.4075539643e-02
-2.8025902303e-01 7.5095178892e-02
-2.8447737909e-01 7.6225483993e-02
-2.8915357157e-01 7.7478465990e-02
-2.9433729141e-01 7.8867439536e-02
-3.0008362276e-01 8.0407164381e-02
-3.0645362828e-01 8.2114002216e-02
-3.1351499802e-01 8.4006090534e-02
-3.2134276872e-01 8.6103535371e-02
-3.3002012118e-01 8.8428624957e-02
-3.3963926420e-01 9.1006066561e-02
-3.5030241437e-01 9.3863249036e-02
-3.6212288228e-01 9.7030533869e-02
-3.7522627665e-01 1.0054157781e-01
-3.8975183901e-01 1.0443369051e-01
-4.0585392341e-01 1.0874823102e-01
-4.2370363659e-01 1.1353104725e-01
-4.4349065625e-01 1.1883296319e-01
-4.6542524663e-01 1.2471031897e-01
-4.8974049287e-01 1.3122556957e-01
-5.1669477782e-01 1.3844794845e-01
-5.4657452777e-01 1.4645420332e-01
-5.7969725605e-01 1.5532941161e-01
-6.1641493713e-01 1.6516788461e-01
-6.5711774676e-01 1.7607416958e-01
-7.0223820815e-01 1.8816416077e-01
-7.5225578815e-01 2.0156633094e-01
-8.0770199217e-01 2.1642309653e-01
-8.6916601225e-01 2.3289233107e-01
-9.3730098795e-01 2.5114904279e-01
-1.0128309469e+00 2.7138723429e-01
-1.0965584986e+00 2.9382196415e-01
-1.1893733632e+00 3.1869163217e-01
-1.2922618260e+00 3.4626051269e-01
-1.4063172182e+00 3.7682156291e-01
-1.5327515347e+00 4.1069953593e-01
-1.6729083139e+00 4.4825443172e-01
-1.8282769138e+00 4.8988532259e-01
-2.0005083390e+00 5.3603459390e-01
-2.1914327849e+00 5.8719264498e-01
-2.4030790857e+00 6.4390310035e-01
-2.6376962738e+00 7.0676858644e-01
-2.8977774789e+00 7.7645713531e-01

-2.4453690018e-01 5.1977922704e-02
-2.4454668166e-01 5.1980001821e-02
-2.4455752476e-01 5.1982306594e-02
-2.4456954471e-01 5.1984861513e-02
-2.4458286924e-01 5.1987693729e-02
-2.4459763994e-01 5.1990833337e-02
-2.4461401376e-01 5.1994313701e-02
-2.4463216471e-01 5.1998171804e-02
-2.4465228565e-01 5.2002448643e-02
-2.4467459041e-01 5.2007189666e-02
-2.4469931600e-01 5.2012445252e-02
-2.4472672517e-01 5.2018271250e-02
-2.4475710917e-01 5.2024729569e-02
-2.4479079088e-01 5.2031888838e-02
-2.4482812821e-01 5.2039825132e-02
-2.4486951792e-01 5.2048622787e-02
-2.4491539984e-01 5.2058375289e-02
-2.4496626151e-01 5.2069186273e-02
-2.4502264343e-01 5.2081170619e-02
-2.4508514472e-01 5.2094455678e-02
-2.4515442954e-01 5.2109182622e-02
-2.4523123415e-01 5.2125507945e-02
-2.4531637469e-01 5.2143605125e-02
-2.4541075590e-01 5.2163666471e-02
-2.4551538071e-01 5.2185905161e-02
-2.4563136091e-01 5.2210557513e-02
-2.4575992893e-01 5.2237885490e-02
-2.4590245100e-01 5.2268179492e-02
-2.4606044161e-01 5.2301761431e-02
-2.4623557962e-01 5.2338988164e-02
-2.4642972611e-01 5.2380255276e-02
-2.4664494416e-01 5.2426001284e-02
-2.4688352076e-01 5.2476712305e-02
-2.4714799110e-01 5.2532927212e-02
-2.4744116556e-01 5.2595243366e-02
-2.4776615950e-01 5.2664322961e-02
-2.4812642644e-01 5.2740900064e-02
-2.4852579471e-01 5.2825788409e-02
-2.4896850814e-01 5.2919890054e-02
-2.4945927117e-01 5.3024204957e-02
-2.5000329883e-01 5.3139841606e-02
-2.5060637217e-01 5.3268028801e-02
-2.5127489966e-01 5.3410128706e-02
-2.5201598533e-01 5.3567651328e-02
-2.5283750423e-01 5.3742270560e-02
-2.5374818612e-01 5.3935841971e-02
-2.5475770825e-01 5.4150422524e-02
-2.5587679818e-01 5.4388292432e-02
-2.5711734777e-01 5.4651979388e-02
-2.5849253957e-01 5.4944285429e-02
-2.6001698688e-01 5.5268316707e-02
-2.6170688904e-01 5.5627516500e-02
-2.6358020358e-01 5.6025701798e-02
-2.6565683704e-01 5.6467103866e-02
-2.6795885651e-01 5.6956413208e-02
-2.7051072409e-01 5.7498829407e-02
-2.7333955688e-01 5.8100116379e-02
-2.7647541511e-01 5.8766663623e-02
-2.7995162159e-01 5.9505554119e-02
-2.8380511577e-01 6.0324639593e-02
-2.8807684633e-01 6.1232623952e-02
-2.9281220625e-01 6.2239155776e-02
-2.9806151525e-01 6.3354930847e-02
-3.0388055442e-01 6.4591805807e-02
-3.1033115906e-01 6.5962924149e-02
-3.1748187569e-01 6.7482855888e-02
-3.2540869048e-01 6.9167752386e-02
-3.3419583672e-01 7.1035517978e-02
-3.4393668991e-01 7.3106000240e-02
-3.5473475998e-01 7.5401200886e-02
-3.6670479123e-01 7.7945509573e-02
-3.7997398170e-01 8.0765963073e-02
-3.9468333472e-01 8.3892532576e-02
-4.1098915737e-01 8.7358442175e-02
-4.2906472140e-01 9.1200521915e-02
-4.4910210448e-01 9.5459599167e-02
-4.7131423131e-01 1.0018093247e-01
-4.9593713621e-01 1.0541469248e-01
-5.2323247136e-01 1.1121649507e-01
-5.5349028715e-01 1.1764799235e-01
-5.8703211440e-01 1.2477752783e-01
-6.2421438107e-01 1.3268086258e-01
-6.6543219976e-01 1.4144198041e-01
-7.1112356638e-01 1.5115398019e-01
-7.6177401441e-01 1.6192006527e-01
-8.1792177437e-01 1.7385464008e-01
-8.8016349328e-01 1.8708452584e-01
-9.4916057483e-01 2.0175030826e-01
-1.0256462077e+00 2.1800783140e-01
-1.1104331568e+00 2.3602985376e-01
-1.2044223997e+00 2.5600788407e-01
-1.3086127011e+00 2.7815421631e-01
-1.4241112261e+00 3.0270418566e-01
-1.5521453050e+00 3.2991866924e-01
-1.6940754755e+00 3.6008685829e-01
-1.8514099406e+00 3.9352933122e-01
-2.0258205949e+00 4.3060146022e-01
-2.2191607910e+00 4.7169718753e-01
-2.4334850338e+00 5.1725321166e-01
-2.6710708125e+00 5.6775362789e-01
-2.9344428022e+00 6.2373507245e-01

-2.4692208515e-01 3.9108616260e-02
-2.4693196203e-01 3.9110180605e-02
-2.4694291090e-01 3.9111914734e-02
-2.4695504809e-01 3.9113837077e-02
-2.4696850258e-01 3.9115968059e-02
-2.4698341735e-01 3.9118330326e-02
-2.4699995088e-01 3.9120948981e-02
-2.4701827887e-01 3.9123851849e-02
-2.4703859607e-01 3.9127069778e-02
-2.4706111839e-01 3.9130636962e-02
-2.4708608515e-01 3.9134591309e-02
-2.4711376166e-01 3.9138974838e-02
-2.4714444203e-01 3.9143834130e-02
-2.4717845226e-01 3.9149220822e-02
-2.4721615378e-01 3.9155192155e-02
-2.4725794720e-01 3.9161811583e-02
-2.4730427664e-01 3.9169149446e-02
-2.4735563442e-01 3.9177283719e-02
-2.4741256628e-01 3.9186300839e-02
-2.4747567720e-01 3.9196296627e-02
-2.4754563782e-01 3.9207377301e-02
-2.4762319157e-01 3.9219660608e-02
-2.4770916256e-01 3.9233277075e-02
-2.4780446435e-01 3.9248371397e-02
-2.4791010966e-01 3.9265103970e-02
-2.4802722112e-01 3.9283652602e-02
-2.4815704318e-01 3.9304214397e-02
-2.4830095540e-01 3.9327007852e-02
-2.4846048702e-01 3.9352275180e-02
-2.4863733331e-01 3.9380284880e-02
-2.4883337348e-01 3.9411334593e-02
-2.4905069075e-01 3.9445754267e-02
-2.4929159439e-01 3.9483909655e-02
-2.4955864435e-01 3.9526206214e-02
-2.4985467839e-01 3.9573093400e-02
-2.5018284229e-01 3.9625069455e-02
-2.5054662323e-01 3.9682686696e-02
-2.5094988689e-01 3.9746557385e-02
-2.5139691850e-01 3.9817360236e-02
-2.5189246838e-01 3.9895847626e-02
-2.5244180243e-01 3.9982853592e-02
-2.5305075807e-01 4.0079302691e-02
-2.5372580630e-01 4.0186219827e-02
-2.5447412044e-01 4.0304741142e-02
-2.5530365233e-01 4.0436126088e-02
-2.5622321691e-01 4.0581770809e-02
-2.5724258581e-01 4.0743222981e-02
-2.5837259121e-01 4.0922198254e-02
-2.5962524099e-01 4.1120598488e-02
-2.6101384625e-01 4.1340531955e-02
-2.6255316284e-01 4.1584335752e-02
-2.6425954812e-01 4.1854600629e-02
-2.6615113475e-01 4.2154198520e-02
-2.6824802346e-01 4.2486313064e-02
-2.7057249656e-01 4.2854473434e-02
-2.7314925476e-01 4.3262591840e-02
-2.7600567966e-01 4.3715005100e-02
-2.7917212470e-01 4.4216520725e-02
-2.8268223770e-01 4.4772468008e-02
-2.8657331842e-01 4.5388754651e-02
-2.9088671495e-01 4.6071929545e-02
-2.9566826303e-01 4.6829252362e-02
-3.0096877319e-01 4.7668770697e-02
-3.0684457061e-01 4.8599405582e-02
-3.1335809371e-01 4.9631046293e-02
-3.2057855760e-01 5.0774655426e-02
-3.2858268964e-01 5.2042385399e-02
-3.3745554470e-01 5.3447707582e-02
-3.4729140906e-01 5.5005555454e-02
-3.5819480227e-01 5.6732483284e-02
-3.7028158784e-01 5.8646842053e-02
-3.8368020447e-01 6.0768974448e-02
-3.9853303084e-01 6.3121431041e-02
-4.1499789862e-01 6.5729209909e-02
-4.3324976964e-01 6.8620022285e-02
-4.5348259506e-01 7.1824587015e-02
-4.7591137643e-01 7.5376957000e-02
-5.0077445034e-01 7.9314881045e-02
-5.2833602106e-01 8.3680204999e-02
-5.5888896813e-01 8.8519316421e-02
-5.9275795853e-01 9.3883637509e-02
-6.3030289677e-01 9.9830171540e-02
-6.7192274936e-01 1.0642210860e-01
-7.1805978434e-01 1.1372949706e-01
-7.6920427105e-01 1.2182998797e-01
-8.2589968984e-01 1.3080966014e-01
-8.8874850736e-01 1.4076393493e-01
-9.5841857856e-01 1.5179859016e-01
-1.0356502436e+00 1.6403088420e-01
-1.1212641948e+00 1.7759080195e-01
-1.2161701980e+00 1.9262243615e-01
-1.3213767598e+00 2.0928551856e-01
-1.4380018442e+00 2.2775711728e-01
-1.5672847528e+00 2.4823351840e-01
-1.7105992940e+00 2.7093231180e-01
-1.8694683815e+00 2.9609470331e-01
-2.0455802174e+00 3.2398807787e-01
-2.2408062316e+00 3.5490884087e-01
-2.4572209686e+00 3.8918556786e-01
-2.6971241318e+00 4.2718249611e-01
-2.9630650218e+00 4.6930339512e-01

-2.4863047384e-01 2.6132115817e-02
-2.4864041906e-01 2.6133161102e-02
-2.4865144368e-01 2.6134319835e-02
-2.4866366484e-01 2.6135604332e-02
-2.4867721243e-01 2.6137028240e-02
-2.4869223038e-01 2.6138606691e-02
-2.4870887831e-01 2.6140356458e-02
-2.4872733310e-01 2.6142296135e-02
-2.4874779087e-01 2.6144446334e-02
-2.4877046902e-01 2.6146829903e-02
-2.4879560852e-01 2.6149472171e-02
-2.4882347652e-01 2.6152401215e-02
-2.4885436915e-01 2.6155648162e-02
-2.4888861469e-01 2.6159247514e-02
-2.4892657705e-01 2.6163237519e-02
-2.4896865963e-01 2.6167660576e-02
-2.4901530962e-01 2.6172563687e-02
-2.4906702273e-01 2.6177998954e-02
-2.4912434848e-01 2.6184024133e-02
-2.4918789605e-01 2.6190703252e-02
-2.4925834071e-01 2.6198107284e-02
-2.4933643103e-01 2.6206314907e-02
-2.4942299683e-01 2.6215413340e-02
-2.4951895800e-01 2.6225499265e-02
-2.4962533424e-01 2.6236679858e-02
-2.4974325595e-01 2.6249073930e-02
-2.4987397622e-01 2.6262813184e-02
-2.5001888413e-01 2.6278043618e-02
-2.5017951951e-01 2.6294927078e-02
-2.5035758935e-01 2.6313642972e-02
-2.5055498588e-01 2.6334390183e-02
-2.5077380670e-01 2.6357389178e-02
-2.5101637709e-01 2.6382884354e-02
-2.5128527470e-01 2.6411146631e-02
-2.5158335693e-01 2.6442476335e-02
-2.5191379130e-01 2.6477206388e-02
-2.5228008915e-01 2.6515705843e-02
-2.5268614288e-01 2.6558383810e-02
-2.5313626738e-01 2.6605693801e-02
-2.5363524584e-01 2.6658138551e-02
-2.5418838059e-01 2.6716275355e-02
-2.5480154943e-01 2.6780721998e-02
-2.5548126815e-01 2.6852163313e-02
-2.5623475967e-01 2.6931358463e-02
-2.5707003088e-01 2.7019149005e-02
-2.5799595768e-01 2.7116467834e-02
-2.5902237932e-01 2.7224349095e-02
-2.6016020293e-01 2.7343939176e-02
-2.6142151946e-01 2.7476508885e-02
-2.6281973212e-01 2.7623466957e-02
-2.6436969883e-01 2.7786375023e-02
-2.6608789014e-01 2.7966964206e-02
-2.6799256416e-01 2.8167153513e-02
-2.7010396069e-01 2.8389070230e-02
-2.7244451620e-01 2.8635072528e-02
-2.7503910231e-01 2.8907774517e-02
-2.7791529007e-01 2.9210074031e-02
-2.8110364290e-01 2.9545183418e-02
-2.8463804144e-01 2.9916663673e-02
-2.8855604353e-01 3.0328462286e-02
-2.9289928331e-01 3.0784955182e-02
-2.9771391366e-01 3.1290993223e-02
-3.0305109664e-01 3.1851953759e-02
-3.0896754715e-01 3.2473797765e-02
-3.1552613560e-01 3.3163133188e-02
-3.2279655598e-01 3.3927285162e-02
-3.3085606649e-01 3.4774373851e-02
-3.3979031049e-01 3.5713400735e-02
-3.4969422660e-01 3.6754344263e-02
-3.6067305750e-01 3.7908265890e-02
-3.7284346835e-01 3.9187427615e-02
-3.8633478647e-01 4.0605422288e-02
-4.0129037563e-01 4.2177318050e-02
-4.1786915948e-01 4.3919818448e-02
-4.3624731037e-01 4.5851439943e-02
-4.5662012137e-01 4.7992708663e-02
-4.7920408155e-01 5.0366378528e-02
-5.0423917650e-01 5.2997673037e-02
-5.3199143846e-01 5.5914553307e-02
-5.6275577329e-01 5.9148015193e-02
-5.9685909429e-01 6.2732418667e-02
-6.3466379605e-01 6.6705852934e-02
-6.7657160540e-01 7.1110541188e-02
-7.2302785034e-01 7.5993289286e-02
-7.7452619225e-01 8.1405983129e-02
-8.3161387167e-01 8.7406140018e-02
-8.9489752356e-01 9.4057519855e-02
-9.6504962358e-01 1.0143080268e-01
-1.0428156341e+00 1.0960433974e-01
-1.1290219256e+00 1.1866498609e-01
-1.2245845584e+00 1.2870902353e-01
-1.3305190166e+00 1.3984318375e-01
-1.4479509992e+00 1.5218578247e-01
-1.5781283821e+00 1.6586797675e-01
-1.7224344788e+00 1.8103515869e-01
-1.8824027395e+00 1.9784850040e-01
-2.0597330467e+00 2.1648666672e-01
-2.2563097781e+00 2.3714771375e-01
-2.4742218315e+00 2.6005119348e-01
-2.7157848214e+00 2.8544048680e-01
-2.9835656861e+00 3.1358538980e-01

-2.4965738369e-01 1.3083989061e-02
-2.4966736998e-01 1.3084512420e-02
-2.4967844014e-01 1.3085092582e-02
-2.4969071178e-01 1.3085735712e-02
-2.4970431531e-01 1.3086448643e-02
-2.4971939530e-01 1.3087238952e-02
-2.4973611199e-01 1.3088115036e-02
-2.4975464300e-01 1.3089086205e-02
-2.4977518527e-01 1.3090162780e-02
-2.4979795708e-01 1.3091356200e-02
-2.4982320041e-01 1.3092679147e-02
-2.4985118352e-01 1.3094145679e-02
-2.4988220374e-01 1.3095771381e-02
-2.4991659073e-01 1.3097573526e-02
-2.4995470989e-01 1.3099571266e-02
-2.4999696628e-01 1.3101785830e-02
-2.5004380894e-01 1.3104240750e-02
-2.5009573564e-01 1.3106962113e-02
-2.5015329816e-01 1.3109978837e-02
-2.5021710820e-01 1.3113322979e-02
-2.5028784381e-01 1.3117030076e-02
-2.5036625667e-01 1.3121139519e-02
-2.5045318001e-01 1.3125694979e-02
-2.5054953752e-01 1.3130744862e-02
-2.5065635312e-01 1.3136342830e-02
-2.5077476189e-01 1.3142548371e-02
-2.5090602206e-01 1.3149427425e-02
-2.5105152848e-01 1.3157053093e-02
-2.5121282733e-01 1.3165506408e-02
-2.5139163264e-01 1.3174877197e-02
-2.5158984447e-01 1.3185265039e-02
-2.5180956908e-01 1.3196780318e-02
-2.5205314135e-01 1.3209545400e-02
-2.5232314958e-01 1.3223695931e-02
-2.5262246296e-01 1.3239382281e-02
-2.5295426212e-01 1.3256771138e-02
-2.5332207288e-01 1.3276047283e-02
-2.5372980372e-01 1.3297415551e-02
-2.5418178735e-01 1.3321103009e-02
-2.5468282672e-01 1.3347361370e-02
-2.5523824606e-01 1.3376469664e-02
-2.5585394746e-01 1.3408737207e-02
-2.5653647359e-01 1.3444506886e-02
-2.5729307723e-01 1.3484158803e-02
-2.5813179833e-01 1.3528114313e-02
-2.5906154946e-01 1.3576840505e-02
-2.6009221049e-01 1.3630855161e-02
-2.6123473362e-01 1.3690732261e-02
-2.6250125972e-01 1.3757108081e-02
-2.6390524737e-01 1.3830687956e-02
-2.6546161586e-01 1.3912253772e-02
-2.6718690375e-01 1.4002672279e-02
-2.6909944458e-01 1.4102904297e-02
-2.7121956173e-01 1.4214014929e-02
-2.7356978436e-01 1.4337184877e-02
-2.7617508681e-01 1.4473722993e-02
-2.7906315398e-01 1.4625080180e-02
-2.8226467556e-01 1.4792864816e-02
-2.8581367210e-01 1.4978859844e-02
-2.8974785657e-01 1.5185041715e-02
-2.9410903508e-01 1.5413601396e-02
-2.9894355114e-01 1.5666967646e-02
-3.0430277810e-01 1.5947832830e-02
-3.1024366513e-01 1.6259181526e-02
-3.1682934228e-01 1.6604322241e-02
-3.2412979143e-01 1.6986922568e-02
-3.3222258986e-01 1.7411048162e-02
-3.4119373466e-01 1.7881205939e-02
-3.5113855657e-01 1.8402391970e-02
-3.6216273296e-01 1.8980144573e-02
-3.7438341083e-01 1.9620603162e-02
-3.8793045168e-01 2.0330573489e-02
-4.0294781138e-01 2.1117599962e-02
-4.1959507002e-01 2.1990045818e-02
-4.3804912755e-01 2.2957181992e-02
-4.5850608366e-01 2.4029285632e-02
-4.8118332160e-01 2.5217749313e-02
-5.0632181813e-01 2.6535202091e-02
-5.3418870429e-01 2.7995643710e-02
-5.6508010400e-01 2.9614593368e-02
-5.9932428076e-01 3.1409254625e-02
-6.3728512597e-01 3.3398698222e-02
-6.7936602570e-01 3.5604064727e-02
-7.2601414727e-01 3.8048789186e-02
-7.7772519099e-01 4.0758850152e-02
-8.3504865768e-01 4.3763045742e-02
-8.9859368785e-01 4.7093299658e-02
-9.6903553466e-01 5.0785000418e-02
-1.0471227394e+00 5.4877377409e-02
-1.1336850858e+00 5.9413917755e-02
-1.2296424177e+00 6.4442828423e-02
-1.3360144133e+00 7.0017548490e-02
-1.4539314211e+00 7.6197317009e-02
-1.5846464712e+00 8.3047802502e-02
-1.7295485903e+00 9.0641800780e-02
-1.8901775624e+00 9.9060008498e-02
-2.0682402908e+00 1.0839188067e-01
-2.2656289364e+00 1.1873658123e-01
-2.4844410243e+00 1.3020403685e-01
-2.7270017335e+00 1.4291610495e-01
-2.9958886043e+00 1.5700786873e-01

-2.5000000000e-01 3.0616169979e-17
-2.5001000000e-01 3.0617394625e-17
-2.5002108534e-01 3.0618752188e-17
-2.5003337383e-01 3.0620257094e-17
-2.5004699603e-01 3.0621925333e-17
-2.5006209671e-01 3.0623774633e-17
-2.5007883634e-01 3.0625824646e-17
-2.5009739279e-01 3.0628097155e-17
-2.5011796325e-01 3.0630616310e-17
-2.5014076631e-01 3.0633408880e-17
-2.5016604428e-01 3.0636504539e-17
-2.5019406579e-01 3.0639936183e-17
-2.5022512859e-01 3.0643740279e-17
-2.5025956276e-01 3.0647957249e-17
-2.5029773423e-01 3.0652631906e-17
-2.5034004861e-01 3.0657813923e-17
-2.5038695556e-01 3.0663558367e-17
-2.5043895352e-01 3.0669926281e-17
-2.5049659504e-01 3.0676985331e-17
-2.5056049264e-01 3.0684810531e-17
-2.5063132533e-01 3.0693485033e-17
-2.5070984580e-01 3.0703101017e-17
-2.5079688843e-01 3.0713760665e-17
-2.5089337817e-01 3.0725577251e-17
-2.5100034037e-01 3.0738676341e-17
-2.5111891163e-01 3.0753197133e-17
-2.5125035194e-01 3.0769293929e-17
-2.5139605804e-01 3.0787137779e-17
-2.5155757825e-01 3.0806918300e-17
-2.5173662894e-01 3.0828845686e-17
-2.5193511279e-01 3.0853152947e-17
-2.5215513894e-01 3.0880098379e-17
-2.5239904547e-01 3.0909968315e-17
-2.5266942424e-01 3.0943080164e-17
-2.5296914839e-01 3.0979785786e-17
-2.5330140289e-01 3.1020475227e-17
-2.5366971841e-01 3.1065580869e-17
-2.5407800880e-01 3.1115582021e-17
-2.5453061271e-01 3.1171010014e-17
-2.5503233968e-01 3.1232453847e-17
-2.5558852125e-01 3.1300566445e-17
-2.5620506760e-01 3.1376071596e-17
-2.5688853039e-01 3.1459771649e-17
-2.5764617236e-01 3.1552556029e-17
-2.5848604447e-01 3.1655410699e-17
-2.5941707154e-01 3.1769428631e-17
-2.6044914700e-01 3.1895821421e-17
-2.6159323806e-01 3.2035932167e-17
-2.6286150227e-01 3.2191249738e-17
-2.6426741668e-01 3.2363424595e-17
-2.6582592104e-01 3.2554286334e-17
-2.6755357662e-01 3.2765863121e-17
-2.6946874213e-01 3.3000403251e-17
-2.7159176881e-01 3.3260399035e-17
-2.7394521676e-01 3.3548613285e-17
-2.7655409458e-01 3.3868108672e-17
-2.7944612518e-01 3.4222280274e-17
-2.8265204035e-01 3.4614891649e-17
-2.8620590735e-01 3.5050114833e-17
-2.9014549089e-01 3.5532574670e-17
-2.9451265444e-01 3.6067397957e-17
-2.9935380512e-01 3.6660267926e-17
-3.0472038680e-01 3.7317484633e-17
-3.1066942678e-01 3.8046031910e-17
-3.1726414176e-01 3.8853651569e-17
-3.2457460965e-01 3.9748925679e-17
-3.3267851420e-01 4.0741367756e-17
-3.4166197052e-01 4.1841523858e-17
-3.5162044016e-01 4.3061084656e-17
-3.6265974553e-01 4.4413009655e-17
-3.7489719441e-01 4.5911664914e-17
-3.8846282648e-01 4.7572975704e-17
-4.0350079520e-01 4.9414595730e-17
-4.2017089963e-01 5.1456094733e-17
-4.3865028251e-01 5.3719166442e-17
-4.5913531265e-01 5.6227859101e-17
-4.8184367160e-01 5.9008831012e-17
-5.0701666685e-01 6.2091633817e-17
-5.3492179602e-01 6.5509026530e-17
-5.6585558942e-01 6.9297323636e-17
-6.0014676104e-01 7.3496780993e-17
-6.3815970166e-01 7.8152023599e-17
-6.8029835095e-01 8.3312519795e-17
-7.2701048988e-01 8.9033106937e-17
-7.7879249904e-01 9.5374574115e-17
-8.3619463336e-01 1.0240430812e-16
-8.9982686930e-01 1.1019700953e-16
-9.7036538670e-01 1.1883548648e-16
-1.0485597541e+00 1.2841153466e-16
-1.1352408940e+00 1.3902691271e-16
-1.2313299125e+00 1.5079442361e-16
-1.3378478873e+00 1.6383911329e-16
-1.4559267181e+00 1.7829959951e-16
-1.5868211544e+00 1.9432954476e-16
-1.7319221294e+00 2.1209928921e-16
-1.8927715401e+00 2.3179766080e-16
-2.0710786321e+00 2.5363398176e-16
-2.2687381632e+00 2.7784029296e-16
-2.4878505370e+00 3.0467381969e-16
-2.7307441234e+00 3.3441970500e-16
-3.0000000000e+00 3.6739403974e-16

-2.4965738369e-01 -1.3083989061e-02
-2.4966736998e-01 -1.3084512420e-02
-2.4967844014e-01 -1.3085092582e-02
-2.4969071178e-01 -1.3085735712e-02
-2.4970431531e-01 -1.3086448643e-02
-2.4971939530e-01 -1.3087238952e-02
-2.4973611199e-01 -1.3088115036e-02
-2.4975464300e-01 -1.3089086205e-02
-2.4977518527e-01 -1.3090162780e-02
-2.4979795708e-01 -1.3091356200e-02
-2.4982320041e-01 -1.3092679147e-02
-2.4985118352e-01 -1.3094145679e-02
-2.4988220374e-01 -1.3095771381e-02
-2.4991659073e-01 -1.3097573526e-02
-2.4995470989e-01 -1.3099571266e-02
-2.4999696628e-01 -1.3101785830e-02
-2.5004380894e-01 -1.3104240750e-02
-2.5009573564e-01 -1.3106962113e-02
-2.5015329816e-01 -1.3109978837e-02
-2.5021710820e-01 -1.3113322979e-02
-2.5028784381e-01 -1.3117030076e-02
-2.5036625667e-01 -1.3121139519e-02
-2.5045318001e-01 -1.3125694979e-02
-2.5054953752e-01 -1.3130744862e-02
-2.5065635312e-01 -1.3136342830e-02
-2.5077476189e-01 -1.3142548371e-02
-2.5090602206e-01 -1.3149427425e-02
-2.5105152848e-01 -1.3157053093e-02
-2.5121282733e-01 -1.3165506408e-02
-2.5139163264e-01 -1.3174877197e-02
-2.5158984447e-01 -1.3185265039e-02
-2.5180956908e-01 -1.3196780318e-02
-2.5205314135e-01 -1.3209545400e-02
-2.5232314958e-01 -1.3223695931e-02
-2.5262246296e-01 -1.3239382281e-02
-2.5295426212e-01 -1.3256771138e-02
-2.5332207288e-01 -1.3276047283e-02
-2.5372980372e-01 -1.3297415551e-02
-2.5418178735e-01 -1.3321103009e-02
-2.5468282672e-01 -1.3347361370e-02
-2.5523824606e-01 -1.3376469664e-02
-2.5585394746e-01 -1.3408737207e-02
-2.5653647359e-01 -1.3444506886e-02
-2.5729307723e-01 -1.3484158803e-02
-2.5813179833e-01 -1.3528114313e-02
-2.5906154946e-01 -1.3576840505e-02
-2.6009221049e-01 -1.3630855161e-02
-2.6123473362e-01 -1.3690732261e-02
-2.6250125972e-01 -1.3757108081e-02
-2.6390524737e-01 -1.3830687956e-02
-2.6546161586e-01 -1.3912253772e-02
-2.6718690375e-01 -1.4002672279e-02
-2.6909944458e-01 -1.4102904297e-02
-2.7121956173e-01 -1.4214014929e-02
-2.7356978436e-01 -1.4337184877e-02
-2.7617508681e-01 -1.4473722993e-02
-2.7906315398e-01 -1.4625080180e-02
-2.8226467556e-01 -1.4792864816e-02
-2.8581367210e-01 -1.4978859844e-02
-2.8974785657e-01 -1.5185041715e-02
-2.9410903508e-01 -1.5413601396e-02
-2.9894355114e-01 -1.5666967646e-02
-3.0430277810e-01 -1.5947832830e-02
-3.1024366513e-01 -1.6259181526e-02
-3.1682934228e-01 -1.6604322241e-02
-3.2412979143e-01 -1.6986922568e-02
-3.3222258986e-01 -1.7411048162e-02
-3.4119373466e-01 -1.7881205939e-02
-3.5113855657e-01 -1.8402391970e-02
-3.6216273296e-01 -1.8980144573e-02
-3.7438341083e-01 -1.9620603162e-02
-3.8793045168e-01 -2.0330573489e-02
-4.0294781138e-01 -2.1117599962e-02
-4.1959507002e-01 -2.1990045818e-02
-4.3804912755e-01 -2.2957181992e-02
-4.5850608366e-01 -2.4029285632e-02
-4.8118332160e-01 -2.5217749313e-02
-5.0632181813e-01 -2.6535202091e-02
-5.3418870429e-01 -2.7995643710e-02
-5.6508010400e-01 -2.9614593368e-02
-5.9932428076e-01 -3.1409254625e-02
-6.3728512597e-01 -3.3398698222e-02
-6.7936602570e-01 -3.5604064727e-02
-7.2601414727e-01 -3.8048789186e-02
-7.7772519099e-01 -4.0758850152e-02
-8.3504865768e-01 -4.3763045742e-02
-8.9859368785e-01 -4.7093299658e-02
-9.6903553466e-01 -5.0785000418e-02
-1.0471227394e+00 -5.4877377409e-02
-1.1336850858e+00 -5.9413917755e-02
-1.2296424177e+00 -6.4442828423e-02
-1.3360144133e+00 -7.0017548490e-02
-1.4539314211e+00 -7.6197317009e-02
-1.5846464712e+00 -8.3047802502e-02
-1.7295485903e+00 -9.0641800780e-02
-1.8901775624e+00 -9.9060008498e-02
-2.0682402908e+00 -1.0839188067e-01
-2.2656289364e+00 -1.1873658123e-01
-2.4844410243e+00 -1.3020403685e-01
-2.7270017335e+00 -1.4291610495e-01
-2.9958886043e+00 -1.5700786873e-01

-2.4863047384e-01 -2.6132115817e-02
-2.4864041906e-01 -2.6133161102e-02
-2.4865144368e-01 -2.6134319835e-02
-2.4866366484e-01 -2.6135604332e-02
-2.4867721243e-01 -2.6137028240e-02
-2.4869223038e-01 -2.6138606691e-02
-2.4870887831e-01 -2.6140356458e-02
-2.4872733310e-01 -2.6142296135e-02
-2.4874779087e-01 -2.6144446334e-02
-2.4877046902e-01 -2.6146829903e-02
-2.4879560852e-01 -2.6149472171e-02
-2.4882347652e-01 -2.6152401215e-02
-2.4885436915e-01 -2.6155648162e-02
-2.4888861469e-01 -2.6159247514e-02
-2.4892657705e-01 -2.6163237519e-02
-2.4896865963e-01 -2.6167660576e-02
-2.4901530962e-01 -2.6172563687e-02
-2.4906702273e-01 -2.6177998954e-02
-2.4912434848e-01 -2.6184024133e-02
-2.4918789605e-01 -2.6190703252e-02
-2.4925834071e-01 -2.6198107284e-02
-2.4933643103e-01 -2.6206314907e-02
-2.4942299683e-01 -2.6215413340e-02
-2.4951895800e-01 -2.6225499265e-02
-2.4962533424e-01 -2.6236679858e-02
-2.4974325595e-01 -2.6249073930e-02
-2.4987397622e-01 -2.6262813184e-02
-2.5001888413e-01 -2.6278043618e-02
-2.5017951951e-01 -2.6294927078e-02
-2.5035758935e-01 -2.6313642972e-02
-2.5055498588e-01 -2.6334390183e-02
-2.5077380670e-01 -2.6357389178e-02
-2.5101637709e-01 -2.6382884354e-02
-2.5128527470e-01 -2.6411146631e-02
-2.5158335693e-01 -2.6442476335e-02
-2.5191379130e-01 -2.6477206388e-02
-2.5228008915e-01 -2.6515705843e-02
-2.5268614288e-01 -2.6558383810e-02
-2.5313626738e-01 -2.6605693801e-02
-2.5363524584e-01 -2.6658138551e-02
-2.5418838059e-01 -2.6716275355e-02
-2.5480154943e-01 -2.6780721998e-02
-2.5548126815e-01 -2.6852163313e-02
-2.5623475967e-01 -2.6931358463e-02
-2.5707003088e-01 -2.7019149005e-02
-2.5799595768e-01 -2.7116467834e-02
-2.5902237932e-01 -2.7224349095e-02
-2.6016020293e-01 -2.7343939176e-02
-2.6142151946e-01 -2.7476508885e-02
-2.6281973212e-01 -2.7623466957e-02
-2.6436969883e-01 -2.7786375023e-02
-2.6608789014e-01 -2.7966964206e-02
-2.6799256416e-01 -2.8167153513e-02
-2.7010396069e-01 -2.8389070230e-02
-2.7244451620e-01 -2.8635072528e-02
-2.7503910231e-01 -2.8907774517e-02
-2.7791529007e-01 -2.9210074031e-02
-2.8110364290e-01 -2.9545183418e-02
-2.8463804144e-01 -2.9916663673e-02
-2.8855604353e-01 -3.0328462286e-02
-2.9289928331e-01 -3.0784955182e-02
-2.9771391366e-01 -3.1290993223e-02
-3.0305109664e-01 -3.1851953759e-02
-3.0896754715e-01 -3.2473797765e-02
-3.1552613560e-01 -3.3163133188e-02
-3.2279655598e-01 -3.3927285162e-02
-3.3085606649e-01 -3.4774373851e-02
-3.3979031049e-01 -3.5713400735e-02
-3.4969422660e-01 -3.6754344263e-02
-3.6067305750e-01 -3.7908265890e-02
-3.7284346835e-01 -3.9187427615e-02
-3.8633478647e-01 -4.0605422288e-02
-4.0129037563e-01 -4.2177318050e-02
-4.1786915948e-01 -4.3919818448e-02
-4.3624731037e-01 -4.5851439943e-02
-4.5662012137e-01 -4.7992708663e-02
-4.7920408155e-01 -5.0366378528e-02
-5.0423917650e-01 -5.2997673037e-02
-5.3199143846e-01 -5.5914553307e-02
-5.6275577329e-01 -5.9148015193e-02
-5.9685909429e-01 -6.2732418667e-02
-6.3466379605e-01 -6.6705852934e-02
-6.7657160540e-01 -7.1110541188e-02
-7.2302785034e-01 -7.5993289286e-02
-7.7452619225e-01 -8.1405983129e-02
-8.3161387167e-01 -8.7406140018e-02
-8.9489752356e-01 -9.4057519855e-02
-9.6504962358e-01 -1.0143080268e-01
-1.0428156341e+00 -1.0960433974e-01
-1.1290219256e+00 -1.1866498609e-01
-1.2245845584e+00 -1.2870902353e-01
-1.3305190166e+00 -1.3984318375e-01
-1.4479509992e+00 -1.5218578247e-01
-1.5781283821e+00 -1.6586797675e-01
-1.7224344788e+00 -1.8103515869e-01
-1.8824027395e+00 -1.9784850040e-01
-2.0597330467e+00 -2.1648666672e-01
-2.2563097781e+00 -2.3714771375e-01
-2.4742218315e+00 -2.6005119348e-01
-2.7157848214e+00 -2.8544048680e-01
-2.9835656861e+00 -3.1358538980e-01

-2.4692208515e-01 -3.9108616260e-02
-2.4693196203e-01 -3.9110180605e-02
-2.4694291090e-01 -3.9111914734e-02
-2.4695504809e-01 -3.9113837077e-02
-2.4696850258e-01 -3.9115968059e-02
-2.4698341735e-01 -3.9118330326e-02
-2.4699995088e-01 -3.9120948981e-02
-2.4701827887e-01 -3.9123851849e-02
-2.4703859607e-01 -3.9127069778e-02
-2.4706111839e-01 -3.9130636962e-02
-2.4708608515e-01 -3.9134591309e-02
-2.4711376166e-01 -3.9138974838e-02
-2.4714444203e-01 -3.9143834130e-02
-2.4717845226e-01 -3.9149220822e-02
-2.4721615378e-01 -3.9155192155e-02
-2.4725794720e-01 -3.9161811583e-02
-2.4730427664e-01 -3.9169149446e-02
-2.4735563442e-01 -3.9177283719e-02
-2.4741256628e-01 -3.9186300839e-02
-2.4747567720e-01 -3.9196296627e-02
-2.4754563782e-01 -3.9207377301e-02
-2.4762319157e-01 -3.9219660608e-02
-2.4770916256e-01 -3.9233277075e-02
-2.4780446435e-01 -3.9248371397e-02
-2.4791010966e-01 -3.9265103970e-02
-2.4802722112e-01 -3.9283652602e-02
-2.4815704318e-01 -3.9304214397e-02
-2.4830095540e-01 -3.9327007852e-02
-2.4846048702e-01 -3.9352275180e-02
-2.4863733331e-01 -3.9380284880e-02
-2.4883337348e-01 -3.9411334593e-02
-2.4905069075e-01 -3.9445754267e-02
-2.4929159439e-01 -3.9483909655e-02
-2.4955864435e-01 -3.9526206214e-02
-2.4985467839e-01 -3.9573093400e-02
-2.5018284229e-01 -3.9625069455e-02
-2.5054662323e-01 -3.9682686696e-02
-2.5094988689e-01 -3.9746557385e-02
-2.5139691850e-01 -3.9817360236e-02
-2.5189246838e-01 -3.9895847626e-02
-2.5244180243e-01 -3.9982853592e-02
-2.5305075807e-01 -4.0079302691e-02
-2.5372580630e-01 -4.0186219827e-02
-2.5447412044e-01 -4.0304741142e-02
-2.5530365233e-01 -4.0436126088e-02
-2.5622321691e-01 -4.0581770809e-02
-2.5724258581e-01 -4.0743222981e-02
-2.5837259121e-01 -4.0922198254e-02
-2.5962524099e-01 -4.1120598488e-02
-2.6101384625e-01 -4.1340531955e-02
-2.6255316284e-01 -4.1584335752e-02
-2.6425954812e-01 -4.1854600629e-02
-2.6615113475e-01 -4.2154198520e-02
-2.6824802346e-01 -4.2486313064e-02
-2.7057249656e-01 -4.2854473434e-02
-2.7314925476e-01 -4.3262591840e-02
-2.7600567966e-01 -4.3715005100e-02
-2.7917212470e-01 -4.4216520725e-02
-2.8268223770e-01 -4.4772468008e-02
-2.8657331842e-01 -4.5388754651e-02
-2.9088671495e-01 -4.6071929545e-02
-2.9566826303e-01 -4.6829252362e-02
-3.0096877319e-01 -4.7668770697e-02
-3.0684457061e-01 -4.8599405582e-02
-3.1335809371e-01 -4.9631046293e-02
-3.2057855760e-01 -5.0774655426e-02
-3.2858268964e-01 -5.2042385399e-02
-3.3745554470e-01 -5.3447707582e-02
-3.4729140906e-01 -5.5005555454e-02
-3.5819480227e-01 -5.6732483284e-02
-3.7028158784e-01 -5.8646842053e-02
-3.8368020447e-01 -6.0768974448e-02
-3.9853303084e-01 -6.3121431041e-02
-4.1499789862e-01 -6.5729209909e-02
-4.3324976964e-01 -6.8620022285e-02
-4.5348259506e-01 -7.1824587015e-02
-4.7591137643e-01 -7.5376957000e-02
-5.0077445034e-01 -7.9314881045e-02
-5.2833602106e-01 -8.3680204999e-02
-5.5888896813e-01 -8.8519316421e-02
-5.9275795853e-01 -9.3883637509e-02
-6.3030289677e-01 -9.9830171540e-02
-6.7192274936e-01 -1.0642210860e-01
-7.1805978434e-01 -1.1372949706e-01
-7.6920427105e-01 -1.2182998797e-01
-8.2589968984e-01 -1.3080966014e-01
-8.8874850736e-01 -1.4076393493e-01
-9.5841857856e-01 -1.5179859016e-01
-1.0356502436e+00 -1.6403088420e-01
-1.1212641948e+00 -1.7759080195e-01
-1.2161701980e+00 -1.9262243615e-01
-1.3213767598e+00 -2.0928551856e-01
-1.4380018442e+00 -2.2775711728e-01
-1.5672847528e+00 -2.4823351840e-01
-1.7105992940e+00 -2.7093231180e-01
-1.8694683815e+00 -2.9609470331e-01
-2.0455802174e+00 -3.2398807787e-01
-2.2408062316e+00 -3.5490884087e-01
-2.4572209686e+00 -3.8918556786e-01
-2.6971241318e+00 -4.2718249611e-01
-2.9630650218e+00 -4.6930339512e-01

-2.4453690018e-01 -5.1977922704e-02
-2.4454668166e-01 -5.1980001821e-02
-2.4455752476e-01 -5.1982306594e-02
-2.4456954471e-01 -5.1984861513e-02
-2.4458286924e-01 -5.1987693729e-02
-2.4459763994e-01 -5.1990833337e-02
-2.4461401376e-01 -5.1994313701e-02
-2.4463216471e-01 -5.1998171804e-02
-2.4465228565e-01 -5.2002448643e-02
-2.4467459041e-01 -5.2007189666e-02
-2.4469931600e-01 -5.2012445252e-02
-2.4472672517e-01 -5.2018271250e-02
-2.4475710917e-01 -5.2024729569e-02
-2.4479079088e-01 -5.2031888838e-02
-2.4482812821e-01 -5.2039825132e-02
-2.4486951792e-01 -5.2048622787e-02
-2.4491539984e-01 -5.2058375289e-02
-2.4496626151e-01 -5.2069186273e-02
-2.4502264343e-01 -5.2081170619e-02
-2.4508514472e-01 -5.2094455678e-02
-2.4515442954e-01 -5.2109182622e-02
-2.4523123415e-01 -5.2125507945e-02
-2.4531637469e-01 -5.2143605125e-02
-2.4541075590e-01 -5.2163666471e-02
-2.4551538071e-01 -5.2185905161e-02
-2.4563136091e-01 -5.2210557513e-02
-2.4575992893e-01 -5.2237885490e-02
-2.4590245100e-01 -5.2268179492e-02
-2.4606044161e-01 -5.2301761431e-02
-2.4623557962e-01 -5.2338988164e-02
-2.4642972611e-01 -5.2380255276e-02
-2.4664494416e-01 -5.2426001284e-02
-2.4688352076e-01 -5.2476712305e-02
-2.4714799110e-01 -5.2532927212e-02
-2.4744116556e-01 -5.2595243366e-02
-2.4776615950e-01 -5.2664322961e-02
-2.4812642644e-01 -5.2740900064e-02
-2.4852579471e-01 -5.2825788409e-02
-2.4896850814e-01 -5.2919890054e-02
-2.4945927117e-01 -5.3024204957e-02
-2.5000329883e-01 -5.3139841606e-02
-2.5060637217e-01 -5.3268028801e-02
-2.5127489966e-01 -5.3410128706e-02
-2.5201598533e-01 -5.3567651328e-02
-2.5283750423e-01 -5.3742270560e-02
-2.5374818612e-01 -5.3935841971e-02
-2.5475770825e-01 -5.4150422524e-02
-2.5587679818e-01 -5.4388292432e-02
-2.5711734777e-01 -5.4651979388e-02
-2.5849253957e-01 -5.4944285429e-02
-2.6001698688e-01 -5.5268316707e-02
-2.6170688904e-01 -5.5627516500e-02
-2.6358020358e-01 -5.6025701798e-02
-2.6565683704e-01 -5.6467103866e-02
-2.6795885651e-01 -5.6956413208e-02
-2.7051072409e-01 -5.7498829407e-02
-2.7333955688e-01 -5.8100116379e-02
-2.7647541511e-01 -5.8766663623e-02
-2.7995162159e-01 -5.9505554119e-02
-2.8380511577e-01 -6.0324639593e-02
-2.8807684633e-01 -6.1232623952e-02
-2.9281220625e-01 -6.2239155776e-02
-2.9806151525e-01 -6.3354930847e-02
-3.0388055442e-01 -6.4591805807e-02
-3.1033115906e-01 -6.5962924149e-02
-3.1748187569e-01 -6.7482855888e-02
-3.2540869048e-01 -6.9167752386e-02
-3.3419583672e-01 -7.1035517978e-02
-3.4393668991e-01 -7.3106000240e-02
-3.5473475998e-01 -7.5401200886e-02
-3.6670479123e-01 -7.7945509573e-02
-3.7997398170e-01 -8.0765963073e-02
-3.9468333472e-01 -8.3892532576e-02
-4.1098915737e-01 -8.7358442175e-02
-4.2906472140e-01 -9.1200521915e-02
-4.4910210448e-01 -9.5459599167e-02
-4.7131423131e-01 -1.0018093247e-01
-4.9593713621e-01 -1.0541469248e-01
-5.2323247136e-01 -1.1121649507e-01
-5.5349028715e-01 -1.1764799235e-01
-5.8703211440e-01 -1.2477752783e-01
-6.2421438107e-01 -1.3268086258e-01
-6.6543219976e-01 -1.4144198041e-01
-7.1112356638e-01 -1.5115398019e-01
-7.6177401441e-01 -1.6192006527e-01
-8.1792177437e-01 -1.7385464008e-01
-8.8016349328e-01 -1.8708452584e-01
-9.4916057483e-01 -2.0175030826e-01
-1.0256462077e+00 -2.1800783140e-01
-1.1104331568e+00 -2.3602985376e-01
-1.2044223997e+00 -2.5600788407e-01
-1.3086127011e+00 -2.7815421631e-01
-1.4241112261e+00 -3.0270418566e-01
-1.5521453050e+00 -3.2991866924e-01
-1.6940754755e+00 -3.6008685829e-01
-1.8514099406e+00 -3.9352933122e-01
-2.0258205949e+00 -4.3060146022e-01
-2.2191607910e+00 -4.7169718753e-01
-2.4334850338e+00 -5.1725321166e-01
-2.6710708125e+00 -5.6775362789e-01
-2.9344428022e+00 -6.2373507245e-01

-2.4148145657e-01 -6.4704761276e-02
-2.4149111583e-01 -6.4707349466e-02
-2.4150182345e-01 -6.4710218564e-02
-2.4151369321e-01 -6.4713399058e-02
-2.4152685125e-01 -6.4716924744e-02
-2.4154143739e-01 -6.4720833088e-02
-2.4155760663e-01 -6.4725165622e-02
-2.4157553078e-01 -6.4729968384e-02
-2.4159540032e-01 -6.4735292411e-02
-2.4161742639e-01 -6.4741194277e-02
-2.4164184303e-01 -6.4747736699e-02
-2.4166890973e-01 -6.4754989197e-02
-2.4169891409e-01 -6.4763028841e-02
-2.4173217495e-01 -6.4771941062e-02
-2.4176904576e-01 -6.4781820565e-02
-2.4180991831e-01 -6.4792772333e-02
-2.4185522694e-01 -6.4804912744e-02
-2.4190545311e-01 -6.4818370806e-02
-2.4196113055e-01 -6.4833289530e-02
-2.4202285089e-01 -6.4849827447e-02
-2.4209127002e-01 -6.4868160295e-02
-2.4216711496e-01 -6.4888482887e-02
-2.4225119169e-01 -6.4911011178e-02
-2.4234439362e-01 -6.4935984561e-02
-2.4244771117e-01 -6.4963668414e-02
-2.4256224221e-01 -6.4994356915e-02
-2.4268920380e-01 -6.5028376171e-02
-2.4282994509e-01 -6.5066087684e-02
-2.4298596163e-01 -6.5107892190e-02
-2.4315891132e-01 -6.5154233921e-02
-2.4335063199e-01 -6.5205605319e-02
-2.4356316093e-01 -6.5262552277e-02
-2.4379875655e-01 -6.5325679934e-02
-2.4405992239e-01 -6.5395659109e-02
-2.4434943368e-01 -6.5473233426e-02
-2.4467036689e-01 -6.5559227219e-02
-2.4502613236e-01 -6.5654554290e-02
-2.4542051059e-01 -6.5760227619e-02
-2.4585769240e-01 -6.5877370132e-02
-2.4634232344e-01 -6.6007226627e-02
-2.4687955358e-01 -6.6151177009e-02
-2.4747509162e-01 -6.6310750947e-02
-2.4813526599e-01 -6.6487644135e-02
-2.4886709192e-01 -6.6683736304e-02
-2.4967834609e-01 -6.6901111203e-02
-2.5057764918e-01 -6.7142078740e-02
-2.5157455752e-01 -6.7409199524e-02
-2.5267966463e-01 -6.7705312081e-02
-2.5390471378e-01 -6.8033563012e-02
-2.5526272281e-01 -6.8397440436e-02
-2.5676812243e-01 -6.8800811048e-02
-2.5843690958e-01 -6.9247961215e-02
-2.6028681740e-01 -6.9743642522e-02
-2.6233750371e-01 -7.0293122262e-02
-2.6461075986e-01 -7.0902239413e-02
-2.6713074232e-01 -7.1577466678e-02
-2.6992422937e-01 -7.2325979277e-02
-2.7302090563e-01 -7.3155731181e-02
-2.7645367755e-01 -7.4075539643e-02
-2.8025902303e-01 -7.5095178892e-02
-2.8447737909e-01 -7.6225483993e-02
-2.8915357157e-01 -7.7478465990e-02
-2.9433729141e-01 -7.8867439536e-02
-3.0008362276e-01 -8.0407164381e-02
-3.0645362828e-01 -8.2114002216e-02
-3.1351499802e-01 -8.4006090534e-02
-3.2134276872e-01 -8.6103535371e-02
-3.3002012118e-01 -8.8428624957e-02
-3.3963926420e-01 -9.1006066561e-02
-3.5030241437e-01 -9.3863249036e-02
-3.6212288228e-01 -9.7030533869e-02
-3.7522627665e-01 -1.0054157781e-01
-3.8975183901e-01 -1.0443369051e-01
-4.0585392341e-01 -1.0874823102e-01
-4.2370363659e-01 -1.1353104725e-01
-4.4349065625e-01 -1.1883296319e-01
-4.6542524663e-01 -1.2471031897e-01
-4.8974049287e-01 -1.3122556957e-01
-5.1669477782e-01 -1.3844794845e-01
-5.4657452777e-01 -1.4645420332e-01
-5.7969725605e-01 -1.5532941161e-01
-6.1641493713e-01 -1.6516788461e-01
-6.5711774676e-01 -1.7607416958e-01
-7.0223820815e-01 -1.8816416077e-01
-7.5225578815e-01 -2.0156633094e-01
-8.0770199217e-01 -2.1642309653e-01
-8.6916601225e-01 -2.3289233107e-01
-9.3730098795e-01 -2.5114904279e-01
-1.0128309469e+00 -2.7138723429e-01
-1.0965584986e+00 -2.9382196415e-01
-1.1893733632e+00 -3.1869163217e-01
-1.2922618260e+00 -3.4626051269e-01
-1.4063172182e+00 -3.7682156291e-01
-1.5327515347e+00 -4.1069953593e-01
-1.6729083139e+00 -4.4825443172e-01
-1.8282769138e+00 -4.8988532259e-01
-2.0005083390e+00 -5.3603459390e-01
-2.1914327849e+00 -5.8719264498e-01
-2.4030790857e+00 -6.4390310035e-01
-2.6376962738e+00 -7.0676858644e-01
-2.8977774789e+00 -7.7645713531e-01

-2.3776412907e-01 -7.7254248594e-02
-2.3777363964e-01 -7.7257338764e-02
-2.3778418243e-01 -7.7260764323e-02
-2.3779586947e-01 -7.7264561673e-02
-2.3780882496e-01 -7.7268771166e-02
-2.3782318656e-01 -7.7273437534e-02
-2.3783910689e-01 -7.7278610362e-02
-2.3785675512e-01 -7.7284344620e-02
-2.3787631879e-01 -7.7290701242e-02
-2.3789800579e-01 -7.7297747775e-02
-2.3792204657e-01 -7.7305559099e-02
-2.3794869661e-01 -7.7314218220e-02
-2.3797823908e-01 -7.7323817153e-02
-2.3801098793e-01 -7.7334457899e-02
-2.3804729116e-01 -7.7346253531e-02
-2.3808753452e-01 -7.7359329395e-02
-2.3813214568e-01 -7.7373824438e-02
-2.3818159868e-01 -7.7389892691e-02
-2.3823641902e-01 -7.7407704900e-02
-2.3829718926e-01 -7.7427450346e-02
-2.3836455515e-01 -7.7449338851e-02
-2.3843923255e-01 -7.7473603009e-02
-2.3852201501e-01 -7.7500500661e-02
-2.3861378221e-01 -7.7530317632e-02
-2.3871550930e-01 -7.7563370767e-02
-2.3882827727e-01 -7.7600011302e-02
-2.3895328443e-01 -7.7640628592e-02
-2.3909185917e-01 -7.7685654253e-02
-2.3924547402e-01 -7.7735566742e-02
-2.3941576135e-01 -7.7790896450e-02
-2.3960453070e-01 -7.7852231330e-02
-2.3981378800e-01 -7.7920223150e-02
-2.4004575691e-01 -7.7995594416e-02
-2.4030290240e-01 -7.8079146050e-02
-2.4058795700e-01 -7.8171765905e-02
-2.4090394981e-01 -7.8274438192e-02
-2.4125423868e-01 -7.8388253946e-02
-2.4164254592e-01 -7.8514422616e-02
-2.4207299782e-01 -7.8654284917e-02
-2.4255016852e-01 -7.8809327077e-02
-2.4307912862e-01 -7.8981196633e-02
-2.4366549905e-01 -7.9171719934e-02
-2.4431551079e-01 -7.9382921552e-02
-2.4503607112e-01 -7.9617045794e-02
-2.4583483697e-01 -7.9876580551e-02
-2.4672029633e-01 -8.0164283737e-02
-2.4770185842e-01 -8.0483212593e-02
-2.4878995368e-01 -8.0836756175e-02
-2.4999614462e-01 -8.1228671369e-02
-2.5133324867e-01 -8.1663122813e-02
-2.5281547441e-01 -8.2144727148e-02
-2.5445857251e-01 -8.2678602082e-02
-2.5628000314e-01 -8.3270420770e-02
-2.5829912150e-01 -8.3926472096e-02
-2.6053738351e-01 -8.4653727507e-02
-2.6301857376e-01 -8.5459915089e-02
-2.6576905831e-01 -8.6353601693e-02
-2.6881806482e-01 -8.7344283964e-02
-2.7219799319e-01 -8.8442489262e-02
-2.7594475978e-01 -8.9659887525e-02
-2.8009817914e-01 -9.1009415281e-02
-2.8470238704e-01 -9.2505413114e-02
-2.8980630952e-01 -9.4163778055e-02
-2.9546418275e-01 -9.6002132507e-02
-3.0173612941e-01 -9.8040011510e-02
-3.0868879753e-01 -1.0029907032e-01
-3.1639606876e-01 -1.0280331455e-01
-3.2493984343e-01 -1.0557935522e-01
-3.3441091088e-01 -1.0865669158e-01
-3.4490991419e-01 -1.1206802455e-01
-3.5654841968e-01 -1.1584960422e-01
-3.6945010246e-01 -1.2004161507e-01
-3.8375206061e-01 -1.2468860296e-01
-3.9960627205e-01 -1.2983994853e-01
-4.1718120956e-01 -1.3555039188e-01
-4.3666363096e-01 -1.4188061433e-01
-4.5826056371e-01 -1.4889788316e-01
-4.8220150488e-01 -1.5667676649e-01
-5.0874085982e-01 -1.6529992563e-01
-5.3816064560e-01 -1.7485899349e-01
-5.7077348782e-01 -1.8545554828e-01
-6.0692594270e-01 -1.9720219294e-01
-6.4700217969e-01 -2.1022375169e-01
-6.9142806381e-01 -2.2465859646e-01
-7.4067568106e-01 -2.4066011730e-01
-7.9526835495e-01 -2.5839835231e-01
-8.5578620759e-01 -2.7806179461e-01
-9.2287232421e-01 -2.9985939524e-01
-9.9723958688e-01 -3.2402278364e-01
-1.0796782498e+00 -3.5080872897e-01
-1.1710643370e+00 -3.8050186865e-01
-1.2723689510e+00 -4.1341773307e-01
-1.3846685925e+00 -4.4990609844e-01
-1.5091565991e+00 -4.9035470374e-01
-1.6471558269e+00 -5.3519337092e-01
-1.8001327070e+00 -5.8489857235e-01
-1.9697128288e+00 -6.3999849401e-01
-2.1576982139e+00 -7.0107864821e-01
-2.3660864648e+00 -7.6878809541e-01
-2.5970919929e+00 -8.4384634142e-01
-2.8531695489e+00 -9.2705098312e-01

-2.3339510662e-01 -8.9591987386e-02
-2.3340444243e-01 -8.9595571066e-02
-2.3341479149e-01 -8.9599543698e-02
-2.3342626378e-01 -8.9603947496e-02
-2.3343898120e-01 -8.9608829258e-02
-2.3345307890e-01 -8.9614240859e-02
-2.3346870669e-01 -8.9620239804e-02
-2.3348603062e-01 -8.9626889840e-02
-2.3350523480e-01 -8.9634261634e-02
-2.3352652329e-01 -8.9642433520e-02
-2.3355012232e-01 -8.9651492336e-02
-2.3357628265e-01 -8.9661534345e-02
-2.3360528227e-01 -8.9672666256e-02
-2.3363742934e-01 -8.9685006362e-02
-2.3367306548e-01 -8.9698685793e-02
-2.3371256935e-01 -8.9713849911e-02
-2.3375636076e-01 -8.9730659857e-02
-2.3380490504e-01 -8.9749294259e-02
-2.3385871803e-01 -8.9769951132e-02
-2.3391837159e-01 -8.9792849986e-02
-2.3398449960e-01 -8.9818234151e-02
-2.3405780477e-01 -8.9846373370e-02
-2.3413906606e-01 -8.9877566659e-02
-2.3422914700e-01 -8.9912145491e-02
-2.3432900481e-01 -8.9950477312e-02
-2.3443970062e-01 -8.9992969452e-02
-2.3456241072e-01 -9.0040073447e-02
-2.3469843908e-01 -9.0092289843e-02
-2.3484923119e-01 -9.0150173509e-02
-2.3501638941e-01 -9.0214339540e-02
-2.3520169004e-01 -9.0285469787e-02
-2.3540710215e-01 -9.0364320108e-02
-2.3563480852e-01 -9.0451728394e-02
-2.3588722885e-01 -9.0548623479e-02
-2.3616704544e-01 -9.0656035006e-02
-2.3647723174e-01 -9.0775104371e-02
-2.3682108390e-01 -9.0907096848e-02
-2.3720225582e-01 -9.1053415038e-02
-2.3762479797e-01 -9.1215613774e-02
-2.3809320045e-01 -9.1395416640e-02
-2.3861244067e-01 -9.1594734287e-02
-2.3918803628e-01 -9.1815684740e-02
-2.3982610377e-01 -9.2060615899e-02
-2.4053342347e-01 -9.2332130496e-02
-2.4131751164e-01 -9.2633113745e-02
-2.4218670029e-01 -9.2966764005e-02
-2.4315022574e-01 -9.3336626771e-02
-2.4421832676e-01 -9.3746632339e-02
-2.4540235340e-01 -9.4201137584e-02
-2.4671488757e-01 -9.4704972246e-02
-2.4816987674e-01 -9.5263490260e-02
-2.4978278217e-01 -9.5882626648e-02
-2.5157074320e-01 -9.6568960582e-02
-2.5355275936e-01 -9.7329785303e-02
-2.5574989230e-01 -9.8173185618e-02
-2.5818548957e-01 -9.9108123813e-02
-2.6088543273e-01 -1.0014453489e-01
-2.6387841238e-01 -1.0129343214e-01
-2.6719623305e-01 -1.0256702417e-01
-2.7087415113e-01 -1.0397884464e-01
-2.7495124954e-01 -1.0554389609e-01
-2.7947085306e-01 -1.0727880933e-01
-2.8448098868e-01 -1.0920202020e-01
-2.9003489595e-01 -1.1133396546e-01
-2.9619159278e-01 -1.1369729995e-01
-3.0301650251e-01 -1.1631713733e-01
-3.1058214917e-01 -1.1922131699e-01
-3.1896892815e-01 -1.2244069981e-01
-3.2826596049e-01 -1.2600949616e-01
-3.3857203991e-01 -1.2996562939e-01
-3.4999668265e-01 -1.3435113885e-01
-3.6266129122e-01 -1.3921262660e-01
-3.7670044448e-01 -1.4460175262e-01
-3.9226332768e-01 -1.5057578376e-01
-4.0951531783e-01 -1.5719820231e-01
-4.2863974100e-01 -1.6453938056e-01
-4.4983982044e-01 -1.7267732859e-01
-4.7334083608e-01 -1.8169852328e-01
-4.9939251848e-01 -1.9169882721e-01
-5.2827170250e-01 -2.0278450732e-01
-5.6028526914e-01 -2.1507336418e-01
-5.9577340645e-01 -2.2869598377e-01
-6.3511322462e-01 -2.4379712511e-01
-6.7872276321e-01 -2.6053725855e-01
-7.2706543341e-01 -2.7909427100e-01
-7.8065494245e-01 -2.9966535618e-01
-8.4006075241e-01 -3.2246911010e-01
-9.0591413157e-01 -3.4774785394e-01
-9.7891486245e-01 -3.7577020906e-01
-1.0598386780e+00 -4.0683395143e-01
-1.1495455049e+00 -4.4126917597e-01
-1.2489886012e+00 -4.7944180418e-01
-1.3592246864e+00 -5.2175747264e-01
-1.4814251701e+00 -5.6866584340e-01
-1.6168886002e+00 -6.2066538229e-01
-1.7670544616e+00 -6.7830865577e-01
-1.9335184727e+00 -7.4220820274e-01
-2.1180495420e+00 -8.1304304359e-01
-2.3226085654e+00 -8.9156589573e-01
-2.5493692634e+00 -9.7861117224e-01
-2.8007412795e+00 -1.0751038486e+00

-2.2838636441e-01 -1.0168416077e-01
-2.2839549987e-01 -1.0168822814e-01
-2.2840562683e-01 -1.0169273695e-01
-2.2841685292e-01 -1.0169773513e-01
-2.2842929742e-01 -1.0170327578e-01
-2.2844309258e-01 -1.0170941778e-01
-2.2845838499e-01 -1.0171622640e-01
-2.2847533715e-01 -1.0172377398e-01
-2.2849412920e-01 -1.0173214074e-01
-2.2851496083e-01 -1.0174141558e-01
-2.2853805341e-01 -1.0175169706e-01
-2.2856365233e-01 -1.0176309444e-01
-2.2859202961e-01 -1.0177572881e-01
-2.2862348679e-01 -1.0178973446e-01
-2.2865835817e-01 -1.0180526019e-01
-2.2869701428e-01 -1.0182247100e-01
-2.2873986590e-01 -1.0184154977e-01
-2.2878736840e-01 -1.0186269925e-01
-2.2884002655e-01 -1.0188614417e-01
-2.2889839992e-01 -1.0191213367e-01
-2.2896310880e-01 -1.0194094392e-01
-2.2903484082e-01 -1.0197288107e-01
-2.2911435822e-01 -1.0200828449e-01
-2.2920250598e-01 -1.0204753041e-01
-2.2930022081e-01 -1.0209103585e-01
-2.2940854105e-01 -1.0213926313e-01
-2.2952861775e-01 -1.0219272472e-01
-2.2966172689e-01 -1.0225198873e-01
-2.2980928294e-01 -1.0231768492e-01
-2.2997285389e-01 -1.0239051140e-01
-2.3015417791e-01 -1.0247124205e-01
-2.3035518180e-01 -1.0256073474e-01
-2.3057800151e-01 -1.0265994047e-01
-2.3082500480e-01 -1.0276991342e-01
-2.3109881643e-01 -1.0289182222e-01
-2.3140234602e-01 -1.0302696230e-01
-2.3173881899e-01 -1.0317676972e-01
-2.3211181083e-01 -1.0334283638e-01
-2.3252528507e-01 -1.0352692697e-01
-2.3298363547e-01 -1.0373099772e-01
-2.3349173261e-01 -1.0395721714e-01
-2.3405497573e-01 -1.0420798914e-01
-2.3467935006e-01 -1.0448597850e-01
-2.3537149044e-01 -1.0479413925e-01
-2.3613875179e-01 -1.0513574601e-01
-2.3698928734e-01 -1.0551442884e-01
-2.3793213519e-01 -1.0593421174e-01
-2.3897731438e-01 -1.0639955550e-01
-2.4013593139e-01 -1.0691540503e-01
-2.4142029811e-01 -1.0748724193e-01
-2.4284406269e-01 -1.0812114277e-01
-2.4442235460e-01 -1.0882384360e-01
-2.4617194535e-01 -1.0960281159e-01
-2.4811142673e-01 -1.1046632433e-01
-2.5026140841e-01 -1.1142355785e-01
-2.5264473690e-01 -1.1248468406e-01
-2.5528673831e-01 -1.1366097888e-01
-2.5821548756e-01 -1.1496494205e-01
-2.6146210661e-01 -1.1641042998e-01
-2.6506109525e-01 -1.1801280297e-01
-2.6905069768e-01 -1.1978908841e-01
-2.7347330890e-01 -1.2175816179e-01
-2.7837592522e-01 -1.2394094721e-01
-2.8381064366e-01 -1.2636063975e-01
-2.8983521558e-01 -1.2904295199e-01
-2.9651366031e-01 -1.3201638716e-01
-3.0391694550e-01 -1.3531254209e-01
-3.1212374122e-01 -1.3896644295e-01
-3.2122125592e-01 -1.4301691747e-01
-3.3130616320e-01 -1.4750700748e-01
-3.4248562904e-01 -1.5248442635e-01
-3.5487845059e-01 -1.5800206600e-01
-3.6861631861e-01 -1.6411855892e-01
-3.8384521679e-01 -1.7089890123e-01
-4.0072697308e-01 -1.7841514339e-01
-4.1944097931e-01 -1.8674715578e-01
-4.4018609748e-01 -1.9598347747e-01
-4.6318277295e-01 -2.0622225706e-01
-4.8867537695e-01 -2.1757229562e-01
-5.1693480339e-01 -2.3015420291e-01
-5.4826134747e-01 -2.4410167894e-01
-5.8298789671e-01 -2.5956293480e-01
-6.2148346835e-01 -2.7670226755e-01
-6.6415713069e-01 -2.9570180613e-01
-7.1146234995e-01 -3.1676344671e-01
-7.6390180901e-01 -3.4011099813e-01
-8.2203274911e-01 -3.6599256017e-01
-8.8647289127e-01 -3.9468315994e-01
-9.5790700044e-01 -4.2648767445e-01
-1.0370941621e+00 -4.6174407032e-01
-1.1248758484e+00 -5.0082699514e-01
-1.2221848605e+00 -5.4415175863e-01
-1.3300552399e+00 -5.9217874587e-01
-1.4496332577e+00 -6.4541830950e-01
-1.5821895943e+00 -7.0443619298e-01
-1.7291328428e+00 -7.6985954231e-01
-1.8920244768e+00 -8.4238357037e-01
-2.0725954435e+00 -9.2277894451e-01
-2.2727645574e+00 -1.0118999759e+00
-2.4946588899e+00 -1.1106936979e+00
-2.7406363729e+00 -1.2202099292e+00

-2.2275163105e-01 -1.1349762493e-01
-2.2276054111e-01 -1.1350216484e-01
-2.2277041823e-01 -1.1350719748e-01
-2.2278136734e-01 -1.1351277634e-01
-2.2279350482e-01 -1.1351896069e-01
-2.2280695962e-01 -1.1352581625e-01
-2.2282187474e-01 -1.1353341588e-01
-2.2283840866e-01 -1.1354184034e-01
-2.2285673707e-01 -1.1355117913e-01
-2.2287705475e-01 -1.1356153150e-01
-2.2289957759e-01 -1.1357300746e-01
-2.2292454493e-01 -1.1358572896e-01
-2.2295222209e-01 -1.1359983117e-01
-2.2298290316e-01 -1.1361546396e-01
-2.2301691419e-01 -1.1363279345e-01
-2.2305461658e-01 -1.1365200378e-01
-2.2309641098e-01 -1.1367329908e-01
-2.2314274150e-01 -1.1369690566e-01
-2.2319410047e-01 -1.1372307437e-01
-2.2325103365e-01 -1.1375208327e-01
-2.2331414604e-01 -1.1378424064e-01
-2.2338410828e-01 -1.1381988818e-01
-2.2346166384e-01 -1.1385940471e-01
-2.2354763683e-01 -1.1390321014e-01
-2.2364294084e-01 -1.1395176996e-01
-2.2374858861e-01 -1.1400560018e-01
-2.2386570278e-01 -1.1406527284e-01
-2.2399552787e-01 -1.1413142202e-01
-2.2413944343e-01 -1.1420475066e-01
-2.2429897877e-01 -1.1428603798e-01
-2.2447582916e-01 -1.1437614776e-01
-2.2467187390e-01 -1.1447603754e-01
-2.2488919622e-01 -1.1458676879e-01
-2.2513010546e-01 -1.1470951818e-01
-2.2539716163e-01 -1.1484559010e-01
-2.2569320256e-01 -1.1499643048e-01
-2.2602137409e-01 -1.1516364223e-01
-2.2638516349e-01 -1.1534900219e-01
-2.2678843653e-01 -1.1555448006e-01
-2.2723547854e-01 -1.1578225934e-01
-2.2773103994e-01 -1.1603476049e-01
-2.2828038676e-01 -1.1631466668e-01
-2.2888935657e-01 -1.1662495229e-01
-2.2956442050e-01 -1.1696891454e-01
-2.3031275204e-01 -1.1735020851e-01
-2.3114230323e-01 -1.1777288595e-01
-2.3206188919e-01 -1.1824143840e-01
-2.3308128180e-01 -1.1876084488e-01
-2.3421131348e-01 -1.1933662478e-01
-2.3546399239e-01 -1.1997489656e-01
-2.3685262995e-01 -1.2068244274e-01
-2.3839198234e-01 -1.2146678196e-01
-2.4009840730e-01 -1.2233624890e-01
-2.4199003793e-01 -1.2330008285e-01
-2.4408697540e-01 -1.2436852586e-01
-2.4641150256e-01 -1.2555293160e-01
-2.4898832069e-01 -1.2686588602e-01
-2.5184481203e-01 -1.2832134105e-01
-2.5501133071e-01 -1.2993476291e-01
-2.5852152534e-01 -1.3172329640e-01
-2.6241269656e-01 -1.3370594717e-01
-2.6672619341e-01 -1.3590378359e-01
-2.7150785270e-01 -1.3834016069e-01
-2.7680848612e-01 -1.4104096832e-01
-2.8268442020e-01 -1.4403490627e-01
-2.8919809478e-01 -1.4735378924e-01
-2.9641872661e-01 -1.5103288491e-01
-3.0442304480e-01 -1.5511128874e-01
-3.1329610622e-01 -1.5963233935e-01
-3.2313219933e-01 -1.6464407911e-01
-3.3403584612e-01 -1.7019976464e-01
-3.4612291280e-01 -1.7635843272e-01
-3.5952184104e-01 -1.8318552766e-01
-3.7437501285e-01 -1.9075359670e-01
-3.9084026356e-01 -1.9914306097e-01
-4.0909255905e-01 -2.0844307004e-01
-4.2932585504e-01 -2.1875244927e-01
-4.5175515804e-01 -2.3018074996e-01
-4.7661881019e-01 -2.4284941350e-01
-5.0418102192e-01 -2.5689306182e-01
-5.3473467956e-01 -2.7246092796e-01
-5.6860445766e-01 -2.8971844187e-01
-6.0615026909e-01 -3.0884898832e-01
-6.4777108963e-01 -3.3005585561e-01
-6.9390919764e-01 -3.5356439583e-01
-7.4505487382e-01 -3.7962441948e-01
-8.0175161119e-01 -4.0851285007e-01
-8.6460189039e-01 -4.4053666684e-01
-9.3427358192e-01 -4.7603616678e-01
-1.0115070431e+00 -5.1538858081e-01
-1.0971229855e+00 -5.5901208233e-01
-1.1920311960e+00 -6.0737023094e-01
-1.2972402045e+00 -6.6097689831e-01
-1.4138680013e+00 -7.2040172889e-01
-1.5431539167e+00 -7.8627619304e-01
-1.6864717910e+00 -8.5930029736e-01
-1.8453445733e+00 -9.4025002319e-01
-2.0214605051e+00 -1.0299855725e+00
-2.2166910597e+00 -1.1294605086e+00
-2.4331108298e+00 -1.2397318892e+00
-2.6730195726e+00 -1.3619714992e+00

-2.1650635095e-01 -1.2500000000e-01
-2.1651501120e-01 -1.2500500000e-01
-2.1652461139e-01 -1.2501054267e-01
-2.1653525353e-01 -1.2501668691e-01
-2.1654705070e-01 -1.2502349802e-01
-2.1656012828e-01 -1.2503104836e-01
-2.1657462522e-01 -1.2503941817e-01
-2.1659069557e-01 -1.2504869639e-01
-2.1660851012e-01 -1.2505898162e-01
-2.1662825815e-01 -1.2507038315e-01
-2.1665014951e-01 -1.2508302214e-01
-2.1667441685e-01 -1.2509703289e-01
-2.1670131802e-01 -1.2511256429e-01
-2.1673113889e-01 -1.2512978138e-01
-2.1676419635e-01 -1.2514886712e-01
-2.1680084168e-01 -1.2517002431e-01
-2.1684146429e-01 -1.2519347778e-01
-2.1688649584e-01 -1.2521947676e-01
-2.1693641487e-01 -1.2524829752e-01
-2.1699175182e-01 -1.2528024632e-01
-2.1705309472e-01 -1.2531566267e-01
-2.1712109544e-01 -1.2535492290e-01
-2.1719647657e-01 -1.2539844421e-01
-2.1728003914e-01 -1.2544668909e-01
-2.1737267112e-01 -1.2550017018e-01
-2.1747535684e-01 -1.2555945581e-01
-2.1758918749e-01 -1.2562517597e-01
-2.1771537267e-01 -1.2569802902e-01
-2.1785525328e-01 -1.2577878912e-01
-2.1801031573e-01 -1.2586831447e-01
-2.1818220778e-01 -1.2596755639e-01
-2.1837275601e-01 -1.2607756947e-01
-2.1858398527e-01 -1.2619952274e-01
-2.1881814015e-01 -1.2633471212e-01
-2.1907770888e-01 -1.2648457419e-01
-2.1936544972e-01 -1.2665070145e-01
-2.1968442031e-01 -1.2683485920e-01
-2.2003801016e-01 -1.2703900440e-01
-2.2042997665e-01 -1.2726530636e-01
-2.2086448495e-01 -1.2751616984e-01
-2.2134615232e-01 -1.2779426062e-01
-2.2188009712e-01 -1.2810253380e-01
-2.2247199326e-01 -1.2844426520e-01
-2.2312813045e-01 -1.2882308618e-01
-2.2385548104e-01 -1.2924302224e-01
-2.2466177413e-01 -1.2970853577e-01
-2.2555557769e-01 -1.3022457350e-01
-2.2654638962e-01 -1.3079661903e-01
-2.2764473864e-01 -1.3143075114e-01
-2.2886229623e-01 -1.3213370834e-01
-2.3021200061e-01 -1.3291296052e-01
-2.3170819423e-01 -1.3377678831e-01
-2.3336677621e-01 -1.3473437106e-01
-2.3520537125e-01 -1.3579588441e-01
-2.3724351696e-01 -1.3697260838e-01
-2.3950287143e-01 -1.3827704729e-01
-2.4200744339e-01 -1.3972306259e-01
-2.4478384738e-01 -1.4132602018e-01
-2.4786158648e-01 -1.4310295368e-01
-2.5127336590e-01 -1.4507274544e-01
-2.5505544048e-01 -1.4725632722e-01
-2.5924799996e-01 -1.4967690256e-01
-2.6389559602e-01 -1.5236019340e-01
-2.6904761577e-01 -1.5533471339e-01
-2.7475880647e-01 -1.5863207088e-01
-2.8108985738e-01 -1.6228730482e-01
-2.8810804459e-01 -1.6633925710e-01
-2.9588794598e-01 -1.7083098526e-01
-3.0451223367e-01 -1.7581022008e-01
-3.1407255256e-01 -1.8132987277e-01
-3.2467049417e-01 -1.8744859721e-01
-3.3641867616e-01 -1.9423141324e-01
-3.4944193909e-01 -2.0175039760e-01
-3.6387867301e-01 -2.1008544982e-01
-3.7988228803e-01 -2.1932514126e-01
-3.9762284453e-01 -2.2956765632e-01
-4.1728886026e-01 -2.4092183580e-01
-4.3908931364e-01 -2.5350833343e-01
-4.6325586440e-01 -2.6746089801e-01
-4.9004531531e-01 -2.8292779471e-01
-5.1974234106e-01 -3.0007338052e-01
-5.5266251331e-01 -3.1907985083e-01
-5.8915565407e-01 -3.4014917547e-01
-6.2960955305e-01 -3.6350524494e-01
-6.7445408845e-01 -3.8939624952e-01
-7.2416579500e-01 -4.1809731668e-01
-7.7927292782e-01 -4.4991343465e-01
-8.4036107583e-01 -4.8518269335e-01
-9.0807938445e-01 -5.2427987706e-01
-9.8314745365e-01 -5.6762044702e-01
-1.0663629847e+00 -6.1566495626e-01
-1.1586102568e+00 -6.6892394365e-01
-1.2608695239e+00 -7.2796335903e-01
-1.3742274310e+00 -7.9341057720e-01
-1.4998885614e+00 -8.6596106470e-01
-1.6391882372e+00 -9.4638577003e-01
-1.7936067086e+00 -1.0355393161e+00
-1.9647848838e+00 -1.1343690816e+00
-2.1545417659e+00 -1.2439252685e+00
-2.3648937821e+00 -1.3653720617e+00
-2.5980762114e+00 -1.5000000000e+00

-2.0966764199e-01 -1.3615975875e-01
-2.0967602869e-01 -1.3616520514e-01
-2.0968532564e-01 -1.3617124265e-01
-2.0969563163e-01 -1.3617793544e-01
-2.0970705618e-01 -1.3618535463e-01
-2.0971972067e-01 -1.3619357905e-01
-2.0973375970e-01 -1.3620269610e-01
-2.0974932245e-01 -1.3621280267e-01
-2.0976657429e-01 -1.3622400614e-01
-2.0978569855e-01 -1.3623642558e-01
-2.0980689844e-01 -1.3625019295e-01
-2.0983039925e-01 -1.3626545456e-01
-2.0985645071e-01 -1.3628237257e-01
-2.0988532964e-01 -1.3630112677e-01
-2.0991734292e-01 -1.3632191644e-01
-2.0995283075e-01 -1.3634496250e-01
-2.0999217023e-01 -1.3637050986e-01
-2.1003577938e-01 -1.3639882997e-01
-2.1008412163e-01 -1.3643022380e-01
-2.1013771067e-01 -1.3646502493e-01
-2.1019711596e-01 -1.3650360317e-01
-2.1026296877e-01 -1.3654636848e-01
-2.1033596886e-01 -1.3659377530e-01
-2.1041689197e-01 -1.3664632738e-01
-2.1050659801e-01 -1.3670458317e-01
-2.1060604024e-01 -1.3676916170e-01
-2.1071627536e-01 -1.3684074923e-01
-2.1083847477e-01 -1.3692010646e-01
-2.1097393702e-01 -1.3700807667e-01
-2.1112410157e-01 -1.3710559467e-01
-2.1129056412e-01 -1.3721369671e-01
-2.1147509358e-01 -1.3733353154e-01
-2.1167965082e-01 -1.3746637257e-01
-2.1190640953e-01 -1.3761363140e-01
-2.1215777935e-01 -1.3777687287e-01
-2.1243643142e-01 -1.3795783164e-01
-2.1274532681e-01 -1.3815843065e-01
-2.1308774794e-01 -1.3838080153e-01
-2.1346733352e-01 -1.3862730729e-01
-2.1388811717e-01 -1.3890056738e-01
-2.1435457028e-01 -1.3920348557e-01
-2.1487164956e-01 -1.3953928078e-01
-2.1544484968e-01 -1.3991152130e-01
-2.1608026170e-01 -1.4032416269e-01
-2.1678463773e-01 -1.4078158983e-01
-2.1756546272e-01 -1.4128866351e-01
-2.1843103403e-01 -1.4185077209e-01
-2.1939054954e-01 -1.4247388874e-01
-2.2045420540e-01 -1.4316463494e-01
-2.2163330443e-01 -1.4393035080e-01
-2.2294037618e-01 -1.4477917312e-01
-2.2438931006e-01 -1.4572012179e-01
-2.2599550300e-01 -1.4676319568e-01
-2.2777602300e-01 -1.4791947889e-01
-2.2974979053e-01 -1.4920125850e-01
-2.3193777957e-01 -1.5062215520e-01
-2.3436324051e-01 -1.5219726796e-01
-2.3705194721e-01 -1.5394333450e-01
-2.4003247087e-01 -1.5587890920e-01
-2.4333648363e-01 -1.5802456017e-01
-2.4699909517e-01 -1.6040308791e-01
-2.5105922576e-01 -1.6303976755e-01
-2.5556001987e-01 -1.6596261742e-01
-2.6054930460e-01 -1.6920269681e-01
-2.6608009796e-01 -1.7279443601e-01
-2.7221117221e-01 -1.7677600219e-01
-2.7900767845e-01 -1.8118970494e-01
-2.8654183886e-01 -1.8608244592e-01
-2.9489371425e-01 -1.9150621722e-01
-3.0415205476e-01 -1.9751865385e-01
-3.1441524296e-01 -2.0418364619e-01
-3.2579233931e-01 -2.1157201895e-01
-3.3840424108e-01 -2.1976228373e-01
-3.5238496703e-01 -2.2884147332e-01
-3.6788308156e-01 -2.3890606658e-01
-3.8506327342e-01 -2.5006301362e-01
-4.0410810572e-01 -2.6243087233e-01
-4.2521995595e-01 -2.7614106817e-01
-4.4862316648e-01 -2.9133929080e-01
-4.7456642855e-01 -3.0818704218e-01
-5.0332542493e-01 -3.2686335280e-01
-5.3520575943e-01 -3.4756668410e-01
-5.7054620436e-01 -3.7051703738e-01
-6.0972230045e-01 -3.9595829165e-01
-6.5315034748e-01 -4.2416079516e-01
-7.0129182808e-01 -4.5542423820e-01
-7.5465831153e-01 -4.9008083778e-01
-8.1381688998e-01 -5.2849886782e-01
-8.7939620451e-01 -5.7108657264e-01
-9.5209312535e-01 -6.1829650503e-01
-1.0326801571e+00 -6.7063033534e-01
-1.1220136475e+00 -7.2864418234e-01
-1.2210428875e+00 -7.9295452277e-01
-1.3308201988e+00 -8.6424474228e-01
-1.4525121159e+00 -9.4327239728e-01
-1.5874117825e+00 -1.0308772651e+00
-1.7369526927e+00 -1.1279902676e+00
-1.9027239238e+00 -1.2356433639e+00
-2.0864870229e+00 -1.3549805158e+00
-2.2901947249e+00 -1.4872698442e+00
-2.5160117038e+00 -1.6339171050e+00

-2.0225424859e-01 -1.4694631307e-01
-2.0226233876e-01 -1.4695219093e-01
-2.0227130699e-01 -1.4695870673e-01
-2.0228124859e-01 -1.4696592972e-01
-2.0229226918e-01 -1.4697393665e-01
-2.0230448589e-01 -1.4698281261e-01
-2.0231802853e-01 -1.4699265191e-01
-2.0233304101e-01 -1.4700355912e-01
-2.0234968287e-01 -1.4701565013e-01
-2.0236813093e-01 -1.4702905343e-01
-2.0238858124e-01 -1.4704391145e-01
-2.0241125111e-01 -1.4706038208e-01
-2.0243638145e-01 -1.4707864034e-01
-2.0246423928e-01 -1.4709888024e-01
-2.0249512065e-01 -1.4712131686e-01
-2.0252935370e-01 -1.4714618863e-01
-2.0256730222e-01 -1.4717375984e-01
-2.0260936945e-01 -1.4720432348e-01
-2.0265600242e-01 -1.4723820431e-01
-2.0270769667e-01 -1.4727576238e-01
-2.0276500152e-01 -1.4731739679e-01
-2.0282852591e-01 -1.4736354996e-01
-2.0289894488e-01 -1.4741471234e-01
-2.0297700672e-01 -1.4747142759e-01
-2.0306354095e-01 -1.4753429839e-01
-2.0315946712e-01 -1.4760399283e-01
-2.0326580456e-01 -1.4768125150e-01
-2.0338368327e-01 -1.4776689540e-01
-2.0351435587e-01 -1.4786183460e-01
-2.0365921092e-01 -1.4796707795e-01
-2.0381978772e-01 -1.4808374383e-01
-2.0399779262e-01 -1.4821307196e-01
-2.0419511715e-01 -1.4835643662e-01
-2.0441385817e-01 -1.4851536128e-01
-2.0465634010e-01 -1.4869153471e-01
-2.0492513964e-01 -1.4888682900e-01
-2.0522311315e-01 -1.4910331943e-01
-2.0555342702e-01 -1.4934330650e-01
-2.0591959127e-01 -1.4960934041e-01
-2.0632549692e-01 -1.4990424812e-01
-2.0677545726e-01 -1.5023116344e-01
-2.0727425373e-01 -1.5059356030e-01
-2.0782718675e-01 -1.5099528965e-01
-2.0844013197e-01 -1.5144062042e-01
-2.0911960279e-01 -1.5193428487e-01
-2.0987281951e-01 -1.5248152885e-01
-2.1070778609e-01 -1.5308816758e-01
-2.1163337521e-01 -1.5376064743e-01
-2.1265942251e-01 -1.5450611443e-01
-2.1379683115e-01 -1.5533249018e-01
-2.1505768767e-01 -1.5624855607e-01
-2.1645539039e-01 -1.5726404654e-01
-2.1800479183e-01 -1.5838975258e-01
-2.1972235650e-01 -1.5963763635e-01
-2.2162633589e-01 -1.6102095835e-01
-2.2373696238e-01 -1.6255441826e-01
-2.2607666428e-01 -1.6425431119e-01
-2.2867030414e-01 -1.6613870085e-01
-2.3154544294e-01 -1.6822761146e-01
-2.3473263297e-01 -1.7054324056e-01
-2.3826574250e-01 -1.7311019489e-01
-2.4218231568e-01 -1.7595575187e-01
-2.4652397146e-01 -1.7911014944e-01
-2.5133684590e-01 -1.8260690740e-01
-2.5667208239e-01 -1.8648318361e-01
-2.6258637515e-01 -1.9078016882e-01
-2.6914257165e-01 -1.9554352440e-01
-2.7641034048e-01 -2.0082386754e-01
-2.8446691166e-01 -2.0667730913e-01
-2.9339789731e-01 -2.1316605003e-01
-3.0329820142e-01 -2.2035904200e-01
-3.1427302830e-01 -2.2833272047e-01
-3.2643900056e-01 -2.3717181671e-01
-3.3992539834e-01 -2.4697025825e-01
-3.5487553314e-01 -2.5783216697e-01
-3.7144827065e-01 -2.6987296558e-01
-3.8981971896e-01 -2.8322060408e-01
-4.1018509991e-01 -2.9801691944e-01
-4.3276082365e-01 -3.1441914283e-01
-4.5778678820e-01 -3.3260157039e-01
-4.8552892880e-01 -3.5275741535e-01
-5.1628204377e-01 -3.7510086125e-01
-5.5037292716e-01 -3.9986933785e-01
-5.8816384140e-01 -4.2732604421e-01
-6.3005636682e-01 -4.5776274553e-01
-6.7649566900e-01 -4.9150287354e-01
-7.2797522926e-01 -5.2890496339e-01
-7.8504208859e-01 -5.7036646364e-01
-8.4830266070e-01 -6.1632795962e-01
-9.1842917598e-01 -6.6727785531e-01
-9.9616682492e-01 -7.2375756329e-01
-1.0823416767e+00 -7.8636725797e-01
-1.1778694575e+00 -8.5577225329e-01
-1.2837652809e+00 -9.3271007258e-01
-1.4011544356e+00 -1.0179982858e+00
-1.5312843424e+00 -1.1125431972e+00
-1.6755378101e+00 -1.2173494763e+00
-1.8354477298e+00 -1.3335308336e+00
-2.0127133639e+00 -1.4623218556e+00
-2.2092184031e+00 -1.6050911235e+00
-2.4270509831e+00 -1.7633557569e+00

-1.9428649036e-01 -1.5733009776e-01
-1.9429426182e-01 -1.5733639097e-01
-1.9430287675e-01 -1.5734336720e-01
-1.9431242670e-01 -1.5735110059e-01
-1.9432301314e-01 -1.5735967332e-01
-1.9433474858e-01 -1.5736917649e-01
-1.9434775771e-01 -1.5737971108e-01
-1.9436217878e-01 -1.5739138903e-01
-1.9437816503e-01 -1.5740433444e-01
-1.9439588633e-01 -1.5741868487e-01
-1.9441553101e-01 -1.5743459282e-01
-1.9443730781e-01 -1.5745222732e-01
-1.9446144814e-01 -1.5747177577e-01
-1.9448820852e-01 -1.5749344590e-01
-1.9451787332e-01 -1.5751746799e-01
-1.9455075777e-01 -1.5754409729e-01
-1.9458721131e-01 -1.5757361679e-01
-1.9462762132e-01 -1.5760634016e-01
-1.9467241719e-01 -1.5764261515e-01
-1.9472207496e-01 -1.5768282721e-01
-1.9477712230e-01 -1.5772740367e-01
-1.9483814416e-01 -1.5777681820e-01
-1.9490578899e-01 -1.5783159590e-01
-1.9498077560e-01 -1.5789231886e-01
-1.9506390084e-01 -1.5795963235e-01
-1.9515604802e-01 -1.5803425167e-01
-1.9525819632e-01 -1.5811696973e-01
-1.9537143123e-01 -1.5820866555e-01
-1.9549695601e-01 -1.5831031351e-01
-1.9563610453e-01 -1.5842299377e-01
-1.9579035545e-01 -1.5854790370e-01
-1.9596134788e-01 -1.5868637064e-01
-1.9615089887e-01 -1.5883986600e-01
-1.9636102263e-01 -1.5901002087e-01
-1.9659395204e-01 -1.5919864339e-01
-1.9685216229e-01 -1.5940773792e-01
-1.9713839720e-01 -1.5963952639e-01
-1.9745569843e-01 -1.5989647186e-01
-1.9780743774e-01 -1.6018130473e-01
-1.9819735283e-01 -1.6049705174e-01
-1.9862958708e-01 -1.6084706814e-01
-1.9910873359e-01 -1.6123507333e-01
-1.9963988394e-01 -1.6166519040e-01
-2.0022868233e-01 -1.6214198994e-01
-2.0088138556e-01 -1.6267053859e-01
-2.0160492948e-01 -1.6325645291e-01
-2.0240700275e-01 -1.6390595904e-01
-2.0329612850e-01 -1.6462595887e-01
-2.0428175491e-01 -1.6542410340e-01
-2.0537435561e-01 -1.6630887400e-01
-2.0658554099e-01 -1.6728967258e-01
-2.0792818155e-01 -1.6837692147e-01
-2.0941654468e-01 -1.6958217417e-01
-2.1106644630e-01 -1.7091823816e-01
-2.1289541887e-01 -1.7239931094e-01
-2.1492289773e-01 -1.7404113095e-01
-2.1717042763e-01 -1.7586114478e-01
-2.1966189166e-01 -1.7787869257e-01
-2.2242376504e-01 -1.8011521353e-01
-2.2548539648e-01 -1.8259447379e-01
-2.2887932000e-01 -1.8534281886e-01
-2.3264160070e-01 -1.8838945370e-01
-2.3681221798e-01 -1.9176675298e-01
-2.4143549037e-01 -1.9551060515e-01
-2.4656054648e-01 -1.9966079376e-01
-2.5224184708e-01 -2.0426142027e-01
-2.5853976377e-01 -2.0936137265e-01
-2.6552122057e-01 -2.1501484489e-01
-2.7326040504e-01 -2.2128191290e-01
-2.8183955662e-01 -2.2822917288e-01
-2.9134984060e-01 -2.3593044899e-01
-3.0189231677e-01 -2.4446757787e-01
-3.1357901343e-01 -2.5393127822e-01
-3.2653411777e-01 -2.6442211486e-01
-3.4089529555e-01 -2.7605156732e-01
-3.5681515399e-01 -2.8894321450e-01
-3.7446286344e-01 -3.0323404784e-01
-3.9402595503e-01 -3.1907592705e-01
-4.1571231348e-01 -3.3663719386e-01
-4.3975238608e-01 -3.5610446081e-01
-4.6640163163e-01 -3.7768459435e-01
-4.9594323491e-01 -4.0160691300e-01
-5.2869111602e-01 -4.2812562425e-01
-5.6499326614e-01 -4.5752252579e-01
-6.0523544544e-01 -4.9011000004e-01
-6.4984528231e-01 -5.2623433366e-01
-6.9929681749e-01 -5.6627939727e-01
-7.5411554141e-01 -6.1067072462e-01
-8.1488397826e-01 -6.5988003450e-01
-8.8224787608e-01 -7.1443024337e-01
-9.5692306874e-01 -7.7490102206e-01
-1.0397030827e+00 -8.4193495561e-01
-1.1314675691e+00 -9.1624437155e-01
-1.2331916517e+00 -9.9861890942e-01
-1.3459562884e+00 -1.0899339117e+00
-1.4709597583e+00 -1.1911597258e+00
-1.6095303948e+00 -1.3033720147e+00
-1.7631407011e+00 -1.4277631880e+00
-1.9334229976e+00 -1.5656550728e+00
-2.1221867673e+00 -1.7185129596e+00
-2.3314378844e+00 -1.8879611731e+00

-1.8578620637e-01 -1.6728265159e-01
-1.8579363782e-01 -1.6728934290e-01
-1.8580187583e-01 -1.6729676044e-01
-1.8581100796e-01 -1.6730498304e-01
-1.8582113123e-01 -1.6731409807e-01
-1.8583235322e-01 -1.6732420240e-01
-1.8584479319e-01 -1.6733540340e-01
-1.8585858332e-01 -1.6734782008e-01
-1.8587387015e-01 -1.6736158441e-01
-1.8589081612e-01 -1.6737684264e-01
-1.8590960132e-01 -1.6739375690e-01
-1.8593042536e-01 -1.6741250695e-01
-1.8595350951e-01 -1.6743329202e-01
-1.8597909909e-01 -1.6745633298e-01
-1.8600746602e-01 -1.6748187468e-01
-1.8603891174e-01 -1.6751018853e-01
-1.8607377039e-01 -1.6754157540e-01
-1.8611241241e-01 -1.6757636882e-01
-1.8615524840e-01 -1.6761493853e-01
-1.8620273358e-01 -1.6765769437e-01
-1.8625537252e-01 -1.6770509069e-01
-1.8631372460e-01 -1.6775763114e-01
-1.8637840988e-01 -1.6781587403e-01
-1.8645011574e-01 -1.6788043827e-01
-1.8652960414e-01 -1.6795200995e-01
-1.8661771976e-01 -1.6803134961e-01
-1.8671539894e-01 -1.6811930034e-01
-1.8682367968e-01 -1.6821679675e-01
-1.8694371258e-01 -1.6832487487e-01
-1.8707677318e-01 -1.6844468317e-01
-1.8722427542e-01 -1.6857749478e-01
-1.8738778672e-01 -1.6872472101e-01
-1.8756904460e-01 -1.6888792634e-01
-1.8776997518e-01 -1.6906884505e-01
-1.8799271363e-01 -1.6926939965e-01
-1.8823962684e-01 -1.6949172131e-01
-1.8851333862e-01 -1.6973817249e-01
-1.8881675751e-01 -1.7001137209e-01
-1.8915310776e-01 -1.7031422322e-01
-1.8952596356e-01 -1.7064994409e-01
-1.8993928702e-01 -1.7102210220e-01
-1.9039747025e-01 -1.7143465224e-01
-1.9090538209e-01 -1.7189197811e-01
-1.9146841979e-01 -1.7239893954e-01
-1.9209256641e-01 -1.7296092367e-01
-1.9278445436e-01 -1.7358390238e-01
-1.9355143589e-01 -1.7427449566e-01
-1.9440166125e-01 -1.7504004200e-01
-1.9534416523e-01 -1.7588867640e-01
-1.9638896325e-01 -1.7682941676e-01
-1.9754715770e-01 -1.7787225973e-01
-1.9883105601e-01 -1.7902828696e-01
-2.0025430134e-01 -1.8030978281e-01
-2.0183201764e-01 -1.8173036495e-01
-2.0358097030e-01 -1.8330512900e-01
-2.0551974435e-01 -1.8505080900e-01
-2.0766894193e-01 -1.8698595519e-01
-2.1005140120e-01 -1.8913113115e-01
-2.1269243907e-01 -1.9150913233e-01
-2.1562012019e-01 -1.9414522825e-01
-2.1886555519e-01 -1.9706743105e-01
-2.2246323127e-01 -2.0030679314e-01
-2.2645137867e-01 -2.0389773719e-01
-2.3087237694e-01 -2.0787842192e-01
-2.3577320526e-01 -2.1229114755e-01
-2.4120594164e-01 -2.1718280536e-01
-2.4722831637e-01 -2.2260537593e-01
-2.5390432545e-01 -2.2861648150e-01
-2.6130491064e-01 -2.3527999833e-01
-2.6950871330e-01 -2.4266673543e-01
-2.7860291011e-01 -2.5085518702e-01
-2.8868413939e-01 -2.5993236663e-01
-2.9985952803e-01 -2.6999473176e-01
-3.1224782988e-01 -2.8114920885e-01
-3.2598068764e-01 -2.9351432952e-01
-3.4120403179e-01 -3.0722149015e-01
-3.5807963124e-01 -3.2241634815e-01
-3.7678681240e-01 -3.3926036972e-01
-3.9752436475e-01 -3.5793254573e-01
-4.2051265324e-01 -3.7863129366e-01
-4.4599596000e-01 -4.0157656612e-01
-4.7424508012e-01 -4.2701218813e-01
-5.0556019929e-01 -4.5520844807e-01
-5.4027408362e-01 -4.8646496992e-01
-5.7875561578e-01 -5.2111389711e-01
-6.2141371488e-01 -5.5952342206e-01
-6.6870168175e-01 -6.0210169867e-01
-7.2112201595e-01 -6.4930117959e-01
-7.7923175547e-01 -7.0162342407e-01
-8.4364839607e-01 -7.5962442779e-01
-9.1505645295e-01 -8.2392053100e-01
-9.9421473473e-01 -8.9519496805e-01
-1.0819644068e+00 -9.7420512767e-01
-1.1792379299e+00 -1.0617906012e+00
-1.2870689686e+00 -1.1588821046e+00
-1.4066033758e+00 -1.2665113683e+00
-1.5391113686e+00 -1.3858221009e+00
-1.6860010263e+00 -1.5180821428e+00
-1.8488332532e+00 -1.6646969384e+00
-2.0293383650e+00 -1.8272244711e+00
-2.2294344764e+00 -2.0073918191e+00

-1.7677669530e-01 -1.7677669530e-01
-1.7678376636e-01 -1.7678376636e-01
-1.7679160489e-01 -1.7679160489e-01
-1.7680029416e-01 -1.7680029416e-01
-1.7680992651e-01 -1.7680992651e-01
-1.7682060430e-01 -1.7682060430e-01
-1.7683244101e-01 -1.7683244101e-01
-1.7684556240e-01 -1.7684556240e-01
-1.7686010791e-01 -1.7686010791e-01
-1.7687623211e-01 -1.7687623211e-01
-1.7689410634e-01 -1.7689410634e-01
-1.7691392053e-01 -1.7691392053e-01
-1.7693588525e-01 -1.7693588525e-01
-1.7696023389e-01 -1.7696023389e-01
-1.7698722519e-01 -1.7698722519e-01
-1.7701714598e-01 -1.7701714598e-01
-1.7705031420e-01 -1.7705031420e-01
-1.7708708231e-01 -1.7708708231e-01
-1.7712784102e-01 -1.7712784102e-01
-1.7717302345e-01 -1.7717302345e-01
-1.7722310972e-01 -1.7722310972e-01
-1.7727863207e-01 -1.7727863207e-01
-1.7734018051e-01 -1.7734018051e-01
-1.7740840906e-01 -1.7740840906e-01
-1.7748404275e-01 -1.7748404275e-01
-1.7756788530e-01 -1.7756788530e-01
-1.7766082763e-01 -1.7766082763e-01
-1.7776385740e-01 -1.7776385740e-01
-1.7787806944e-01 -1.7787806944e-01
-1.7800467740e-01 -1.7800467740e-01
-1.7814502667e-01 -1.7814502667e-01
-1.7830060865e-01 -1.7830060865e-01
-1.7847307662e-01 -1.7847307662e-01
-1.7866426328e-01 -1.7866426328e-01
-1.7887620026e-01 -1.7887620026e-01
-1.7911113967e-01 -1.7911113967e-01
-1.7937157807e-01 -1.7937157807e-01
-1.7966028297e-01 -1.7966028297e-01
-1.7998032227e-01 -1.7998032227e-01
-1.8033509681e-01 -1.8033509681e-01
-1.8072837657e-01 -1.8072837657e-01
-1.8116434068e-01 -1.8116434068e-01
-1.8164762185e-01 -1.8164762185e-01
-1.8218335562e-01 -1.8218335562e-01
-1.8277723489e-01 -1.8277723489e-01
-1.8343557044e-01 -1.8343557044e-01
-1.8416535800e-01 -1.8416535800e-01
-1.8497435255e-01 -1.8497435255e-01
-1.8587115077e-01 -1.8587115077e-01
-1.8686528238e-01 -1.8686528238e-01
-1.8796731139e-01 -1.8796731139e-01
-1.8918894836e-01 -1.8918894836e-01
-1.9054317488e-01 -1.9054317488e-01
-1.9204438144e-01 -1.9204438144e-01
-1.9370852045e-01 -1.9370852045e-01
-1.9555327564e-01 -1.9555327564e-01
-1.9759825009e-01 -1.9759825009e-01
-1.9986517445e-01 -1.9986517445e-01
-2.0237813790e-01 -2.0237813790e-01
-2.0516384414e-01 -2.0516384414e-01
-2.0825189510e-01 -2.0825189510e-01
-2.1167510558e-01 -2.1167510558e-01
-2.1546985188e-01 -2.1546985188e-01
-2.1967645838e-01 -2.1967645838e-01
-2.2433962607e-01 -2.2433962607e-01
-2.2950890748e-01 -2.2950890748e-01
-2.3523923334e-01 -2.3523923334e-01
-2.4159149623e-01 -2.4159149623e-01
-2.4863319764e-01 -2.4863319764e-01
-2.5643916533e-01 -2.5643916533e-01
-2.6509234842e-01 -2.6509234842e-01
-2.7468469884e-01 -2.7468469884e-01
-2.8531814850e-01 -2.8531814850e-01
-2.9710569239e-01 -2.9710569239e-01
-3.1017258933e-01 -3.1017258933e-01
-3.2465769306e-01 -3.2465769306e-01
-3.4071492766e-01 -3.4071492766e-01
-3.5851492331e-01 -3.5851492331e-01
-3.7824682937e-01 -3.7824682937e-01
-4.0012032445e-01 -4.0012032445e-01
-4.2436784444e-01 -4.2436784444e-01
-4.5124705253e-01 -4.5124705253e-01
-4.8104357718e-01 -4.8104357718e-01
-5.1407404739e-01 -5.1407404739e-01
-5.5068945721e-01 -5.5068945721e-01
-5.9127889564e-01 -5.9127889564e-01
-6.3627368118e-01 -6.3627368118e-01
-6.8615194516e-01 -6.8615194516e-01
-7.4144371261e-01 -7.4144371261e-01
-8.0273653445e-01 -8.0273653445e-01
-8.7068173103e-01 -8.7068173103e-01
-9.4600131331e-01 -9.4600131331e-01
-1.0294956552e+00 -1.0294956552e+00
-1.1220519988e+00 -1.1220519988e+00
-1.2246538822e+00 -1.2246538822e+00
-1.3383915912e+00 -1.3383915912e+00
-1.4644737451e+00 -1.4644737451e+00
-1.6042401399e+00 -1.6042401399e+00
-1.7591759853e+00 -1.7591759853e+00
-1.9309276873e+00 -1.9309276873e+00
-2.1213203436e+00 -2.1213203436e+00

-1.6728265159e-01 -1.8578620637e-01
-1.6728934290e-01 -1.8579363782e-01
-1.6729676044e-01 -1.8580187583e-01
-1.6730498304e-01 -1.8581100796e-01
-1.6731409807e-01 -1.8582113123e-01
-1.6732420240e-01 -1.8583235322e-01
-1.6733540340e-01 -1.8584479319e-01
-1.6734782008e-01 -1.8585858332e-01
-1.6736158441e-01 -1.8587387015e-01
-1.6737684264e-01 -1.8589081612e-01
-1.6739375690e-01 -1.8590960132e-01
-1.6741250695e-01 -1.8593042536e-01
-1.6743329202e-01 -1.8595350951e-01
-1.6745633298e-01 -1.8597909909e-01
-1.6748187468e-01 -1.8600746602e-01
-1.6751018853e-01 -1.8603891174e-01
-1.6754157540e-01 -1.8607377039e-01
-1.6757636882e-01 -1.8611241241e-01
-1.6761493853e-01 -1.8615524840e-01
-1.6765769437e-01 -1.8620273358e-01
-1.6770509069e-01 -1.8625537252e-01
-1.6775763114e-01 -1.8631372460e-01
-1.6781587403e-01 -1.8637840988e-01
-1.6788043827e-01 -1.8645011574e-01
-1.6795200995e-01 -1.8652960414e-01
-1.6803134961e-01 -1.8661771976e-01
-1.6811930034e-01 -1.8671539894e-01
-1.6821679675e-01 -1.8682367968e-01
-1.6832487487e-01 -1.8694371258e-01
-1.6844468317e-01 -1.8707677318e-01
-1.6857749478e-01 -1.8722427542e-01
-1.6872472101e-01 -1.8738778672e-01
-1.6888792634e-01 -1.8756904460e-01
-1.6906884505e-01 -1.8776997518e-01
-1.6926939965e-01 -1.8799271363e-01
-1.6949172131e-01 -1.8823962684e-01
-1.6973817249e-01 -1.8851333862e-01
-1.7001137209e-01 -1.8881675751e-01
-1.7031422322e-01 -1.8915310776e-01
-1.7064994409e-01 -1.8952596356e-01
-1.7102210220e-01 -1.8993928702e-01
-1.7143465224e-01 -1.9039747025e-01
-1.7189197811e-01 -1.9090538209e-01
-1.7239893954e-01 -1.9146841979e-01
-1.7296092367e-01 -1.9209256641e-01
-1.7358390238e-01 -1.9278445436e-01
-1.7427449566e-01 -1.9355143589e-01
-1.7504004200e-01 -1.9440166125e-01
-1.7588867640e-01 -1.9534416523e-01
-1.7682941676e-01 -1.9638896325e-01
-1.7787225973e-01 -1.9754715770e-01
-1.7902828696e-01 -1.9883105601e-01
-1.8030978281e-01 -2.0025430134e-01
-1.8173036495e-01 -2.0183201764e-01
-1.8330512900e-01 -2.0358097030e-01
-1.8505080900e-01 -2.0551974435e-01
-1.8698595519e-01 -2.0766894193e-01
-1.8913113115e-01 -2.1005140120e-01
-1.9150913233e-01 -2.1269243907e-01
-1.9414522825e-01 -2.1562012019e-01
-1.9706743105e-01 -2.1886555519e-01
-2.0030679314e-01 -2.2246323127e-01
-2.0389773719e-01 -2.2645137867e-01
-2.0787842192e-01 -2.3087237694e-01
-2.1229114755e-01 -2.3577320526e-01
-2.1718280536e-01 -2.4120594164e-01
-2.2260537593e-01 -2.4722831637e-01
-2.2861648150e-01 -2.5390432545e-01
-2.3527999833e-01 -2.6130491064e-01
-2.4266673543e-01 -2.6950871330e-01
-2.5085518702e-01 -2.7860291011e-01
-2.5993236663e-01 -2.8868413939e-01
-2.6999473176e-01 -2.9985952803e-01
-2.8114920885e-01 -3.1224782988e-01
-2.9351432952e-01 -3.2598068764e-01
-3.0722149015e-01 -3.4120403179e-01
-3.2241634815e-01 -3.5807963124e-01
-3.3926036972e-01 -3.7678681240e-01
-3.5793254573e-01 -3.9752436475e-01
-3.7863129366e-01 -4.2051265324e-01
-4.0157656612e-01 -4.4599596000e-01
-4.2701218813e-01 -4.7424508012e-01
-4.5520844807e-01 -5.0556019929e-01
-4.8646496992e-01 -5.4027408362e-01
-5.2111389711e-01 -5.7875561578e-01
-5.5952342206e-01 -6.2141371488e-01
-6.0210169867e-01 -6.6870168175e-01
-6.4930117959e-01 -7.2112201595e-01
-7.0162342407e-01 -7.7923175547e-01
-7.5962442779e-01 -8.4364839607e-01
-8.2392053100e-01 -9.1505645295e-01
-8.9519496805e-01 -9.9421473473e-01
-9.7420512767e-01 -1.0819644068e+00
-1.0617906012e+00 -1.1792379299e+00
-1.1588821046e+00 -1.2870689686e+00
-1.2665113683e+00 -1.4066033758e+00
-1.3858221009e+00 -1.5391113686e+00
-1.5180821428e+00 -1.6860010263e+00
-1.6646969384e+00 -1.8488332532e+00
-1.8272244711e+00 -2.0293383650e+00
-2.0073918191e+00 -2.2294344764e+00

-1.5733009776e-01 -1.9428649036e-01
-1.5733639097e-01 -1.9429426182e-01
-1.5734336720e-01 -1.9430287675e-01
-1.5735110059e-01 -1.9431242670e-01
-1.5735967332e-01 -1.9432301314e-01
-1.5736917649e-01 -1.9433474858e-01
-1.5737971108e-01 -1.9434775771e-01
-1.5739138903e-01 -1.9436217878e-01
-1.5740433444e-01 -1.9437816503e-01
-1.5741868487e-01 -1.9439588633e-01
-1.5743459282e-01 -1.9441553101e-01
-1.5745222732e-01 -1.9443730781e-01
-1.5747177577e-01 -1.9446144814e-01
-1.5749344590e-01 -1.9448820852e-01
-1.5751746799e-01 -1.9451787332e-01
-1.5754409729e-01 -1.9455075777e-01
-1.5757361679e-01 -1.9458721131e-01
-1.5760634016e-01 -1.9462762132e-01
-1.5764261515e-01 -1.9467241719e-01
-1.5768282721e-01 -1.9472207496e-01
-1.5772740367e-01 -1.9477712230e-01
-1.5777681820e-01 -1.9483814416e-01
-1.5783159590e-01 -1.9490578899e-01
-1.5789231886e-01 -1.9498077560e-01
-1.5795963235e-01 -1.9506390084e-01
-1.5803425167e-01 -1.9515604802e-01
-1.5811696973e-01 -1.9525819632e-01
-1.5820866555e-01 -1.9537143123e-01
-1.5831031351e-01 -1.9549695601e-01
-1.5842299377e-01 -1.9563610453e-01
-1.5854790370e-01 -1.9579035545e-01
-1.5868637064e-01 -1.9596134788e-01
-1.5883986600e-01 -1.9615089887e-01
-1.5901002087e-01 -1.9636102263e-01
-1.5919864339e-01 -1.9659395204e-01
-1.5940773792e-01 -1.9685216229e-01
-1.5963952639e-01 -1.9713839720e-01
-1.5989647186e-01 -1.9745569843e-01
-1.6018130473e-01 -1.9780743774e-01
-1.6049705174e-01 -1.9819735283e-01
-1.6084706814e-01 -1.9862958708e-01
-1.6123507333e-01 -1.9910873359e-01
-1.6166519040e-01 -1.9963988394e-01
-1.6214198994e-01 -2.0022868233e-01
-1.6267053859e-01 -2.0088138556e-01
-1.6325645291e-01 -2.0160492948e-01
-1.6390595904e-01 -2.0240700275e-01
-1.6462595887e-01 -2.0329612850e-01
-1.6542410340e-01 -2.0428175491e-01
-1.6630887400e-01 -2.0537435561e-01
-1.6728967258e-01 -2.0658554099e-01
-1.6837692147e-01 -2.0792818155e-01
-1.6958217417e-01 -2.0941654468e-01
-1.7091823816e-01 -2.1106644630e-01
-1.7239931094e-01 -2.1289541887e-01
-1.7404113095e-01 -2.1492289773e-01
-1.7586114478e-01 -2.1717042763e-01
-1.7787869257e-01 -2.1966189166e-01
-1.8011521353e-01 -2.2242376504e-01
-1.8259447379e-01 -2.2548539648e-01
-1.8534281886e-01 -2.2887932000e-01
-1.8838945370e-01 -2.3264160070e-01
-1.9176675298e-01 -2.3681221798e-01
-1.9551060515e-01 -2.4143549037e-01
-1.9966079376e-01 -2.4656054648e-01
-2.0426142027e-01 -2.5224184708e-01
-2.0936137265e-01 -2.5853976377e-01
-2.1501484489e-01 -2.6552122057e-01
-2.2128191290e-01 -2.7326040504e-01
-2.2822917288e-01 -2.8183955662e-01
-2.3593044899e-01 -2.9134984060e-01
-2.4446757787e-01 -3.0189231677e-01
-2.5393127822e-01 -3.1357901343e-01
-2.6442211486e-01 -3.2653411777e-01
-2.7605156732e-01 -3.4089529555e-01
-2.8894321450e-01 -3.5681515399e-01
-3.0323404784e-01 -3.7446286344e-01
-3.1907592705e-01 -3.9402595503e-01
-3.3663719386e-01 -4.1571231348e-01
-3.5610446081e-01 -4.3975238608e-01
-3.7768459435e-01 -4.6640163163e-01
-4.0160691300e-01 -4.9594323491e-01
-4.2812562425e-01 -5.2869111602e-01
-4.5752252579e-01 -5.6499326614e-01
-4.9011000004e-01 -6.0523544544e-01
-5.2623433366e-01 -6.4984528231e-01
-5.6627939727e-01 -6.9929681749e-01
-6.1067072462e-01 -7.5411554141e-01
-6.5988003450e-01 -8.1488397826e-01
-7.1443024337e-01 -8.8224787608e-01
-7.7490102206e-01 -9.5692306874e-01
-8.4193495561e-01 -1.0397030827e+00
-9.1624437155e-01 -1.1314675691e+00
-9.9861890942e-01 -1.2331916517e+00
-1.0899339117e+00 -1.3459562884e+00
-1.1911597258e+00 -1.4709597583e+00
-1.3033720147e+00 -1.6095303948e+00
-1.4277631880e+00 -1.7631407011e+00
-1.5656550728e+00 -1.9334229976e+00
-1.7185129596e+00 -2.1221867673e+00
-1.8879611731e+00 -2.3314378844e+00

-1.4694631307e-01 -2.0225424859e-01
-1.4695219093e-01 -2.0226233876e-01
-1.4695870673e-01 -2.0227130699e-01
-1.4696592972e-01 -2.0228124859e-01
-1.4697393665e-01 -2.0229226918e-01
-1.4698281261e-01 -2.0230448589e-01
-1.4699265191e-01 -2.0231802853e-01
-1.4700355912e-01 -2.0233304101e-01
-1.4701565013e-01 -2.0234968287e-01
-1.4702905343e-01 -2.0236813093e-01
-1.4704391145e-01 -2.0238858124e-01
-1.4706038208e-01 -2.0241125111e-01
-1.4707864034e-01 -2.0243638145e-01
-1.4709888024e-01 -2.0246423928e-01
-1.4712131686e-01 -2.0249512065e-01
-1.4714618863e-01 -2.0252935370e-01
-1.4717375984e-01 -2.0256730222e-01
-1.4720432348e-01 -2.0260936945e-01
-1.4723820431e-01 -2.0265600242e-01
-1.4727576238e-01 -2.0270769667e-01
-1.4731739679e-01 -2.0276500152e-01
-1.4736354996e-01 -2.0282852591e-01
-1.4741471234e-01 -2.0289894488e-01
-1.4747142759e-01 -2.0297700672e-01
-1.4753429839e-01 -2.0306354095e-01
-1.4760399283e-01 -2.0315946712e-01
-1.4768125150e-01 -2.0326580456e-01
-1.4776689540e-01 -2.0338368327e-01
-1.4786183460e-01 -2.0351435587e-01
-1.4796707795e-01 -2.0365921092e-01
-1.4808374383e-01 -2.0381978772e-01
-1.4821307196e-01 -2.0399779262e-01
-1.4835643662e-01 -2.0419511715e-01
-1.4851536128e-01 -2.0441385817e-01
-1.4869153471e-01 -2.0465634010e-01
-1.4888682900e-01 -2.0492513964e-01
-1.4910331943e-01 -2.0522311315e-01
-1.4934330650e-01 -2.0555342702e-01
-1.4960934041e-01 -2.0591959127e-01
-1.4990424812e-01 -2.0632549692e-01
-1.5023116344e-01 -2.0677545726e-01
-1.5059356030e-01 -2.0727425373e-01
-1.5099528965e-01 -2.0782718675e-01
-1.5144062042e-01 -2.0844013197e-01
-1.5193428487e-01 -2.0911960279e-01
-1.5248152885e-01 -2.0987281951e-01
-1.5308816758e-01 -2.1070778609e-01
-1.5376064743e-01 -2.1163337521e-01
-1.5450611443e-01 -2.1265942251e-01
-1.5533249018e-01 -2.1379683115e-01
-1.5624855607e-01 -2.1505768767e-01
-1.5726404654e-01 -2.1645539039e-01
-1.5838975258e-01 -2.1800479183e-01
-1.5963763635e-01 -2.1972235650e-01
-1.6102095835e-01 -2.2162633589e-01
-1.6255441826e-01 -2.2373696238e-01
-1.6425431119e-01 -2.2607666428e-01
-1.6613870085e-01 -2.2867030414e-01
-1.6822761146e-01 -2.3154544294e-01
-1.7054324056e-01 -2.3473263297e-01
-1.7311019489e-01 -2.3826574250e-01
-1.7595575187e-01 -2.4218231568e-01
-1.7911014944e-01 -2.4652397146e-01
-1.8260690740e-01 -2.5133684590e-01
-1.8648318361e-01 -2.5667208239e-01
-1.9078016882e-01 -2.6258637515e-01
-1.9554352440e-01 -2.6914257165e-01
-2.0082386754e-01 -2.7641034048e-01
-2.0667730913e-01 -2.8446691166e-01
-2.1316605003e-01 -2.9339789731e-01
-2.2035904200e-01 -3.0329820142e-01
-2.2833272047e-01 -3.1427302830e-01
-2.3717181671e-01 -3.2643900056e-01
-2.4697025825e-01 -3.3992539834e-01
-2.5783216697e-01 -3.5487553314e-01
-2.6987296558e-01 -3.7144827065e-01
-2.8322060408e-01 -3.8981971896e-01
-2.9801691944e-01 -4.1018509991e-01
-3.1441914283e-01 -4.3276082365e-01
-3.3260157039e-01 -4.5778678820e-01
-3.5275741535e-01 -4.8552892880e-01
-3.7510086125e-01 -5.1628204377e-01
-3.9986933785e-01 -5.5037292716e-01
-4.2732604421e-01 -5.8816384140e-01
-4.5776274553e-01 -6.3005636682e-01
-4.9150287354e-01 -6.7649566900e-01
-5.2890496339e-01 -7.2797522926e-01
-5.7036646364e-01 -7.8504208859e-01
-6.1632795962e-01 -8.4830266070e-01
-6.6727785531e-01 -9.1842917598e-01
-7.2375756329e-01 -9.9616682492e-01
-7.8636725797e-01 -1.0823416767e+00
-8.5577225329e-01 -1.1778694575e+00
-9.3271007258e-01 -1.2837652809e+00
-1.0179982858e+00 -1.4011544356e+00
-1.1125431972e+00 -1.5312843424e+00
-1.2173494763e+00 -1.6755378101e+00
-1.3335308336e+00 -1.8354477298e+00
-1.4623218556e+00 -2.0127133639e+00
-1.6050911235e+00 -2.2092184031e+00
-1.7633557569e+00 -2.4270509831e+00

-1.3615975875e-01 -2.0966764199e-01
-1.3616520514e-01 -2.0967602869e-01
-1.3617124265e-01 -2.0968532564e-01
-1.3617793544e-01 -2.0969563163e-01
-1.3618535463e-01 -2.0970705618e-01
-1.3619357905e-01 -2.0971972067e-01
-1.3620269610e-01 -2.0973375970e-01
-1.3621280267e-01 -2.0974932245e-01
-1.3622400614e-01 -2.0976657429e-01
-1.3623642558e-01 -2.0978569855e-01
-1.3625019295e-01 -2.0980689844e-01
-1.3626545456e-01 -2.0983039925e-01
-1.3628237257e-01 -2.0985645071e-01
-1.3630112677e-01 -2.0988532964e-01
-1.3632191644e-01 -2.0991734292e-01
-1.3634496250e-01 -2.0995283075e-01
-1.3637050986e-01 -2.0999217023e-01
-1.3639882997e-01 -2.1003577938e-01
-1.3643022380e-01 -2.1008412163e-01
-1.3646502493e-01 -2.1013771067e-01
-1.3650360317e-01 -2.1019711596e-01
-1.3654636848e-01 -2.1026296877e-01
-1.3659377530e-01 -2.1033596886e-01
-1.3664632738e-01 -2.1041689197e-01
-1.3670458317e-01 -2.1050659801e-01
-1.3676916170e-01 -2.1060604024e-01
-1.3684074923e-01 -2.1071627536e-01
-1.3692010646e-01 -2.1083847477e-01
-1.3700807667e-01 -2.1097393702e-01
-1.3710559467e-01 -2.1112410157e-01
-1.3721369671e-01 -2.1129056412e-01
-1.3733353154e-01 -2.1147509358e-01
-1.3746637257e-01 -2.1167965082e-01
-1.3761363140e-01 -2.1190640953e-01
-1.3777687287e-01 -2.1215777935e-01
-1.3795783164e-01 -2.1243643142e-01
-1.3815843065e-01 -2.1274532681e-01
-1.3838080153e-01 -2.1308774794e-01
-1.3862730729e-01 -2.1346733352e-01
-1.3890056738e-01 -2.1388811717e-01
-1.3920348557e-01 -2.1435457028e-01
-1.3953928078e-01 -2.1487164956e-01
-1.3991152130e-01 -2.1544484968e-01
-1.4032416269e-01 -2.1608026170e-01
-1.4078158983e-01 -2.1678463773e-01
-1.4128866351e-01 -2.1756546272e-01
-1.4185077209e-01 -2.1843103403e-01
-1.4247388874e-01 -2.1939054954e-01
-1.4316463494e-01 -2.2045420540e-01
-1.4393035080e-01 -2.2163330443e-01
-1.4477917312e-01 -2.2294037618e-01
-1.4572012179e-01 -2.2438931006e-01
-1.4676319568e-01 -2.2599550300e-01
-1.4791947889e-01 -2.2777602300e-01
-1.4920125850e-01 -2.2974979053e-01
-1.5062215520e-01 -2.3193777957e-01
-1.5219726796e-01 -2.3436324051e-01
-1.5394333450e-01 -2.3705194721e-01
-1.5587890920e-01 -2.4003247087e-01
-1.5802456017e-01 -2.4333648363e-01
-1.6040308791e-01 -2.4699909517e-01
-1.6303976755e-01 -2.5105922576e-01
-1.6596261742e-01 -2.5556001987e-01
-1.6920269681e-01 -2.6054930460e-01
-1.7279443601e-01 -2.6608009796e-01
-1.7677600219e-01 -2.7221117221e-01
-1.8118970494e-01 -2.7900767845e-01
-1.8608244592e-01 -2.8654183886e-01
-1.9150621722e-01 -2.9489371425e-01
-1.9751865385e-01 -3.0415205476e-01
-2.0418364619e-01 -3.1441524296e-01
-2.1157201895e-01 -3.2579233931e-01
-2.1976228373e-01 -3.3840424108e-01
-2.2884147332e-01 -3.5238496703e-01
-2.3890606658e-01 -3.6788308156e-01
-2.5006301362e-01 -3.8506327342e-01
-2.6243087233e-01 -4.0410810572e-01
-2.7614106817e-01 -4.2521995595e-01
-2.9133929080e-01 -4.4862316648e-01
-3.0818704218e-01 -4.7456642855e-01
-3.2686335280e-01 -5.0332542493e-01
-3.4756668410e-01 -5.3520575943e-01
-3.7051703738e-01 -5.7054620436e-01
-3.9595829165e-01 -6.0972230045e-01
-4.2416079516e-01 -6.5315034748e-01
-4.5542423820e-01 -7.0129182808e-01
-4.9008083778e-01 -7.5465831153e-01
-5.2849886782e-01 -8.1381688998e-01
-5.7108657264e-01 -8.7939620451e-01
-6.1829650503e-01 -9.5209312535e-01
-6.7063033534e-01 -1.0326801571e+00
-7.2864418234e-01 -1.1220136475e+00
-7.9295452277e-01 -1.2210428875e+00
-8.6424474228e-01 -1.3308201988e+00
-9.4327239728e-01 -1.4525121159e+00
-1.0308772651e+00 -1.5874117825e+00
-1.1279902676e+00 -1.7369526927e+00
-1.2356433639e+00 -1.9027239238e+00
-1.3549805158e+00 -2.0864870229e+00
-1.4872698442e+00 -2.2901947249e+00
-1.6339171050e+00 -2.5160117038e+00

-1.2500000000e-01 -2.1650635095e-01
-1.2500500000e-01 -2.1651501120e-01
-1.2501054267e-01 -2.1652461139e-01
-1.2501668691e-01 -2.1653525353e-01
-1.2502349802e-01 -2.1654705070e-01
-1.2503104836e-01 -2.1656012828e-01
-1.2503941817e-01 -2.1657462522e-01
-1.2504869639e-01 -2.1659069557e-01
-1.2505898162e-01 -2.1660851012e-01
-1.2507038315e-01 -2.1662825815e-01
-1.2508302214e-01 -2.1665014951e-01
-1.2509703289e-01 -2.1667441685e-01
-1.2511256429e-01 -2.1670131802e-01
-1.2512978138e-01 -2.1673113889e-01
-1.2514886712e-01 -2.1676419635e-01
-1.2517002431e-01 -2.1680084168e-01
-1.2519347778e-01 -2.1684146429e-01
-1.2521947676e-01 -2.1688649584e-01
-1.2524829752e-01 -2.1693641487e-01
-1.2528024632e-01 -2.1699175182e-01
-1.2531566267e-01 -2.1705309472e-01
-1.2535492290e-01 -2.1712109544e-01
-1.2539844421e-01 -2.1719647657e-01
-1.2544668909e-01 -2.1728003914e-01
-1.2550017018e-01 -2.1737267112e-01
-1.2555945581e-01 -2.1747535684e-01
-1.2562517597e-01 -2.1758918749e-01
-1.2569802902e-01 -2.1771537267e-01
-1.2577878912e-01 -2.1785525328e-01
-1.2586831447e-01 -2.1801031573e-01
-1.2596755639e-01 -2.1818220778e-01
-1.2607756947e-01 -2.1837275601e-01
-1.2619952274e-01 -2.1858398527e-01
-1.2633471212e-01 -2.1881814015e-01
-1.2648457419e-01 -2.1907770888e-01
-1.2665070145e-01 -2.1936544972e-01
-1.2683485920e-01 -2.1968442031e-01
-1.2703900440e-01 -2.2003801016e-01
-1.2726530636e-01 -2.2042997665e-01
-1.2751616984e-01 -2.2086448495e-01
-1.2779426062e-01 -2.2134615232e-01
-1.2810253380e-01 -2.2188009712e-01
-1.2844426520e-01 -2.2247199326e-01
-1.2882308618e-01 -2.2312813045e-01
-1.2924302224e-01 -2.2385548104e-01
-1.2970853577e-01 -2.2466177413e-01
-1.3022457350e-01 -2.2555557769e-01
-1.3079661903e-01 -2.2654638962e-01
-1.3143075114e-01 -2.2764473864e-01
-1.3213370834e-01 -2.2886229623e-01
-1.3291296052e-01 -2.3021200061e-01
-1.3377678831e-01 -2.3170819423e-01
-1.3473437106e-01 -2.3336677621e-01
-1.3579588441e-01 -2.3520537125e-01
-1.3697260838e-01 -2.3724351696e-01
-1.3827704729e-01 -2.3950287143e-01
-1.3972306259e-01 -2.4200744339e-01
-1.4132602018e-01 -2.4478384738e-01
-1.4310295368e-01 -2.4786158648e-01
-1.4507274544e-01 -2.5127336590e-01
-1.4725632722e-01 -2.5505544048e-01
-1.4967690256e-01 -2.5924799996e-01
-1.5236019340e-01 -2.6389559602e-01
-1.5533471339e-01 -2.6904761577e-01
-1.5863207088e-01 -2.7475880647e-01
-1.6228730482e-01 -2.8108985738e-01
-1.6633925710e-01 -2.8810804459e-01
-1.7083098526e-01 -2.9588794598e-01
-1.7581022008e-01 -3.0451223367e-01
-1.8132987277e-01 -3.1407255256e-01
-1.8744859721e-01 -3.2467049417e-01
-1.9423141324e-01 -3.3641867616e-01
-2.0175039760e-01 -3.4944193909e-01
-2.1008544982e-01 -3.6387867301e-01
-2.1932514126e-01 -3.7988228803e-01
-2.2956765632e-01 -3.9762284453e-01
-2.4092183580e-01 -4.1728886026e-01
-2.5350833343e-01 -4.3908931364e-01
-2.6746089801e-01 -4.6325586440e-01
-2.8292779471e-01 -4.9004531531e-01
-3.0007338052e-01 -5.1974234106e-01
-3.1907985083e-01 -5.5266251331e-01
-3.4014917547e-01 -5.8915565407e-01
-3.6350524494e-01 -6.2960955305e-01
-3.8939624952e-01 -6.7445408845e-01
-4.1809731668e-01 -7.2416579500e-01
-4.4991343465e-01 -7.7927292782e-01
-4.8518269335e-01 -8.4036107583e-01
-5.2427987706e-01 -9.0807938445e-01
-5.6762044702e-01 -9.8314745365e-01
-6.1566495626e-01 -1.0663629847e+00
-6.6892394365e-01 -1.1586102568e+00
-7.2796335903e-01 -1.2608695239e+00
-7.9341057720e-01 -1.3742274310e+00
-8.6596106470e-01 -1.4998885614e+00
-9.4638577003e-01 -1.6391882372e+00
-1.0355393161e+00 -1.7936067086e+00
-1.1343690816e+00 -1.9647848838e+00
-1.2439252685e+00 -2.1545417659e+00
-1.3653720617e+00 -2.3648937821e+00
-1.5000000000e+00 -2.5980762114e+00

-1.1349762493e-01 -2.2275163105e-01
-1.1350216484e-01 -2.2276054111e-01
-1.1350719748e-01 -2.2277041823e-01
-1.1351277634e-01 -2.2278136734e-01
-1.1351896069e-01 -2.2279350482e-01
-1.1352581625e-01 -2.2280695962e-01
-1.1353341588e-01 -2.2282187474e-01
-1.1354184034e-01 -2.2283840866e-01
-1.1355117913e-01 -2.2285673707e-01
-1.1356153150e-01 -2.2287705475e-01
-1.1357300746e-01 -2.2289957759e-01
-1.1358572896e-01 -2.2292454493e-01
-1.1359983117e-01 -2.2295222209e-01
-1.1361546396e-01 -2.2298290316e-01
-1.1363279345e-01 -2.2301691419e-01
-1.1365200378e-01 -2.2305461658e-01
-1.1367329908e-01 -2.2309641098e-01
-1.1369690566e-01 -2.2314274150e-01
-1.1372307437e-01 -2.2319410047e-01
-1.1375208327e-01 -2.2325103365e-01
-1.1378424064e-01 -2.2331414604e-01
-1.1381988818e-01 -2.2338410828e-01
-1.1385940471e-01 -2.2346166384e-01
-1.1390321014e-01 -2.2354763683e-01
-1.1395176996e-01 -2.2364294084e-01
-1.1400560018e-01 -2.2374858861e-01
-1.1406527284e-01 -2.2386570278e-01
-1.1413142202e-01 -2.2399552787e-01
-1.1420475066e-01 -2.2413944343e-01
-1.1428603798e-01 -2.2429897877e-01
-1.1437614776e-01 -2.2447582916e-01
-1.1447603754e-01 -2.2467187390e-01
-1.1458676879e-01 -2.2488919622e-01
-1.1470951818e-01 -2.2513010546e-01
-1.1484559010e-01 -2.2539716163e-01
-1.1499643048e-01 -2.2569320256e-01
-1.1516364223e-01 -2.2602137409e-01
-1.1534900219e-01 -2.2638516349e-01
-1.1555448006e-01 -2.2678843653e-01
-1.1578225934e-01 -2.2723547854e-01
-1.1603476049e-01 -2.2773103994e-01
-1.1631466668e-01 -2.2828038676e-01
-1.1662495229e-01 -2.2888935657e-01
-1.1696891454e-01 -2.2956442050e-01
-1.1735020851e-01 -2.3031275204e-01
-1.1777288595e-01 -2.3114230323e-01
-1.1824143840e-01 -2.3206188919e-01
-1.1876084488e-01 -2.3308128180e-01
-1.1933662478e-01 -2.3421131348e-01
-1.1997489656e-01 -2.3546399239e-01
-1.2068244274e-01 -2.3685262995e-01
-1.2146678196e-01 -2.3839198234e-01
-1.2233624890e-01 -2.4009840730e-01
-1.2330008285e-01 -2.4199003793e-01
-1.2436852586e-01 -2.4408697540e-01
-1.2555293160e-01 -2.4641150256e-01
-1.2686588602e-01 -2.4898832069e-01
-1.2832134105e-01 -2.5184481203e-01
-1.2993476291e-01 -2.5501133071e-01
-1.3172329640e-01 -2.5852152534e-01
-1.3370594717e-01 -2.6241269656e-01
-1.3590378359e-01 -2.6672619341e-01
-1.3834016069e-01 -2.7150785270e-01
-1.4104096832e-01 -2.7680848612e-01
-1.4403490627e-01 -2.8268442020e-01
-1.4735378924e-01 -2.8919809478e-01
-1.5103288491e-01 -2.9641872661e-01
-1.5511128874e-01 -3.0442304480e-01
-1.5963233935e-01 -3.1329610622e-01
-1.6464407911e-01 -3.2313219933e-01
-1.7019976464e-01 -3.3403584612e-01
-1.7635843272e-01 -3.4612291280e-01
-1.8318552766e-01 -3.5952184104e-01
-1.9075359670e-01 -3.7437501285e-01
-1.9914306097e-01 -3.9084026356e-01
-2.0844307004e-01 -4.0909255905e-01
-2.1875244927e-01 -4.2932585504e-01
-2.3018074996e-01 -4.5175515804e-01
-2.4284941350e-01 -4.7661881019e-01
-2.5689306182e-01 -5.0418102192e-01
-2.7246092796e-01 -5.3473467956e-01
-2.8971844187e-01 -5.6860445766e-01
-3.0884898832e-01 -6.0615026909e-01
-3.3005585561e-01 -6.4777108963e-01
-3.5356439583e-01 -6.9390919764e-01
-3.7962441948e-01 -7.4505487382e-01
-4.0851285007e-01 -8.0175161119e-01
-4.4053666684e-01 -8.6460189039e-01
-4.7603616678e-01 -9.3427358192e-01
-5.1538858081e-01 -1.0115070431e+00
-5.5901208233e-01 -1.0971229855e+00
-6.0737023094e-01 -1.1920311960e+00
-6.6097689831e-01 -1.2972402045e+00
-7.2040172889e-01 -1.4138680013e+00
-7.8627619304e-01 -1.5431539167e+00
-8.5930029736e-01 -1.6864717910e+00
-9.4025002319e-01 -1.8453445733e+00
-1.0299855725e+00 -2.0214605051e+00
-1.1294605086e+00 -2.2166910597e+00
-1.2397318892e+00 -2.4331108298e+00
-1.3619714992e+00 -2.6730195726e+00

-1.0168416077e-01 -2.2838636441e-01
-1.0168822814e-01 -2.2839549987e-01
-1.0169273695e-01 -2.2840562683e-01
-1.0169773513e-01 -2.2841685292e-01
-1.0170327578e-01 -2.2842929742e-01
-1.0170941778e-01 -2.2844309258e-01
-1.0171622640e-01 -2.2845838499e-01
-1.0172377398e-01 -2.2847533715e-01
-1.0173214074e-01 -2.2849412920e-01
-1.0174141558e-01 -2.2851496083e-01
-1.0175169706e-01 -2.2853805341e-01
-1.0176309444e-01 -2.2856365233e-01
-1.0177572881e-01 -2.2859202961e-01
-1.0178973446e-01 -2.2862348679e-01
-1.0180526019e-01 -2.2865835817e-01
-1.0182247100e-01 -2.2869701428e-01
-1.0184154977e-01 -2.2873986590e-01
-1.0186269925e-01 -2.2878736840e-01
-1.0188614417e-01 -2.2884002655e-01
-1.0191213367e-01 -2.2889839992e-01
-1.0194094392e-01 -2.2896310880e-01
-1.0197288107e-01 -2.2903484082e-01
-1.0200828449e-01 -2.2911435822e-01
-1.0204753041e-01 -2.2920250598e-01
-1.0209103585e-01 -2.2930022081e-01
-1.0213926313e-01 -2.2940854105e-01
-1.0219272472e-01 -2.2952861775e-01
-1.0225198873e-01 -2.2966172689e-01
-1.0231768492e-01 -2.2980928294e-01
-1.0239051140e-01 -2.2997285389e-01
-1.0247124205e-01 -2.3015417791e-01
-1.0256073474e-01 -2.3035518180e-01
-1.0265994047e-01 -2.3057800151e-01
-1.0276991342e-01 -2.3082500480e-01
-1.0289182222e-01 -2.3109881643e-01
-1.0302696230e-01 -2.3140234602e-01
-1.0317676972e-01 -2.3173881899e-01
-1.0334283638e-01 -2.3211181083e-01
-1.0352692697e-01 -2.3252528507e-01
-1.0373099772e-01 -2.3298363547e-01
-1.0395721714e-01 -2.3349173261e-01
-1.0420798914e-01 -2.3405497573e-01
-1.0448597850e-01 -2.3467935006e-01
-1.0479413925e-01 -2.3537149044e-01
-1.0513574601e-01 -2.3613875179e-01
-1.0551442884e-01 -2.3698928734e-01
-1.0593421174e-01 -2.3793213519e-01
-1.0639955550e-01 -2.3897731438e-01
-1.0691540503e-01 -2.4013593139e-01
-1.0748724193e-01 -2.4142029811e-01
-1.0812114277e-01 -2.4284406269e-01
-1.0882384360e-01 -2.4442235460e-01
-1.0960281159e-01 -2.4617194535e-01
-1.1046632433e-01 -2.4811142673e-01
-1.1142355785e-01 -2.5026140841e-01
-1.1248468406e-01 -2.5264473690e-01
-1.1366097888e-01 -2.5528673831e-01
-1.1496494205e-01 -2.5821548756e-01
-1.1641042998e-01 -2.6146210661e-01
-1.1801280297e-01 -2.6506109525e-01
-1.1978908841e-01 -2.6905069768e-01
-1.2175816179e-01 -2.7347330890e-01
-1.2394094721e-01 -2.7837592522e-01
-1.2636063975e-01 -2.8381064366e-01
-1.2904295199e-01 -2.8983521558e-01
-1.3201638716e-01 -2.9651366031e-01
-1.3531254209e-01 -3.0391694550e-01
-1.3896644295e-01 -3.1212374122e-01
-1.4301691747e-01 -3.2122125592e-01
-1.4750700748e-01 -3.3130616320e-01
-1.5248442635e-01 -3.4248562904e-01
-1.5800206600e-01 -3.5487845059e-01
-1.6411855892e-01 -3.6861631861e-01
-1.7089890123e-01 -3.8384521679e-01
-1.7841514339e-01 -4.0072697308e-01
-1.8674715578e-01 -4.1944097931e-01
-1.9598347747e-01 -4.4018609748e-01
-2.0622225706e-01 -4.6318277295e-01
-2.1757229562e-01 -4.8867537695e-01
-2.3015420291e-01 -5.1693480339e-01
-2.4410167894e-01 -5.4826134747e-01
-2.5956293480e-01 -5.8298789671e-01
-2.7670226755e-01 -6.2148346835e-01
-2.9570180613e-01 -6.6415713069e-01
-3.1676344671e-01 -7.1146234995e-01
-3.4011099813e-01 -7.6390180901e-01
-3.6599256017e-01 -8.2203274911e-01
-3.9468315994e-01 -8.8647289127e-01
-4.2648767445e-01 -9.5790700044e-01
-4.6174407032e-01 -1.0370941621e+00
-5.0082699514e-01 -1.1248758484e+00
-5.4415175863e-01 -1.2221848605e+00
-5.9217874587e-01 -1.3300552399e+00
-6.4541830950e-01 -1.4496332577e+00
-7.0443619298e-01 -1.5821895943e+00
-7.6985954231e-01 -1.7291328428e+00
-8.4238357037e-01 -1.8920244768e+00
-9.2277894451e-01 -2.0725954435e+00
-1.0118999759e+00 -2.2727645574e+00
-1.1106936979e+00 -2.4946588899e+00
-1.2202099292e+00 -2.7406363729e+00

-8.9591987386e-02 -2.3339510662e-01
-8.9595571066e-02 -2.3340444243e-01
-8.9599543698e-02 -2.3341479149e-01
-8.9603947496e-02 -2.3342626378e-01
-8.9608829258e-02 -2.3343898120e-01
-8.9614240859e-02 -2.3345307890e-01
-8.9620239804e-02 -2.3346870669e-01
-8.9626889840e-02 -2.3348603062e-01
-8.9634261634e-02 -2.3350523480e-01
-8.9642433520e-02 -2.3352652329e-01
-8.9651492336e-02 -2.3355012232e-01
-8.9661534345e-02 -2.3357628265e-01
-8.9672666256e-02 -2.3360528227e-01
-8.9685006362e-02 -2.3363742934e-01
-8.9698685793e-02 -2.3367306548e-01
-8.9713849911e-02 -2.3371256935e-01
-8.9730659857e-02 -2.3375636076e-01
-8.9749294259e-02 -2.3380490504e-01
-8.9769951132e-02 -2.3385871803e-01
-8.9792849986e-02 -2.3391837159e-01
-8.9818234151e-02 -2.3398449960e-01
-8.9846373370e-02 -2.3405780477e-01
-8.9877566659e-02 -2.3413906606e-01
-8.9912145491e-02 -2.3422914700e-01
-8.9950477312e-02 -2.3432900481e-01
-8.9992969452e-02 -2.3443970062e-01
-9.0040073447e-02 -2.3456241072e-01
-9.0092289843e-02 -2.3469843908e-01
-9.0150173509e-02 -2.3484923119e-01
-9.0214339540e-02 -2.3501638941e-01
-9.0285469787e-02 -2.3520169004e-01
-9.0364320108e-02 -2.3540710215e-01
-9.0451728394e-02 -2.3563480852e-01
-9.0548623479e-02 -2.3588722885e-01
-9.0656035006e-02 -2.3616704544e-01
-9.0775104371e-02 -2.3647723174e-01
-9.0907096848e-02 -2.3682108390e-01
-9.1053415038e-02 -2.3720225582e-01
-9.1215613774e-02 -2.3762479797e-01
-9.1395416640e-02 -2.3809320045e-01
-9.1594734287e-02 -2.3861244067e-01
-9.1815684740e-02 -2.3918803628e-01
-9.2060615899e-02 -2.3982610377e-01
-9.2332130496e-02 -2.4053342347e-01
-9.2633113745e-02 -2.4131751164e-01
-9.2966764005e-02 -2.4218670029e-01
-9.3336626771e-02 -2.4315022574e-01
-9.3746632339e-02 -2.4421832676e-01
-9.4201137584e-02 -2.4540235340e-01
-9.4704972246e-02 -2.4671488757e-01
-9.5263490260e-02 -2.4816987674e-01
-9.5882626648e-02 -2.4978278217e-01
-9.6568960582e-02 -2.5157074320e-01
-9.7329785303e-02 -2.5355275936e-01
-9.8173185618e-02 -2.5574989230e-01
-9.9108123813e-02 -2.5818548957e-01
-1.0014453489e-01 -2.6088543273e-01
-1.0129343214e-01 -2.6387841238e-01
-1.0256702417e-01 -2.6719623305e-01
-1.0397884464e-01 -2.7087415113e-01
-1.0554389609e-01 -2.7495124954e-01
-1.0727880933e-01 -2.7947085306e-01
-1.0920202020e-01 -2.8448098868e-01
-1.1133396546e-01 -2.9003489595e-01
-1.1369729995e-01 -2.9619159278e-01
-1.1631713733e-01 -3.0301650251e-01
-1.1922131699e-01 -3.1058214917e-01
-1.2244069981e-01 -3.1896892815e-01
-1.2600949616e-01 -3.2826596049e-01
-1.2996562939e-01 -3.3857203991e-01
-1.3435113885e-01 -3.4999668265e-01
-1.3921262660e-01 -3.6266129122e-01
-1.4460175262e-01 -3.7670044448e-01
-1.5057578376e-01 -3.9226332768e-01
-1.5719820231e-01 -4.0951531783e-01
-1.6453938056e-01 -4.2863974100e-01
-1.7267732859e-01 -4.4983982044e-01
-1.8169852328e-01 -4.7334083608e-01
-1.9169882721e-01 -4.9939251848e-01
-2.0278450732e-01 -5.2827170250e-01
-2.1507336418e-01 -5.6028526914e-01
-2.2869598377e-01 -5.9577340645e-01
-2.4379712511e-01 -6.3511322462e-01
-2.6053725855e-01 -6.7872276321e-01
-2.7909427100e-01 -7.2706543341e-01
-2.9966535618e-01 -7.8065494245e-01
-3.2246911010e-01 -8.4006075241e-01
-3.4774785394e-01 -9.0591413157e-01
-3.7577020906e-01 -9.7891486245e-01
-4.0683395143e-01 -1.0598386780e+00
-4.4126917597e-01 -1.1495455049e+00
-4.7944180418e-01 -1.2489886012e+00
-5.2175747264e-01 -1.3592246864e+00
-5.6866584340e-01 -1.4814251701e+00
-6.2066538229e-01 -1.6168886002e+00
-6.7830865577e-01 -1.7670544616e+00
-7.4220820274e-01 -1.9335184727e+00
-8.1304304359e-01 -2.1180495420e+00
-8.9156589573e-01 -2.3226085654e+00
-9.7861117224e-01 -2.5493692634e+00
-1.0751038486e+00 -2.8007412795e+00

-7.7254248594e-02 -2.3776412907e-01
-7.7257338764e-02 -2.3777363964e-01
-7.7260764323e-02 -2.3778418243e-01
-7.7264561673e-02 -2.3779586947e-01
-7.7268771166e-02 -2.3780882496e-01
-7.7273437534e-02 -2.3782318656e-01
-7.7278610362e-02 -2.3783910689e-01
-7.7284344620e-02 -2.3785675512e-01
-7.7290701242e-02 -2.3787631879e-01
-7.7297747775e-02 -2.3789800579e-01
-7.7305559099e-02 -2.3792204657e-01
-7.7314218220e-02 -2.3794869661e-01
-7.7323817153e-02 -2.3797823908e-01
-7.7334457899e-02 -2.3801098793e-01
-7.7346253531e-02 -2.3804729116e-01
-7.7359329395e-02 -2.3808753452e-01
-7.7373824438e-02 -2.3813214568e-01
-7.7389892691e-02 -2.3818159868e-01
-7.7407704900e-02 -2.3823641902e-01
-7.7427450346e-02 -2.3829718926e-01
-7.7449338851e-02 -2.3836455515e-01
-7.7473603009e-02 -2.3843923255e-01
-7.7500500661e-02 -2.3852201501e-01
-7.7530317632e-02 -2.3861378221e-01
-7.7563370767e-02 -2.3871550930e-01
-7.7600011302e-02 -2.3882827727e-01
-7.7640628592e-02 -2.3895328443e-01
-7.7685654253e-02 -2.3909185917e-01
-7.7735566742e-02 -2.3924547402e-01
-7.7790896450e-02 -2.3941576135e-01
-7.7852231330e-02 -2.3960453070e-01
-7.7920223150e-02 -2.3981378800e-01
-7.7995594416e-02 -2.4004575691e-01
-7.8079146050e-02 -2.4030290240e-01
-7.8171765905e-02 -2.4058795700e-01
-7.8274438192e-02 -2.4090394981e-01
-7.8388253946e-02 -2.4125423868e-01
-7.8514422616e-02 -2.4164254592e-01
-7.8654284917e-02 -2.4207299782e-01
-7.8809327077e-02 -2.4255016852e-01
-7.8981196633e-02 -2.4307912862e-01
-7.9171719934e-02 -2.4366549905e-01
-7.9382921552e-02 -2.4431551079e-01
-7.9617045794e-02 -2.4503607112e-01
-7.9876580551e-02 -2.4583483697e-01
-8.0164283737e-02 -2.4672029633e-01
-8.0483212593e-02 -2.4770185842e-01
-8.0836756175e-02 -2.4878995368e-01
-8.1228671369e-02 -2.4999614462e-01
-8.1663122813e-02 -2.5133324867e-01
-8.2144727148e-02 -2.5281547441e-01
-8.2678602082e-02 -2.5445857251e-01
-8.3270420770e-02 -2.5628000314e-01
-8.3926472096e-02 -2.5829912150e-01
-8.4653727507e-02 -2.6053738351e-01
-8.5459915089e-02 -2.6301857376e-01
-8.6353601693e-02 -2.6576905831e-01
-8.7344283964e-02 -2.6881806482e-01
-8.8442489262e-02 -2.7219799319e-01
-8.9659887525e-02 -2.7594475978e-01
-9.1009415281e-02 -2.8009817914e-01
-9.2505413114e-02 -2.8470238704e-01
-9.4163778055e-02 -2.8980630952e-01
-9.6002132507e-02 -2.9546418275e-01
-9.8040011510e-02 -3.0173612941e-01
-1.0029907032e-01 -3.0868879753e-01
-1.0280331455e-01 -3.1639606876e-01
-1.0557935522e-01 -3.2493984343e-01
-1.0865669158e-01 -3.3441091088e-01
-1.1206802455e-01 -3.4490991419e-01
-1.1584960422e-01 -3.5654841968e-01
-1.2004161507e-01 -3.6945010246e-01
-1.2468860296e-01 -3.8375206061e-01
-1.2983994853e-01 -3.9960627205e-01
-1.3555039188e-01 -4.1718120956e-01
-1.4188061433e-01 -4.3666363096e-01
-1.4889788316e-01 -4.5826056371e-01
-1.5667676649e-01 -4.8220150488e-01
-1.6529992563e-01 -5.0874085982e-01
-1.7485899349e-01 -5.3816064560e-01
-1.8545554828e-01 -5.7077348782e-01
-1.9720219294e-01 -6.0692594270e-01
-2.1022375169e-01 -6.4700217969e-01
-2.2465859646e-01 -6.9142806381e-01
-2.4066011730e-01 -7.4067568106e-01
-2.5839835231e-01 -7.9526835495e-01
-2.7806179461e-01 -8.5578620759e-01
-2.9985939524e-01 -9.2287232421e-01
-3.2402278364e-01 -9.9723958688e-01
-3.5080872897e-01 -1.0796782498e+00
-3.8050186865e-01 -1.1710643370e+00
-4.1341773307e-01 -1.2723689510e+00
-4.4990609844e-01 -1.3846685925e+00
-4.9035470374e-01 -1.5091565991e+00
-5.3519337092e-01 -1.6471558269e+00
-5.8489857235e-01 -1.8001327070e+00
-6.3999849401e-01 -1.9697128288e+00
-7.0107864821e-01 -2.1576982139e+00
-7.6878809541e-01 -2.3660864648e+00
-8.4384634142e-01 -2.5970919929e+00
-9.2705098312e-01 -2.8531695489e+00

-6.4704761276e-02 -2.4148145657e-01
-6.4707349466e-02 -2.4149111583e-01
-6.4710218564e-02 -2.4150182345e-01
-6.4713399058e-02 -2.4151369321e-01
-6.4716924744e-02 -2.4152685125e-01
-6.4720833088e-02 -2.4154143739e-01
-6.4725165622e-02 -2.4155760663e-01
-6.4729968384e-02 -2.4157553078e-01
-6.4735292411e-02 -2.4159540032e-01
-6.4741194277e-02 -2.4161742639e-01
-6.4747736699e-02 -2.4164184303e-01
-6.4754989197e-02 -2.4166890973e-01
-6.4763028841e-02 -2.4169891409e-01
-6.4771941062e-02 -2.4173217495e-01
-6.4781820565e-02 -2.4176904576e-01
-6.4792772333e-02 -2.4180991831e-01
-6.4804912744e-02 -2.4185522694e-01
-6.4818370806e-02 -2.4190545311e-01
-6.4833289530e-02 -2.4196113055e-01
-6.4849827447e-02 -2.4202285089e-01
-6.4868160295e-02 -2.4209127002e-01
-6.4888482887e-02 -2.4216711496e-01
-6.4911011178e-02 -2.4225119169e-01
-6.4935984561e-02 -2.4234439362e-01
-6.4963668414e-02 -2.4244771117e-01
-6.4994356915e-02 -2.4256224221e-01
-6.5028376171e-02 -2.4268920380e-01
-6.5066087684e-02 -2.4282994509e-01
-6.5107892190e-02 -2.4298596163e-01
-6.5154233921e-02 -2.4315891132e-01
-6.5205605319e-02 -2.4335063199e-01
-6.5262552277e-02 -2.4356316093e-01
-6.5325679934e-02 -2.4379875655e-01
-6.5395659109e-02 -2.4405992239e-01
-6.5473233426e-02 -2.4434943368e-01
-6.5559227219e-02 -2.4467036689e-01
-6.5654554290e-02 -2.4502613236e-01
-6.5760227619e-02 -2.4542051059e-01
-6.5877370132e-02 -2.4585769240e-01
-6.6007226627e-02 -2.4634232344e-01
-6.6151177009e-02 -2.4687955358e-01
-6.6310750947e-02 -2.4747509162e-01
-6.6487644135e-02 -2.4813526599e-01
-6.6683736304e-02 -2.4886709192e-01
-6.6901111203e-02 -2.4967834609e-01
-6.7142078740e-02 -2.5057764918e-01
-6.7409199524e-02 -2.5157455752e-01
-6.7705312081e-02 -2.5267966463e-01
-6.8033563012e-02 -2.5390471378e-01
-6.8397440436e-02 -2.5526272281e-01
-6.8800811048e-02 -2.5676812243e-01
-6.9247961215e-02 -2.5843690958e-01
-6.9743642522e-02 -2.6028681740e-01
-7.0293122262e-02 -2.6233750371e-01
-7.0902239413e-02 -2.6461075986e-01
-7.1577466678e-02 -2.6713074232e-01
-7.2325979277e-02 -2.6992422937e-01
-7.3155731181e-02 -2.7302090563e-01
-7.4075539643e-02 -2.7645367755e-01
-7.5095178892e-02 -2.8025902303e-01
-7.6225483993e-02 -2.8447737909e-01
-7.7478465990e-02 -2.8915357157e-01
-7.8867439536e-02 -2.9433729141e-01
-8.0407164381e-02 -3.0008362276e-01
-8.2114002216e-02 -3.0645362828e-01
-8.4006090534e-02 -3.1351499802e-01
-8.6103535371e-02 -3.2134276872e-01
-8.8428624957e-02 -3.3002012118e-01
-9.1006066561e-02 -3.3963926420e-01
-9.3863249036e-02 -3.5030241437e-01
-9.7030533869e-02 -3.6212288228e-01
-1.0054157781e-01 -3.7522627665e-01
-1.0443369051e-01 -3.8975183901e-01
-1.0874823102e-01 -4.0585392341e-01
-1.1353104725e-01 -4.2370363659e-01
-1.1883296319e-01 -4.4349065625e-01
-1.2471031897e-01 -4.6542524663e-01
-1.3122556957e-01 -4.8974049287e-01
-1.3844794845e-01 -5.1669477782e-01
-1.4645420332e-01 -5.4657452777e-01
-1.5532941161e-01 -5.7969725605e-01
-1.6516788461e-01 -6.1641493713e-01
-1.7607416958e-01 -6.5711774676e-01
-1.8816416077e-01 -7.0223820815e-01
-2.0156633094e-01 -7.5225578815e-01
-2.1642309653e-01 -8.0770199217e-01
-2.3289233107e-01 -8.6916601225e-01
-2.5114904279e-01 -9.3730098795e-01
-2.7138723429e-01 -1.0128309469e+00
-2.9382196415e-01 -1.0965584986e+00
-3.1869163217e-01 -1.1893733632e+00
-3.4626051269e-01 -1.2922618260e+00
-3.7682156291e-01 -1.4063172182e+00
-4.1069953593e-01 -1.5327515347e+00
-4.4825443172e-01 -1.6729083139e+00
-4.8988532259e-01 -1.8282769138e+00
-5.3603459390e-01 -2.0005083390e+00
-5.8719264498e-01 -2.1914327849e+00
-6.4390310035e-01 -2.4030790857e+00
-7.0676858644e-01 -2.6376962738e+00
-7.7645713531e-01 -2.8977774789e+00

-5.1977922704e-02 -2.4453690018e-01
-5.1980001821e-02 -2.4454668166e-01
-5.1982306594e-02 -2.4455752476e-01
-5.1984861513e-02 -2.4456954471e-01
-5.1987693729e-02 -2.4458286924e-01
-5.1990833337e-02 -2.4459763994e-01
-5.1994313701e-02 -2.4461401376e-01
-5.1998171804e-02 -2.4463216471e-01
-5.2002448643e-02 -2.4465228565e-01
-5.2007189666e-02 -2.4467459041e-01
-5.2012445252e-02 -2.4469931600e-01
-5.2018271250e-02 -2.4472672517e-01
-5.2024729569e-02 -2.4475710917e-01
-5.2031888838e-02 -2.4479079088e-01
-5.2039825132e-02 -2.4482812821e-01
-5.2048622787e-02 -2.4486951792e-01
-5.2058375289e-02 -2.4491539984e-01
-5.2069186273e-02 -2.4496626151e-01
-5.2081170619e-02 -2.4502264343e-01
-5.2094455678e-02 -2.4508514472e-01
-5.2109182622e-02 -2.4515442954e-01
-5.2125507945e-02 -2.4523123415e-01
-5.2143605125e-02 -2.4531637469e-01
-5.2163666471e-02 -2.4541075590e-01
-5.2185905161e-02 -2.4551538071e-01
-5.2210557513e-02 -2.4563136091e-01
-5.2237885490e-02 -2.4575992893e-01
-5.2268179492e-02 -2.4590245100e-01
-5.2301761431e-02 -2.4606044161e-01
-5.2338988164e-02 -2.4623557962e-01
-5.2380255276e-02 -2.4642972611e-01
-5.2426001284e-02 -2.4664494416e-01
-5.2476712305e-02 -2.4688352076e-01
-5.2532927212e-02 -2.4714799110e-01
-5.2595243366e-02 -2.4744116556e-01
-5.2664322961e-02 -2.4776615950e-01
-5.2740900064e-02 -2.4812642644e-01
-5.2825788409e-02 -2.4852579471e-01
-5.2919890054e-02 -2.4896850814e-01
-5.3024204957e-02 -2.4945927117e-01
-5.3139841606e-02 -2.5000329883e-01
-5.3268028801e-02 -2.5060637217e-01
-5.3410128706e-02 -2.5127489966e-01
-5.3567651328e-02 -2.5201598533e-01
-5.3742270560e-02 -2.5283750423e-01
-5.3935841971e-02 -2.5374818612e-01
-5.4150422524e-02 -2.5475770825e-01
-5.4388292432e-02 -2.5587679818e-01
-5.4651979388e-02 -2.5711734777e-01
-5.4944285429e-02 -2.5849253957e-01
-5.5268316707e-02 -2.6001698688e-01
-5.5627516500e-02 -2.6170688904e-01
-5.6025701798e-02 -2.6358020358e-01
-5.6467103866e-02 -2.6565683704e-01
-5.6956413208e-02 -2.6795885651e-01
-5.7498829407e-02 -2.7051072409e-01
-5.8100116379e-02 -2.7333955688e-01
-5.8766663623e-02 -2.7647541511e-01
-5.9505554119e-02 -2.7995162159e-01
-6.0324639593e-02 -2.8380511577e-01
-6.1232623952e-02 -2.8807684633e-01
-6.2239155776e-02 -2.9281220625e-01
-6.3354930847e-02 -2.9806151525e-01
-6.4591805807e-02 -3.0388055442e-01
-6.5962924149e-02 -3.1033115906e-01
-6.7482855888e-02 -3.1748187569e-01
-6.9167752386e-02 -3.2540869048e-01
-7.1035517978e-02 -3.3419583672e-01
-7.3106000240e-02 -3.4393668991e-01
-7.5401200886e-02 -3.5473475998e-01
-7.7945509573e-02 -3.6670479123e-01
-8.0765963073e-02 -3.7997398170e-01
-8.3892532576e-02 -3.9468333472e-01
-8.7358442175e-02 -4.1098915737e-01
-9.1200521915e-02 -4.2906472140e-01
-9.5459599167e-02 -4.4910210448e-01
-1.0018093247e-01 -4.7131423131e-01
-1.0541469248e-01 -4.9593713621e-01
-1.1121649507e-01 -5.2323247136e-01
-1.1764799235e-01 -5.5349028715e-01
-1.2477752783e-01 -5.8703211440e-01
-1.3268086258e-01 -6.2421438107e-01
-1.4144198041e-01 -6.6543219976e-01
-1.5115398019e-01 -7.1112356638e-01
-1.6192006527e-01 -7.6177401441e-01
-1.7385464008e-01 -8.1792177437e-01
-1.8708452584e-01 -8.8016349328e-01
-2.0175030826e-01 -9.4916057483e-01
-2.1800783140e-01 -1.0256462077e+00
-2.3602985376e-01 -1.1104331568e+00
-2.5600788407e-01 -1.2044223997e+00
-2.7815421631e-01 -1.3086127011e+00
-3.0270418566e-01 -1.4241112261e+00
-3.2991866924e-01 -1.5521453050e+00
-3.6008685829e-01 -1.6940754755e+00
-3.9352933122e-01 -1.8514099406e+00
-4.3060146022e-01 -2.0258205949e+00
-4.7169718753e-01 -2.2191607910e+00
-5.1725321166e-01 -2.4334850338e+00
-5.6775362789e-01 -2.6710708125e+00
-6.2373507245e-01 -2.9344428022e+00

-3.9108616260e-02 -2.4692208515e-01
-3.9110180605e-02 -2.4693196203e-01
-3.9111914734e-02 -2.4694291090e-01
-3.9113837077e-02 -2.4695504809e-01
-3.9115968059e-02 -2.4696850258e-01
-3.9118330326e-02 -2.4698341735e-01
-3.9120948981e-02 -2.4699995088e-01
-3.9123851849e-02 -2.4701827887e-01
-3.9127069778e-02 -2.4703859607e-01
-3.9130636962e-02 -2.4706111839e-01
-3.9134591309e-02 -2.4708608515e-01
-3.9138974838e-02 -2.4711376166e-01
-3.9143834130e-02 -2.4714444203e-01
-3.9149220822e-02 -2.4717845226e-01
-3.9155192155e-02 -2.4721615378e-01
-3.9161811583e-02 -2.4725794720e-01
-3.9169149446e-02 -2.4730427664e-01
-3.9177283719e-02 -2.4735563442e-01
-3.9186300839e-02 -2.4741256628e-01
-3.9196296627e-02 -2.4747567720e-01
-3.9207377301e-02 -2.4754563782e-01
-3.9219660608e-02 -2.4762319157e-01
-3.9233277075e-02 -2.4770916256e-01
-3.9248371397e-02 -2.4780446435e-01
-3.9265103970e-02 -2.4791010966e-01
-3.9283652602e-02 -2.4802722112e-01
-3.9304214397e-02 -2.4815704318e-01
-3.9327007852e-02 -2.4830095540e-01
-3.9352275180e-02 -2.4846048702e-01
-3.9380284880e-02 -2.4863733331e-01
-3.9411334593e-02 -2.4883337348e-01
-3.9445754267e-02 -2.4905069075e-01
-3.9483909655e-02 -2.4929159439e-01
-3.9526206214e-02 -2.4955864435e-01
-3.9573093400e-02 -2.4985467839e-01
-3.9625069455e-02 -2.5018284229e-01
-3.9682686696e-02 -2.5054662323e-01
-3.9746557385e-02 -2.5094988689e-01
-3.9817360236e-02 -2.5139691850e-01
-3.9895847626e-02 -2.5189246838e-01
-3.9982853592e-02 -2.5244180243e-01
-4.0079302691e-02 -2.5305075807e-01
-4.0186219827e-02 -2.5372580630e-01
-4.0304741142e-02 -2.5447412044e-01
-4.0436126088e-02 -2.5530365233e-01
-4.0581770809e-02 -2.5622321691e-01
-4.0743222981e-02 -2.5724258581e-01
-4.0922198254e-02 -2.5837259121e-01
-4.1120598488e-02 -2.5962524099e-01
-4.1340531955e-02 -2.6101384625e-01
-4.1584335752e-02 -2.6255316284e-01
-4.1854600629e-02 -2.6425954812e-01
-4.2154198520e-02 -2.6615113475e-01
-4.2486313064e-02 -2.6824802346e-01
-4.2854473434e-02 -2.7057249656e-01
-4.3262591840e-02 -2.7314925476e-01
-4.3715005100e-02 -2.7600567966e-01
-4.4216520725e-02 -2.7917212470e-01
-4.4772468008e-02 -2.8268223770e-01
-4.5388754651e-02 -2.8657331842e-01
-4.6071929545e-02 -2.9088671495e-01
-4.6829252362e-02 -2.9566826303e-01
-4.7668770697e-02 -3.0096877319e-01
-4.8599405582e-02 -3.0684457061e-01
-4.9631046293e-02 -3.1335809371e-01
-5.0774655426e-02 -3.2057855760e-01
-5.2042385399e-02 -3.2858268964e-01
-5.3447707582e-02 -3.3745554470e-01
-5.5005555454e-02 -3.4729140906e-01
-5.6732483284e-02 -3.5819480227e-01
-5.8646842053e-02 -3.7028158784e-01
-6.0768974448e-02 -3.8368020447e-01
-6.3121431041e-02 -3.9853303084e-01
-6.5729209909e-02 -4.1499789862e-01
-6.8620022285e-02 -4.3324976964e-01
-7.1824587015e-02 -4.5348259506e-01
-7.5376957000e-02 -4.7591137643e-01
-7.9314881045e-02 -5.0077445034e-01
-8.3680204999e-02 -5.2833602106e-01
-8.8519316421e-02 -5.5888896813e-01
-9.3883637509e-02 -5.9275795853e-01
-9.9830171540e-02 -6.3030289677e-01
-1.0642210860e-01 -6.7192274936e-01
-1.1372949706e-01 -7.1805978434e-01
-1.2182998797e-01 -7.6920427105e-01
-1.3080966014e-01 -8.2589968984e-01
-1.4076393493e-01 -8.8874850736e-01
-1.5179859016e-01 -9.5841857856e-01
-1.6403088420e-01 -1.0356502436e+00
-1.7759080195e-01 -1.1212641948e+00
-1.9262243615e-01 -1.2161701980e+00
-2.0928551856e-01 -1.3213767598e+00
-2.2775711728e-01 -1.4380018442e+00
-2.4823351840e-01 -1.5672847528e+00
-2.7093231180e-01 -1.7105992940e+00
-2.9609470331e-01 -1.8694683815e+00
-3.2398807787e-01 -2.0455802174e+00
-3.5490884087e-01 -2.2408062316e+00
-3.8918556786e-01 -2.4572209686e+00
-4.2718249611e-01 -2.6971241318e+00
-4.6930339512e-01 -2.9630650218e+00

-2.6132115817e-02 -2.4863047384e-01
-2.6133161102e-02 -2.4864041906e-01
-2.6134319835e-02 -2.4865144368e-01
-2.6135604332e-02 -2.4866366484e-01
-2.6137028240e-02 -2.4867721243e-01
-2.6138606691e-02 -2.4869223038e-01
-2.6140356458e-02 -2.4870887831e-01
-2.6142296135e-02 -2.4872733310e-01
-2.6144446334e-02 -2.4874779087e-01
-2.6146829903e-02 -2.4877046902e-01
-2.6149472171e-02 -2.4879560852e-01
-2.6152401215e-02 -2.4882347652e-01
-2.6155648162e-02 -2.4885436915e-01
-2.6159247514e-02 -2.4888861469e-01
-2.6163237519e-02 -2.4892657705e-01
-2.6167660576e-02 -2.4896865963e-01
-2.6172563687e-02 -2.4901530962e-01
-2.6177998954e-02 -2.4906702273e-01
-2.6184024133e-02 -2.4912434848e-01
-2.6190703252e-02 -2.4918789605e-01
-2.6198107284e-02 -2.4925834071e-01
-2.6206314907e-02 -2.4933643103e-01
-2.6215413340e-02 -2.4942299683e-01
-2.6225499265e-02 -2.4951895800e-01
-2.6236679858e-02 -2.4962533424e-01
-2.6249073930e-02 -2.4974325595e-01
-2.6262813184e-02 -2.4987397622e-01
-2.6278043618e-02 -2.5001888413e-01
-2.6294927078e-02 -2.5017951951e-01
-2.6313642972e-02 -2.5035758935e-01
-2.6334390183e-02 -2.5055498588e-01
-2.6357389178e-02 -2.5077380670e-01
-2.6382884354e-02 -2.5101637709e-01
-2.6411146631e-02 -2.5128527470e-01
-2.6442476335e-02 -2.5158335693e-01
-2.6477206388e-02 -2.5191379130e-01
-2.6515705843e-02 -2.5228008915e-01
-2.6558383810e-02 -2.5268614288e-01
-2.6605693801e-02 -2.5313626738e-01
-2.6658138551e-02 -2.5363524584e-01
-2.6716275355e-02 -2.5418838059e-01
-2.6780721998e-02 -2.5480154943e-01
-2.6852163313e-02 -2.5548126815e-01
-2.6931358463e-02 -2.5623475967e-01
-2.7019149005e-02 -2.5707003088e-01
-2.7116467834e-02 -2.5799595768e-01
-2.7224349095e-02 -2.5902237932e-01
-2.7343939176e-02 -2.6016020293e-01
-2.7476508885e-02 -2.6142151946e-01
-2.7623466957e-02 -2.6281973212e-01
-2.7786375023e-02 -2.6436969883e-01
-2.7966964206e-02 -2.6608789014e-01
-2.8167153513e-02 -2.6799256416e-01
-2.8389070230e-02 -2.7010396069e-01
-2.8635072528e-02 -2.7244451620e-01
-2.8907774517e-02 -2.7503910231e-01
-2.9210074031e-02 -2.7791529007e-01
-2.9545183418e-02 -2.8110364290e-01
-2.9916663673e-02 -2.8463804144e-01
-3.0328462286e-02 -2.8855604353e-01
-3.0784955182e-02 -2.9289928331e-01
-3.1290993223e-02 -2.9771391366e-01
-3.1851953759e-02 -3.0305109664e-01
-3.2473797765e-02 -3.0896754715e-01
-3.3163133188e-02 -3.1552613560e-01
-3.3927285162e-02 -3.2279655598e-01
-3.4774373851e-02 -3.3085606649e-01
-3.5713400735e-02 -3.3979031049e-01
-3.6754344263e-02 -3.4969422660e-01
-3.7908265890e-02 -3.6067305750e-01
-3.9187427615e-02 -3.7284346835e-01
-4.0605422288e-02 -3.8633478647e-01
-4.2177318050e-02 -4.0129037563e-01
-4.3919818448e-02 -4.1786915948e-01
-4.5851439943e-02 -4.3624731037e-01
-4.7992708663e-02 -4.5662012137e-01
-5.0366378528e-02 -4.7920408155e-01
-5.2997673037e-02 -5.0423917650e-01
-5.5914553307e-02 -5.3199143846e-01
-5.9148015193e-02 -5.6275577329e-01
-6.2732418667e-02 -5.9685909429e-01
-6.6705852934e-02 -6.3466379605e-01
-7.1110541188e-02 -6.7657160540e-01
-7.5993289286e-02 -7.2302785034e-01
-8.1405983129e-02 -7.7452619225e-01
-8.7406140018e-02 -8.3161387167e-01
-9.4057519855e-02 -8.9489752356e-01
-1.0143080268e-01 -9.6504962358e-01
-1.0960433974e-01 -1.0428156341e+00
-1.1866498609e-01 -1.1290219256e+00
-1.2870902353e-01 -1.2245845584e+00
-1.3984318375e-01 -1.3305190166e+00
-1.5218578247e-01 -1.4479509992e+00
-1.6586797675e-01 -1.5781283821e+00
-1.8103515869e-01 -1.7224344788e+00
-1.9784850040e-01 -1.8824027395e+00
-2.1648666672e-01 -2.0597330467e+00
-2.3714771375e-01 -2.2563097781e+00
-2.6005119348e-01 -2.4742218315e+00
-2.8544048680e-01 -2.7157848214e+00
-3.1358538980e-01 -2.9835656861e+00

-1.3083989061e-02 -2.4965738369e-01
-1.3084512420e-02 -2.4966736998e-01
-1.3085092582e-02 -2.4967844014e-01
-1.3085735712e-02 -2.4969071178e-01
-1.3086448643e-02 -2.4970431531e-01
-1.3087238952e-02 -2.4971939530e-01
-1.3088115036e-02 -2.4973611199e-01
-1.3089086205e-02 -2.4975464300e-01
-1.3090162780e-02 -2.4977518527e-01
-1.3091356200e-02 -2.4979795708e-01
-1.3092679147e-02 -2.4982320041e-01
-1.3094145679e-02 -2.4985118352e-01
-1.3095771381e-02 -2.4988220374e-01
-1.3097573526e-02 -2.4991659073e-01
-1.3099571266e-02 -2.4995470989e-01
-1.3101785830e-02 -2.4999696628e-01
-1.3104240750e-02 -2.5004380894e-01
-1.3106962113e-02 -2.5009573564e-01
-1.3109978837e-02 -2.5015329816e-01
-1.3113322979e-02 -2.5021710820e-01
-1.3117030076e-02 -2.5028784381e-01
-1.3121139519e-02 -2.5036625667e-01
-1.3125694979e-02 -2.5045318001e-01
-1.3130744862e-02 -2.5054953752e-01
-1.3136342830e-02 -2.5065635312e-01
-1.3142548371e-02 -2.5077476189e-01
-1.3149427425e-02 -2.5090602206e-01
-1.3157053093e-02 -2.5105152848e-01
-1.3165506408e-02 -2.5121282733e-01
-1.3174877197e-02 -2.5139163264e-01
-1.3185265039e-02 -2.5158984447e-01
-1.3196780318e-02 -2.5180956908e-01
-1.3209545400e-02 -2.5205314135e-01
-1.3223695931e-02 -2.5232314958e-01
-1.3239382281e-02 -2.5262246296e-01
-1.3256771138e-02 -2.5295426212e-01
-1.3276047283e-02 -2.5332207288e-01
-1.3297415551e-02 -2.5372980372e-01
-1.3321103009e-02 -2.5418178735e-01
-1.3347361370e-02 -2.5468282672e-01
-1.3376469664e-02 -2.5523824606e-01
-1.3408737207e-02 -2.5585394746e-01
-1.3444506886e-02 -2.5653647359e-01
-1.3484158803e-02 -2.5729307723e-01
-1.3528114313e-02 -2.5813179833e-01
-1.3576840505e-02 -2.5906154946e-01
-1.3630855161e-02 -2.6009221049e-01
-1.3690732261e-02 -2.6123473362e-01
-1.3757108081e-02 -2.6250125972e-01
-1.3830687956e-02 -2.6390524737e-01
-1.3912253772e-02 -2.6546161586e-01
-1.4002672279e-02 -2.6718690375e-01
-1.4102904297e-02 -2.6909944458e-01
-1.4214014929e-02 -2.7121956173e-01
-1.4337184877e-02 -2.7356978436e-01
-1.4473722993e-02 -2.7617508681e-01
-1.4625080180e-02 -2.7906315398e-01
-1.4792864816e-02 -2.8226467556e-01
-1.4978859844e-02 -2.8581367210e-01
-1.5185041715e-02 -2.8974785657e-01
-1.5413601396e-02 -2.9410903508e-01
-1.5666967646e-02 -2.9894355114e-01
-1.5947832830e-02 -3.0430277810e-01
-1.6259181526e-02 -3.1024366513e-01
-1.6604322241e-02 -3.1682934228e-01
-1.6986922568e-02 -3.2412979143e-01
-1.7411048162e-02 -3.3222258986e-01
-1.7881205939e-02 -3.4119373466e-01
-1.8402391970e-02 -3.5113855657e-01
-1.8980144573e-02 -3.6216273296e-01
-1.9620603162e-02 -3.7438341083e-01
-2.0330573489e-02 -3.8793045168e-01
-2.1117599962e-02 -4.0294781138e-01
-2.1990045818e-02 -4.1959507002e-01
-2.2957181992e-02 -4.3804912755e-01
-2.4029285632e-02 -4.5850608366e-01
-2.5217749313e-02 -4.8118332160e-01
-2.6535202091e-02 -5.0632181813e-01
-2.7995643710e-02 -5.3418870429e-01
-2.9614593368e-02 -5.6508010400e-01
-3.1409254625e-02 -5.9932428076e-01
-3.3398698222e-02 -6.3728512597e-01
-3.5604064727e-02 -6.7936602570e-01
-3.8048789186e-02 -7.2601414727e-01
-4.0758850152e-02 -7.7772519099e-01
-4.3763045742e-02 -8.3504865768e-01
-4.7093299658e-02 -8.9859368785e-01
-5.0785000418e-02 -9.6903553466e-01
-5.4877377409e-02 -1.0471227394e+00
-5.9413917755e-02 -1.1336850858e+00
-6.4442828423e-02 -1.2296424177e+00
-7.0017548490e-02 -1.3360144133e+00
-7.6197317009e-02 -1.4539314211e+00
-8.3047802502e-02 -1.5846464712e+00
-9.0641800780e-02 -1.7295485903e+00
-9.9060008498e-02 -1.8901775624e+00
-1.0839188067e-01 -2.0682402908e+00
-1.1873658123e-01 -2.2656289364e+00
-1.3020403685e-01 -2.4844410243e+00
-1.4291610495e-01 -2.7270017335e+00
-1.5700786873e-01 -2.9958886043e+00

-4.5924254968e-17 -2.5000000000e-01
-4.5926091938e-17 -2.5001000000e-01
-4.5928128283e-17 -2.5002108534e-01
-4.5930385641e-17 -2.5003337383e-01
-4.5932887999e-17 -2.5004699603e-01
-4.5935661949e-17 -2.5006209671e-01
-4.5938736969e-17 -2.5007883634e-01
-4.5942145733e-17 -2.5009739279e-01
-4.5945924465e-17 -2.5011796325e-01
-4.5950113319e-17 -2.5014076631e-01
-4.5954756808e-17 -2.5016604428e-01
-4.5959904275e-17 -2.5019406579e-01
-4.5965610418e-17 -2.5022512859e-01
-4.5971935874e-17 -2.5025956276e-01
-4.5978947859e-17 -2.5029773423e-01
-4.5986720885e-17 -2.5034004861e-01
-4.5995337551e-17 -2.5038695556e-01
-4.6004889421e-17 -2.5043895352e-01
-4.6015477997e-17 -2.5049659504e-01
-4.6027215797e-17 -2.5056049264e-01
-4.6040227550e-17 -2.5063132533e-01
-4.6054651526e-17 -2.5070984580e-01
-4.6070640998e-17 -2.5079688843e-01
-4.6088365876e-17 -2.5089337817e-01
-4.6108014512e-17 -2.5100034037e-01
-4.6129795699e-17 -2.5111891163e-01
-4.6153940893e-17 -2.5125035194e-01
-4.6180706669e-17 -2.5139605804e-01
-4.6210377450e-17 -2.5155757825e-01
-4.6243268530e-17 -2.5173662894e-01
-4.6279729420e-17 -2.5193511279e-01
-4.6320147568e-17 -2.5215513894e-01
-4.6364952472e-17 -2.5239904547e-01
-4.6414620246e-17 -2.5266942424e-01
-4.6469678679e-17 -2.5296914839e-01
-4.6530712840e-17 -2.5330140289e-01
-4.6598371303e-17 -2.5366971841e-01
-4.6673373032e-17 -2.5407800880e-01
-4.6756515022e-17 -2.5453061271e-01
-4.6848680771e-17 -2.5503233968e-01
-4.6950849667e-17 -2.5558852125e-01
-4.7064107395e-17 -2.5620506760e-01
-4.7189657473e-17 -2.5688853039e-01
-4.7328834043e-17 -2.5764617236e-01
-4.7483116049e-17 -2.5848604447e-01
-4.7654142946e-17 -2.5941707154e-01
-4.7843732132e-17 -2.6044914700e-01
-4.8053898251e-17 -2.6159323806e-01
-4.8286874607e-17 -2.6286150227e-01
-4.8545136893e-17 -2.6426741668e-01
-4.8831429501e-17 -2.6582592104e-01
-4.9148794682e-17 -2.6755357662e-01
-4.9500604877e-17 -2.6946874213e-01
-4.9890598553e-17 -2.7159176881e-01
-5.0322919927e-17 -2.7394521676e-01
-5.0802163008e-17 -2.7655409458e-01
-5.1333420410e-17 -2.7944612518e-01
-5.1922337474e-17 -2.8265204035e-01
-5.2575172250e-17 -2.8620590735e-01
-5.3298862005e-17 -2.9014549089e-01
-5.4101096936e-17 -2.9451265444e-01
-5.4990401889e-17 -2.9935380512e-01
-5.5976226950e-17 -3.0472038680e-01
-5.7069047864e-17 -3.1066942678e-01
-5.8280477354e-17 -3.1726414176e-01
-5.9623388519e-17 -3.2457460965e-01
-6.1112051634e-17 -3.3267851420e-01
-6.2762285788e-17 -3.4166197052e-01
-6.4591626984e-17 -3.5162044016e-01
-6.6619514482e-17 -3.6265974553e-01
-6.8867497372e-17 -3.7489719441e-01
-7.1359463555e-17 -3.8846282648e-01
-7.4121893594e-17 -4.0350079520e-01
-7.7184142099e-17 -4.2017089963e-01
-8.0578749664e-17 -4.3865028251e-01
-8.4341788652e-17 -4.5913531265e-01
-8.8513246517e-17 -4.8184367160e-01
-9.3137450726e-17 -5.0701666685e-01
-9.8263539794e-17 -5.3492179602e-01
-1.0394598545e-16 -5.6585558942e-01
-1.1024517149e-16 -6.0014676104e-01
-1.1722803540e-16 -6.3815970166e-01
-1.2496877969e-16 -6.8029835095e-01
-1.3354966041e-16 -7.2701048988e-01
-1.4306186117e-16 -7.7879249904e-01
-1.5360646218e-16 -8.3619463336e-01
-1.6529551429e-16 -8.9982686930e-01
-1.7825322972e-16 -9.7036538670e-01
-1.9261730199e-16 -1.0485597541e+00
-2.0854036907e-16 -1.1352408940e+00
-2.2619163541e-16 -1.2313299125e+00
-2.4575866994e-16 -1.3378478873e+00
-2.6744939926e-16 -1.4559267181e+00
-2.9149431713e-16 -1.5868211544e+00
-3.1814893382e-16 -1.7319221294e+00
-3.4769649121e-16 -1.8927715401e+00
-3.8045097264e-16 -2.0710786321e+00
-4.1676043945e-16 -2.2687381632e+00
-4.5701072954e-16 -2.4878505370e+00
-5.0162955750e-16 -2.7307441234e+00
-5.5109105962e-16 -3.0000000000e+00

1.3083989061e-02 -2.4965738369e-01
1.3084512420e-02 -2.4966736998e-01
1.3085092582e-02 -2.4967844014e-01
1.3085735712e-02 -2.4969071178e-01
1.3086448643e-02 -2.4970431531e-01
1.3087238952e-02 -2.4971939530e-01
1.3088115036e-02 -2.4973611199e-01
1.3089086205e-02 -2.4975464300e-01
1.3090162780e-02 -2.4977518527e-01
1.3091356200e-02 -2.4979795708e-01
1.3092679147e-02 -2.4982320041e-01
1.3094145679e-02 -2.4985118352e-01
1.3095771381e-02 -2.4988220374e-01
1.3097573526e-02 -2.4991659073e-01
1.3099571266e-02 -2.4995470989e-01
1.3101785830e-02 -2.4999696628e-01
1.3104240750e-02 -2.5004380894e-01
1.3106962113e-02 -2.5009573564e-01
1.3109978837e-02 -2.5015329816e-01
1.3113322979e-02 -2.5021710820e-01
1.3117030076e-02 -2.5028784381e-01
1.3121139519e-02 -2.5036625667e-01
1.3125694979e-02 -2.5045318001e-01
1.3130744862e-02 -2.5054953752e-01
1.3136342830e-02 -2.5065635312e-01
1.3142548371e-02 -2.5077476189e-01
1.3149427425e-02 -2.5090602206e-01
1.3157053093e-02 -2.5105152848e-01
1.3165506408e-02 -2.5121282733e-01
1.3174877197e-02 -2.5139163264e-01
1.3185265039e-02 -2.5158984447e-01
1.3196780318e-02 -2.5180956908e-01
1.3209545400e-02 -2.5205314135e-01
1.3223695931e-02 -2.5232314958e-01
1.3239382281e-02 -2.5262246296e-01
1.3256771138e-02 -2.5295426212e-01
1.3276047283e-02 -2.5332207288e-01
1.3297415551e-02 -2.5372980372e-01
1.3321103009e-02 -2.5418178735e-01
1.3347361370e-02 -2.5468282672e-01
1.3376469664e-02 -2.5523824606e-01
1.3408737207e-02 -2.5585394746e-01
1.3444506886e-02 -2.5653647359e-01
1.3484158803e-02 -2.5729307723e-01
1.3528114313e-02 -2.5813179833e-01
1.3576840505e-02 -2.5906154946e-01
1.3630855161e-02 -2.6009221049e-01
1.3690732261e-02 -2.6123473362e-01
1.3757108081e-02 -2.6250125972e-01
1.3830687956e-02 -2.6390524737e-01
1.3912253772e-02 -2.6546161586e-01
1.4002672279e-02 -2.6718690375e-01
1.4102904297e-02 -2.6909944458e-01
1.4214014929e-02 -2.7121956173e-01
1.4337184877e-02 -2.7356978436e-01
1.4473722993e-02 -2.7617508681e-01
1.4625080180e-02 -2.7906315398e-01
1.4792864816e-02 -2.8226467556e-01
1.4978859844e-02 -2.8581367210e-01
1.5185041715e-02 -2.8974785657e-01
1.5413601396e-02 -2.9410903508e-01
1.5666967646e-02 -2.9894355114e-01
1.5947832830e-02 -3.0430277810e-01
1.6259181526e-02 -3.1024366513e-01
1.6604322241e-02 -3.1682934228e-01
1.6986922568e-02 -3.2412979143e-01
1.7411048162e-02 -3.3222258986e-01
1.7881205939e-02 -3.4119373466e-01
1.8402391970e-02 -3.5113855657e-01
1.8980144573e-02 -3.6216273296e-01
1.9620603162e-02 -3.7438341083e-01
2.0330573489e-02 -3.8793045168e-01
2.1117599962e-02 -4.0294781138e-01
2.1990045818e-02 -4.1959507002e-01
2.2957181992e-02 -4.3804912755e-01
2.4029285632e-02 -4.5850608366e-01
2.5217749313e-02 -4.8118332160e-01
2.6535202091e-02 -5.0632181813e-01
2.7995643710e-02 -5.3418870429e-01
2.9614593368e-02 -5.6508010400e-01
3.1409254625e-02 -5.9932428076e-01
3.3398698222e-02 -6.3728512597e-01
3.5604064727e-02 -6.7936602570e-01
3.8048789186e-02 -7.2601414727e-01
4.0758850152e-02 -7.7772519099e-01
4.3763045742e-02 -8.3504865768e-01
4.7093299658e-02 -8.9859368785e-01
5.0785000418e-02 -9.6903553466e-01
5.4877377409e-02 -1.0471227394e+00
5.9413917755e-02 -1.1336850858e+00
6.4442828423e-02 -1.2296424177e+00
7.0017548490e-02 -1.3360144133e+00
7.6197317009e-02 -1.4539314211e+00
8.3047802502e-02 -1.5846464712e+00
9.0641800780e-02 -1.7295485903e+00
9.9060008498e-02 -1.8901775624e+00
1.0839188067e-01 -2.0682402908e+00
1.1873658123e-01 -2.2656289364e+00
1.3020403685e-01 -2.4844410243e+00
1.4291610495e-01 -2.7270017335e+00
1.5700786873e-01 -2.9958886043e+00

2.6132115817e-02 -2.4863047384e-01
2.6133161102e-02 -2.4864041906e-01
2.6134319835e-02 -2.4865144368e-01
2.6135604332e-02 -2.4866366484e-01
2.6137028240e-02 -2.4867721243e-01
2.6138606691e-02 -2.4869223038e-01
2.6140356458e-02 -2.4870887831e-01
2.6142296135e-02 -2.4872733310e-01
2.6144446334e-02 -2.4874779087e-01
2.6146829903e-02 -2.4877046902e-01
2.6149472171e-02 -2.4879560852e-01
2.6152401215e-02 -2.4882347652e-01
2.6155648162e-02 -2.4885436915e-01
2.6159247514e-02 -2.4888861469e-01
2.6163237519e-02 -2.4892657705e-01
2.6167660576e-02 -2.4896865963e-01
2.6172563687e-02 -2.4901530962e-01
2.6177998954e-02 -2.4906702273e-01
2.6184024133e-02 -2.4912434848e-01
2.6190703252e-02 -2.4918789605e-01
2.6198107284e-02 -2.4925834071e-01
2.6206314907e-02 -2.4933643103e-01
2.6215413340e-02 -2.4942299683e-01
2.6225499265e-02 -2.4951895800e-01
2.6236679858e-02 -2.4962533424e-01
2.6249073930e-02 -2.4974325595e-01
2.6262813184e-02 -2.4987397622e-01
2.6278043618e-02 -2.5001888413e-01
2.6294927078e-02 -2.5017951951e-01
2.6313642972e-02 -2.5035758935e-01
2.6334390183e-02 -2.5055498588e-01
2.6357389178e-02 -2.5077380670e-01
2.6382884354e-02 -2.5101637709e-01
2.6411146631e-02 -2.5128527470e-01
2.6442476335e-02 -2.5158335693e-01
2.6477206388e-02 -2.5191379130e-01
2.6515705843e-02 -2.5228008915e-01
2.6558383810e-02 -2.5268614288e-01
2.6605693801e-02 -2.5313626738e-01
2.6658138551e-02 -2.5363524584e-01
2.6716275355e-02 -2.5418838059e-01
2.6780721998e-02 -2.5480154943e-01
2.6852163313e-02 -2.5548126815e-01
2.6931358463e-02 -2.5623475967e-01
2.7019149005e-02 -2.5707003088e-01
2.7116467834e-02 -2.5799595768e-01
2.7224349095e-02 -2.5902237932e-01
2.7343939176e-02 -2.6016020293e-01
2.7476508885e-02 -2.6142151946e-01
2.7623466957e-02 -2.6281973212e-01
2.7786375023e-02 -2.6436969883e-01
2.7966964206e-02 -2.6608789014e-01
2.8167153513e-02 -2.6799256416e-01
2.8389070230e-02 -2.7010396069e-01
2.8635072528e-02 -2.7244451620e-01
2.8907774517e-02 -2.7503910231e-01
2.9210074031e-02 -2.7791529007e-01
2.9545183418e-02 -2.8110364290e-01
2.9916663673e-02 -2.8463804144e-01
3.0328462286e-02 -2.8855604353e-01
3.0784955182e-02 -2.9289928331e-01
3.1290993223e-02 -2.9771391366e-01
3.1851953759e-02 -3.0305109664e-01
3.2473797765e-02 -3.0896754715e-01
3.3163133188e-02 -3.1552613560e-01
3.3927285162e-02 -3.2279655598e-01
3.4774373851e-02 -3.3085606649e-01
3.5713400735e-02 -3.3979031049e-01
3.6754344263e-02 -3.4969422660e-01
3.7908265890e-02 -3.6067305750e-01
3.9187427615e-02 -3.7284346835e-01
4.0605422288e-02 -3.8633478647e-01
4.2177318050e-02 -4.0129037563e-01
4.3919818448e-02 -4.1786915948e-01
4.5851439943e-02 -4.3624731037e-01
4.7992708663e-02 -4.5662012137e-01
5.0366378528e-02 -4.7920408155e-01
5.2997673037e-02 -5.0423917650e-01
5.5914553307e-02 -5.3199143846e-01
5.9148015193e-02 -5.6275577329e-01
6.2732418667e-02 -5.9685909429e-01
6.6705852934e-02 -6.3466379605e-01
7.1110541188e-02 -6.7657160540e-01
7.5993289286e-02 -7.2302785034e-01
8.1405983129e-02 -7.7452619225e-01
8.7406140018e-02 -8.3161387167e-01
9.4057519855e-02 -8.9489752356e-01
1.0143080268e-01 -9.6504962358e-01
1.0960433974e-01 -1.0428156341e+00
1.1866498609e-01 -1.1290219256e+00
1.2870902353e-01 -1.2245845584e+00
1.3984318375e-01 -1.3305190166e+00
1.5218578247e-01 -1.4479509992e+00
1.6586797675e-01 -1.5781283821e+00
1.8103515869e-01 -1.7224344788e+00
1.9784850040e-01 -1.8824027395e+00
2.1648666672e-01 -2.0597330467e+00
2.3714771375e-01 -2.2563097781e+00
2.6005119348e-01 -2.4742218315e+00
2.8544048680e-01 -2.7157848214e+00
3.1358538980e-01 -2.9835656861e+00

3.9108616260e-02 -2.4692208515e-01
3.9110180605e-02 -2.4693196203e-01
3.9111914734e-02 -2.4694291090e-01
3.9113837077e-02 -2.4695504809e-01
3.9115968059e-02 -2.4696850258e-01
3.9118330326e-02 -2.4698341735e-01
3.9120948981e-02 -2.4699995088e-01
3.9123851849e-02 -2.4701827887e-01
3.9127069778e-02 -2.4703859607e-01
3.9130636962e-02 -2.4706111839e-01
3.9134591309e-02 -2.4708608515e-01
3.9138974838e-02 -2.4711376166e-01
3.9143834130e-02 -2.4714444203e-01
3.9149220822e-02 -2.4717845226e-01
3.9155192155e-02 -2.4721615378e-01
3.9161811583e-02 -2.4725794720e-01
3.9169149446e-02 -2.4730427664e-01
3.9177283719e-02 -2.4735563442e-01
3.9186300839e-02 -2.4741256628e-01
3.9196296627e-02 -2.4747567720e-01
3.9207377301e-02 -2.4754563782e-01
3.9219660608e-02 -2.4762319157e-01
3.9233277075e-02 -2.4770916256e-01
3.9248371397e-02 -2.4780446435e-01
3.9265103970e-02 -2.4791010966e-01
3.9283652602e-02 -2.4802722112e-01
3.9304214397e-02 -2.4815704318e-01
3.9327007852e-02 -2.4830095540e-01
3.9352275180e-02 -2.4846048702e-01
3.9380284880e-02 -2.4863733331e-01
3.9411334593e-02 -2.4883337348e-01
3.9445754267e-02 -2.4905069075e-01
3.9483909655e-02 -2.4929159439e-01
3.9526206214e-02 -2.4955864435e-01
3.9573093400e-02 -2.4985467839e-01
3.9625069455e-02 -2.5018284229e-01
3.9682686696e-02 -2.5054662323e-01
3.9746557385e-02 -2.5094988689e-01
3.9817360236e-02 -2.5139691850e-01
3.9895847626e-02 -2.5189246838e-01
3.9982853592e-02 -2.5244180243e-01
4.0079302691e-02 -2.5305075807e-01
4.0186219827e-02 -2.5372580630e-01
4.0304741142e-02 -2.5447412044e-01
4.0436126088e-02 -2.5530365233e-01
4.0581770809e-02 -2.5622321691e-01
4.0743222981e-02 -2.5724258581e-01
4.0922198254e-02 -2.5837259121e-01
4.1120598488e-02 -2.5962524099e-01
4.1340531955e-02 -2.6101384625e-01
4.1584335752e-02 -2.6255316284e-01
4.1854600629e-02 -2.6425954812e-01
4.2154198520e-02 -2.6615113475e-01
4.2486313064e-02 -2.6824802346e-01
4.2854473434e-02 -2.7057249656e-01
4.3262591840e-02 -2.7314925476e-01
4.3715005100e-02 -2.7600567966e-01
4.4216520725e-02 -2.7917212470e-01
4.4772468008e-02 -2.8268223770e-01
4.5388754651e-02 -2.8657331842e-01
4.6071929545e-02 -2.9088671495e-01
4.6829252362e-02 -2.9566826303e-01
4.7668770697e-02 -3.0096877319e-01
4.8599405582e-02 -3.0684457061e-01
4.9631046293e-02 -3.1335809371e-01
5.0774655426e-02 -3.2057855760e-01
5.2042385399e-02 -3.2858268964e-01
5.3447707582e-02 -3.3745554470e-01
5.5005555454e-02 -3.4729140906e-01
5.6732483284e-02 -3.5819480227e-01
5.8646842053e-02 -3.7028158784e-01
6.0768974448e-02 -3.8368020447e-01
6.3121431041e-02 -3.9853303084e-01
6.5729209909e-02 -4.1499789862e-01
6.8620022285e-02 -4.3324976964e-01
7.1824587015e-02 -4.5348259506e-01
7.5376957000e-02 -4.7591137643e-01
7.9314881045e-02 -5.0077445034e-01
8.3680204999e-02 -5.2833602106e-01
8.8519316421e-02 -5.5888896813e-01
9.3883637509e-02 -5.9275795853e-01
9.9830171540e-02 -6.3030289677e-01
1.0642210860e-01 -6.7192274936e-01
1.1372949706e-01 -7.1805978434e-01
1.2182998797e-01 -7.6920427105e-01
1.3080966014e-01 -8.2589968984e-01
1.4076393493e-01 -8.8874850736e-01
1.5179859016e-01 -9.5841857856e-01
1.6403088420e-01 -1.0356502436e+00
1.7759080195e-01 -1.1212641948e+00
1.9262243615e-01 -1.2161701980e+00
2.0928551856e-01 -1.3213767598e+00
2.2775711728e-01 -1.4380018442e+00
2.4823351840e-01 -1.5672847528e+00
2.7093231180e-01 -1.7105992940e+00
2.9609470331e-01 -1.8694683815e+00
3.2398807787e-01 -2.0455802174e+00
3.5490884087e-01 -2.2408062316e+00
3.8918556786e-01 -2.4572209686e+00
4.2718249611e-01 -2.6971241318e+00
4.6930339512e-01 -2.9630650218e+00

5.1977922704e-02 -2.4453690018e-01
5.1980001821e-02 -2.4454668166e-01
5.1982306594e-02 -2.4455752476e-01
5.1984861513e-02 -2.4456954471e-01
5.1987693729e-02 -2.4458286924e-01
5.1990833337e-02 -2.4459763994e-01
5.1994313701e-02 -2.4461401376e-01
5.1998171804e-02 -2.4463216471e-01
5.2002448643e-02 -2.4465228565e-01
5.2007189666e-02 -2.4467459041e-01
5.2012445252e-02 -2.4469931600e-01
5.2018271250e-02 -2.4472672517e-01
5.2024729569e-02 -2.4475710917e-01
5.2031888838e-02 -2.4479079088e-01
5.2039825132e-02 -2.4482812821e-01
5.2048622787e-02 -2.4486951792e-01
5.2058375289e-02 -2.4491539984e-01
5.2069186273e-02 -2.4496626151e-01
5.2081170619e-02 -2.4502264343e-01
5.2094455678e-02 -2.4508514472e-01
5.2109182622e-02 -2.4515442954e-01
5.2125507945e-02 -2.4523123415e-01
5.2143605125e-02 -2.4531637469e-01
5.2163666471e-02 -2.4541075590e-01
5.2185905161e-02 -2.4551538071e-01
5.2210557513e-02 -2.4563136091e-01
5.2237885490e-02 -2.4575992893e-01
5.2268179492e-02 -2.4590245100e-01
5.2301761431e-02 -2.4606044161e-01
5.2338988164e-02 -2.4623557962e-01
5.2380255276e-02 -2.4642972611e-01
5.2426001284e-02 -2.4664494416e-01
5.2476712305e-02 -2.4688352076e-01
5.2532927212e-02 -2.4714799110e-01
5.2595243366e-02 -2.4744116556e-01
5.2664322961e-02 -2.4776615950e-01
5.2740900064e-02 -2.4812642644e-01
5.2825788409e-02 -2.4852579471e-01
5.2919890054e-02 -2.4896850814e-01
5.3024204957e-02 -2.4945927117e-01
5.3139841606e-02 -2.5000329883e-01
5.3268028801e-02 -2.5060637217e-01
5.3410128706e-02 -2.5127489966e-01
5.3567651328e-02 -2.5201598533e-01
5.3742270560e-02 -2.5283750423e-01
5.3935841971e-02 -2.5374818612e-01
5.4150422524e-02 -2.5475770825e-01
5.4388292432e-02 -2.5587679818e-01
5.4651979388e-02 -2.5711734777e-01
5.4944285429e-02 -2.5849253957e-01
5.5268316707e-02 -2.6001698688e-01
5.5627516500e-02 -2.6170688904e-01
5.6025701798e-02 -2.6358020358e-01
5.6467103866e-02 -2.6565683704e-01
5.6956413208e-02 -2.6795885651e-01
5.7498829407e-02 -2.7051072409e-01
5.8100116379e-02 -2.7333955688e-01
5.8766663623e-02 -2.7647541511e-01
5.9505554119e-02 -2.7995162159e-01
6.0324639593e-02 -2.8380511577e-01
6.1232623952e-02 -2.8807684633e-01
6.2239155776e-02 -2.9281220625e-01
6.3354930847e-02 -2.9806151525e-01
6.4591805807e-02 -3.0388055442e-01
6.5962924149e-02 -3.1033115906e-01
6.7482855888e-02 -3.1748187569e-01
6.9167752386e-02 -3.2540869048e-01
7.1035517978e-02 -3.3419583672e-01
7.3106000240e-02 -3.4393668991e-01
7.5401200886e-02 -3.5473475998e-01
7.7945509573e-02 -3.6670479123e-01
8.0765963073e-02 -3.7997398170e-01
8.3892532576e-02 -3.9468333472e-01
8.7358442175e-02 -4.1098915737e-01
9.1200521915e-02 -4.2906472140e-01
9.5459599167e-02 -4.4910210448e-01
1.0018093247e-01 -4.7131423131e-01
1.0541469248e-01 -4.9593713621e-01
1.1121649507e-01 -5.2323247136e-01
1.1764799235e-01 -5.5349028715e-01
1.2477752783e-01 -5.8703211440e-01
1.3268086258e-01 -6.2421438107e-01
1.4144198041e-01 -6.6543219976e-01
1.5115398019e-01 -7.1112356638e-01
1.6192006527e-01 -7.6177401441e-01
1.7385464008e-01 -8.1792177437e-01
1.8708452584e-01 -8.8016349328e-01
2.0175030826e-01 -9.4916057483e-01
2.1800783140e-01 -1.0256462077e+00
2.3602985376e-01 -1.1104331568e+00
2.5600788407e-01 -1.2044223997e+00
2.7815421631e-01 -1.3086127011e+00
3.0270418566e-01 -1.4241112261e+00
3.2991866924e-01 -1.5521453050e+00
3.6008685829e-01 -1.6940754755e+00
3.9352933122e-01 -1.8514099406e+00
4.3060146022e-01 -2.0258205949e+00
4.7169718753e-01 -2.2191607910e+00
5.1725321166e-01 -2.4334850338e+00
5.6775362789e-01 -2.6710708125e+00
6.2373507245e-01 -2.9344428022e+00

6.4704761276e-02 -2.4148145657e-01
6.4707349466e-02 -2.4149111583e-01
6.4710218564e-02 -2.4150182345e-01
6.4713399058e-02 -2.4151369321e-01
6.4716924744e-02 -2.4152685125e-01
6.4720833088e-02 -2.4154143739e-01
6.4725165622e-02 -2.4155760663e-01
6.4729968384e-02 -2.4157553078e-01
6.4735292411e-02 -2.4159540032e-01
6.4741194277e-02 -2.4161742639e-01
6.4747736699e-02 -2.4164184303e-01
6.4754989197e-02 -2.4166890973e-01
6.4763028841e-02 -2.4169891409e-01
6.4771941062e-02 -2.4173217495e-01
6.4781820565e-02 -2.4176904576e-01
6.4792772333e-02 -2.4180991831e-01
6.4804912744e-02 -2.4185522694e-01
6.4818370806e-02 -2.4190545311e-01
6.4833289530e-02 -2.4196113055e-01
6.4849827447e-02 -2.4202285089e-01
6.4868160295e-02 -2.4209127002e-01
6.4888482887e-02 -2.4216711496e-01
6.4911011178e-02 -2.4225119169e-01
6.4935984561e-02 -2.4234439362e-01
6.4963668414e-02 -2.4244771117e-01
6.4994356915e-02 -2.4256224221e-01
6.5028376171e-02 -2.4268920380e-01
6.5066087684e-02 -2.4282994509e-01
6.5107892190e-02 -2.4298596163e-01
6.5154233921e-02 -2.4315891132e-01
6.5205605319e-02 -2.4335063199e-01
6.5262552277e-02 -2.4356316093e-01
6.5325679934e-02 -2.4379875655e-01
6.5395659109e-02 -2.4405992239e-01
6.5473233426e-02 -2.4434943368e-01
6.5559227219e-02 -2.4467036689e-01
6.5654554290e-02 -2.4502613236e-01
6.5760227619e-02 -2.4542051059e-01
6.5877370132e-02 -2.4585769240e-01
6.6007226627e-02 -2.4634232344e-01
6.6151177009e-02 -2.4687955358e-01
6.6310750947e-02 -2.4747509162e-01
6.6487644135e-02 -2.4813526599e-01
6.6683736304e-02 -2.4886709192e-01
6.6901111203e-02 -2.4967834609e-01
6.7142078740e-02 -2.5057764918e-01
6.7409199524e-02 -2.5157455752e-01
6.7705312081e-02 -2.5267966463e-01
6.8033563012e-02 -2.5390471378e-01
6.8397440436e-02 -2.5526272281e-01
6.8800811048e-02 -2.5676812243e-01
6.9247961215e-02 -2.5843690958e-01
6.9743642522e-02 -2.6028681740e-01
7.0293122262e-02 -2.6233750371e-01
7.0902239413e-02 -2.6461075986e-01
7.1577466678e-02 -2.6713074232e-01
7.2325979277e-02 -2.6992422937e-01
7.3155731181e-02 -2.7302090563e-01
7.4075539643e-02 -2.7645367755e-01
7.5095178892e-02 -2.8025902303e-01
7.6225483993e-02 -2.8447737909e-01
7.7478465990e-02 -2.8915357157e-01
7.8867439536e-02 -2.9433729141e-01
8.0407164381e-02 -3.0008362276e-01
8.2114002216e-02 -3.0645362828e-01
8.4006090534e-02 -3.1351499802e-01
8.6103535371e-02 -3.2134276872e-01
8.8428624957e-02 -3.3002012118e-01
9.1006066561e-02 -3.3963926420e-01
9.3863249036e-02 -3.5030241437e-01
9.7030533869e-02 -3.6212288228e-01
1.0054157781e-01 -3.7522627665e-01
1.0443369051e-01 -3.8975183901e-01
1.0874823102e-01 -4.0585392341e-01
1.1353104725e-01 -4.2370363659e-01
1.1883296319e-01 -4.4349065625e-01
1.2471031897e-01 -4.6542524663e-01
1.3122556957e-01 -4.8974049287e-01
1.3844794845e-01 -5.1669477782e-01
1.4645420332e-01 -5.4657452777e-01
1.5532941161e-01 -5.7969725605e-01
1.6516788461e-01 -6.1641493713e-01
1.7607416958e-01 -6.5711774676e-01
1.8816416077e-01 -7.0223820815e-01
2.0156633094e-01 -7.5225578815e-01
2.1642309653e-01 -8.0770199217e-01
2.3289233107e-01 -8.6916601225e-01
2.5114904279e-01 -9.3730098795e-01
2.7138723429e-01 -1.0128309469e+00
2.9382196415e-01 -1.0965584986e+00
3.1869163217e-01 -1.1893733632e+00
3.4626051269e-01 -1.2922618260e+00
3.7682156291e-01 -1.4063172182e+00
4.1069953593e-01 -1.5327515347e+00
4.4825443172e-01 -1.6729083139e+00
4.8988532259e-01 -1.8282769138e+00
5.3603459390e-01 -2.0005083390e+00
5.8719264498e-01 -2.1914327849e+00
6.4390310035e-01 -2.4030790857e+00
7.0676858644e-01 -2.6376962738e+00
7.7645713531e-01 -2.8977774789e+00

7.7254248594e-02 -2.3776412907e-01
7.7257338764e-02 -2.3777363964e-01
7.7260764323e-02 -2.3778418243e-01
7.7264561673e-02 -2.3779586947e-01
7.7268771166e-02 -2.3780882496e-01
7.7273437534e-02 -2.3782318656e-01
7.7278610362e-02 -2.3783910689e-01
7.7284344620e-02 -2.3785675512e-01
7.7290701242e-02 -2.3787631879e-01
7.7297747775e-02 -2.3789800579e-01
7.7305559099e-02 -2.3792204657e-01
7.7314218220e-02 -2.3794869661e-01
7.7323817153e-02 -2.3797823908e-01
7.7334457899e-02 -2.3801098793e-01
7.7346253531e-02 -2.3804729116e-01
7.7359329395e-02 -2.3808753452e-01
7.7373824438e-02 -2.3813214568e-01
7.7389892691e-02 -2.3818159868e-01
7.7407704900e-02 -2.3823641902e-01
7.7427450346e-02 -2.3829718926e-01
7.7449338851e-02 -2.3836455515e-01
7.7473603009e-02 -2.3843923255e-01
7.7500500661e-02 -2.3852201501e-01
7.7530317632e-02 -2.3861378221e-01
7.7563370767e-02 -2.3871550930e-01
7.7600011302e-02 -2.3882827727e-01
7.7640628592e-02 -2.3895328443e-01
7.7685654253e-02 -2.3909185917e-01
7.7735566742e-02 -2.3924547402e-01
7.7790896450e-02 -2.3941576135e-01
7.7852231330e-02 -2.3960453070e-01
7.7920223150e-02 -2.3981378800e-01
7.7995594416e-02 -2.4004575691e-01
7.8079146050e-02 -2.4030290240e-01
7.8171765905e-02 -2.4058795700e-01
7.8274438192e-02 -2.4090394981e-01
7.8388253946e-02 -2.4125423868e-01
7.8514422616e-02 -2.4164254592e-01
7.8654284917e-02 -2.4207299782e-01
7.8809327077e-02 -2.4255016852e-01
7.8981196633e-02 -2.4307912862e-01
7.9171719934e-02 -2.4366549905e-01
7.9382921552e-02 -2.4431551079e-01
7.9617045794e-02 -2.4503607112e-01
7.9876580551e-02 -2.4583483697e-01
8.0164283737e-02 -2.4672029633e-01
8.0483212593e-02 -2.4770185842e-01
8.0836756175e-02 -2.4878995368e-01
8.1228671369e-02 -2.4999614462e-01
8.1663122813e-02 -2.5133324867e-01
8.2144727148e-02 -2.5281547441e-01
8.2678602082e-02 -2.5445857251e-01
8.3270420770e-02 -2.5628000314e-01
8.3926472096e-02 -2.5829912150e-01
8.4653727507e-02 -2.6053738351e-01
8.5459915089e-02 -2.6301857376e-01
8.6353601693e-02 -2.6576905831e-01
8.7344283964e-02 -2.6881806482e-01
8.8442489262e-02 -2.7219799319e-01
8.9659887525e-02 -2.7594475978e-01
9.1009415281e-02 -2.8009817914e-01
9.2505413114e-02 -2.8470238704e-01
9.4163778055e-02 -2.8980630952e-01
9.6002132507e-02 -2.9546418275e-01
9.8040011510e-02 -3.0173612941e-01
1.0029907032e-01 -3.0868879753e-01
1.0280331455e-01 -3.1639606876e-01
1.0557935522e-01 -3.2493984343e-01
1.0865669158e-01 -3.3441091088e-01
1.1206802455e-01 -3.4490991419e-01
1.1584960422e-01 -3.5654841968e-01
1.2004161507e-01 -3.6945010246e-01
1.2468860296e-01 -3.8375206061e-01
1.2983994853e-01 -3.9960627205e-01
1.3555039188e-01 -4.1718120956e-01
1.4188061433e-01 -4.3666363096e-01
1.4889788316e-01 -4.5826056371e-01
1.5667676649e-01 -4.8220150488e-01
1.6529992563e-01 -5.0874085982e-01
1.7485899349e-01 -5.3816064560e-01
1.8545554828e-01 -5.7077348782e-01
1.9720219294e-01 -6.0692594270e-01
2.1022375169e-01 -6.4700217969e-01
2.2465859646e-01 -6.9142806381e-01
2.4066011730e-01 -7.4067568106e-01
2.5839835231e-01 -7.9526835495e-01
2.7806179461e-01 -8.5578620759e-01
2.9985939524e-01 -9.2287232421e-01
3.2402278364e-01 -9.9723958688e-01
3.5080872897e-01 -1.0796782498e+00
3.8050186865e-01 -1.1710643370e+00
4.1341773307e-01 -1.2723689510e+00
4.4990609844e-01 -1.3846685925e+00
4.9035470374e-01 -1.5091565991e+00
5.3519337092e-01 -1.6471558269e+00
5.8489857235e-01 -1.8001327070e+00
6.3999849401e-01 -1.9697128288e+00
7.0107864821e-01 -2.1576982139e+00
7.6878809541e-01 -2.3660864648e+00
8.4384634142e-01 -2.5970919929e+00
9.2705098312e-01 -2.8531695489e+00

8.9591987386e-02 -2.3339510662e-01
8.9595571066e-02 -2.3340444243e-01
8.9599543698e-02 -2.3341479149e-01
8.9603947496e-02 -2.3342626378e-01
8.9608829258e-02 -2.3343898120e-01
8.9614240859e-02 -2.3345307890e-01
8.9620239804e-02 -2.3346870669e-01
8.9626889840e-02 -2.3348603062e-01
8.9634261634e-02 -2.3350523480e-01
8.9642433520e-02 -2.3352652329e-01
8.9651492336e-02 -2.3355012232e-01
8.9661534345e-02 -2.3357628265e-01
8.9672666256e-02 -2.3360528227e-01
8.9685006362e-02 -2.3363742934e-01
8.9698685793e-02 -2.3367306548e-01
8.9713849911e-02 -2.3371256935e-01
8.9730659857e-02 -2.3375636076e-01
8.9749294259e-02 -2.3380490504e-01
8.9769951132e-02 -2.3385871803e-01
8.9792849986e-02 -2.3391837159e-01
8.9818234151e-02 -2.3398449960e-01
8.9846373370e-02 -2.3405780477e-01
8.9877566659e-02 -2.3413906606e-01
8.9912145491e-02 -2.3422914700e-01
8.9950477312e-02 -2.3432900481e-01
8.9992969452e-02 -2.3443970062e-01
9.0040073447e-02 -2.3456241072e-01
9.0092289843e-02 -2.3469843908e-01
9.0150173509e-02 -2.3484923119e-01
9.0214339540e-02 -2.3501638941e-01
9.0285469787e-02 -2.3520169004e-01
9.0364320108e-02 -2.3540710215e-01
9.0451728394e-02 -2.3563480852e-01
9.0548623479e-02 -2.3588722885e-01
9.0656035006e-02 -2.3616704544e-01
9.0775104371e-02 -2.3647723174e-01
9.0907096848e-02 -2.3682108390e-01
9.1053415038e-02 -2.3720225582e-01
9.1215613774e-02 -2.3762479797e-01
9.1395416640e-02 -2.3809320045e-01
9.1594734287e-02 -2.3861244067e-01
9.1815684740e-02 -2.3918803628e-01
9.2060615899e-02 -2.3982610377e-01
9.2332130496e-02 -2.4053342347e-01
9.2633113745e-02 -2.4131751164e-01
9.2966764005e-02 -2.4218670029e-01
9.3336626771e-02 -2.4315022574e-01
9.3746632339e-02 -2.4421832676e-01
9.4201137584e-02 -2.4540235340e-01
9.4704972246e-02 -2.4671488757e-01
9.5263490260e-02 -2.4816987674e-01
9.5882626648e-02 -2.4978278217e-01
9.6568960582e-02 -2.5157074320e-01
9.7329785303e-02 -2.5355275936e-01
9.8173185618e-02 -2.5574989230e-01
9.9108123813e-02 -2.5818548957e-01
1.0014453489e-01 -2.6088543273e-01
1.0129343214e-01 -2.6387841238e-01
1.0256702417e-01 -2.6719623305e-01
1.0397884464e-01 -2.7087415113e-01
1.0554389609e-01 -2.7495124954e-01
1.0727880933e-01 -2.7947085306e-01
1.0920202020e-01 -2.8448098868e-01
1.1133396546e-01 -2.9003489595e-01
1.1369729995e-01 -2.9619159278e-01
1.1631713733e-01 -3.0301650251e-01
1.1922131699e-01 -3.1058214917e-01
1.2244069981e-01 -3.1896892815e-01
1.2600949616e-01 -3.2826596049e-01
1.2996562939e-01 -3.3857203991e-01
1.3435113885e-01 -3.4999668265e-01
1.3921262660e-01 -3.6266129122e-01
1.4460175262e-01 -3.7670044448e-01
1.5057578376e-01 -3.9226332768e-01
1.5719820231e-01 -4.0951531783e-01
1.6453938056e-01 -4.2863974100e-01
1.7267732859e-01 -4.4983982044e-01
1.8169852328e-01 -4.7334083608e-01
1.9169882721e-01 -4.9939251848e-01
2.0278450732e-01 -5.2827170250e-01
2.1507336418e-01 -5.6028526914e-01
2.2869598377e-01 -5.9577340645e-01
2.4379712511e-01 -6.3511322462e-01
2.6053725855e-01 -6.7872276321e-01
2.7909427100e-01 -7.2706543341e-01
2.9966535618e-01 -7.8065494245e-01
3.2246911010e-01 -8.4006075241e-01
3.4774785394e-01 -9.0591413157e-01
3.7577020906e-01 -9.7891486245e-01
4.0683395143e-01 -1.0598386780e+00
4.4126917597e-01 -1.1495455049e+00
4.7944180418e-01 -1.2489886012e+00
5.2175747264e-01 -1.3592246864e+00
5.6866584340e-01 -1.4814251701e+00
6.2066538229e-01 -1.6168886002e+00
6.7830865577e-01 -1.7670544616e+00
7.4220820274e-01 -1.9335184727e+00
8.1304304359e-01 -2.1180495420e+00
8.9156589573e-01 -2.3226085654e+00
9.7861117224e-01 -2.5493692634e+00
1.0751038486e+00 -2.8007412795e+00

1.0168416077e-01 -2.2838636441e-01
1.0168822814e-01 -2.2839549987e-01
1.0169273695e-01 -2.2840562683e-01
1.0169773513e-01 -2.2841685292e-01
1.0170327578e-01 -2.2842929742e-01
1.0170941778e-01 -2.2844309258e-01
1.0171622640e-01 -2.2845838499e-01
1.0172377398e-01 -2.2847533715e-01
1.0173214074e-01 -2.2849412920e-01
1.0174141558e-01 -2.2851496083e-01
1.0175169706e-01 -2.2853805341e-01
1.0176309444e-01 -2.2856365233e-01
1.0177572881e-01 -2.2859202961e-01
1.0178973446e-01 -2.2862348679e-01
1.0180526019e-01 -2.2865835817e-01
1.0182247100e-01 -2.2869701428e-01
1.0184154977e-01 -2.2873986590e-01
1.0186269925e-01 -2.2878736840e-01
1.0188614417e-01 -2.2884002655e-01
1.0191213367e-01 -2.2889839992e-01
1.0194094392e-01 -2.2896310880e-01
1.0197288107e-01 -2.2903484082e-01
1.0200828449e-01 -2.2911435822e-01
1.0204753041e-01 -2.2920250598e-01
1.0209103585e-01 -2.2930022081e-01
1.0213926313e-01 -2.2940854105e-01
1.0219272472e-01 -2.2952861775e-01
1.0225198873e-01 -2.2966172689e-01
1.0231768492e-01 -2.2980928294e-01
1.0239051140e-01 -2.2997285389e-01
1.0247124205e-01 -2.3015417791e-01
1.0256073474e-01 -2.3035518180e-01
1.0265994047e-01 -2.3057800151e-01
1.0276991342e-01 -2.3082500480e-01
1.0289182222e-01 -2.3109881643e-01
1.0302696230e-01 -2.3140234602e-01
1.0317676972e-01 -2.3173881899e-01
1.0334283638e-01 -2.3211181083e-01
1.0352692697e-01 -2.3252528507e-01
1.0373099772e-01 -2.3298363547e-01
1.0395721714e-01 -2.3349173261e-01
1.0420798914e-01 -2.3405497573e-01
1.0448597850e-01 -2.3467935006e-01
1.0479413925e-01 -2.3537149044e-01
1.0513574601e-01 -2.3613875179e-01
1.0551442884e-01 -2.3698928734e-01
1.0593421174e-01 -2.3793213519e-01
1.0639955550e-01 -2.3897731438e-01
1.0691540503e-01 -2.4013593139e-01
1.0748724193e-01 -2.4142029811e-01
1.0812114277e-01 -2.4284406269e-01
1.0882384360e-01 -2.4442235460e-01
1.0960281159e-01 -2.4617194535e-01
1.1046632433e-01 -2.4811142673e-01
1.1142355785e-01 -2.5026140841e-01
1.1248468406e-01 -2.5264473690e-01
1.1366097888e-01 -2.5528673831e-01
1.1496494205e-01 -2.5821548756e-01
1.1641042998e-01 -2.6146210661e-01
1.1801280297e-01 -2.6506109525e-01
1.1978908841e-01 -2.6905069768e-01
1.2175816179e-01 -2.7347330890e-01
1.2394094721e-01 -2.7837592522e-01
1.2636063975e-01 -2.8381064366e-01
1.2904295199e-01 -2.8983521558e-01
1.3201638716e-01 -2.9651366031e-01
1.3531254209e-01 -3.0391694550e-01
1.3896644295e-01 -3.1212374122e-01
1.4301691747e-01 -3.2122125592e-01
1.4750700748e-01 -3.3130616320e-01
1.5248442635e-01 -3.4248562904e-01
1.5800206600e-01 -3.5487845059e-01
1.6411855892e-01 -3.6861631861e-01
1.7089890123e-01 -3.8384521679e-01
1.7841514339e-01 -4.0072697308e-01
1.8674715578e-01 -4.1944097931e-01
1.9598347747e-01 -4.4018609748e-01
2.0622225706e-01 -4.6318277295e-01
2.1757229562e-01 -4.8867537695e-01
2.3015420291e-01 -5.1693480339e-01
2.4410167894e-01 -5.4826134747e-01
2.5956293480e-01 -5.8298789671e-01
2.7670226755e-01 -6.2148346835e-01
2.9570180613e-01 -6.6415713069e-01
3.1676344671e-01 -7.1146234995e-01
3.4011099813e-01 -7.6390180901e-01
3.6599256017e-01 -8.2203274911e-01
3.9468315994e-01 -8.8647289127e-01
4.2648767445e-01 -9.5790700044e-01
4.6174407032e-01 -1.0370941621e+00
5.0082699514e-01 -1.1248758484e+00
5.4415175863e-01 -1.2221848605e+00
5.9217874587e-01 -1.3300552399e+00
6.4541830950e-01 -1.4496332577e+00
7.0443619298e-01 -1.5821895943e+00
7.6985954231e-01 -1.7291328428e+00
8.4238357037e-01 -1.8920244768e+00
9.2277894451e-01 -2.0725954435e+00
1.0118999759e+00 -2.2727645574e+00
1.1106936979e+00 -2.4946588899e+00
1.2202099292e+00 -2.7406363729e+00

1.1349762493e-01 -2.2275163105e-01
1.1350216484e-01 -2.2276054111e-01
1.1350719748e-01 -2.2277041823e-01
1.1351277634e-01 -2.2278136734e-01
1.1351896069e-01 -2.2279350482e-01
1.1352581625e-01 -2.2280695962e-01
1.1353341588e-01 -2.2282187474e-01
1.1354184034e-01 -2.2283840866e-01
1.1355117913e-01 -2.2285673707e-01
1.1356153150e-01 -2.2287705475e-01
1.1357300746e-01 -2.2289957759e-01
1.1358572896e-01 -2.2292454493e-01
1.1359983117e-01 -2.2295222209e-01
1.1361546396e-01 -2.2298290316e-01
1.1363279345e-01 -2.2301691419e-01
1.1365200378e-01 -2.2305461658e-01
1.1367329908e-01 -2.2309641098e-01
1.1369690566e-01 -2.2314274150e-01
1.1372307437e-01 -2.2319410047e-01
1.1375208327e-01 -2.2325103365e-01
1.1378424064e-01 -2.2331414604e-01
1.1381988818e-01 -2.2338410828e-01
1.1385940471e-01 -2.2346166384e-01
1.1390321014e-01 -2.2354763683e-01
1.1395176996e-01 -2.2364294084e-01
1.1400560018e-01 -2.2374858861e-01
1.1406527284e-01 -2.2386570278e-01
1.1413142202e-01 -2.2399552787e-01
1.1420475066e-01 -2.2413944343e-01
1.1428603798e-01 -2.2429897877e-01
1.1437614776e-01 -2.2447582916e-01
1.1447603754e-01 -2.2467187390e-01
1.1458676879e-01 -2.2488919622e-01
1.1470951818e-01 -2.2513010546e-01
1.1484559010e-01 -2.2539716163e-01
1.1499643048e-01 -2.2569320256e-01
1.1516364223e-01 -2.2602137409e-01
1.1534900219e-01 -2.2638516349e-01
1.1555448006e-01 -2.2678843653e-01
1.1578225934e-01 -2.2723547854e-01
1.1603476049e-01 -2.2773103994e-01
1.1631466668e-01 -2.2828038676e-01
1.1662495229e-01 -2.2888935657e-01
1.1696891454e-01 -2.2956442050e-01
1.1735020851e-01 -2.3031275204e-01
1.1777288595e-01 -2.3114230323e-01
1.1824143840e-01 -2.3206188919e-01
1.1876084488e-01 -2.3308128180e-01
1.1933662478e-01 -2.3421131348e-01
1.1997489656e-01 -2.3546399239e-01
1.2068244274e-01 -2.3685262995e-01
1.2146678196e-01 -2.3839198234e-01
1.2233624890e-01 -2.4009840730e-01
1.2330008285e-01 -2.4199003793e-01
1.2436852586e-01 -2.4408697540e-01
1.2555293160e-01 -2.4641150256e-01
1.2686588602e-01 -2.4898832069e-01
1.2832134105e-01 -2.5184481203e-01
1.2993476291e-01 -2.5501133071e-01
1.3172329640e-01 -2.5852152534e-01
1.3370594717e-01 -2.6241269656e-01
1.3590378359e-01 -2.6672619341e-01
1.3834016069e-01 -2.7150785270e-01
1.4104096832e-01 -2.7680848612e-01
1.4403490627e-01 -2.8268442020e-01
1.4735378924e-01 -2.8919809478e-01
1.5103288491e-01 -2.9641872661e-01
1.5511128874e-01 -3.0442304480e-01
1.5963233935e-01 -3.1329610622e-01
1.6464407911e-01 -3.2313219933e-01
1.7019976464e-01 -3.3403584612e-01
1.7635843272e-01 -3.4612291280e-01
1.8318552766e-01 -3.5952184104e-01
1.9075359670e-01 -3.7437501285e-01
1.9914306097e-01 -3.9084026356e-01
2.0844307004e-01 -4.0909255905e-01
2.1875244927e-01 -4.2932585504e-01
2.3018074996e-01 -4.5175515804e-01
2.4284941350e-01 -4.7661881019e-01
2.5689306182e-01 -5.0418102192e-01
2.7246092796e-01 -5.3473467956e-01
2.8971844187e-01 -5.6860445766e-01
3.0884898832e-01 -6.0615026909e-01
3.3005585561e-01 -6.4777108963e-01
3.5356439583e-01 -6.9390919764e-01
3.7962441948e-01 -7.4505487382e-01
4.0851285007e-01 -8.0175161119e-01
4.4053666684e-01 -8.6460189039e-01
4.7603616678e-01 -9.3427358192e-01
5.1538858081e-01 -1.0115070431e+00
5.5901208233e-01 -1.0971229855e+00
6.0737023094e-01 -1.1920311960e+00
6.6097689831e-01 -1.2972402045e+00
7.2040172889e-01 -1.4138680013e+00
7.8627619304e-01 -1.5431539167e+00
8.5930029736e-01 -1.6864717910e+00
9.4025002319e-01 -1.8453445733e+00
1.0299855725e+00 -2.0214605051e+00
1.1294605086e+00 -2.2166910597e+00
1.2397318892e+00 -2.4331108298e+00
1.3619714992e+00 -2.6730195726e+00

1.2500000000e-01 -2.1650635095e-01
1.2500500000e-01 -2.1651501120e-01
1.2501054267e-01 -2.1652461139e-01
1.2501668691e-01 -2.1653525353e-01
1.2502349802e-01 -2.1654705070e-01
1.2503104836e-01 -2.1656012828e-01
1.2503941817e-01 -2.1657462522e-01
1.2504869639e-01 -2.1659069557e-01
1.2505898162e-01 -2.1660851012e-01
1.2507038315e-01 -2.1662825815e-01
1.2508302214e-01 -2.1665014951e-01
1.2509703289e-01 -2.1667441685e-01
1.2511256429e-01 -2.1670131802e-01
1.2512978138e-01 -2.1673113889e-01
1.2514886712e-01 -2.1676419635e-01
1.2517002431e-01 -2.1680084168e-01
1.2519347778e-01 -2.1684146429e-01
1.2521947676e-01 -2.1688649584e-01
1.2524829752e-01 -2.1693641487e-01
1.2528024632e-01 -2.1699175182e-01
1.2531566267e-01 -2.1705309472e-01
1.2535492290e-01 -2.1712109544e-01
1.2539844421e-01 -2.1719647657e-01
1.2544668909e-01 -2.1728003914e-01
1.2550017018e-01 -2.1737267112e-01
1.2555945581e-01 -2.1747535684e-01
1.2562517597e-01 -2.1758918749e-01
1.2569802902e-01 -2.1771537267e-01
1.2577878912e-01 -2.1785525328e-01
1.2586831447e-01 -2.1801031573e-01
1.2596755639e-01 -2.1818220778e-01
1.2607756947e-01 -2.1837275601e-01
1.2619952274e-01 -2.1858398527e-01
1.2633471212e-01 -2.1881814015e-01
1.2648457419e-01 -2.1907770888e-01
1.2665070145e-01 -2.1936544972e-01
1.2683485920e-01 -2.1968442031e-01
1.2703900440e-01 -2.2003801016e-01
1.2726530636e-01 -2.2042997665e-01
1.2751616984e-01 -2.2086448495e-01
1.2779426062e-01 -2.2134615232e-01
1.2810253380e-01 -2.2188009712e-01
1.2844426520e-01 -2.2247199326e-01
1.2882308618e-01 -2.2312813045e-01
1.2924302224e-01 -2.2385548104e-01
1.2970853577e-01 -2.2466177413e-01
1.3022457350e-01 -2.2555557769e-01
1.3079661903e-01 -2.2654638962e-01
1.3143075114e-01 -2.2764473864e-01
1.3213370834e-01 -2.2886229623e-01
1.3291296052e-01 -2.3021200061e-01
1.3377678831e-01 -2.3170819423e-01
1.3473437106e-01 -2.3336677621e-01
1.3579588441e-01 -2.3520537125e-01
1.3697260838e-01 -2.3724351696e-01
1.3827704729e-01 -2.3950287143e-01
1.3972306259e-01 -2.4200744339e-01
1.4132602018e-01 -2.4478384738e-01
1.4310295368e-01 -2.4786158648e-01
1.4507274544e-01 -2.5127336590e-01
1.4725632722e-01 -2.5505544048e-01
1.4967690256e-01 -2.5924799996e-01
1.5236019340e-01 -2.6389559602e-01
1.5533471339e-01 -2.6904761577e-01
1.5863207088e-01 -2.7475880647e-01
1.6228730482e-01 -2.8108985738e-01
1.6633925710e-01 -2.8810804459e-01
1.7083098526e-01 -2.9588794598e-01
1.7581022008e-01 -3.0451223367e-01
1.8132987277e-01 -3.1407255256e-01
1.8744859721e-01 -3.2467049417e-01
1.9423141324e-01 -3.3641867616e-01
2.0175039760e-01 -3.4944193909e-01
2.1008544982e-01 -3.6387867301e-01
2.1932514126e-01 -3.7988228803e-01
2.2956765632e-01 -3.9762284453e-01
2.4092183580e-01 -4.1728886026e-01
2.5350833343e-01 -4.3908931364e-01
2.6746089801e-01 -4.6325586440e-01
2.8292779471e-01 -4.9004531531e-01
3.0007338052e-01 -5.1974234106e-01
3.1907985083e-01 -5.5266251331e-01
3.4014917547e-01 -5.8915565407e-01
3.6350524494e-01 -6.2960955305e-01
3.8939624952e-01 -6.7445408845e-01
4.1809731668e-01 -7.2416579500e-01
4.4991343465e-01 -7.7927292782e-01
4.8518269335e-01 -8.4036107583e-01
5.2427987706e-01 -9.0807938445e-01
5.6762044702e-01 -9.8314745365e-01
6.1566495626e-01 -1.0663629847e+00
6.6892394365e-01 -1.1586102568e+00
7.2796335903e-01 -1.2608695239e+00
7.9341057720e-01 -1.3742274310e+00
8.6596106470e-01 -1.4998885614e+00
9.4638577003e-01 -1.6391882372e+00
1.0355393161e+00 -1.7936067086e+00
1.1343690816e+00 -1.9647848838e+00
1.2439252685e+00 -2.1545417659e+00
1.3653720617e+00 -2.3648937821e+00
1.5000000000e+00 -2.5980762114e+00

1.3615975875e-01 -2.0966764199e-01
1.3616520514e-01 -2.0967602869e-01
1.3617124265e-01 -2.0968532564e-01
1.3617793544e-01 -2.0969563163e-01
1.3618535463e-01 -2.0970705618e-01
1.3619357905e-01 -2.0971972067e-01
1.3620269610e-01 -2.0973375970e-01
1.3621280267e-01 -2.0974932245e-01
1.3622400614e-01 -2.0976657429e-01
1.3623642558e-01 -2.0978569855e-01
1.3625019295e-01 -2.0980689844e-01
1.3626545456e-01 -2.0983039925e-01
1.3628237257e-01 -2.0985645071e-01
1.3630112677e-01 -2.0988532964e-01
1.3632191644e-01 -2.0991734292e-01
1.3634496250e-01 -2.0995283075e-01
1.3637050986e-01 -2.0999217023e-01
1.3639882997e-01 -2.1003577938e-01
1.3643022380e-01 -2.1008412163e-01
1.3646502493e-01 -2.1013771067e-01
1.3650360317e-01 -2.1019711596e-01
1.3654636848e-01 -2.1026296877e-01
1.3659377530e-01 -2.1033596886e-01
1.3664632738e-01 -2.1041689197e-01
1.3670458317e-01 -2.1050659801e-01
1.3676916170e-01 -2.1060604024e-01
1.3684074923e-01 -2.1071627536e-01
1.3692010646e-01 -2.1083847477e-01
1.3700807667e-01 -2.1097393702e-01
1.3710559467e-01 -2.1112410157e-01
1.3721369671e-01 -2.1129056412e-01
1.3733353154e-01 -2.1147509358e-01
1.3746637257e-01 -2.1167965082e-01
1.3761363140e-01 -2.1190640953e-01
1.3777687287e-01 -2.1215777935e-01
1.3795783164e-01 -2.1243643142e-01
1.3815843065e-01 -2.1274532681e-01
1.3838080153e-01 -2.1308774794e-01
1.3862730729e-01 -2.1346733352e-01
1.3890056738e-01 -2.1388811717e-01
1.3920348557e-01 -2.1435457028e-01
1.3953928078e-01 -2.1487164956e-01
1.3991152130e-01 -2.1544484968e-01
1.4032416269e-01 -2.1608026170e-01
1.4078158983e-01 -2.1678463773e-01
1.4128866351e-01 -2.1756546272e-01
1.4185077209e-01 -2.1843103403e-01
1.4247388874e-01 -2.1939054954e-01
1.4316463494e-01 -2.2045420540e-01
1.4393035080e-01 -2.2163330443e-01
1.4477917312e-01 -2.2294037618e-01
1.4572012179e-01 -2.2438931006e-01
1.4676319568e-01 -2.2599550300e-01
1.4791947889e-01 -2.2777602300e-01
1.4920125850e-01 -2.2974979053e-01
1.5062215520e-01 -2.3193777957e-01
1.5219726796e-01 -2.3436324051e-01
1.5394333450e-01 -2.3705194721e-01
1.5587890920e-01 -2.4003247087e-01
1.5802456017e-01 -2.4333648363e-01
1.6040308791e-01 -2.4699909517e-01
1.6303976755e-01 -2.5105922576e-01
1.6596261742e-01 -2.5556001987e-01
1.6920269681e-01 -2.6054930460e-01
1.7279443601e-01 -2.6608009796e-01
1.7677600219e-01 -2.7221117221e-01
1.8118970494e-01 -2.7900767845e-01
1.8608244592e-01 -2.8654183886e-01
1.9150621722e-01 -2.9489371425e-01
1.9751865385e-01 -3.0415205476e-01
2.0418364619e-01 -3.1441524296e-01
2.1157201895e-01 -3.2579233931e-01
2.1976228373e-01 -3.3840424108e-01
2.2884147332e-01 -3.5238496703e-01
2.3890606658e-01 -3.6788308156e-01
2.5006301362e-01 -3.8506327342e-01
2.6243087233e-01 -4.0410810572e-01
2.7614106817e-01 -4.2521995595e-01
2.9133929080e-01 -4.4862316648e-01
3.0818704218e-01 -4.7456642855e-01
3.2686335280e-01 -5.0332542493e-01
3.4756668410e-01 -5.3520575943e-01
3.7051703738e-01 -5.7054620436e-01
3.9595829165e-01 -6.0972230045e-01
4.2416079516e-01 -6.5315034748e-01
4.5542423820e-01 -7.0129182808e-01
4.9008083778e-01 -7.5465831153e-01
5.2849886782e-01 -8.1381688998e-01
5.7108657264e-01 -8.7939620451e-01
6.1829650503e-01 -9.5209312535e-01
6.7063033534e-01 -1.0326801571e+00
7.2864418234e-01 -1.1220136475e+00
7.9295452277e-01 -1.2210428875e+00
8.6424474228e-01 -1.3308201988e+00
9.4327239728e-01 -1.4525121159e+00
1.0308772651e+00 -1.5874117825e+00
1.1279902676e+00 -1.7369526927e+00
1.2356433639e+00 -1.9027239238e+00
1.3549805158e+00 -2.0864870229e+00
1.4872698442e+00 -2.2901947249e+00
1.6339171050e+00 -2.5160117038e+00

1.4694631307e-01 -2.0225424859e-01
1.4695219093e-01 -2.0226233876e-01
1.4695870673e-01 -2.0227130699e-01
1.4696592972e-01 -2.0228124859e-01
1.4697393665e-01 -2.0229226918e-01
1.4698281261e-01 -2.0230448589e-01
1.4699265191e-01 -2.0231802853e-01
1.4700355912e-01 -2.0233304101e-01
1.4701565013e-01 -2.0234968287e-01
1.4702905343e-01 -2.0236813093e-01
1.4704391145e-01 -2.0238858124e-01
1.4706038208e-01 -2.0241125111e-01
1.4707864034e-01 -2.0243638145e-01
1.4709888024e-01 -2.0246423928e-01
1.4712131686e-01 -2.0249512065e-01
1.4714618863e-01 -2.0252935370e-01
1.4717375984e-01 -2.0256730222e-01
1.4720432348e-01 -2.0260936945e-01
1.4723820431e-01 -2.0265600242e-01
1.4727576238e-01 -2.0270769667e-01
1.4731739679e-01 -2.0276500152e-01
1.4736354996e-01 -2.0282852591e-01
1.4741471234e-01 -2.0289894488e-01
1.4747142759e-01 -2.0297700672e-01
1.4753429839e-01 -2.0306354095e-01
1.4760399283e-01 -2.0315946712e-01
1.4768125150e-01 -2.0326580456e-01
1.4776689540e-01 -2.0338368327e-01
1.4786183460e-01 -2.0351435587e-01
1.4796707795e-01 -2.0365921092e-01
1.4808374383e-01 -2.0381978772e-01
1.4821307196e-01 -2.0399779262e-01
1.4835643662e-01 -2.0419511715e-01
1.4851536128e-01 -2.0441385817e-01
1.4869153471e-01 -2.0465634010e-01
1.4888682900e-01 -2.0492513964e-01
1.4910331943e-01 -2.0522311315e-01
1.4934330650e-01 -2.0555342702e-01
1.4960934041e-01 -2.0591959127e-01
1.4990424812e-01 -2.0632549692e-01
1.5023116344e-01 -2.0677545726e-01
1.5059356030e-01 -2.0727425373e-01
1.5099528965e-01 -2.0782718675e-01
1.5144062042e-01 -2.0844013197e-01
1.5193428487e-01 -2.0911960279e-01
1.5248152885e-01 -2.0987281951e-01
1.5308816758e-01 -2.1070778609e-01
1.5376064743e-01 -2.1163337521e-01
1.5450611443e-01 -2.1265942251e-01
1.5533249018e-01 -2.1379683115e-01
1.5624855607e-01 -2.1505768767e-01
1.5726404654e-01 -2.1645539039e-01
1.5838975258e-01 -2.1800479183e-01
1.5963763635e-01 -2.1972235650e-01
1.6102095835e-01 -2.2162633589e-01
1.6255441826e-01 -2.2373696238e-01
1.6425431119e-01 -2.2607666428e-01
1.6613870085e-01 -2.2867030414e-01
1.6822761146e-01 -2.3154544294e-01
1.7054324056e-01 -2.3473263297e-01
1.7311019489e-01 -2.3826574250e-01
1.7595575187e-01 -2.4218231568e-01
1.7911014944e-01 -2.4652397146e-01
1.8260690740e-01 -2.5133684590e-01
1.8648318361e-01 -2.5667208239e-01
1.9078016882e-01 -2.6258637515e-01
1.9554352440e-01 -2.6914257165e-01
2.0082386754e-01 -2.7641034048e-01
2.0667730913e-01 -2.8446691166e-01
2.1316605003e-01 -2.9339789731e-01
2.2035904200e-01 -3.0329820142e-01
2.2833272047e-01 -3.1427302830e-01
2.3717181671e-01 -3.2643900056e-01
2.4697025825e-01 -3.3992539834e-01
2.5783216697e-01 -3.5487553314e-01
2.6987296558e-01 -3.7144827065e-01
2.8322060408e-01 -3.8981971896e-01
2.9801691944e-01 -4.1018509991e-01
3.1441914283e-01 -4.3276082365e-01
3.3260157039e-01 -4.5778678820e-01
3.5275741535e-01 -4.8552892880e-01
3.7510086125e-01 -5.1628204377e-01
3.9986933785e-01 -5.5037292716e-01
4.2732604421e-01 -5.8816384140e-01
4.5776274553e-01 -6.3005636682e-01
4.9150287354e-01 -6.7649566900e-01
5.2890496339e-01 -7.2797522926e-01
5.7036646364e-01 -7.8504208859e-01
6.1632795962e-01 -8.4830266070e-01
6.6727785531e-01 -9.1842917598e-01
7.2375756329e-01 -9.9616682492e-01
7.8636725797e-01 -1.0823416767e+00
8.5577225329e-01 -1.1778694575e+00
9.3271007258e-01 -1.2837652809e+00
1.0179982858e+00 -1.4011544356e+00
1.1125431972e+00 -1.5312843424e+00
1.2173494763e+00 -1.6755378101e+00
1.3335308336e+00 -1.8354477298e+00
1.4623218556e+00 -2.0127133639e+00
1.6050911235e+00 -2.2092184031e+00
1.7633557569e+00 -2.4270509831e+00

1.5733009776e-01 -1.9428649036e-01
1.5733639097e-01 -1.9429426182e-01
1.5734336720e-01 -1.9430287675e-01
1.5735110059e-01 -1.9431242670e-01
1.5735967332e-01 -1.9432301314e-01
1.5736917649e-01 -1.9433474858e-01
1.5737971108e-01 -1.9434775771e-01
1.5739138903e-01 -1.9436217878e-01
1.5740433444e-01 -1.9437816503e-01
1.5741868487e-01 -1.9439588633e-01
1.5743459282e-01 -1.9441553101e-01
1.5745222732e-01 -1.9443730781e-01
1.5747177577e-01 -1.9446144814e-01
1.5749344590e-01 -1.9448820852e-01
1.5751746799e-01 -1.9451787332e-01
1.5754409729e-01 -1.9455075777e-01
1.5757361679e-01 -1.9458721131e-01
1.5760634016e-01 -1.9462762132e-01
1.5764261515e-01 -1.9467241719e-01
1.5768282721e-01 -1.9472207496e-01
1.5772740367e-01 -1.9477712230e-01
1.5777681820e-01 -1.9483814416e-01
1.5783159590e-01 -1.9490578899e-01
1.5789231886e-01 -1.9498077560e-01
1.5795963235e-01 -1.9506390084e-01
1.5803425167e-01 -1.9515604802e-01
1.5811696973e-01 -1.9525819632e-01
1.5820866555e-01 -1.9537143123e-01
1.5831031351e-01 -1.9549695601e-01
1.5842299377e-01 -1.9563610453e-01
1.5854790370e-01 -1.9579035545e-01
1.5868637064e-01 -1.9596134788e-01
1.5883986600e-01 -1.9615089887e-01
1.5901002087e-01 -1.9636102263e-01
1.5919864339e-01 -1.9659395204e-01
1.5940773792e-01 -1.9685216229e-01
1.5963952639e-01 -1.9713839720e-01
1.5989647186e-01 -1.9745569843e-01
1.6018130473e-01 -1.9780743774e-01
1.6049705174e-01 -1.9819735283e-01
1.6084706814e-01 -1.9862958708e-01
1.6123507333e-01 -1.9910873359e-01
1.6166519040e-01 -1.9963988394e-01
1.6214198994e-01 -2.0022868233e-01
1.6267053859e-01 -2.0088138556e-01
1.6325645291e-01 -2.0160492948e-01
1.6390595904e-01 -2.0240700275e-01
1.6462595887e-01 -2.0329612850e-01
1.6542410340e-01 -2.0428175491e-01
1.6630887400e-01 -2.0537435561e-01
1.6728967258e-01 -2.0658554099e-01
1.6837692147e-01 -2.0792818155e-01
1.6958217417e-01 -2.0941654468e-01
1.7091823816e-01 -2.1106644630e-01
1.7239931094e-01 -2.1289541887e-01
1.7404113095e-01 -2.1492289773e-01
1.7586114478e-01 -2.1717042763e-01
1.7787869257e-01 -2.1966189166e-01
1.8011521353e-01 -2.2242376504e-01
1.8259447379e-01 -2.2548539648e-01
1.8534281886e-01 -2.2887932000e-01
1.8838945370e-01 -2.3264160070e-01
1.9176675298e-01 -2.3681221798e-01
1.9551060515e-01 -2.4143549037e-01
1.9966079376e-01 -2.4656054648e-01
2.0426142027e-01 -2.5224184708e-01
2.0936137265e-01 -2.5853976377e-01
2.1501484489e-01 -2.6552122057e-01
2.2128191290e-01 -2.7326040504e-01
2.2822917288e-01 -2.8183955662e-01
2.3593044899e-01 -2.9134984060e-01
2.4446757787e-01 -3.0189231677e-01
2.5393127822e-01 -3.1357901343e-01
2.6442211486e-01 -3.2653411777e-01
2.7605156732e-01 -3.4089529555e-01
2.8894321450e-01 -3.5681515399e-01
3.0323404784e-01 -3.7446286344e-01
3.1907592705e-01 -3.9402595503e-01
3.3663719386e-01 -4.1571231348e-01
3.5610446081e-01 -4.3975238608e-01
3.7768459435e-01 -4.6640163163e-01
4.0160691300e-01 -4.9594323491e-01
4.2812562425e-01 -5.2869111602e-01
4.5752252579e-01 -5.6499326614e-01
4.9011000004e-01 -6.0523544544e-01
5.2623433366e-01 -6.4984528231e-01
5.6627939727e-01 -6.9929681749e-01
6.1067072462e-01 -7.5411554141e-01
6.5988003450e-01 -8.1488397826e-01
7.1443024337e-01 -8.8224787608e-01
7.7490102206e-01 -9.5692306874e-01
8.4193495561e-01 -1.0397030827e+00
9.1624437155e-01 -1.1314675691e+00
9.9861890942e-01 -1.2331916517e+00
1.0899339117e+00 -1.3459562884e+00
1.1911597258e+00 -1.4709597583e+00
1.3033720147e+00 -1.6095303948e+00
1.4277631880e+00 -1.7631407011e+00
1.5656550728e+00 -1.9334229976e+00
1.7185129596e+00 -2.1221867673e+00
1.8879611731e+00 -2.3314378844e+00

1.6728265159e-01 -1.8578620637e-01
1.6728934290e-01 -1.8579363782e-01
1.6729676044e-01 -1.8580187583e-01
1.6730498304e-01 -1.8581100796e-01
1.6731409807e-01 -1.8582113123e-01
1.6732420240e-01 -1.8583235322e-01
1.6733540340e-01 -1.8584479319e-01
1.6734782008e-01 -1.8585858332e-01
1.6736158441e-01 -1.8587387015e-01
1.6737684264e-01 -1.8589081612e-01
1.6739375690e-01 -1.8590960132e-01
1.6741250695e-01 -1.8593042536e-01
1.6743329202e-01 -1.8595350951e-01
1.6745633298e-01 -1.8597909909e-01
1.6748187468e-01 -1.8600746602e-01
1.6751018853e-01 -1.8603891174e-01
1.6754157540e-01 -1.8607377039e-01
1.6757636882e-01 -1.8611241241e-01
1.6761493853e-01 -1.8615524840e-01
1.6765769437e-01 -1.8620273358e-01
1.6770509069e-01 -1.8625537252e-01
1.6775763114e-01 -1.8631372460e-01
1.6781587403e-01 -1.8637840988e-01
1.6788043827e-01 -1.8645011574e-01
1.6795200995e-01 -1.8652960414e-01
1.6803134961e-01 -1.8661771976e-01
1.6811930034e-01 -1.8671539894e-01
1.6821679675e-01 -1.8682367968e-01
1.6832487487e-01 -1.8694371258e-01
1.6844468317e-01 -1.8707677318e-01
1.6857749478e-01 -1.8722427542e-01
1.6872472101e-01 -1.8738778672e-01
1.6888792634e-01 -1.8756904460e-01
1.6906884505e-01 -1.8776997518e-01
1.6926939965e-01 -1.8799271363e-01
1.6949172131e-01 -1.8823962684e-01
1.6973817249e-01 -1.8851333862e-01
1.7001137209e-01 -1.8881675751e-01
1.7031422322e-01 -1.8915310776e-01
1.7064994409e-01 -1.8952596356e-01
1.7102210220e-01 -1.8993928702e-01
1.7143465224e-01 -1.9039747025e-01
1.7189197811e-01 -1.9090538209e-01
1.7239893954e-01 -1.9146841979e-01
1.7296092367e-01 -1.9209256641e-01
1.7358390238e-01 -1.9278445436e-01
1.7427449566e-01 -1.9355143589e-01
1.7504004200e-01 -1.9440166125e-01
1.7588867640e-01 -1.9534416523e-01
1.7682941676e-01 -1.9638896325e-01
1.7787225973e-01 -1.9754715770e-01
1.7902828696e-01 -1.9883105601e-01
1.8030978281e-01 -2.0025430134e-01
1.8173036495e-01 -2.0183201764e-01
1.8330512900e-01 -2.0358097030e-01
1.8505080900e-01 -2.0551974435e-01
1.8698595519e-01 -2.0766894193e-01
1.8913113115e-01 -2.1005140120e-01
1.9150913233e-01 -2.1269243907e-01
1.9414522825e-01 -2.1562012019e-01
1.9706743105e-01 -2.1886555519e-01
2.0030679314e-01 -2.2246323127e-01
2.0389773719e-01 -2.2645137867e-01
2.0787842192e-01 -2.3087237694e-01
2.1229114755e-01 -2.3577320526e-01
2.1718280536e-01 -2.4120594164e-01
2.2260537593e-01 -2.4722831637e-01
2.2861648150e-01 -2.5390432545e-01
2.3527999833e-01 -2.6130491064e-01
2.4266673543e-01 -2.6950871330e-01
2.5085518702e-01 -2.7860291011e-01
2.5993236663e-01 -2.8868413939e-01
2.6999473176e-01 -2.9985952803e-01
2.8114920885e-01 -3.1224782988e-01
2.9351432952e-01 -3.2598068764e-01
3.0722149015e-01 -3.4120403179e-01
3.2241634815e-01 -3.5807963124e-01
3.3926036972e-01 -3.7678681240e-01
3.5793254573e-01 -3.9752436475e-01
3.7863129366e-01 -4.2051265324e-01
4.0157656612e-01 -4.4599596000e-01
4.2701218813e-01 -4.7424508012e-01
4.5520844807e-01 -5.0556019929e-01
4.8646496992e-01 -5.4027408362e-01
5.2111389711e-01 -5.7875561578e-01
5.5952342206e-01 -6.2141371488e-01
6.0210169867e-01 -6.6870168175e-01
6.4930117959e-01 -7.2112201595e-01
7.0162342407e-01 -7.7923175547e-01
7.5962442779e-01 -8.4364839607e-01
8.2392053100e-01 -9.1505645295e-01
8.9519496805e-01 -9.9421473473e-01
9.7420512767e-01 -1.0819644068e+00
1.0617906012e+00 -1.1792379299e+00
1.1588821046e+00 -1.2870689686e+00
1.2665113683e+00 -1.4066033758e+00
1.3858221009e+00 -1.5391113686e+00
1.5180821428e+00 -1.6860010263e+00
1.6646969384e+00 -1.8488332532e+00
1.8272244711e+00 -2.0293383650e+00
2.0073918191e+00 -2.2294344764e+00

1.7677669530e-01 -1.7677669530e-01
1.7678376636e-01 -1.7678376636e-01
1.7679160489e-01 -1.7679160489e-01
1.7680029416e-01 -1.7680029416e-01
1.7680992651e-01 -1.7680992651e-01
1.7682060430e-01 -1.7682060430e-01
1.7683244101e-01 -1.7683244101e-01
1.7684556240e-01 -1.7684556240e-01
1.7686010791e-01 -1.7686010791e-01
1.7687623211e-01 -1.7687623211e-01
1.7689410634e-01 -1.7689410634e-01
1.7691392053e-01 -1.7691392053e-01
1.7693588525e-01 -1.7693588525e-01
1.7696023389e-01 -1.7696023389e-01
1.7698722519e-01 -1.7698722519e-01
1.7701714598e-01 -1.7701714598e-01
1.7705031420e-01 -1.7705031420e-01
1.7708708231e-01 -1.7708708231e-01
1.7712784102e-01 -1.7712784102e-01
1.7717302345e-01 -1.7717302345e-01
1.7722310972e-01 -1.7722310972e-01
1.7727863207e-01 -1.7727863207e-01
1.7734018051e-01 -1.7734018051e-01
1.7740840906e-01 -1.7740840906e-01
1.7748404275e-01 -1.7748404275e-01
1.7756788530e-01 -1.7756788530e-01
1.7766082763e-01 -1.7766082763e-01
1.7776385740e-01 -1.7776385740e-01
1.7787806944e-01 -1.7787806944e-01
1.7800467740e-01 -1.7800467740e-01
1.7814502667e-01 -1.7814502667e-01
1.7830060865e-01 -1.7830060865e-01
1.7847307662e-01 -1.7847307662e-01
1.7866426328e-01 -1.7866426328e-01
1.7887620026e-01 -1.7887620026e-01
1.7911113967e-01 -1.7911113967e-01
1.7937157807e-01 -1.7937157807e-01
1.7966028297e-01 -1.7966028297e-01
1.7998032227e-01 -1.7998032227e-01
1.8033509681e-01 -1.8033509681e-01
1.8072837657e-01 -1.8072837657e-01
1.8116434068e-01 -1.8116434068e-01
1.8164762185e-01 -1.8164762185e-01
1.8218335562e-01 -1.8218335562e-01
1.8277723489e-01 -1.8277723489e-01
1.8343557044e-01 -1.8343557044e-01
1.8416535800e-01 -1.8416535800e-01
1.8497435255e-01 -1.8497435255e-01
1.8587115077e-01 -1.8587115077e-01
1.8686528238e-01 -1.8686528238e-01
1.8796731139e-01 -1.8796731139e-01
1.8918894836e-01 -1.8918894836e-01
1.9054317488e-01 -1.9054317488e-01
1.9204438144e-01 -1.9204438144e-01
1.9370852045e-01 -1.9370852045e-01
1.9555327564e-01 -1.9555327564e-01
1.9759825009e-01 -1.9759825009e-01
1.9986517445e-01 -1.9986517445e-01
2.0237813790e-01 -2.0237813790e-01
2.0516384414e-01 -2.0516384414e-01
2.0825189510e-01 -2.0825189510e-01
2.1167510558e-01 -2.1167510558e-01
2.1546985188e-01 -2.1546985188e-01
2.1967645838e-01 -2.1967645838e-01
2.2433962607e-01 -2.2433962607e-01
2.2950890748e-01 -2.2950890748e-01
2.3523923334e-01 -2.3523923334e-01
2.4159149623e-01 -2.4159149623e-01
2.4863319764e-01 -2.4863319764e-01
2.5643916533e-01 -2.5643916533e-01
2.6509234842e-01 -2.6509234842e-01
2.7468469884e-01 -2.7468469884e-01
2.8531814850e-01 -2.8531814850e-01
2.9710569239e-01 -2.9710569239e-01
3.1017258933e-01 -3.1017258933e-01
3.2465769306e-01 -3.2465769306e-01
3.4071492766e-01 -3.4071492766e-01
3.5851492331e-01 -3.5851492331e-01
3.7824682937e-01 -3.7824682937e-01
4.0012032445e-01 -4.0012032445e-01
4.2436784444e-01 -4.2436784444e-01
4.5124705253e-01 -4.5124705253e-01
4.8104357718e-01 -4.8104357718e-01
5.1407404739e-01 -5.1407404739e-01
5.5068945721e-01 -5.5068945721e-01
5.9127889564e-01 -5.9127889564e-01
6.3627368118e-01 -6.3627368118e-01
6.8615194516e-01 -6.8615194516e-01
7.4144371261e-01 -7.4144371261e-01
8.0273653445e-01 -8.0273653445e-01
8.7068173103e-01 -8.7068173103e-01
9.4600131331e-01 -9.4600131331e-01
1.0294956552e+00 -1.0294956552e+00
1.1220519988e+00 -1.1220519988e+00
1.2246538822e+00 -1.2246538822e+00
1.3383915912e+00 -1.3383915912e+00
1.4644737451e+00 -1.4644737451e+00
1.6042401399e+00 -1.6042401399e+00
1.7591759853e+00 -1.7591759853e+00
1.9309276873e+00 -1.9309276873e+00
2.1213203436e+00 -2.1213203436e+00

1.8578620637e-01 -1.6728265159e-01
1.8579363782e-01 -1.6728934290e-01
1.8580187583e-01 -1.6729676044e-01
1.8581100796e-01 -1.6730498304e-01
1.8582113123e-01 -1.6731409807e-01
1.8583235322e-01 -1.6732420240e-01
1.8584479319e-01 -1.6733540340e-01
1.8585858332e-01 -1.6734782008e-01
1.8587387015e-01 -1.6736158441e-01
1.8589081612e-01 -1.6737684264e-01
1.8590960132e-01 -1.6739375690e-01
1.8593042536e-01 -1.6741250695e-01
1.8595350951e-01 -1.6743329202e-01
1.8597909909e-01 -1.6745633298e-01
1.8600746602e-01 -1.6748187468e-01
1.8603891174e-01 -1.6751018853e-01
1.8607377039e-01 -1.6754157540e-01
1.8611241241e-01 -1.6757636882e-01
1.8615524840e-01 -1.6761493853e-01
1.8620273358e-01 -1.6765769437e-01
1.8625537252e-01 -1.6770509069e-01
1.8631372460e-01 -1.6775763114e-01
1.8637840988e-01 -1.6781587403e-01
1.8645011574e-01 -1.6788043827e-01
1.8652960414e-01 -1.6795200995e-01
1.8661771976e-01 -1.6803134961e-01
1.8671539894e-01 -1.6811930034e-01
1.8682367968e-01 -1.6821679675e-01
1.8694371258e-01 -1.6832487487e-01
1.8707677318e-01 -1.6844468317e-01
1.8722427542e-01 -1.6857749478e-01
1.8738778672e-01 -1.6872472101e-01
1.8756904460e-01 -1.6888792634e-01
1.8776997518e-01 -1.6906884505e-01
1.8799271363e-01 -1.6926939965e-01
1.8823962684e-01 -1.6949172131e-01
1.8851333862e-01 -1.6973817249e-01
1.8881675751e-01 -1.7001137209e-01
1.8915310776e-01 -1.7031422322e-01
1.8952596356e-01 -1.7064994409e-01
1.8993928702e-01 -1.7102210220e-01
1.9039747025e-01 -1.7143465224e-01
1.9090538209e-01 -1.7189197811e-01
1.9146841979e-01 -1.7239893954e-01
1.9209256641e-01 -1.7296092367e-01
1.9278445436e-01 -1.7358390238e-01
1.9355143589e-01 -1.7427449566e-01
1.9440166125e-01 -1.7504004200e-01
1.9534416523e-01 -1.7588867640e-01
1.9638896325e-01 -1.7682941676e-01
1.9754715770e-01 -1.7787225973e-01
1.9883105601e-01 -1.7902828696e-01
2.0025430134e-01 -1.8030978281e-01
2.0183201764e-01 -1.8173036495e-01
2.0358097030e-01 -1.8330512900e-01
2.0551974435e-01 -1.8505080900e-01
2.0766894193e-01 -1.8698595519e-01
2.1005140120e-01 -1.8913113115e-01
2.1269243907e-01 -1.9150913233e-01
2.1562012019e-01 -1.9414522825e-01
2.1886555519e-01 -1.9706743105e-01
2.2246323127e-01 -2.0030679314e-01
2.2645137867e-01 -2.0389773719e-01
2.3087237694e-01 -2.0787842192e-01
2.3577320526e-01 -2.1229114755e-01
2.4120594164e-01 -2.1718280536e-01
2.4722831637e-01 -2.2260537593e-01
2.5390432545e-01 -2.2861648150e-01
2.6130491064e-01 -2.3527999833e-01
2.6950871330e-01 -2.4266673543e-01
2.7860291011e-01 -2.5085518702e-01
2.8868413939e-01 -2.5993236663e-01
2.9985952803e-01 -2.6999473176e-01
3.1224782988e-01 -2.8114920885e-01
3.2598068764e-01 -2.9351432952e-01
3.4120403179e-01 -3.0722149015e-01
3.5807963124e-01 -3.2241634815e-01
3.7678681240e-01 -3.3926036972e-01
3.9752436475e-01 -3.5793254573e-01
4.2051265324e-01 -3.7863129366e-01
4.4599596000e-01 -4.0157656612e-01
4.7424508012e-01 -4.2701218813e-01
5.0556019929e-01 -4.5520844807e-01
5.4027408362e-01 -4.8646496992e-01
5.7875561578e-01 -5.2111389711e-01
6.2141371488e-01 -5.5952342206e-01
6.6870168175e-01 -6.0210169867e-01
7.2112201595e-01 -6.4930117959e-01
7.7923175547e-01 -7.0162342407e-01
8.4364839607e-01 -7.5962442779e-01
9.1505645295e-01 -8.2392053100e-01
9.9421473473e-01 -8.9519496805e-01
1.0819644068e+00 -9.7420512767e-01
1.1792379299e+00 -1.0617906012e+00
1.2870689686e+00 -1.1588821046e+00
1.4066033758e+00 -1.2665113683e+00
1.5391113686e+00 -1.3858221009e+00
1.6860010263e+00 -1.5180821428e+00
1.8488332532e+00 -1.6646969384e+00
2.0293383650e+00 -1.8272244711e+00
2.2294344764e+00 -2.0073918191e+00

1.9428649036e-01 -1.5733009776e-01
1.9429426182e-01 -1.5733639097e-01
1.9430287675e-01 -1.5734336720e-01
1.9431242670e-01 -1.5735110059e-01
1.9432301314e-01 -1.5735967332e-01
1.9433474858e-01 -1.5736917649e-01
1.9434775771e-01 -1.5737971108e-01
1.9436217878e-01 -1.5739138903e-01
1.9437816503e-01 -1.5740433444e-01
1.9439588633e-01 -1.5741868487e-01
1.9441553101e-01 -1.5743459282e-01
1.9443730781e-01 -1.5745222732e-01
1.9446144814e-01 -1.5747177577e-01
1.9448820852e-01 -1.5749344590e-01
1.9451787332e-01 -1.5751746799e-01
1.9455075777e-01 -1.5754409729e-01
1.9458721131e-01 -1.5757361679e-01
1.9462762132e-01 -1.5760634016e-01
1.9467241719e-01 -1.5764261515e-01
1.9472207496e-01 -1.5768282721e-01
1.9477712230e-01 -1.5772740367e-01
1.9483814416e-01 -1.5777681820e-01
1.9490578899e-01 -1.5783159590e-01
1.9498077560e-01 -1.5789231886e-01
1.9506390084e-01 -1.5795963235e-01
1.9515604802e-01 -1.5803425167e-01
1.9525819632e-01 -1.5811696973e-01
1.9537143123e-01 -1.5820866555e-01
1.9549695601e-01 -1.5831031351e-01
1.9563610453e-01 -1.5842299377e-01
1.9579035545e-01 -1.5854790370e-01
1.9596134788e-01 -1.5868637064e-01
1.9615089887e-01 -1.5883986600e-01
1.9636102263e-01 -1.5901002087e-01
1.9659395204e-01 -1.5919864339e-01
1.9685216229e-01 -1.5940773792e-01
1.9713839720e-01 -1.5963952639e-01
1.9745569843e-01 -1.5989647186e-01
1.9780743774e-01 -1.6018130473e-01
1.9819735283e-01 -1.6049705174e-01
1.9862958708e-01 -1.6084706814e-01
1.9910873359e-01 -1.6123507333e-01
1.9963988394e-01 -1.6166519040e-01
2.0022868233e-01 -1.6214198994e-01
2.0088138556e-01 -1.6267053859e-01
2.0160492948e-01 -1.6325645291e-01
2.0240700275e-01 -1.6390595904e-01
2.0329612850e-01 -1.6462595887e-01
2.0428175491e-01 -1.6542410340e-01
2.0537435561e-01 -1.6630887400e-01
2.0658554099e-01 -1.6728967258e-01
2.0792818155e-01 -1.6837692147e-01
2.0941654468e-01 -1.6958217417e-01
2.1106644630e-01 -1.7091823816e-01
2.1289541887e-01 -1.7239931094e-01
2.1492289773e-01 -1.7404113095e-01
2.1717042763e-01 -1.7586114478e-01
2.1966189166e-01 -1.7787869257e-01
2.2242376504e-01 -1.8011521353e-01
2.2548539648e-01 -1.8259447379e-01
2.2887932000e-01 -1.8534281886e-01
2.3264160070e-01 -1.8838945370e-01
2.3681221798e-01 -1.9176675298e-01
2.4143549037e-01 -1.9551060515e-01
2.4656054648e-01 -1.9966079376e-01
2.5224184708e-01 -2.0426142027e-01
2.5853976377e-01 -2.0936137265e-01
2.6552122057e-01 -2.1501484489e-01
2.7326040504e-01 -2.2128191290e-01
2.8183955662e-01 -2.2822917288e-01
2.9134984060e-01 -2.3593044899e-01
3.0189231677e-01 -2.4446757787e-01
3.1357901343e-01 -2.5393127822e-01
3.2653411777e-01 -2.6442211486e-01
3.4089529555e-01 -2.7605156732e-01
3.5681515399e-01 -2.8894321450e-01
3.7446286344e-01 -3.0323404784e-01
3.9402595503e-01 -3.1907592705e-01
4.1571231348e-01 -3.3663719386e-01
4.3975238608e-01 -3.5610446081e-01
4.6640163163e-01 -3.7768459435e-01
4.9594323491e-01 -4.0160691300e-01
5.2869111602e-01 -4.2812562425e-01
5.6499326614e-01 -4.5752252579e-01
6.0523544544e-01 -4.9011000004e-01
6.4984528231e-01 -5.2623433366e-01
6.9929681749e-01 -5.6627939727e-01
7.5411554141e-01 -6.1067072462e-01
8.1488397826e-01 -6.5988003450e-01
8.8224787608e-01 -7.1443024337e-01
9.5692306874e-01 -7.7490102206e-01
1.0397030827e+00 -8.4193495561e-01
1.1314675691e+00 -9.1624437155e-01
1.2331916517e+00 -9.9861890942e-01
1.3459562884e+00 -1.0899339117e+00
1.4709597583e+00 -1.1911597258e+00
1.6095303948e+00 -1.3033720147e+00
1.7631407011e+00 -1.4277631880e+00
1.9334229976e+00 -1.5656550728e+00
2.1221867673e+00 -1.7185129596e+00
2.3314378844e+00 -1.8879611731e+00

2.0225424859e-01 -1.4694631307e-01
2.0226233876e-01 -1.4695219093e-01
2.0227130699e-01 -1.4695870673e-01
2.0228124859e-01 -1.4696592972e-01
2.0229226918e-01 -1.4697393665e-01
2.0230448589e-01 -1.4698281261e-01
2.0231802853e-01 -1.4699265191e-01
2.0233304101e-01 -1.4700355912e-01
2.0234968287e-01 -1.4701565013e-01
2.0236813093e-01 -1.4702905343e-01
2.0238858124e-01 -1.4704391145e-01
2.0241125111e-01 -1.4706038208e-01
2.0243638145e-01 -1.4707864034e-01
2.0246423928e-01 -1.4709888024e-01
2.0249512065e-01 -1.4712131686e-01
2.0252935370e-01 -1.4714618863e-01
2.0256730222e-01 -1.4717375984e-01
2.0260936945e-01 -1.4720432348e-01
2.0265600242e-01 -1.4723820431e-01
2.0270769667e-01 -1.4727576238e-01
2.0276500152e-01 -1.4731739679e-01
2.0282852591e-01 -1.4736354996e-01
2.0289894488e-01 -1.4741471234e-01
2.0297700672e-01 -1.4747142759e-01
2.0306354095e-01 -1.4753429839e-01
2.0315946712e-01 -1.4760399283e-01
2.0326580456e-01 -1.4768125150e-01
2.0338368327e-01 -1.4776689540e-01
2.0351435587e-01 -1.4786183460e-01
2.0365921092e-01 -1.4796707795e-01
2.0381978772e-01 -1.4808374383e-01
2.0399779262e-01 -1.4821307196e-01
2.0419511715e-01 -1.4835643662e-01
2.0441385817e-01 -1.4851536128e-01
2.0465634010e-01 -1.4869153471e-01
2.0492513964e-01 -1.4888682900e-01
2.0522311315e-01 -1.4910331943e-01
2.0555342702e-01 -1.4934330650e-01
2.0591959127e-01 -1.4960934041e-01
2.0632549692e-01 -1.4990424812e-01
2.0677545726e-01 -1.5023116344e-01
2.0727425373e-01 -1.5059356030e-01
2.0782718675e-01 -1.5099528965e-01
2.0844013197e-01 -1.5144062042e-01
2.0911960279e-01 -1.5193428487e-01
2.0987281951e-01 -1.5248152885e-01
2.1070778609e-01 -1.5308816758e-01
2.1163337521e-01 -1.5376064743e-01
2.1265942251e-01 -1.5450611443e-01
2.1379683115e-01 -1.5533249018e-01
2.1505768767e-01 -1.5624855607e-01
2.1645539039e-01 -1.5726404654e-01
2.1800479183e-01 -1.5838975258e-01
2.1972235650e-01 -1.5963763635e-01
2.2162633589e-01 -1.6102095835e-01
2.2373696238e-01 -1.6255441826e-01
2.2607666428e-01 -1.6425431119e-01
2.2867030414e-01 -1.6613870085e-01
2.3154544294e-01 -1.6822761146e-01
2.3473263297e-01 -1.7054324056e-01
2.3826574250e-01 -1.7311019489e-01
2.4218231568e-01 -1.7595575187e-01
2.4652397146e-01 -1.7911014944e-01
2.5133684590e-01 -1.8260690740e-01
2.5667208239e-01 -1.8648318361e-01
2.6258637515e-01 -1.9078016882e-01
2.6914257165e-01 -1.9554352440e-01
2.7641034048e-01 -2.0082386754e-01
2.8446691166e-01 -2.0667730913e-01
2.9339789731e-01 -2.1316605003e-01
3.0329820142e-01 -2.2035904200e-01
3.1427302830e-01 -2.2833272047e-01
3.2643900056e-01 -2.3717181671e-01
3.3992539834e-01 -2.4697025825e-01
3.5487553314e-01 -2.5783216697e-01
3.7144827065e-01 -2.6987296558e-01
3.8981971896e-01 -2.8322060408e-01
4.1018509991e-01 -2.9801691944e-01
4.3276082365e-01 -3.1441914283e-01
4.5778678820e-01 -3.3260157039e-01
4.8552892880e-01 -3.5275741535e-01
5.1628204377e-01 -3.7510086125e-01
5.5037292716e-01 -3.9986933785e-01
5.8816384140e-01 -4.2732604421e-01
6.3005636682e-01 -4.5776274553e-01
6.7649566900e-01 -4.9150287354e-01
7.2797522926e-01 -5.2890496339e-01
7.8504208859e-01 -5.7036646364e-01
8.4830266070e-01 -6.1632795962e-01
9.1842917598e-01 -6.6727785531e-01
9.9616682492e-01 -7.2375756329e-01
1.0823416767e+00 -7.8636725797e-01
1.1778694575e+00 -8.5577225329e-01
1.2837652809e+00 -9.3271007258e-01
1.4011544356e+00 -1.0179982858e+00
1.5312843424e+00 -1.1125431972e+00
1.6755378101e+00 -1.2173494763e+00
1.8354477298e+00 -1.3335308336e+00
2.0127133639e+00 -1.4623218556e+00
2.2092184031e+00 -1.6050911235e+00
2.4270509831e+00 -1.7633557569e+00

2.0966764199e-01 -1.3615975875e-01
2.0967602869e-01 -1.3616520514e-01
2.0968532564e-01 -1.3617124265e-01
2.0969563163e-01 -1.3617793544e-01
2.0970705618e-01 -1.3618535463e-01
2.0971972067e-01 -1.3619357905e-01
2.0973375970e-01 -1.3620269610e-01
2.0974932245e-01 -1.3621280267e-01
2.0976657429e-01 -1.3622400614e-01
2.0978569855e-01 -1.3623642558e-01
2.0980689844e-01 -1.3625019295e-01
2.0983039925e-01 -1.3626545456e-01
2.0985645071e-01 -1.3628237257e-01
2.0988532964e-01 -1.3630112677e-01
2.0991734292e-01 -1.3632191644e-01
2.0995283075e-01 -1.3634496250e-01
2.0999217023e-01 -1.3637050986e-01
2.1003577938e-01 -1.3639882997e-01
2.1008412163e-01 -1.3643022380e-01
2.1013771067e-01 -1.3646502493e-01
2.1019711596e-01 -1.3650360317e-01
2.1026296877e-01 -1.3654636848e-01
2.1033596886e-01 -1.3659377530e-01
2.1041689197e-01 -1.3664632738e-01
2.1050659801e-01 -1.3670458317e-01
2.1060604024e-01 -1.3676916170e-01
2.1071627536e-01 -1.3684074923e-01
2.1083847477e-01 -1.3692010646e-01
2.1097393702e-01 -1.3700807667e-01
2.1112410157e-01 -1.3710559467e-01
2.1129056412e-01 -1.3721369671e-01
2.1147509358e-01 -1.3733353154e-01
2.1167965082e-01 -1.3746637257e-01
2.1190640953e-01 -1.3761363140e-01
2.1215777935e-01 -1.3777687287e-01
2.1243643142e-01 -1.3795783164e-01
2.1274532681e-01 -1.3815843065e-01
2.1308774794e-01 -1.3838080153e-01
2.1346733352e-01 -1.3862730729e-01
2.1388811717e-01 -1.3890056738e-01
2.1435457028e-01 -1.3920348557e-01
2.1487164956e-01 -1.3953928078e-01
2.1544484968e-01 -1.3991152130e-01
2.1608026170e-01 -1.4032416269e-01
2.1678463773e-01 -1.4078158983e-01
2.1756546272e-01 -1.4128866351e-01
2.1843103403e-01 -1.4185077209e-01
2.1939054954e-01 -1.4247388874e-01
2.2045420540e-01 -1.4316463494e-01
2.2163330443e-01 -1.4393035080e-01
2.2294037618e-01 -1.4477917312e-01
2.2438931006e-01 -1.4572012179e-01
2.2599550300e-01 -1.4676319568e-01
2.2777602300e-01 -1.4791947889e-01
2.2974979053e-01 -1.4920125850e-01
2.3193777957e-01 -1.5062215520e-01
2.3436324051e-01 -1.5219726796e-01
2.3705194721e-01 -1.5394333450e-01
2.4003247087e-01 -1.5587890920e-01
2.4333648363e-01 -1.5802456017e-01
2.4699909517e-01 -1.6040308791e-01
2.5105922576e-01 -1.6303976755e-01
2.5556001987e-01 -1.6596261742e-01
2.6054930460e-01 -1.6920269681e-01
2.6608009796e-01 -1.7279443601e-01
2.7221117221e-01 -1.7677600219e-01
2.7900767845e-01 -1.8118970494e-01
2.8654183886e-01 -1.8608244592e-01
2.9489371425e-01 -1.9150621722e-01
3.0415205476e-01 -1.9751865385e-01
3.1441524296e-01 -2.0418364619e-01
3.2579233931e-01 -2.1157201895e-01
3.3840424108e-01 -2.1976228373e-01
3.5238496703e-01 -2.2884147332e-01
3.6788308156e-01 -2.3890606658e-01
3.8506327342e-01 -2.5006301362e-01
4.0410810572e-01 -2.6243087233e-01
4.2521995595e-01 -2.7614106817e-01
4.4862316648e-01 -2.9133929080e-01
4.7456642855e-01 -3.0818704218e-01
5.0332542493e-01 -3.2686335280e-01
5.3520575943e-01 -3.4756668410e-01
5.7054620436e-01 -3.7051703738e-01
6.0972230045e-01 -3.9595829165e-01
6.5315034748e-01 -4.2416079516e-01
7.0129182808e-01 -4.5542423820e-01
7.5465831153e-01 -4.9008083778e-01
8.1381688998e-01 -5.2849886782e-01
8.7939620451e-01 -5.7108657264e-01
9.5209312535e-01 -6.1829650503e-01
1.0326801571e+00 -6.7063033534e-01
1.1220136475e+00 -7.2864418234e-01
1.2210428875e+00 -7.9295452277e-01
1.3308201988e+00 -8.6424474228e-01
1.4525121159e+00 -9.4327239728e-01
1.5874117825e+00 -1.0308772651e+00
1.7369526927e+00 -1.1279902676e+00
1.9027239238e+00 -1.2356433639e+00
2.0864870229e+00 -1.3549805158e+00
2.2901947249e+00 -1.4872698442e+00
2.5160117038e+00 -1.6339171050e+00

2.1650635095e-01 -1.2500000000e-01
2.1651501120e-01 -1.2500500000e-01
2.1652461139e-01 -1.2501054267e-01
2.1653525353e-01 -1.2501668691e-01
2.1654705070e-01 -1.2502349802e-01
2.1656012828e-01 -1.2503104836e-01
2.1657462522e-01 -1.2503941817e-01
2.1659069557e-01 -1.2504869639e-01
2.1660851012e-01 -1.2505898162e-01
2.1662825815e-01 -1.2507038315e-01
2.1665014951e-01 -1.2508302214e-01
2.1667441685e-01 -1.2509703289e-01
2.1670131802e-01 -1.2511256429e-01
2.1673113889e-01 -1.2512978138e-01
2.1676419635e-01 -1.2514886712e-01
2.1680084168e-01 -1.2517002431e-01
2.1684146429e-01 -1.2519347778e-01
2.1688649584e-01 -1.2521947676e-01
2.1693641487e-01 -1.2524829752e-01
2.1699175182e-01 -1.2528024632e-01
2.1705309472e-01 -1.2531566267e-01
2.1712109544e-01 -1.2535492290e-01
2.1719647657e-01 -1.2539844421e-01
2.1728003914e-01 -1.2544668909e-01
2.1737267112e-01 -1.2550017018e-01
2.1747535684e-01 -1.2555945581e-01
2.1758918749e-01 -1.2562517597e-01
2.1771537267e-01 -1.2569802902e-01
2.1785525328e-01 -1.2577878912e-01
2.1801031573e-01 -1.2586831447e-01
2.1818220778e-01 -1.2596755639e-01
2.1837275601e-01 -1.2607756947e-01
2.1858398527e-01 -1.2619952274e-01
2.1881814015e-01 -1.2633471212e-01
2.1907770888e-01 -1.2648457419e-01
2.1936544972e-01 -1.2665070145e-01
2.1968442031e-01 -1.2683485920e-01
2.2003801016e-01 -1.2703900440e-01
2.2042997665e-01 -1.2726530636e-01
2.2086448495e-01 -1.2751616984e-01
2.2134615232e-01 -1.2779426062e-01
2.2188009712e-01 -1.2810253380e-01
2.2247199326e-01 -1.2844426520e-01
2.2312813045e-01 -1.2882308618e-01
2.2385548104e-01 -1.2924302224e-01
2.2466177413e-01 -1.2970853577e-01
2.2555557769e-01 -1.3022457350e-01
2.2654638962e-01 -1.3079661903e-01
2.2764473864e-01 -1.3143075114e-01
2.2886229623e-01 -1.3213370834e-01
2.3021200061e-01 -1.3291296052e-01
2.3170819423e-01 -1.3377678831e-01
2.3336677621e-01 -1.3473437106e-01
2.3520537125e-01 -1.3579588441e-01
2.3724351696e-01 -1.3697260838e-01
2.3950287143e-01 -1.3827704729e-01
2.4200744339e-01 -1.3972306259e-01
2.4478384738e-01 -1.4132602018e-01
2.4786158648e-01 -1.4310295368e-01
2.5127336590e-01 -1.4507274544e-01
2.5505544048e-01 -1.4725632722e-01
2.5924799996e-01 -1.4967690256e-01
2.6389559602e-01 -1.5236019340e-01
2.6904761577e-01 -1.5533471339e-01
2.7475880647e-01 -1.5863207088e-01
2.8108985738e-01 -1.6228730482e-01
2.8810804459e-01 -1.6633925710e-01
2.9588794598e-01 -1.7083098526e-01
3.0451223367e-01 -1.7581022008e-01
3.1407255256e-01 -1.8132987277e-01
3.2467049417e-01 -1.8744859721e-01
3.3641867616e-01 -1.9423141324e-01
3.4944193909e-01 -2.0175039760e-01
3.6387867301e-01 -2.1008544982e-01
3.7988228803e-01 -2.1932514126e-01
3.9762284453e-01 -2.2956765632e-01
4.1728886026e-01 -2.4092183580e-01
4.3908931364e-01 -2.5350833343e-01
4.6325586440e-01 -2.6746089801e-01
4.9004531531e-01 -2.8292779471e-01
5.1974234106e-01 -3.0007338052e-01
5.5266251331e-01 -3.1907985083e-01
5.8915565407e-01 -3.4014917547e-01
6.2960955305e-01 -3.6350524494e-01
6.7445408845e-01 -3.8939624952e-01
7.2416579500e-01 -4.1809731668e-01
7.7927292782e-01 -4.4991343465e-01
8.4036107583e-01 -4.8518269335e-01
9.0807938445e-01 -5.2427987706e-01
9.8314745365e-01 -5.6762044702e-01
1.0663629847e+00 -6.1566495626e-01
1.1586102568e+00 -6.6892394365e-01
1.2608695239e+00 -7.2796335903e-01
1.3742274310e+00 -7.9341057720e-01
1.4998885614e+00 -8.6596106470e-01
1.6391882372e+00 -9.4638577003e-01
1.7936067086e+00 -1.0355393161e+00
1.9647848838e+00 -1.1343690816e+00
2.1545417659e+00 -1.2439252685e+00
2.3648937821e+00 -1.3653720617e+00
2.5980762114e+00 -1.5000000000e+00

2.2275163105e-01 -1.1349762493e-01
2.2276054111e-01 -1.1350216484e-01
2.2277041823e-01 -1.1350719748e-01
2.2278136734e-01 -1.1351277634e-01
2.2279350482e-01 -1.1351896069e-01
2.2280695962e-01 -1.1352581625e-01
2.2282187474e-01 -1.1353341588e-01
2.2283840866e-01 -1.1354184034e-01
2.2285673707e-01 -1.1355117913e-01
2.2287705475e-01 -1.1356153150e-01
2.2289957759e-01 -1.1357300746e-01
2.2292454493e-01 -1.1358572896e-01
2.2295222209e-01 -1.1359983117e-01
2.2298290316e-01 -1.1361546396e-01
2.2301691419e-01 -1.1363279345e-01
2.2305461658e-01 -1.1365200378e-01
2.2309641098e-01 -1.1367329908e-01
2.2314274150e-01 -1.1369690566e-01
2.2319410047e-01 -1.1372307437e-01
2.2325103365e-01 -1.1375208327e-01
2.2331414604e-01 -1.1378424064e-01
2.2338410828e-01 -1.1381988818e-01
2.2346166384e-01 -1.1385940471e-01
2.2354763683e-01 -1.1390321014e-01
2.2364294084e-01 -1.1395176996e-01
2.2374858861e-01 -1.1400560018e-01
2.2386570278e-01 -1.1406527284e-01
2.2399552787e-01 -1.1413142202e-01
2.2413944343e-01 -1.1420475066e-01
2.2429897877e-01 -1.1428603798e-01
2.2447582916e-01 -1.1437614776e-01
2.2467187390e-01 -1.1447603754e-01
2.2488919622e-01 -1.1458676879e-01
2.2513010546e-01 -1.1470951818e-01
2.2539716163e-01 -1.1484559010e-01
2.2569320256e-01 -1.1499643048e-01
2.2602137409e-01 -1.1516364223e-01
2.2638516349e-01 -1.1534900219e-01
2.2678843653e-01 -1.1555448006e-01
2.2723547854e-01 -1.1578225934e-01
2.2773103994e-01 -1.1603476049e-01
2.2828038676e-01 -1.1631466668e-01
2.2888935657e-01 -1.1662495229e-01
2.2956442050e-01 -1.1696891454e-01
2.3031275204e-01 -1.1735020851e-01
2.3114230323e-01 -1.1777288595e-01
2.3206188919e-01 -1.1824143840e-01
2.3308128180e-01 -1.1876084488e-01
2.3421131348e-01 -1.1933662478e-01
2.3546399239e-01 -1.1997489656e-01
2.3685262995e-01 -1.2068244274e-01
2.3839198234e-01 -1.2146678196e-01
2.4009840730e-01 -1.2233624890e-01
2.4199003793e-01 -1.2330008285e-01
2.4408697540e-01 -1.2436852586e-01
2.4641150256e-01 -1.2555293160e-01
2.4898832069e-01 -1.2686588602e-01
2.5184481203e-01 -1.2832134105e-01
2.5501133071e-01 -1.2993476291e-01
2.5852152534e-01 -1.3172329640e-01
2.6241269656e-01 -1.3370594717e-01
2.6672619341e-01 -1.3590378359e-01
2.7150785270e-01 -1.3834016069e-01
2.7680848612e-01 -1.4104096832e-01
2.8268442020e-01 -1.4403490627e-01
2.8919809478e-01 -1.4735378924e-01
2.9641872661e-01 -1.5103288491e-01
3.0442304480e-01 -1.5511128874e-01
3.1329610622e-01 -1.5963233935e-01
3.2313219933e-01 -1.6464407911e-01
3.3403584612e-01 -1.7019976464e-01
3.4612291280e-01 -1.7635843272e-01
3.5952184104e-01 -1.8318552766e-01
3.7437501285e-01 -1.9075359670e-01
3.9084026356e-01 -1.9914306097e-01
4.0909255905e-01 -2.0844307004e-01
4.2932585504e-01 -2.1875244927e-01
4.5175515804e-01 -2.3018074996e-01
4.7661881019e-01 -2.4284941350e-01
5.0418102192e-01 -2.5689306182e-01
5.3473467956e-01 -2.7246092796e-01
5.6860445766e-01 -2.8971844187e-01
6.0615026909e-01 -3.0884898832e-01
6.4777108963e-01 -3.3005585561e-01
6.9390919764e-01 -3.5356439583e-01
7.4505487382e-01 -3.7962441948e-01
8.0175161119e-01 -4.0851285007e-01
8.6460189039e-01 -4.4053666684e-01
9.3427358192e-01 -4.7603616678e-01
1.0115070431e+00 -5.1538858081e-01
1.0971229855e+00 -5.5901208233e-01
1.1920311960e+00 -6.0737023094e-01
1.2972402045e+00 -6.6097689831e-01
1.4138680013e+00 -7.2040172889e-01
1.5431539167e+00 -7.8627619304e-01
1.6864717910e+00 -8.5930029736e-01
1.8453445733e+00 -9.4025002319e-01
2.0214605051e+00 -1.0299855725e+00
2.2166910597e+00 -1.1294605086e+00
2.4331108298e+00 -1.2397318892e+00
2.6730195726e+00 -1.3619714992e+00

2.2838636441e-01 -1.0168416077e-01
2.2839549987e-01 -1.0168822814e-01
2.2840562683e-01 -1.0169273695e-01
2.2841685292e-01 -1.0169773513e-01
2.2842929742e-01 -1.0170327578e-01
2.2844309258e-01 -1.0170941778e-01
2.2845838499e-01 -1.0171622640e-01
2.2847533715e-01 -1.0172377398e-01
2.2849412920e-01 -1.0173214074e-01
2.2851496083e-01 -1.0174141558e-01
2.2853805341e-01 -1.0175169706e-01
2.2856365233e-01 -1.0176309444e-01
2.2859202961e-01 -1.0177572881e-01
2.2862348679e-01 -1.0178973446e-01
2.2865835817e-01 -1.0180526019e-01
2.2869701428e-01 -1.0182247100e-01
2.2873986590e-01 -1.0184154977e-01
2.2878736840e-01 -1.0186269925e-01
2.2884002655e-01 -1.0188614417e-01
2.2889839992e-01 -1.0191213367e-01
2.2896310880e-01 -1.0194094392e-01
2.2903484082e-01 -1.0197288107e-01
2.2911435822e-01 -1.0200828449e-01
2.2920250598e-01 -1.0204753041e-01
2.2930022081e-01 -1.0209103585e-01
2.2940854105e-01 -1.0213926313e-01
2.2952861775e-01 -1.0219272472e-01
2.2966172689e-01 -1.0225198873e-01
2.2980928294e-01 -1.0231768492e-01
2.2997285389e-01 -1.0239051140e-01
2.3015417791e-01 -1.0247124205e-01
2.3035518180e-01 -1.0256073474e-01
2.3057800151e-01 -1.0265994047e-01
2.3082500480e-01 -1.0276991342e-01
2.3109881643e-01 -1.0289182222e-01
2.3140234602e-01 -1.0302696230e-01
2.3173881899e-01 -1.0317676972e-01
2.3211181083e-01 -1.0334283638e-01
2.3252528507e-01 -1.0352692697e-01
2.3298363547e-01 -1.0373099772e-01
2.3349173261e-01 -1.0395721714e-01
2.3405497573e-01 -1.0420798914e-01
2.3467935006e-01 -1.0448597850e-01
2.3537149044e-01 -1.0479413925e-01
2.3613875179e-01 -1.0513574601e-01
2.3698928734e-01 -1.0551442884e-01
2.3793213519e-01 -1.0593421174e-01
2.3897731438e-01 -1.0639955550e-01
2.4013593139e-01 -1.0691540503e-01
2.4142029811e-01 -1.0748724193e-01
2.4284406269e-01 -1.0812114277e-01
2.4442235460e-01 -1.0882384360e-01
2.4617194535e-01 -1.0960281159e-01
2.4811142673e-01 -1.1046632433e-01
2.5026140841e-01 -1.1142355785e-01
2.5264473690e-01 -1.1248468406e-01
2.5528673831e-01 -1.1366097888e-01
2.5821548756e-01 -1.1496494205e-01
2.6146210661e-01 -1.1641042998e-01
2.6506109525e-01 -1.1801280297e-01
2.6905069768e-01 -1.1978908841e-01
2.7347330890e-01 -1.2175816179e-01
2.7837592522e-01 -1.2394094721e-01
2.8381064366e-01 -1.2636063975e-01
2.8983521558e-01 -1.2904295199e-01
2.9651366031e-01 -1.3201638716e-01
3.0391694550e-01 -1.3531254209e-01
3.1212374122e-01 -1.3896644295e-01
3.2122125592e-01 -1.4301691747e-01
3.3130616320e-01 -1.4750700748e-01
3.4248562904e-01 -1.5248442635e-01
3.5487845059e-01 -1.5800206600e-01
3.6861631861e-01 -1.6411855892e-01
3.8384521679e-01 -1.7089890123e-01
4.0072697308e-01 -1.7841514339e-01
4.1944097931e-01 -1.8674715578e-01
4.4018609748e-01 -1.9598347747e-01
4.6318277295e-01 -2.0622225706e-01
4.8867537695e-01 -2.1757229562e-01
5.1693480339e-01 -2.3015420291e-01
5.4826134747e-01 -2.4410167894e-01
5.8298789671e-01 -2.5956293480e-01
6.2148346835e-01 -2.7670226755e-01
6.6415713069e-01 -2.9570180613e-01
7.1146234995e-01 -3.1676344671e-01
7.6390180901e-01 -3.4011099813e-01
8.2203274911e-01 -3.6599256017e-01
8.8647289127e-01 -3.9468315994e-01
9.5790700044e-01 -4.2648767445e-01
1.0370941621e+00 -4.6174407032e-01
1.1248758484e+00 -5.0082699514e-01
1.2221848605e+00 -5.4415175863e-01
1.3300552399e+00 -5.9217874587e-01
1.4496332577e+00 -6.4541830950e-01
1.5821895943e+00 -7.0443619298e-01
1.7291328428e+00 -7.6985954231e-01
1.8920244768e+00 -8.4238357037e-01
2.0725954435e+00 -9.2277894451e-01
2.2727645574e+00 -1.0118999759e+00
2.4946588899e+00 -1.1106936979e+00
2.7406363729e+00 -1.2202099292e+00

2.3339510662e-01 -8.9591987386e-02
2.3340444243e-01 -8.9595571066e-02
2.3341479149e-01 -8.9599543698e-02
2.3342626378e-01 -8.9603947496e-02
2.3343898120e-01 -8.9608829258e-02
2.3345307890e-01 -8.9614240859e-02
2.3346870669e-01 -8.9620239804e-02
2.3348603062e-01 -8.9626889840e-02
2.3350523480e-01 -8.9634261634e-02
2.3352652329e-01 -8.9642433520e-02
2.3355012232e-01 -8.9651492336e-02
2.3357628265e-01 -8.9661534345e-02
2.3360528227e-01 -8.9672666256e-02
2.3363742934e-01 -8.9685006362e-02
2.3367306548e-01 -8.9698685793e-02
2.3371256935e-01 -8.9713849911e-02
2.3375636076e-01 -8.9730659857e-02
2.3380490504e-01 -8.9749294259e-02
2.3385871803e-01 -8.9769951132e-02
2.3391837159e-01 -8.9792849986e-02
2.3398449960e-01 -8.9818234151e-02
2.3405780477e-01 -8.9846373370e-02
2.3413906606e-01 -8.9877566659e-02
2.3422914700e-01 -8.9912145491e-02
2.3432900481e-01 -8.9950477312e-02
2.3443970062e-01 -8.9992969452e-02
2.3456241072e-01 -9.0040073447e-02
2.3469843908e-01 -9.0092289843e-02
2.3484923119e-01 -9.0150173509e-02
2.3501638941e-01 -9.0214339540e-02
2.3520169004e-01 -9.0285469787e-02
2.3540710215e-01 -9.0364320108e-02
2.3563480852e-01 -9.0451728394e-02
2.3588722885e-01 -9.0548623479e-02
2.3616704544e-01 -9.0656035006e-02
2.3647723174e-01 -9.0775104371e-02
2.3682108390e-01 -9.0907096848e-02
2.3720225582e-01 -9.1053415038e-02
2.3762479797e-01 -9.1215613774e-02
2.3809320045e-01 -9.1395416640e-02
2.3861244067e-01 -9.1594734287e-02
2.3918803628e-01 -9.1815684740e-02
2.3982610377e-01 -9.2060615899e-02
2.4053342347e-01 -9.2332130496e-02
2.4131751164e-01 -9.2633113745e-02
2.4218670029e-01 -9.2966764005e-02
2.4315022574e-01 -9.3336626771e-02
2.4421832676e-01 -9.3746632339e-02
2.4540235340e-01 -9.4201137584e-02
2.4671488757e-01 -9.4704972246e-02
2.4816987674e-01 -9.5263490260e-02
2.4978278217e-01 -9.5882626648e-02
2.5157074320e-01 -9.6568960582e-02
2.5355275936e-01 -9.7329785303e-02
2.5574989230e-01 -9.8173185618e-02
2.5818548957e-01 -9.9108123813e-02
2.6088543273e-01 -1.0014453489e-01
2.6387841238e-01 -1.0129343214e-01
2.6719623305e-01 -1.0256702417e-01
2.7087415113e-01 -1.0397884464e-01
2.7495124954e-01 -1.0554389609e-01
2.7947085306e-01 -1.0727880933e-01
2.8448098868e-01 -1.0920202020e-01
2.9003489595e-01 -1.1133396546e-01
2.9619159278e-01 -1.1369729995e-01
3.0301650251e-01 -1.1631713733e-01
3.1058214917e-01 -1.1922131699e-01
3.1896892815e-01 -1.2244069981e-01
3.2826596049e-01 -1.2600949616e-01
3.3857203991e-01 -1.2996562939e-01
3.4999668265e-01 -1.3435113885e-01
3.6266129122e-01 -1.3921262660e-01
3.7670044448e-01 -1.4460175262e-01
3.9226332768e-01 -1.5057578376e-01
4.0951531783e-01 -1.5719820231e-01
4.2863974100e-01 -1.6453938056e-01
4.4983982044e-01 -1.7267732859e-01
4.7334083608e-01 -1.8169852328e-01
4.9939251848e-01 -1.9169882721e-01
5.2827170250e-01 -2.0278450732e-01
5.6028526914e-01 -2.1507336418e-01
5.9577340645e-01 -2.2869598377e-01
6.3511322462e-01 -2.4379712511e-01
6.7872276321e-01 -2.6053725855e-01
7.2706543341e-01 -2.7909427100e-01
7.8065494245e-01 -2.9966535618e-01
8.4006075241e-01 -3.2246911010e-01
9.0591413157e-01 -3.4774785394e-01
9.7891486245e-01 -3.7577020906e-01
1.0598386780e+00 -4.0683395143e-01
1.1495455049e+00 -4.4126917597e-01
1.2489886012e+00 -4.7944180418e-01
1.3592246864e+00 -5.2175747264e-01
1.4814251701e+00 -5.6866584340e-01
1.6168886002e+00 -6.2066538229e-01
1.7670544616e+00 -6.7830865577e-01
1.9335184727e+00 -7.4220820274e-01
2.1180495420e+00 -8.1304304359e-01
2.3226085654e+00 -8.9156589573e-01
2.5493692634e+00 -9.7861117224e-01
2.8007412795e+00 -1.0751038486e+00

2.3776412907e-01 -7.7254248594e-02
2.3777363964e-01 -7.7257338764e-02
2.3778418243e-01 -7.7260764323e-02
2.3779586947e-01 -7.7264561673e-02
2.3780882496e-01 -7.7268771166e-02
2.3782318656e-01 -7.7273437534e-02
2.3783910689e-01 -7.7278610362e-02
2.3785675512e-01 -7.7284344620e-02
2.3787631879e-01 -7.7290701242e-02
2.3789800579e-01 -7.7297747775e-02
2.3792204657e-01 -7.7305559099e-02
2.3794869661e-01 -7.7314218220e-02
2.3797823908e-01 -7.7323817153e-02
2.3801098793e-01 -7.7334457899e-02
2.3804729116e-01 -7.7346253531e-02
2.3808753452e-01 -7.7359329395e-02
2.3813214568e-01 -7.7373824438e-02
2.3818159868e-01 -7.7389892691e-02
2.3823641902e-01 -7.7407704900e-02
2.3829718926e-01 -7.7427450346e-02
2.3836455515e-01 -7.7449338851e-02
2.3843923255e-01 -7.7473603009e-02
2.3852201501e-01 -7.7500500661e-02
2.3861378221e-01 -7.7530317632e-02
2.3871550930e-01 -7.7563370767e-02
2.3882827727e-01 -7.7600011302e-02
2.3895328443e-01 -7.7640628592e-02
2.3909185917e-01 -7.7685654253e-02
2.3924547402e-01 -7.7735566742e-02
2.3941576135e-01 -7.7790896450e-02
2.3960453070e-01 -7.7852231330e-02
2.3981378800e-01 -7.7920223150e-02
2.4004575691e-01 -7.7995594416e-02
2.4030290240e-01 -7.8079146050e-02
2.4058795700e-01 -7.8171765905e-02
2.4090394981e-01 -7.8274438192e-02
2.4125423868e-01 -7.8388253946e-02
2.4164254592e-01 -7.8514422616e-02
2.4207299782e-01 -7.8654284917e-02
2.4255016852e-01 -7.8809327077e-02
2.4307912862e-01 -7.8981196633e-02
2.4366549905e-01 -7.9171719934e-02
2.4431551079e-01 -7.9382921552e-02
2.4503607112e-01 -7.9617045794e-02
2.4583483697e-01 -7.9876580551e-02
2.4672029633e-01 -8.0164283737e-02
2.4770185842e-01 -8.0483212593e-02
2.4878995368e-01 -8.0836756175e-02
2.4999614462e-01 -8.1228671369e-02
2.5133324867e-01 -8.1663122813e-02
2.5281547441e-01 -8.2144727148e-02
2.5445857251e-01 -8.2678602082e-02
2.5628000314e-01 -8.3270420770e-02
2.5829912150e-01 -8.3926472096e-02
2.6053738351e-01 -8.4653727507e-02
2.6301857376e-01 -8.5459915089e-02
2.6576905831e-01 -8.6353601693e-02
2.6881806482e-01 -8.7344283964e-02
2.7219799319e-01 -8.8442489262e-02
2.7594475978e-01 -8.9659887525e-02
2.8009817914e-01 -9.1009415281e-02
2.8470238704e-01 -9.2505413114e-02
2.8980630952e-01 -9.4163778055e-02
2.9546418275e-01 -9.6002132507e-02
3.0173612941e-01 -9.8040011510e-02
3.0868879753e-01 -1.0029907032e-01
3.1639606876e-01 -1.0280331455e-01
3.2493984343e-01 -1.0557935522e-01
3.3441091088e-01 -1.0865669158e-01
3.4490991419e-01 -1.1206802455e-01
3.5654841968e-01 -1.1584960422e-01
3.6945010246e-01 -1.2004161507e-01
3.8375206061e-01 -1.2468860296e-01
3.9960627205e-01 -1.2983994853e-01
4.1718120956e-01 -1.3555039188e-01
4.3666363096e-01 -1.4188061433e-01
4.5826056371e-01 -1.4889788316e-01
4.8220150488e-01 -1.5667676649e-01
5.0874085982e-01 -1.6529992563e-01
5.3816064560e-01 -1.7485899349e-01
5.7077348782e-01 -1.8545554828e-01
6.0692594270e-01 -1.9720219294e-01
6.4700217969e-01 -2.1022375169e-01
6.9142806381e-01 -2.2465859646e-01
7.4067568106e-01 -2.4066011730e-01
7.9526835495e-01 -2.5839835231e-01
8.5578620759e-01 -2.7806179461e-01
9.2287232421e-01 -2.9985939524e-01
9.9723958688e-01 -3.2402278364e-01
1.0796782498e+00 -3.5080872897e-01
1.1710643370e+00 -3.8050186865e-01
1.2723689510e+00 -4.1341773307e-01
1.3846685925e+00 -4.4990609844e-01
1.5091565991e+00 -4.9035470374e-01
1.6471558269e+00 -5.3519337092e-01
1.8001327070e+00 -5.8489857235e-01
1.9697128288e+00 -6.3999849401e-01
2.1576982139e+00 -7.0107864821e-01
2.3660864648e+00 -7.6878809541e-01
2.5970919929e+00 -8.4384634142e-01
2.8531695489e+00 -9.2705098312e-01

2.4148145657e-01 -6.4704761276e-02
2.4149111583e-01 -6.4707349466e-02
2.4150182345e-01 -6.4710218564e-02
2.4151369321e-01 -6.4713399058e-02
2.4152685125e-01 -6.4716924744e-02
2.4154143739e-01 -6.4720833088e-02
2.4155760663e-01 -6.4725165622e-02
2.4157553078e-01 -6.4729968384e-02
2.4159540032e-01 -6.4735292411e-02
2.4161742639e-01 -6.4741194277e-02
2.4164184303e-01 -6.4747736699e-02
2.4166890973e-01 -6.4754989197e-02
2.4169891409e-01 -6.4763028841e-02
2.4173217495e-01 -6.4771941062e-02
2.4176904576e-01 -6.4781820565e-02
2.4180991831e-01 -6.4792772333e-02
2.4185522694e-01 -6.4804912744e-02
2.4190545311e-01 -6.4818370806e-02
2.4196113055e-01 -6.4833289530e-02
2.4202285089e-01 -6.4849827447e-02
2.4209127002e-01 -6.4868160295e-02
2.4216711496e-01 -6.4888482887e-02
2.4225119169e-01 -6.4911011178e-02
2.4234439362e-01 -6.4935984561e-02
2.4244771117e-01 -6.4963668414e-02
2.4256224221e-01 -6.4994356915e-02
2.4268920380e-01 -6.5028376171e-02
2.4282994509e-01 -6.5066087684e-02
2.4298596163e-01 -6.5107892190e-02
2.4315891132e-01 -6.5154233921e-02
2.4335063199e-01 -6.5205605319e-02
2.4356316093e-01 -6.5262552277e-02
2.4379875655e-01 -6.5325679934e-02
2.4405992239e-01 -6.5395659109e-02
2.4434943368e-01 -6.5473233426e-02
2.4467036689e-01 -6.5559227219e-02
2.4502613236e-01 -6.5654554290e-02
2.4542051059e-01 -6.5760227619e-02
2.4585769240e-01 -6.5877370132e-02
2.4634232344e-01 -6.6007226627e-02
2.4687955358e-01 -6.6151177009e-02
2.4747509162e-01 -6.6310750947e-02
2.4813526599e-01 -6.6487644135e-02
2.4886709192e-01 -6.6683736304e-02
2.4967834609e-01 -6.6901111203e-02
2.5057764918e-01 -6.7142078740e-02
2.5157455752e-01 -6.7409199524e-02
2.5267966463e-01 -6.7705312081e-02
2.5390471378e-01 -6.8033563012e-02
2.5526272281e-01 -6.8397440436e-02
2.5676812243e-01 -6.8800811048e-02
2.5843690958e-01 -6.9247961215e-02
2.6028681740e-01 -6.9743642522e-02
2.6233750371e-01 -7.0293122262e-02
2.6461075986e-01 -7.0902239413e-02
2.6713074232e-01 -7.1577466678e-02
2.6992422937e-01 -7.2325979277e-02
2.7302090563e-01 -7.3155731181e-02
2.7645367755e-01 -7.4075539643e-02
2.8025902303e-01 -7.5095178892e-02
2.8447737909e-01 -7.6225483993e-02
2.8915357157e-01 -7.7478465990e-02
2.9433729141e-01 -7.8867439536e-02
3.0008362276e-01 -8.0407164381e-02
3.0645362828e-01 -8.2114002216e-02
3.1351499802e-01 -8.4006090534e-02
3.2134276872e-01 -8.6103535371e-02
3.3002012118e-01 -8.8428624957e-02
3.3963926420e-01 -9.1006066561e-02
3.5030241437e-01 -9.3863249036e-02
3.6212288228e-01 -9.7030533869e-02
3.7522627665e-01 -1.0054157781e-01
3.8975183901e-01 -1.0443369051e-01
4.0585392341e-01 -1.0874823102e-01
4.2370363659e-01 -1.1353104725e-01
4.4349065625e-01 -1.1883296319e-01
4.6542524663e-01 -1.2471031897e-01
4.8974049287e-01 -1.3122556957e-01
5.1669477782e-01 -1.3844794845e-01
5.4657452777e-01 -1.4645420332e-01
5.7969725605e-01 -1.5532941161e-01
6.1641493713e-01 -1.6516788461e-01
6.5711774676e-01 -1.7607416958e-01
7.0223820815e-01 -1.8816416077e-01
7.5225578815e-01 -2.0156633094e-01
8.0770199217e-01 -2.1642309653e-01
8.6916601225e-01 -2.3289233107e-01
9.3730098795e-01 -2.5114904279e-01
1.0128309469e+00 -2.7138723429e-01
1.0965584986e+00 -2.9382196415e-01
1.1893733632e+00 -3.1869163217e-01
1.2922618260e+00 -3.4626051269e-01
1.4063172182e+00 -3.7682156291e-01
1.5327515347e+00 -4.1069953593e-01
1.6729083139e+00 -4.4825443172e-01
1.8282769138e+00 -4.8988532259e-01
2.0005083390e+00 -5.3603459390e-01
2.1914327849e+00 -5.8719264498e-01
2.4030790857e+00 -6.4390310035e-01
2.6376962738e+00 -7.0676858644e-01
2.8977774789e+00 -7.7645713531e-01

2.4453690018e-01 -5.1977922704e-02
2.4454668166e-01 -5.1980001821e-02
2.4455752476e-01 -5.1982306594e-02
2.4456954471e-01 -5.1984861513e-02
2.4458286924e-01 -5.1987693729e-02
2.4459763994e-01 -5.1990833337e-02
2.4461401376e-01 -5.1994313701e-02
2.4463216471e-01 -5.1998171804e-02
2.4465228565e-01 -5.2002448643e-02
2.4467459041e-01 -5.2007189666e-02
2.4469931600e-01 -5.2012445252e-02
2.4472672517e-01 -5.2018271250e-02
2.4475710917e-01 -5.2024729569e-02
2.4479079088e-01 -5.2031888838e-02
2.4482812821e-01 -5.2039825132e-02
2.4486951792e-01 -5.2048622787e-02
2.4491539984e-01 -5.2058375289e-02
2.4496626151e-01 -5.2069186273e-02
2.4502264343e-01 -5.2081170619e-02
2.4508514472e-01 -5.2094455678e-02
2.4515442954e-01 -5.2109182622e-02
2.4523123415e-01 -5.2125507945e-02
2.4531637469e-01 -5.2143605125e-02
2.4541075590e-01 -5.2163666471e-02
2.4551538071e-01 -5.2185905161e-02
2.4563136091e-01 -5.2210557513e-02
2.4575992893e-01 -5.2237885490e-02
2.4590245100e-01 -5.2268179492e-02
2.4606044161e-01 -5.2301761431e-02
2.4623557962e-01 -5.2338988164e-02
2.4642972611e-01 -5.2380255276e-02
2.4664494416e-01 -5.2426001284e-02
2.4688352076e-01 -5.2476712305e-02
2.4714799110e-01 -5.2532927212e-02
2.4744116556e-01 -5.2595243366e-02
2.4776615950e-01 -5.2664322961e-02
2.4812642644e-01 -5.2740900064e-02
2.4852579471e-01 -5.2825788409e-02
2.4896850814e-01 -5.2919890054e-02
2.4945927117e-01 -5.3024204957e-02
2.5000329883e-01 -5.3139841606e-02
2.5060637217e-01 -5.3268028801e-02
2.5127489966e-01 -5.3410128706e-02
2.5201598533e-01 -5.3567651328e-02
2.5283750423e-01 -5.3742270560e-02
2.5374818612e-01 -5.3935841971e-02
2.5475770825e-01 -5.4150422524e-02
2.5587679818e-01 -5.4388292432e-02
2.5711734777e-01 -5.4651979388e-02
2.5849253957e-01 -5.4944285429e-02
2.6001698688e-01 -5.5268316707e-02
2.6170688904e-01 -5.5627516500e-02
2.6358020358e-01 -5.6025701798e-02
2.6565683704e-01 -5.6467103866e-02
2.6795885651e-01 -5.6956413208e-02
2.7051072409e-01 -5.7498829407e-02
2.7333955688e-01 -5.8100116379e-02
2.7647541511e-01 -5.8766663623e-02
2.7995162159e-01 -5.9505554119e-02
2.8380511577e-01 -6.0324639593e-02
2.8807684633e-01 -6.1232623952e-02
2.9281220625e-01 -6.2239155776e-02
2.9806151525e-01 -6.3354930847e-02
3.0388055442e-01 -6.4591805807e-02
3.1033115906e-01 -6.5962924149e-02
3.1748187569e-01 -6.7482855888e-02
3.2540869048e-01 -6.9167752386e-02
3.3419583672e-01 -7.1035517978e-02
3.4393668991e-01 -7.3106000240e-02
3.5473475998e-01 -7.5401200886e-02
3.6670479123e-01 -7.7945509573e-02
3.7997398170e-01 -8.0765963073e-02
3.9468333472e-01 -8.3892532576e-02
4.1098915737e-01 -8.7358442175e-02
4.2906472140e-01 -9.1200521915e-02
4.4910210448e-01 -9.5459599167e-02
4.7131423131e-01 -1.0018093247e-01
4.9593713621e-01 -1.0541469248e-01
5.2323247136e-01 -1.1121649507e-01
5.5349028715e-01 -1.1764799235e-01
5.8703211440e-01 -1.2477752783e-01
6.2421438107e-01 -1.3268086258e-01
6.6543219976e-01 -1.4144198041e-01
7.1112356638e-01 -1.5115398019e-01
7.6177401441e-01 -1.6192006527e-01
8.1792177437e-01 -1.7385464008e-01
8.8016349328e-01 -1.8708452584e-01
9.4916057483e-01 -2.0175030826e-01
1.0256462077e+00 -2.1800783140e-01
1.1104331568e+00 -2.3602985376e-01
1.2044223997e+00 -2.5600788407e-01
1.3086127011e+00 -2.7815421631e-01
1.4241112261e+00 -3.0270418566e-01
1.5521453050e+00 -3.2991866924e-01
1.6940754755e+00 -3.6008685829e-01
1.8514099406e+00 -3.9352933122e-01
2.0258205949e+00 -4.3060146022e-01
2.2191607910e+00 -4.7169718753e-01
2.4334850338e+00 -5.1725321166e-01
2.6710708125e+00 -5.6775362789e-01
2.9344428022e+00 -6.2373507245e-01

2.4692208515e-01 -3.9108616260e-02
2.4693196203e-01 -3.9110180605e-02
2.4694291090e-01 -3.9111914734e-02
2.4695504809e-01 -3.9113837077e-02
2.4696850258e-01 -3.9115968059e-02
2.4698341735e-01 -3.9118330326e-02
2.4699995088e-01 -3.9120948981e-02
2.4701827887e-01 -3.9123851849e-02
2.4703859607e-01 -3.9127069778e-02
2.4706111839e-01 -3.9130636962e-02
2.4708608515e-01 -3.9134591309e-02
2.4711376166e-01 -3.9138974838e-02
2.4714444203e-01 -3.9143834130e-02
2.4717845226e-01 -3.9149220822e-02
2.4721615378e-01 -3.9155192155e-02
2.4725794720e-01 -3.9161811583e-02
2.4730427664e-01 -3.9169149446e-02
2.4735563442e-01 -3.9177283719e-02
2.4741256628e-01 -3.9186300839e-02
2.4747567720e-01 -3.9196296627e-02
2.4754563782e-01 -3.9207377301e-02
2.4762319157e-01 -3.9219660608e-02
2.4770916256e-01 -3.9233277075e-02
2.4780446435e-01 -3.9248371397e-02
2.4791010966e-01 -3.9265103970e-02
2.4802722112e-01 -3.9283652602e-02
2.4815704318e-01 -3.9304214397e-02
2.4830095540e-01 -3.9327007852e-02
2.4846048702e-01 -3.9352275180e-02
2.4863733331e-01 -3.9380284880e-02
2.4883337348e-01 -3.9411334593e-02
2.4905069075e-01 -3.9445754267e-02
2.4929159439e-01 -3.9483909655e-02
2.4955864435e-01 -3.9526206214e-02
2.4985467839e-01 -3.9573093400e-02
2.5018284229e-01 -3.9625069455e-02
2.5054662323e-01 -3.9682686696e-02
2.5094988689e-01 -3.9746557385e-02
2.5139691850e-01 -3.9817360236e-02
2.5189246838e-01 -3.9895847626e-02
2.5244180243e-01 -3.9982853592e-02
2.5305075807e-01 -4.0079302691e-02
2.5372580630e-01 -4.0186219827e-02
2.5447412044e-01 -4.0304741142e-02
2.5530365233e-01 -4.0436126088e-02
2.5622321691e-01 -4.0581770809e-02
2.5724258581e-01 -4.0743222981e-02
2.5837259121e-01 -4.0922198254e-02
2.5962524099e-01 -4.1120598488e-02
2.6101384625e-01 -4.1340531955e-02
2.6255316284e-01 -4.1584335752e-02
2.6425954812e-01 -4.1854600629e-02
2.6615113475e-01 -4.2154198520e-02
2.6824802346e-01 -4.2486313064e-02
2.7057249656e-01 -4.2854473434e-02
2.7314925476e-01 -4.3262591840e-02
2.7600567966e-01 -4.3715005100e-02
2.7917212470e-01 -4.4216520725e-02
2.8268223770e-01 -4.4772468008e-02
2.8657331842e-01 -4.5388754651e-02
2.9088671495e-01 -4.6071929545e-02
2.9566826303e-01 -4.6829252362e-02
3.0096877319e-01 -4.7668770697e-02
3.0684457061e-01 -4.8599405582e-02
3.1335809371e-01 -4.9631046293e-02
3.2057855760e-01 -5.0774655426e-02
3.2858268964e-01 -5.2042385399e-02
3.3745554470e-01 -5.3447707582e-02
3.4729140906e-01 -5.5005555454e-02
3.5819480227e-01 -5.6732483284e-02
3.7028158784e-01 -5.8646842053e-02
3.8368020447e-01 -6.0768974448e-02
3.9853303084e-01 -6.3121431041e-02
4.1499789862e-01 -6.5729209909e-02
4.3324976964e-01 -6.8620022285e-02
4.5348259506e-01 -7.1824587015e-02
4.7591137643e-01 -7.5376957000e-02
5.0077445034e-01 -7.9314881045e-02
5.2833602106e-01 -8.3680204999e-02
5.5888896813e-01 -8.8519316421e-02
5.9275795853e-01 -9.3883637509e-02
6.3030289677e-01 -9.9830171540e-02
6.7192274936e-01 -1.0642210860e-01
7.1805978434e-01 -1.1372949706e-01
7.6920427105e-01 -1.2182998797e-01
8.2589968984e-01 -1.3080966014e-01
8.8874850736e-01 -1.4076393493e-01
9.5841857856e-01 -1.5179859016e-01
1.0356502436e+00 -1.6403088420e-01
1.1212641948e+00 -1.7759080195e-01
1.2161701980e+00 -1.9262243615e-01
1.3213767598e+00 -2.0928551856e-01
1.4380018442e+00 -2.2775711728e-01
1.5672847528e+00 -2.4823351840e-01
1.7105992940e+00 -2.7093231180e-01
1.8694683815e+00 -2.9609470331e-01
2.0455802174e+00 -3.2398807787e-01
2.2408062316e+00 -3.5490884087e-01
2.4572209686e+00 -3.8918556786e-01
2.6971241318e+00 -4.2718249611e-01
2.9630650218e+00 -4.6930339512e-01

2.4863047384e-01 -2.6132115817e-02
2.4864041906e-01 -2.6133161102e-02
2.4865144368e-01 -2.6134319835e-02
2.4866366484e-01 -2.6135604332e-02
2.4867721243e-01 -2.6137028240e-02
2.4869223038e-01 -2.6138606691e-02
2.4870887831e-01 -2.6140356458e-02
2.4872733310e-01 -2.6142296135e-02
2.4874779087e-01 -2.6144446334e-02
2.4877046902e-01 -2.6146829903e-02
2.4879560852e-01 -2.6149472171e-02
2.4882347652e-01 -2.6152401215e-02
2.4885436915e-01 -2.6155648162e-02
2.4888861469e-01 -2.6159247514e-02
2.4892657705e-01 -2.6163237519e-02
2.4896865963e-01 -2.6167660576e-02
2.4901530962e-01 -2.6172563687e-02
2.4906702273e-01 -2.6177998954e-02
2.4912434848e-01 -2.6184024133e-02
2.4918789605e-01 -2.6190703252e-02
2.4925834071e-01 -2.6198107284e-02
2.4933643103e-01 -2.6206314907e-02
2.4942299683e-01 -2.6215413340e-02
2.4951895800e-01 -2.6225499265e-02
2.4962533424e-01 -2.6236679858e-02
2.4974325595e-01 -2.6249073930e-02
2.4987397622e-01 -2.6262813184e-02
2.5001888413e-01 -2.6278043618e-02
2.5017951951e-01 -2.6294927078e-02
2.5035758935e-01 -2.6313642972e-02
2.5055498588e-01 -2.6334390183e-02
2.5077380670e-01 -2.6357389178e-02
2.5101637709e-01 -2.6382884354e-02
2.5128527470e-01 -2.6411146631e-02
2.5158335693e-01 -2.6442476335e-02
2.5191379130e-01 -2.6477206388e-02
2.5228008915e-01 -2.6515705843e-02
2.5268614288e-01 -2.6558383810e-02
2.5313626738e-01 -2.6605693801e-02
2.5363524584e-01 -2.6658138551e-02
2.5418838059e-01 -2.6716275355e-02
2.5480154943e-01 -2.6780721998e-02
2.5548126815e-01 -2.6852163313e-02
2.5623475967e-01 -2.6931358463e-02
2.5707003088e-01 -2.7019149005e-02
2.5799595768e-01 -2.7116467834e-02
2.5902237932e-01 -2.7224349095e-02
2.6016020293e-01 -2.7343939176e-02
2.6142151946e-01 -2.7476508885e-02
2.6281973212e-01 -2.7623466957e-02
2.6436969883e-01 -2.7786375023e-02
2.6608789014e-01 -2.7966964206e-02
2.6799256416e-01 -2.8167153513e-02
2.7010396069e-01 -2.8389070230e-02
2.7244451620e-01 -2.8635072528e-02
2.7503910231e-01 -2.8907774517e-02
2.7791529007e-01 -2.9210074031e-02
2.8110364290e-01 -2.9545183418e-02
2.8463804144e-01 -2.9916663673e-02
2.8855604353e-01 -3.0328462286e-02
2.9289928331e-01 -3.0784955182e-02
2.9771391366e-01 -3.1290993223e-02
3.0305109664e-01 -3.1851953759e-02
3.0896754715e-01 -3.2473797765e-02
3.1552613560e-01 -3.3163133188e-02
3.2279655598e-01 -3.3927285162e-02
3.3085606649e-01 -3.4774373851e-02
3.3979031049e-01 -3.5713400735e-02
3.4969422660e-01 -3.6754344263e-02
3.6067305750e-01 -3.7908265890e-02
3.7284346835e-01 -3.9187427615e-02
3.8633478647e-01 -4.0605422288e-02
4.0129037563e-01 -4.2177318050e-02
4.1786915948e-01 -4.3919818448e-02
4.3624731037e-01 -4.5851439943e-02
4.5662012137e-01 -4.7992708663e-02
4.7920408155e-01 -5.0366378528e-02
5.0423917650e-01 -5.2997673037e-02
5.3199143846e-01 -5.5914553307e-02
5.6275577329e-01 -5.9148015193e-02
5.9685909429e-01 -6.2732418667e-02
6.3466379605e-01 -6.6705852934e-02
6.7657160540e-01 -7.1110541188e-02
7.2302785034e-01 -7.5993289286e-02
7.7452619225e-01 -8.1405983129e-02
8.3161387167e-01 -8.7406140018e-02
8.9489752356e-01 -9.4057519855e-02
9.6504962358e-01 -1.0143080268e-01
1.0428156341e+00 -1.0960433974e-01
1.1290219256e+00 -1.1866498609e-01
1.2245845584e+00 -1.2870902353e-01
1.3305190166e+00 -1.3984318375e-01
1.4479509992e+00 -1.5218578247e-01
1.5781283821e+00 -1.6586797675e-01
1.7224344788e+00 -1.8103515869e-01
1.8824027395e+00 -1.9784850040e-01
2.0597330467e+00 -2.1648666672e-01
2.2563097781e+00 -2.3714771375e-01
2.4742218315e+00 -2.6005119348e-01
2.7157848214e+00 -2.8544048680e-01
2.9835656861e+00 -3.1358538980e-01

2.4965738369e-01 -1.3083989061e-02
2.4966736998e-01 -1.3084512420e-02
2.4967844014e-01 -1.3085092582e-02
2.4969071178e-01 -1.3085735712e-02
2.4970431531e-01 -1.3086448643e-02
2.4971939530e-01 -1.3087238952e-02
2.4973611199e-01 -1.3088115036e-02
2.4975464300e-01 -1.3089086205e-02
2.4977518527e-01 -1.3090162780e-02
2.4979795708e-01 -1.3091356200e-02
2.4982320041e-01 -1.3092679147e-02
2.4985118352e-01 -1.3094145679e-02
2.4988220374e-01 -1.3095771381e-02
2.4991659073e-01 -1.3097573526e-02
2.4995470989e-01 -1.3099571266e-02
2.4999696628e-01 -1.3101785830e-02
2.5004380894e-01 -1.3104240750e-02
2.5009573564e-01 -1.3106962113e-02
2.5015329816e-01 -1.3109978837e-02
2.5021710820e-01 -1.3113322979e-02
2.5028784381e-01 -1.3117030076e-02
2.5036625667e-01 -1.3121139519e-02
2.5045318001e-01 -1.3125694979e-02
2.5054953752e-01 -1.3130744862e-02
2.5065635312e-01 -1.3136342830e-02
2.5077476189e-01 -1.3142548371e-02
2.5090602206e-01 -1.3149427425e-02
2.5105152848e-01 -1.3157053093e-02
2.5121282733e-01 -1.3165506408e-02
2.5139163264e-01 -1.3174877197e-02
2.5158984447e-01 -1.3185265039e-02
2.5180956908e-01 -1.3196780318e-02
2.5205314135e-01 -1.3209545400e-02
2.5232314958e-01 -1.3223695931e-02
2.5262246296e-01 -1.3239382281e-02
2.5295426212e-01 -1.3256771138e-02
2.5332207288e-01 -1.3276047283e-02
2.5372980372e-01 -1.3297415551e-02
2.5418178735e-01 -1.3321103009e-02
2.5468282672e-01 -1.3347361370e-02
2.5523824606e-01 -1.3376469664e-02
2.5585394746e-01 -1.3408737207e-02
2.5653647359e-01 -1.3444506886e-02
2.5729307723e-01 -1.3484158803e-02
2.5813179833e-01 -1.3528114313e-02
2.5906154946e-01 -1.3576840505e-02
2.6009221049e-01 -1.3630855161e-02
2.6123473362e-01 -1.3690732261e-02
2.6250125972e-01 -1.3757108081e-02
2.6390524737e-01 -1.3830687956e-02
2.6546161586e-01 -1.3912253772e-02
2.6718690375e-01 -1.4002672279e-02
2.6909944458e-01 -1.4102904297e-02
2.7121956173e-01 -1.4214014929e-02
2.7356978436e-01 -1.4337184877e-02
2.7617508681e-01 -1.4473722993e-02
2.7906315398e-01 -1.4625080180e-02
2.8226467556e-01 -1.4792864816e-02
2.8581367210e-01 -1.4978859844e-02
2.8974785657e-01 -1.5185041715e-02
2.9410903508e-01 -1.5413601396e-02
2.9894355114e-01 -1.5666967646e-02
3.0430277810e-01 -1.5947832830e-02
3.1024366513e-01 -1.6259181526e-02
3.1682934228e-01 -1.6604322241e-02
3.2412979143e-01 -1.6986922568e-02
3.3222258986e-01 -1.7411048162e-02
3.4119373466e-01 -1.7881205939e-02
3.5113855657e-01 -1.8402391970e-02
3.6216273296e-01 -1.8980144573e-02
3.7438341083e-01 -1.9620603162e-02
3.8793045168e-01 -2.0330573489e-02
4.0294781138e-01 -2.1117599962e-02
4.1959507002e-01 -2.1990045818e-02
4.3804912755e-01 -2.2957181992e-02
4.5850608366e-01 -2.4029285632e-02
4.8118332160e-01 -2.5217749313e-02
5.0632181813e-01 -2.6535202091e-02
5.3418870429e-01 -2.7995643710e-02
5.6508010400e-01 -2.9614593368e-02
5.9932428076e-01 -3.1409254625e-02
6.3728512597e-01 -3.3398698222e-02
6.7936602570e-01 -3.5604064727e-02
7.2601414727e-01 -3.8048789186e-02
7.7772519099e-01 -4.0758850152e-02
8.3504865768e-01 -4.3763045742e-02
8.9859368785e-01 -4.7093299658e-02
9.6903553466e-01 -5.0785000418e-02
1.0471227394e+00 -5.4877377409e-02
1.1336850858e+00 -5.9413917755e-02
1.2296424177e+00 -6.4442828423e-02
1.3360144133e+00 -7.0017548490e-02
1.4539314211e+00 -7.6197317009e-02
1.5846464712e+00 -8.3047802502e-02
1.7295485903e+00 -9.0641800780e-02
1.8901775624e+00 -9.9060008498e-02
2.0682402908e+00 -1.0839188067e-01
2.2656289364e+00 -1.1873658123e-01
2.4844410243e+00 -1.3020403685e-01
2.7270017335e+00 -1.4291610495e-01
2.9958886043e+00 -1.5700786873e-01

2.5000000000e-01 0.0000000000e+00
2.4965738369e-01 1.3083989061e-02
2.4863047384e-01 2.6132115817e-02
2.4692208515e-01 3.9108616260e-02
2.4453690018e-01 5.1977922704e-02
2.4148145657e-01 6.4704761276e-02
2.3776412907e-01 7.7254248594e-02
2.3339510662e-01 8.9591987386e-02
2.2838636441e-01 1.0168416077e-01
2.2275163105e-01 1.1349762493e-01
2.1650635095e-01 1.2500000000e-01
2.0966764199e-01 1.3615975875e-01
2.0225424859e-01 1.4694631307e-01
1.9428649036e-01 1.5733009776e-01
1.8578620637e-01 1.6728265159e-01
1.7677669530e-01 1.7677669530e-01
1.6728265159e-01 1.8578620637e-01
1.5733009776e-01 1.9428649036e-01
1.4694631307e-01 2.0225424859e-01
1.3615975875e-01 2.0966764199e-01
1.2500000000e-01 2.1650635095e-01
1.1349762493e-01 2.2275163105e-01
1.0168416077e-01 2.2838636441e-01
8.9591987386e-02 2.3339510662e-01
7.7254248594e-02 2.3776412907e-01
6.4704761276e-02 2.4148145657e-01
5.1977922704e-02 2.4453690018e-01
3.9108616260e-02 2.4692208515e-01
2.6132115817e-02 2.4863047384e-01
1.3083989061e-02 2.4965738369e-01
1.5308084989e-17 2.5000000000e-01
-1.3083989061e-02 2.4965738369e-01
-2.6132115817e-02 2.4863047384e-01
-3.9108616260e-02 2.4692208515e-01
-5.1977922704e-02 2.4453690018e-01
-6.4704761276e-02 2.4148145657e-01
-7.7254248594e-02 2.3776412907e-01
-8.9591987386e-02 2.3339510662e-01
-1.0168416077e-01 2.2838636441e-01
-1.1349762493e-01 2.2275163105e-01
-1.2500000000e-01 2.1650635095e-01
-1.3615975875e-01 2.0966764199e-01
-1.4694631307e-01 2.0225424859e-01
-1.5733009776e-01 1.9428649036e-01
-1.6728265159e-01 1.8578620637e-01
-1.7677669530e-01 1.7677669530e-01
-1.8578620637e-01 1.6728265159e-01
-1.9428649036e-01 1.5733009776e-01
-2.0225424859e-01 1.4694631307e-01
-2.0966764199e-01 1.3615975875e-01
-2.1650635095e-01 1.2500000000e-01
-2.2275163105e-01 1.1349762493e-01
-2.2838636441e-01 1.0168416077e-01
-2.3339510662e-01 8.9591987386e-02
-2.3776412907e-01 7.7254248594e-02
-2.4148145657e-01 6.4704761276e-02
-2.4453690018e-01 5.1977922704e-02
-2.4692208515e-01 3.9108616260e-02
-2.4863047384e-01 2.6132115817e-02
-2.4965738369e-01 1.3083989061e-02
-2.5000000000e-01 3.0616169979e-17
-2.4965738369e-01 -1.3083989061e-02
-2.4863047384e-01 -2.6132115817e-02
-2.4692208515e-01 -3.9108616260e-02
-2.4453690018e-01 -5.1977922704e-02
-2.4148145657e-01 -6.4704761276e-02
-2.3776412907e-01 -7.7254248594e-02
-2.3339510662e-01 -8.9591987386e-02
-2.2838636441e-01 -1.0168416077e-01
-2.2275163105e-01 -1.1349762493e-01
-2.1650635095e-01 -1.2500000000e-01
-2.0966764199e-01 -1.3615975875e-01
-2.0225424859e-01 -1.4694631307e-01
-1.9428649036e-01 -1.5733009776e-01
-1.8578620637e-01 -1.6728265159e-01
-1.7677669530e-01 -1.7677669530e-01
-1.6728265159e-01 -1.8578620637e-01
-1.5733009776e-01 -1.9428649036e-01
-1.4694631307e-01 -2.0225424859e-01
-1.3615975875e-01 -2.0966764199e-01
-1.2500000000e-01 -2.1650635095e-01
-1.1349762493e-01 -2.2275163105e-01
-1.0168416077e-01 -2.2838636441e-01
-8.9591987386e-02 -2.3339510662e-01
-7.7254248594e-02 -2.3776412907e-01
-6.4704761276e-02 -2.4148145657e-01
-5.1977922704e-02 -2.4453690018e-01
-3.9108616260e-02 -2.4692208515e-01
-2.6132115817e-02 -2.4863047384e-01
-1.3083989061e-02 -2.4965738369e-01
-4.5924254968e-17 -2.5000000000e-01
1.3083989061e-02 -2.4965738369e-01
2.6132115817e-02 -2.4863047384e-01
3.9108616260e-02 -2.4692208515e-01
5.1977922704e-02 -2.4453690018e-01
6.4704761276e-02 -2.4148145657e-01
7.7254248594e-02 -2.3776412907e-01
8.9591987386e-02 -2.3339510662e-01
1.0168416077e-01 -2.2838636441e-01
1.1349762493e-01 -2.2275163105e-01
1.2500000000e-01 -2.1650635095e-01
1.3615975875e-01 -2.0966764199e-01
1.4694631307e-01 -2.0225424859e-01
1.5733009776e-01 -1.9428649036e-01
1.6728265159e-01 -1.8578620637e-01
1.7677669530e-01 -1.7677669530e-01
1.8578620637e-01 -1.6728265159e-01
1.9428649036e-01 -1.5733009776e-01
2.0225424859e-01 -1.4694631307e-01
2.0966764199e-01 -1.3615975875e-01
2.1650635095e-01 -1.2500000000e-01
2.2275163105e-01 -1.1349762493e-01
2.2838636441e-01 -1.0168416077e-01
2.3339510662e-01 -8.9591987386e-02
2.3776412907e-01 -7.7254248594e-02
2.4148145657e-01 -6.4704761276e-02
2.4453690018e-01 -5.1977922704e-02
2.4692208515e-01 -3.9108616260e-02
2.4863047384e-01 -2.6132115817e-02
2.4965738369e-01 -1.3083989061e-02
2.5000000000e-01 -6.1232339957e-17

2.5001000000e-01 0.0000000000e+00
2.4966736998e-01 1.3084512420e-02
2.4864041906e-01 2.6133161102e-02
2.4693196203e-01 3.9110180605e-02
2.4454668166e-01 5.1980001821e-02
2.4149111583e-01 6.4707349466e-02
2.3777363964e-01 7.7257338764e-02
2.3340444243e-01 8.9595571066e-02
2.2839549987e-01 1.0168822814e-01
2.2276054111e-01 1.1350216484e-01
2.1651501120e-01 1.2500500000e-01
2.0967602869e-01 1.3616520514e-01
2.0226233876e-01 1.4695219093e-01
1.9429426182e-01 1.5733639097e-01
1.8579363782e-01 1.6728934290e-01
1.7678376636e-01 1.7678376636e-01
1.6728934290e-01 1.8579363782e-01
1.5733639097e-01 1.9429426182e-01
1.4695219093e-01 2.0226233876e-01
1.3616520514e-01 2.0967602869e-01
1.2500500000e-01 2.1651501120e-01
1.1350216484e-01 2.2276054111e-01
1.0168822814e-01 2.2839549987e-01
8.9595571066e-02 2.3340444243e-01
7.7257338764e-02 2.3777363964e-01
6.4707349466e-02 2.4149111583e-01
5.1980001821e-02 2.4454668166e-01
3.9110180605e-02 2.4693196203e-01
2.6133161102e-02 2.4864041906e-01
1.3084512420e-02 2.4966736998e-01
1.5308697313e-17 2.5001000000e-01
-1.3084512420e-02 2.4966736998e-01
-2.6133161102e-02 2.4864041906e-01
-3.9110180605e-02 2.4693196203e-01
-5.1980001821e-02 2.4454668166e-01
-6.4707349466e-02 2.4149111583e-01
-7.7257338764e-02 2.3777363964e-01
-8.9595571066e-02 2.3340444243e-01
-1.0168822814e-01 2.2839549987e-01
-1.1350216484e-01 2.2276054111e-01
-1.2500500000e-01 2.1651501120e-01
-1.3616520514e-01 2.0967602869e-01
-1.4695219093e-01 2.0226233876e-01
-1.5733639097e-01 1.9429426182e-01
-1.6728934290e-01 1.8579363782e-01
-1.7678376636e-01 1.7678376636e-01
-1.8579363782e-01 1.6728934290e-01
-1.9429426182e-01 1.5733639097e-01
-2.0226233876e-01 1.4695219093e-01
-2.0967602869e-01 1.3616520514e-01
-2.1651501120e-01 1.2500500000e-01
-2.2276054111e-01 1.1350216484e-01
-2.2839549987e-01 1.0168822814e-01
-2.3340444243e-01 8.9595571066e-02
-2.3777363964e-01 7.7257338764e-02
-2.4149111583e-01 6.4707349466e-02
-2.4454668166e-01 5.1980001821e-02
-2.4693196203e-01 3.9110180605e-02
-2.4864041906e-01 2.6133161102e-02
-2.4966736998e-01 1.3084512420e-02
-2.5001000000e-01 3.0617394625e-17
-2.4966736998e-01 -1.3084512420e-02
-2.4864041906e-01 -2.6133161102e-02
-2.4693196203e-01 -3.9110180605e-02
-2.4454668166e-01 -5.1980001821e-02
-2.4149111583e-01 -6.4707349466e-02
-2.3777363964e-01 -7.7257338764e-02
-2.3340444243e-01 -8.9595571066e-02
-2.2839549987e-01 -1.0168822814e-01
-2.2276054111e-01 -1.1350216484e-01
-2.1651501120e-01 -1.2500500000e-01
-2.0967602869e-01 -1.3616520514e-01
-2.0226233876e-01 -1.4695219093e-01
-1.9429426182e-01 -1.5733639097e-01
-1.8579363782e-01 -1.6728934290e-01
-1.7678376636e-01 -1.7678376636e-01
-1.6728934290e-01 -1.8579363782e-01
-1.5733639097e-01 -1.9429426182e-01
-1.4695219093e-01 -2.0226233876e-01
-1.3616520514e-01 -2.0967602869e-01
-1.2500500000e-01 -2.1651501120e-01
-1.1350216484e-01 -2.2276054111e-01
-1.0168822814e-01 -2.2839549987e-01
-8.9595571066e-02 -2.3340444243e-01
-7.7257338764e-02 -2.3777363964e-01
-6.4707349466e-02 -2.4149111583e-01
-5.1980001821e-02 -2.4454668166e-01
-3.9110180605e-02 -2.4693196203e-01
-2.6133161102e-02 -2.4864041906e-01
-1.3084512420e-02 -2.4966736998e-01
-4.5926091938e-17 -2.5001000000e-01
1.3084512420e-02 -2.4966736998e-01
2.6133161102e-02 -2.4864041906e-01
3.9110180605e-02 -2.4693196203e-01
5.1980001821e-02 -2.4454668166e-01
6.4707349466e-02 -2.4149111583e-01
7.7257338764e-02 -2.3777363964e-01
8.9595571066e-02 -2.3340444243e-01
1.0168822814e-01 -2.2839549987e-01
1.1350216484e-01 -2.2276054111e-01
1.2500500000e-01 -2.1651501120e-01
1.3616520514e-01 -2.0967602869e-01
1.4695219093e-01 -2.0226233876e-01
1.5733639097e-01 -1.9429426182e-01
1.6728934290e-01 -1.8579363782e-01
1.7678376636e-01 -1.7678376636e-01
1.8579363782e-01 -1.6728934290e-01
1.9429426182e-01 -1.5733639097e-01
2.0226233876e-01 -1.4695219093e-01
2.0967602869e-01 -1.3616520514e-01
2.1651501120e-01 -1.2500500000e-01
2.2276054111e-01 -1.1350216484e-01
2.2839549987e-01 -1.0168822814e-01
2.3340444243e-01 -8.9595571066e-02
2.3777363964e-01 -7.7257338764e-02
2.4149111583e-01 -6.4707349466e-02
2.4454668166e-01 -5.1980001821e-02
2.4693196203e-01 -3.9110180605e-02
2.4864041906e-01 -2.6133161102e-02
2.4966736998e-01 -1.3084512420e-02
2.5001000000e-01 -6.1234789251e-17

2.5002108534e-01 0.0000000000e+00
2.4967844014e-01 1.3085092582e-02
2.4865144368e-01 2.6134319835e-02
2.4694291090e-01 3.9111914734e-02
2.4455752476e-01 5.1982306594e-02
2.4150182345e-01 6.4710218564e-02
2.3778418243e-01 7.7260764323e-02
2.3341479149e-01 8.9599543698e-02
2.2840562683e-01 1.0169273695e-01
2.2277041823e-01 1.1350719748e-01
2.1652461139e-01 1.2501054267e-01
2.0968532564e-01 1.3617124265e-01
2.0227130699e-01 1.4695870673e-01
1.9430287675e-01 1.5734336720e-01
1.8580187583e-01 1.6729676044e-01
1.7679160489e-01 1.7679160489e-01
1.6729676044e-01 1.8580187583e-01
1.5734336720e-01 1.9430287675e-01
1.4695870673e-01 2.0227130699e-01
1.3617124265e-01 2.0968532564e-01
1.2501054267e-01 2.1652461139e-01
1.1350719748e-01 2.2277041823e-01
1.0169273695e-01 2.2840562683e-01
8.9599543698e-02 2.3341479149e-01
7.7260764323e-02 2.3778418243e-01
6.4710218564e-02 2.4150182345e-01
5.1982306594e-02 2.4455752476e-01
3.9111914734e-02 2.4694291090e-01
2.6134319835e-02 2.4865144368e-01
1.3085092582e-02 2.4967844014e-01
1.5309376094e-17 2.5002108534e-01
-1.3085092582e-02 2.4967844014e-01
-2.6134319835e-02 2.4865144368e-01
-3.9111914734e-02 2.4694291090e-01
-5.1982306594e-02 2.4455752476e-01
-6.4710218564e-02 2.4150182345e-01
-7.7260764323e-02 2.3778418243e-01
-8.9599543698e-02 2.3341479149e-01
-1.0169273695e-01 2.2840562683e-01
-1.1350719748e-01 2.2277041823e-01
-1.2501054267e-01 2.1652461139e-01
-1.3617124265e-01 2.0968532564e-01
-1.4695870673e-01 2.0227130699e-01
-1.5734336720e-01 1.9430287675e-01
-1.6729676044e-01 1.8580187583e-01
-1.7679160489e-01 1.7679160489e-01
-1.8580187583e-01 1.6729676044e-01
-1.9430287675e-01 1.5734336720e-01
-2.0227130699e-01 1.4695870673e-01
-2.0968532564e-01 1.3617124265e-01
-2.1652461139e-01 1.2501054267e-01
-2.2277041823e-01 1.1350719748e-01
-2.2840562683e-01 1.0169273695e-01
-2.3341479149e-01 8.9599543698e-02
-2.3778418243e-01 7.7260764323e-02
-2.4150182345e-01 6.4710218564e-02
-2.4455752476e-01 5.1982306594e-02
-2.4694291090e-01 3.9111914734e-02
-2.4865144368e-01 2.6134319835e-02
-2.4967844014e-01 1.3085092582e-02
-2.5002108534e-01 3.0618752188e-17
-2.4967844014e-01 -1.3085092582e-02
-2.4865144368e-01 -2.6134319835e-02
-2.4694291090e-01 -3.9111914734e-02
-2.4455752476e-01 -5.1982306594e-02
-2.4150182345e-01 -6.4710218564e-02
-2.3778418243e-01 -7.7260764323e-02
-2.3341479149e-01 -8.9599543698e-02
-2.2840562683e-01 -1.0169273695e-01
-2.2277041823e-01 -1.1350719748e-01
-2.1652461139e-01 -1.2501054267e-01
-2.0968532564e-01 -1.3617124265e-01
-2.0227130699e-01 -1.4695870673e-01
-1.9430287675e-01 -1.5734336720e-01
-1.8580187583e-01 -1.6729676044e-01
-1.7679160489e-01 -1.7679160489e-01
-1.6729676044e-01 -1.8580187583e-01
-1.5734336720e-01 -1.9430287675e-01
-1.4695870673e-01 -2.0227130699e-01
-1.3617124265e-01 -2.0968532564e-01
-1.2501054267e-01 -2.1652461139e-01
-1.1350719748e-01 -2.2277041823e-01
-1.0169273695e-01 -2.2840562683e-01
-8.9599543698e-02 -2.3341479149e-01
-7.7260764323e-02 -2.3778418243e-01
-6.4710218564e-02 -2.4150182345e-01
-5.1982306594e-02 -2.4455752476e-01
-3.9111914734e-02 -2.4694291090e-01
-2.6134319835e-02 -2.4865144368e-01
-1.3085092582e-02 -2.4967844014e-01
-4.5928128283e-17 -2.5002108534e-01
1.3085092582e-02 -2.4967844014e-01
2.6134319835e-02 -2.4865144368e-01
3.9111914734e-02 -2.4694291090e-01
5.1982306594e-02 -2.4455752476e-01
6.4710218564e-02 -2.4150182345e-01
7.7260764323e-02 -2.3778418243e-01
8.9599543698e-02 -2.3341479149e-01
1.0169273695e-01 -2.2840562683e-01
1.1350719748e-01 -2.2277041823e-01
1.2501054267e-01 -2.1652461139e-01
1.3617124265e-01 -2.0968532564e-01
1.4695870673e-01 -2.0227130699e-01
1.5734336720e-01 -1.9430287675e-01
1.6729676044e-01 -1.8580187583e-01
1.7679160489e-01 -1.7679160489e-01
1.8580187583e-01 -1.6729676044e-01
1.9430287675e-01 -1.5734336720e-01
2.0227130699e-01 -1.4695870673e-01
2.0968532564e-01 -1.3617124265e-01
2.1652461139e-01 -1.2501054267e-01
2.2277041823e-01 -1.1350719748e-01
2.2840562683e-01 -1.0169273695e-01
2.3341479149e-01 -8.9599543698e-02
2.3778418243e-01 -7.7260764323e-02
2.4150182345e-01 -6.4710218564e-02
2.4455752476e-01 -5.1982306594e-02
2.4694291090e-01 -3.9111914734e-02
2.4865144368e-01 -2.6134319835e-02
2.4967844014e-01 -1.3085092582e-02
2.5002108534e-01 -6.1237504377e-17

2.5003337383e-01 0.0000000000e+00
2.4969071178e-01 1.3085735712e-02
2.4866366484e-01 2.6135604332e-02
2.4695504809e-01 3.9113837077e-02
2.4456954471e-01 5.1984861513e-02
2.4151369321e-01 6.4713399058e-02
2.3779586947e-01 7.7264561673e-02
2.3342626378e-01 8.9603947496e-02
2.2841685292e-01 1.0169773513e-01
2.2278136734e-01 1.1351277634e-01
2.1653525353e-01 1.2501668691e-01
2.0969563163e-01 1.3617793544e-01
2.0228124859e-01 1.4696592972e-01
1.9431242670e-01 1.5735110059e-01
1.8581100796e-01 1.6730498304e-01
1.7680029416e-01 1.7680029416e-01
1.6730498304e-01 1.8581100796e-01
1.5735110059e-01 1.9431242670e-01
1.4696592972e-01 2.0228124859e-01
1.3617793544e-01 2.0969563163e-01
1.2501668691e-01 2.1653525353e-01
1.1351277634e-01 2.2278136734e-01
1.0169773513e-01 2.2841685292e-01
8.9603947496e-02 2.3342626378e-01
7.7264561673e-02 2.3779586947e-01
6.4713399058e-02 2.4151369321e-01
5.1984861513e-02 2.4456954471e-01
3.9113837077e-02 2.4695504809e-01
2.6135604332e-02 2.4866366484e-01
1.3085735712e-02 2.4969071178e-01
1.5310128547e-17 2.5003337383e-01
-1.3085735712e-02 2.4969071178e-01
-2.6135604332e-02 2.4866366484e-01
-3.9113837077e-02 2.4695504809e-01
-5.1984861513e-02 2.4456954471e-01
-6.4713399058e-02 2.4151369321e-01
-7.7264561673e-02 2.3779586947e-01
-8.9603947496e-02 2.3342626378e-01
-1.0169773513e-01 2.2841685292e-01
-1.1351277634e-01 2.2278136734e-01
-1.2501668691e-01 2.1653525353e-01
-1.3617793544e-01 2.0969563163e-01
-1.4696592972e-01 2.0228124859e-01
-1.5735110059e-01 1.9431242670e-01
-1.6730498304e-01 1.8581100796e-01
-1.7680029416e-01 1.7680029416e-01
-1.8581100796e-01 1.6730498304e-01
-1.9431242670e-01 1.5735110059e-01
-2.0228124859e-01 1.4696592972e-01
-2.0969563163e-01 1.3617793544e-01
-2.1653525353e-01 1.2501668691e-01
-2.2278136734e-01 1.1351277634e-01
-2.2841685292e-01 1.0169773513e-01
-2.3342626378e-01 8.9603947496e-02
-2.3779586947e-01 7.7264561673e-02
-2.4151369321e-01 6.4713399058e-02
-2.4456954471e-01 5.1984861513e-02
-2.4695504809e-01 3.9113837077e-02
-2.4866366484e-01 2.6135604332e-02
-2.4969071178e-01 1.3085735712e-02
-2.5003337383e-01 3.0620257094e-17
-2.4969071178e-01 -1.3085735712e-02
-2.4866366484e-01 -2.6135604332e-02
-2.4695504809e-01 -3.9113837077e-02
-2.4456954471e-01 -5.1984861513e-02
-2.4151369321e-01 -6.4713399058e-02
-2.3779586947e-01 -7.7264561673e-02
-2.3342626378e-01 -8.9603947496e-02
-2.2841685292e-01 -1.0169773513e-01
-2.2278136734e-01 -1.1351277634e-01
-2.1653525353e-01 -1.2501668691e-01
-2.0969563163e-01 -1.3617793544e-01
-2.0228124859e-01 -1.4696592972e-01
-1.9431242670e-01 -1.5735110059e-01
-1.8581100796e-01 -1.6730498304e-01
-1.7680029416e-01 -1.7680029416e-01
-1.6730498304e-01 -1.8581100796e-01
-1.5735110059e-01 -1.9431242670e-01
-1.4696592972e-01 -2.0228124859e-01
-1.3617793544e-01 -2.0969563163e-01
-1.2501668691e-01 -2.1653525353e-01
-1.1351277634e-01 -2.2278136734e-01
-1.0169773513e-01 -2.2841685292e-01
-8.9603947496e-02 -2.3342626378e-01
-7.7264561673e-02 -2.3779586947e-01
-6.4713399058e-02 -2.4151369321e-01
-5.1984861513e-02 -2.4456954471e-01
-3.9113837077e-02 -2.4695504809e-01
-2.6135604332e-02 -2.4866366484e-01
-1.3085735712e-02 -2.4969071178e-01
-4.5930385641e-17 -2.5003337383e-01
1.3085735712e-02 -2.4969071178e-01
2.6135604332e-02 -2.4866366484e-01
3.9113837077e-02 -2.4695504809e-01
5.1984861513e-02 -2.4456954471e-01
6.4713399058e-02 -2.4151369321e-01
7.7264561673e-02 -2.3779586947e-01
8.9603947496e-02 -2.3342626378e-01
1.0169773513e-01 -2.2841685292e-01
1.1351277634e-01 -2.2278136734e-01
1.2501668691e-01 -2.1653525353e-01
1.3617793544e-01 -2.0969563163e-01
1.4696592972e-01 -2.0228124859e-01
1.5735110059e-01 -1.9431242670e-01
1.6730498304e-01 -1.8581100796e-01
1.7680029416e-01 -1.7680029416e-01
1.8581100796e-01 -1.6730498304e-01
1.9431242670e-01 -1.5735110059e-01
2.0228124859e-01 -1.4696592972e-01
2.0969563163e-01 -1.3617793544e-01
2.1653525353e-01 -1.2501668691e-01
2.2278136734e-01 -1.1351277634e-01
2.2841685292e-01 -1.0169773513e-01
2.3342626378e-01 -8.9603947496e-02
2.3779586947e-01 -7.7264561673e-02
2.4151369321e-01 -6.4713399058e-02
2.4456954471e-01 -5.1984861513e-02
2.4695504809e-01 -3.9113837077e-02
2.4866366484e-01 -2.6135604332e-02
2.4969071178e-01 -1.3085735712e-02
2.5003337383e-01 -6.1240514187e-17

2.5004699603e-01 0.0000000000e+00
2.4970431531e-01 1.3086448643e-02
2.4867721243e-01 2.6137028240e-02
2.4696850258e-01 3.9115968059e-02
2.4458286924e-01 5.1987693729e-02
2.4152685125e-01 6.4716924744e-02
2.3780882496e-01 7.7268771166e-02
2.3343898120e-01 8.9608829258e-02
2.2842929742e-01 1.0170327578e-01
2.2279350482e-01 1.1351896069e-01
2.1654705070e-01 1.2502349802e-01
2.0970705618e-01 1.3618535463e-01
2.0229226918e-01 1.4697393665e-01
1.9432301314e-01 1.5735967332e-01
1.8582113123e-01 1.6731409807e-01
1.7680992651e-01 1.7680992651e-01
1.6731409807e-01 1.8582113123e-01
1.5735967332e-01 1.9432301314e-01
1.4697393665e-01 2.0229226918e-01
1.3618535463e-01 2.0970705618e-01
1.2502349802e-01 2.1654705070e-01
1.1351896069e-01 2.2279350482e-01
1.0170327578e-01 2.2842929742e-01
8.9608829258e-02 2.3343898120e-01
7.7268771166e-02 2.3780882496e-01
6.4716924744e-02 2.4152685125e-01
5.1987693729e-02 2.4458286924e-01
3.9115968059e-02 2.4696850258e-01
2.6137028240e-02 2.4867721243e-01
1.3086448643e-02 2.4970431531e-01
1.5310962666e-17 2.5004699603e-01
-1.3086448643e-02 2.4970431531e-01
-2.6137028240e-02 2.4867721243e-01
-3.9115968059e-02 2.4696850258e-01
-5.1987693729e-02 2.4458286924e-01
-6.4716924744e-02 2.4152685125e-01
-7.7268771166e-02 2.3780882496e-01
-8.9608829258e-02 2.3343898120e-01
-1.0170327578e-01 2.2842929742e-01
-1.1351896069e-01 2.2279350482e-01
-1.2502349802e-01 2.1654705070e-01
-1.3618535463e-01 2.0970705618e-01
-1.4697393665e-01 2.0229226918e-01
-1.5735967332e-01 1.9432301314e-01
-1.6731409807e-01 1.8582113123e-01
-1.7680992651e-01 1.7680992651e-01
-1.8582113123e-01 1.6731409807e-01
-1.9432301314e-01 1.5735967332e-01
-2.0229226918e-01 1.4697393665e-01
-2.0970705618e-01 1.3618535463e-01
-2.1654705070e-01 1.2502349802e-01
-2.2279350482e-01 1.1351896069e-01
-2.2842929742e-01 1.0170327578e-01
-2.3343898120e-01 8.9608829258e-02
-2.3780882496e-01 7.7268771166e-02
-2.4152685125e-01 6.4716924744e-02
-2.4458286924e-01 5.1987693729e-02
-2.4696850258e-01 3.9115968059e-02
-2.4867721243e-01 2.6137028240e-02
-2.4970431531e-01 1.3086448643e-02
-2.5004699603e-01 3.0621925333e-17
-2.4970431531e-01 -1.3086448643e-02
-2.4867721243e-01 -2.6137028240e-02
-2.4696850258e-01 -3.9115968059e-02
-2.4458286924e-01 -5.1987693729e-02
-2.4152685125e-01 -6.4716924744e-02
-2.3780882496e-01 -7.7268771166e-02
-2.3343898120e-01 -8.9608829258e-02
-2.2842929742e-01 -1.0170327578e-01
-2.2279350482e-01 -1.1351896069e-01
-2.1654705070e-01 -1.2502349802e-01
-2.0970705618e-01 -1.3618535463e-01
-2.0229226918e-01 -1.4697393665e-01
-1.9432301314e-01 -1.5735967332e-01
-1.8582113123e-01 -1.6731409807e-01
-1.7680992651e-01 -1.7680992651e-01
-1.6731409807e-01 -1.8582113123e-01
-1.5735967332e-01 -1.9432301314e-01
-1.4697393665e-01 -2.0229226918e-01
-1.3618535463e-01 -2.0970705618e-01
-1.2502349802e-01 -2.1654705070e-01
-1.1351896069e-01 -2.2279350482e-01
-1.0170327578e-01 -2.2842929742e-01
-8.9608829258e-02 -2.3343898120e-01
-7.7268771166e-02 -2.3780882496e-01
-6.4716924744e-02 -2.4152685125e-01
-5.1987693729e-02 -2.4458286924e-01
-3.9115968059e-02 -2.4696850258e-01
-2.6137028240e-02 -2.4867721243e-01
-1.3086448643e-02 -2.4970431531e-01
-4.5932887999e-17 -2.5004699603e-01
1.3086448643e-02 -2.4970431531e-01
2.6137028240e-02 -2.4867721243e-01
3.9115968059e-02 -2.4696850258e-01
5.1987693729e-02 -2.4458286924e-01
6.4716924744e-02 -2.4152685125e-01
7.7268771166e-02 -2.3780882496e-01
8.9608829258e-02 -2.3343898120e-01
1.0170327578e-01 -2.2842929742e-01
1.1351896069e-01 -2.2279350482e-01
1.2502349802e-01 -2.1654705070e-01
1.3618535463e-01 -2.0970705618e-01
1.4697393665e-01 -2.0229226918e-01
1.5735967332e-01 -1.9432301314e-01
1.6731409807e-01 -1.8582113123e-01
1.7680992651e-01 -1.7680992651e-01
1.8582113123e-01 -1.6731409807e-01
1.9432301314e-01 -1.5735967332e-01
2.0229226918e-01 -1.4697393665e-01
2.0970705618e-01 -1.3618535463e-01
2.1654705070e-01 -1.2502349802e-01
2.2279350482e-01 -1.1351896069e-01
2.2842929742e-01 -1.0170327578e-01
2.3343898120e-01 -8.9608829258e-02
2.3780882496e-01 -7.7268771166e-02
2.4152685125e-01 -6.4716924744e-02
2.4458286924e-01 -5.1987693729e-02
2.4696850258e-01 -3.9115968059e-02
2.4867721243e-01 -2.6137028240e-02
2.4970431531e-01 -1.3086448643e-02
2.5004699603e-01 -6.1243850665e-17

2.5006209671e-01 0.0000000000e+00
2.4971939530e-01 1.3087238952e-02
2.4869223038e-01 2.6138606691e-02
2.4698341735e-01 3.9118330326e-02
2.4459763994e-01 5.1990833337e-02
2.4154143739e-01 6.4720833088e-02
2.3782318656e-01 7.7273437534e-02
2.3345307890e-01 8.9614240859e-02
2.2844309258e-01 1.0170941778e-01
2.2280695962e-01 1.1352581625e-01
2.1656012828e-01 1.2503104836e-01
2.0971972067e-01 1.3619357905e-01
2.0230448589e-01 1.4698281261e-01
1.9433474858e-01 1.5736917649e-01
1.8583235322e-01 1.6732420240e-01
1.7682060430e-01 1.7682060430e-01
1.6732420240e-01 1.8583235322e-01
1.5736917649e-01 1.9433474858e-01
1.4698281261e-01 2.0230448589e-01
1.3619357905e-01 2.0971972067e-01
1.2503104836e-01 2.1656012828e-01
1.1352581625e-01 2.2280695962e-01
1.0170941778e-01 2.2844309258e-01
8.9614240859e-02 2.3345307890e-01
7.7273437534e-02 2.3782318656e-01
6.4720833088e-02 2.4154143739e-01
5.1990833337e-02 2.4459763994e-01
3.9118330326e-02 2.4698341735e-01
2.6138606691e-02 2.4869223038e-01
1.3087238952e-02 2.4971939530e-01
1.5311887316e-17 2.5006209671e-01
-1.3087238952e-02 2.4971939530e-01
-2.6138606691e-02 2.4869223038e-01
-3.9118330326e-02 2.4698341735e-01
-5.1990833337e-02 2.4459763994e-01
-6.4720833088e-02 2.4154143739e-01
-7.7273437534e-02 2.3782318656e-01
-8.9614240859e-02 2.3345307890e-01
-1.0170941778e-01 2.2844309258e-01
-1.1352581625e-01 2.2280695962e-01
-1.2503104836e-01 2.1656012828e-01
-1.3619357905e-01 2.0971972067e-01
-1.4698281261e-01 2.0230448589e-01
-1.5736917649e-01 1.9433474858e-01
-1.6732420240e-01 1.8583235322e-01
-1.7682060430e-01 1.7682060430e-01
-1.8583235322e-01 1.6732420240e-01
-1.9433474858e-01 1.5736917649e-01
-2.0230448589e-01 1.4698281261e-01
-2.0971972067e-01 1.3619357905e-01
-2.1656012828e-01 1.2503104836e-01
-2.2280695962e-01 1.1352581625e-01
-2.2844309258e-01 1.0170941778e-01
-2.3345307890e-01 8.9614240859e-02
-2.3782318656e-01 7.7273437534e-02
-2.4154143739e-01 6.4720833088e-02
-2.4459763994e-01 5.1990833337e-02
-2.4698341735e-01 3.9118330326e-02
-2.4869223038e-01 2.6138606691e-02
-2.4971939530e-01 1.3087238952e-02
-2.5006209671e-01 3.0623774633e-17
-2.4971939530e-01 -1.3087238952e-02
-2.4869223038e-01 -2.6138606691e-02
-2.4698341735e-01 -3.9118330326e-02
-2.4459763994e-01 -5.1990833337e-02
-2.4154143739e-01 -6.4720833088e-02
-2.3782318656e-01 -7.7273437534e-02
-2.3345307890e-01 -8.9614240859e-02
-2.2844309258e-01 -1.0170941778e-01
-2.2280695962e-01 -1.1352581625e-01
-2.1656012828e-01 -1.2503104836e-01
-2.0971972067e-01 -1.3619357905e-01
-2.0230448589e-01 -1.4698281261e-01
-1.9433474858e-01 -1.5736917649e-01
-1.8583235322e-01 -1.6732420240e-01
-1.7682060430e-01 -1.7682060430e-01
-1.6732420240e-01 -1.8583235322e-01
-1.5736917649e-01 -1.9433474858e-01
-1.4698281261e-01 -2.0230448589e-01
-1.3619357905e-01 -2.0971972067e-01
-1.2503104836e-01 -2.1656012828e-01
-1.1352581625e-01 -2.2280695962e-01
-1.0170941778e-01 -2.2844309258e-01
-8.9614240859e-02 -2.3345307890e-01
-7.7273437534e-02 -2.3782318656e-01
-6.4720833088e-02 -2.4154143739e-01
-5.1990833337e-02 -2.4459763994e-01
-3.9118330326e-02 -2.4698341735e-01
-2.6138606691e-02 -2.4869223038e-01
-1.3087238952e-02 -2.4971939530e-01
-4.5935661949e-17 -2.5006209671e-01
1.3087238952e-02 -2.4971939530e-01
2.6138606691e-02 -2.4869223038e-01
3.9118330326e-02 -2.4698341735e-01
5.1990833337e-02 -2.4459763994e-01
6.4720833088e-02 -2.4154143739e-01
7.7273437534e-02 -2.3782318656e-01
8.9614240859e-02 -2.3345307890e-01
1.0170941778e-01 -2.2844309258e-01
1.1352581625e-01 -2.2280695962e-01
1.2503104836e-01 -2.1656012828e-01
1.3619357905e-01 -2.0971972067e-01
1.4698281261e-01 -2.0230448589e-01
1.5736917649e-01 -1.9433474858e-01
1.6732420240e-01 -1.8583235322e-01
1.7682060430e-01 -1.7682060430e-01
1.8583235322e-01 -1.6732420240e-01
1.9433474858e-01 -1.5736917649e-01
2.0230448589e-01 -1.4698281261e-01
2.0971972067e-01 -1.3619357905e-01
2.1656012828e-01 -1.2503104836e-01
2.2280695962e-01 -1.1352581625e-01
2.2844309258e-01 -1.0170941778e-01
2.3345307890e-01 -8.9614240859e-02
2.3782318656e-01 -7.7273437534e-02
2.4154143739e-01 -6.4720833088e-02
2.4459763994e-01 -5.1990833337e-02
2.4698341735e-01 -3.9118330326e-02
2.4869223038e-01 -2.6138606691e-02
2.4971939530e-01 -1.3087238952e-02
2.5006209671e-01 -6.1247549266e-17

2.5007883634e-01 0.0000000000e+00
2.4973611199e-01 1.3088115036e-02
2.4870887831e-01 2.6140356458e-02
2.4699995088e-01 3.9120948981e-02
2.4461401376e-01 5.1994313701e-02
2.4155760663e-01 6.4725165622e-02
2.3783910689e-01 7.7278610362e-02
2.3346870669e-01 8.9620239804e-02
2.2845838499e-01 1.0171622640e-01
2.2282187474e-01 1.1353341588e-01
2.1657462522e-01 1.2503941817e-01
2.0973375970e-01 1.3620269610e-01
2.0231802853e-01 1.4699265191e-01
1.9434775771e-01 1.5737971108e-01
1.8584479319e-01 1.6733540340e-01
1.7683244101e-01 1.7683244101e-01
1.6733540340e-01 1.8584479319e-01
1.5737971108e-01 1.9434775771e-01
1.4699265191e-01 2.0231802853e-01
1.3620269610e-01 2.0973375970e-01
1.2503941817e-01 2.1657462522e-01
1.1353341588e-01 2.2282187474e-01
1.0171622640e-01 2.2845838499e-01
8.9620239804e-02 2.3346870669e-01
7.7278610362e-02 2.3783910689e-01
6.4725165622e-02 2.4155760663e-01
5.1994313701e-02 2.4461401376e-01
3.9120948981e-02 2.4699995088e-01
2.6140356458e-02 2.4870887831e-01
1.3088115036e-02 2.4973611199e-01
1.5312912323e-17 2.5007883634e-01
-1.3088115036e-02 2.4973611199e-01
-2.6140356458e-02 2.4870887831e-01
-3.9120948981e-02 2.4699995088e-01
-5.1994313701e-02 2.4461401376e-01
-6.4725165622e-02 2.4155760663e-01
-7.7278610362e-02 2.3783910689e-01
-8.9620239804e-02 2.3346870669e-01
-1.0171622640e-01 2.2845838499e-01
-1.1353341588e-01 2.2282187474e-01
-1.2503941817e-01 2.1657462522e-01
-1.3620269610e-01 2.0973375970e-01
-1.4699265191e-01 2.0231802853e-01
-1.5737971108e-01 1.9434775771e-01
-1.6733540340e-01 1.8584479319e-01
-1.7683244101e-01 1.7683244101e-01
-1.8584479319e-01 1.6733540340e-01
-1.9434775771e-01 1.5737971108e-01
-2.0231802853e-01 1.4699265191e-01
-2.0973375970e-01 1.3620269610e-01
-2.1657462522e-01 1.2503941817e-01
-2.2282187474e-01 1.1353341588e-01
-2.2845838499e-01 1.0171622640e-01
-2.3346870669e-01 8.9620239804e-02
-2.3783910689e-01 7.7278610362e-02
-2.4155760663e-01 6.4725165622e-02
-2.4461401376e-01 5.1994313701e-02
-2.4699995088e-01 3.9120948981e-02
-2.4870887831e-01 2.6140356458e-02
-2.4973611199e-01 1.3088115036e-02
-2.5007883634e-01 3.0625824646e-17
-2.4973611199e-01 -1.3088115036e-02
-2.4870887831e-01 -2.6140356458e-02
-2.4699995088e-01 -3.9120948981e-02
-2.4461401376e-01 -5.1994313701e-02
-2.4155760663e-01 -6.4725165622e-02
-2.3783910689e-01 -7.7278610362e-02
-2.3346870669e-01 -8.9620239804e-02
-2.2845838499e-01 -1.0171622640e-01
-2.2282187474e-01 -1.1353341588e-01
-2.1657462522e-01 -1.2503941817e-01
-2.0973375970e-01 -1.3620269610e-01
-2.0231802853e-01 -1.4699265191e-01
-1.9434775771e-01 -1.5737971108e-01
-1.8584479319e-01 -1.6733540340e-01
-1.7683244101e-01 -1.7683244101e-01
-1.6733540340e-01 -1.8584479319e-01
-1.5737971108e-01 -1.9434775771e-01
-1.4699265191e-01 -2.0231802853e-01
-1.3620269610e-01 -2.0973375970e-01
-1.2503941817e-01 -2.1657462522e-01
-1.1353341588e-01 -2.2282187474e-01
-1.0171622640e-01 -2.2845838499e-01
-8.9620239804e-02 -2.3346870669e-01
-7.7278610362e-02 -2.3783910689e-01
-6.4725165622e-02 -2.4155760663e-01
-5.1994313701e-02 -2.4461401376e-01
-3.9120948981e-02 -2.4699995088e-01
-2.6140356458e-02 -2.4870887831e-01
-1.3088115036e-02 -2.4973611199e-01
-4.5938736969e-17 -2.5007883634e-01
1.3088115036e-02 -2.4973611199e-01
2.6140356458e-02 -2.4870887831e-01
3.9120948981e-02 -2.4699995088e-01
5.1994313701e-02 -2.4461401376e-01
6.4725165622e-02 -2.4155760663e-01
7.7278610362e-02 -2.3783910689e-01
8.9620239804e-02 -2.3346870669e-01
1.0171622640e-01 -2.2845838499e-01
1.1353341588e-01 -2.2282187474e-01
1.2503941817e-01 -2.1657462522e-01
1.3620269610e-01 -2.0973375970e-01
1.4699265191e-01 -2.0231802853e-01
1.5737971108e-01 -1.9434775771e-01
1.6733540340e-01 -1.8584479319e-01
1.7683244101e-01 -1.7683244101e-01
1.8584479319e-01 -1.6733540340e-01
1.9434775771e-01 -1.5737971108e-01
2.0231802853e-01 -1.4699265191e-01
2.0973375970e-01 -1.3620269610e-01
2.1657462522e-01 -1.2503941817e-01
2.2282187474e-01 -1.1353341588e-01
2.2845838499e-01 -1.0171622640e-01
2.3346870669e-01 -8.9620239804e-02
2.3783910689e-01 -7.7278610362e-02
2.4155760663e-01 -6.4725165622e-02
2.4461401376e-01 -5.1994313701e-02
2.4699995088e-01 -3.9120948981e-02
2.4870887831e-01 -2.6140356458e-02
2.4973611199e-01 -1.3088115036e-02
2.5007883634e-01 -6.1251649291e-17

2.5009739279e-01 0.0000000000e+00
2.4975464300e-01 1.3089086205e-02
2.4872733310e-01 2.6142296135e-02
2.4701827887e-01 3.9123851849e-02
2.4463216471e-01 5.1998171804e-02
2.4157553078e-01 6.4729968384e-02
2.3785675512e-01 7.7284344620e-02
2.3348603062e-01 8.9626889840e-02
2.2847533715e-01 1.0172377398e-01
2.2283840866e-01 1.1354184034e-01
2.1659069557e-01 1.2504869639e-01
2.0974932245e-01 1.3621280267e-01
2.0233304101e-01 1.4700355912e-01
1.9436217878e-01 1.5739138903e-01
1.8585858332e-01 1.6734782008e-01
1.7684556240e-01 1.7684556240e-01
1.6734782008e-01 1.8585858332e-01
1.5739138903e-01 1.9436217878e-01
1.4700355912e-01 2.0233304101e-01
1.3621280267e-01 2.0974932245e-01
1.2504869639e-01 2.1659069557e-01
1.1354184034e-01 2.2283840866e-01
1.0172377398e-01 2.2847533715e-01
8.9626889840e-02 2.3348603062e-01
7.7284344620e-02 2.3785675512e-01
6.4729968384e-02 2.4157553078e-01
5.1998171804e-02 2.4463216471e-01
3.9123851849e-02 2.4701827887e-01
2.6142296135e-02 2.4872733310e-01
1.3089086205e-02 2.4975464300e-01
1.5314048578e-17 2.5009739279e-01
-1.3089086205e-02 2.4975464300e-01
-2.6142296135e-02 2.4872733310e-01
-3.9123851849e-02 2.4701827887e-01
-5.1998171804e-02 2.4463216471e-01
-6.4729968384e-02 2.4157553078e-01
-7.7284344620e-02 2.3785675512e-01
-8.9626889840e-02 2.3348603062e-01
-1.0172377398e-01 2.2847533715e-01
-1.1354184034e-01 2.2283840866e-01
-1.2504869639e-01 2.1659069557e-01
-1.3621280267e-01 2.0974932245e-01
-1.4700355912e-01 2.0233304101e-01
-1.5739138903e-01 1.9436217878e-01
-1.6734782008e-01 1.8585858332e-01
-1.7684556240e-01 1.7684556240e-01
-1.8585858332e-01 1.6734782008e-01
-1.9436217878e-01 1.5739138903e-01
-2.0233304101e-01 1.4700355912e-01
-2.0974932245e-01 1.3621280267e-01
-2.1659069557e-01 1.2504869639e-01
-2.2283840866e-01 1.1354184034e-01
-2.2847533715e-01 1.0172377398e-01
-2.3348603062e-01 8.9626889840e-02
-2.3785675512e-01 7.7284344620e-02
-2.4157553078e-01 6.4729968384e-02
-2.4463216471e-01 5.1998171804e-02
-2.4701827887e-01 3.9123851849e-02
-2.4872733310e-01 2.6142296135e-02
-2.4975464300e-01 1.3089086205e-02
-2.5009739279e-01 3.0628097155e-17
-2.4975464300e-01 -1.3089086205e-02
-2.4872733310e-01 -2.6142296135e-02
-2.4701827887e-01 -3.9123851849e-02
-2.4463216471e-01 -5.1998171804e-02
-2.4157553078e-01 -6.4729968384e-02
-2.3785675512e-01 -7.7284344620e-02
-2.3348603062e-01 -8.9626889840e-02
-2.2847533715e-01 -1.0172377398e-01
-2.2283840866e-01 -1.1354184034e-01
-2.1659069557e-01 -1.2504869639e-01
-2.0974932245e-01 -1.3621280267e-01
-2.0233304101e-01 -1.4700355912e-01
-1.9436217878e-01 -1.5739138903e-01
-1.8585858332e-01 -1.6734782008e-01
-1.7684556240e-01 -1.7684556240e-01
-1.6734782008e-01 -1.8585858332e-01
-1.5739138903e-01 -1.9436217878e-01
-1.4700355912e-01 -2.0233304101e-01
-1.3621280267e-01 -2.0974932245e-01
-1.2504869639e-01 -2.1659069557e-01
-1.1354184034e-01 -2.2283840866e-01
-1.0172377398e-01 -2.2847533715e-01
-8.9626889840e-02 -2.3348603062e-01
-7.7284344620e-02 -2.3785675512e-01
-6.4729968384e-02 -2.4157553078e-01
-5.1998171804e-02 -2.4463216471e-01
-3.9123851849e-02 -2.4701827887e-01
-2.6142296135e-02 -2.4872733310e-01
-1.3089086205e-02 -2.4975464300e-01
-4.5942145733e-17 -2.5009739279e-01
1.3089086205e-02 -2.4975464300e-01
2.6142296135e-02 -2.4872733310e-01
3.9123851849e-02 -2.4701827887e-01
5.1998171804e-02 -2.4463216471e-01
6.4729968384e-02 -2.4157553078e-01
7.7284344620e-02 -2.3785675512e-01
8.9626889840e-02 -2.3348603062e-01
1.0172377398e-01 -2.2847533715e-01
1.1354184034e-01 -2.2283840866e-01
1.2504869639e-01 -2.1659069557e-01
1.3621280267e-01 -2.0974932245e-01
1.4700355912e-01 -2.0233304101e-01
1.5739138903e-01 -1.9436217878e-01
1.6734782008e-01 -1.8585858332e-01
1.7684556240e-01 -1.7684556240e-01
1.8585858332e-01 -1.6734782008e-01
1.9436217878e-01 -1.5739138903e-01
2.0233304101e-01 -1.4700355912e-01
2.0974932245e-01 -1.3621280267e-01
2.1659069557e-01 -1.2504869639e-01
2.2283840866e-01 -1.1354184034e-01
2.2847533715e-01 -1.0172377398e-01
2.3348603062e-01 -8.9626889840e-02
2.3785675512e-01 -7.7284344620e-02
2.4157553078e-01 -6.4729968384e-02
2.4463216471e-01 -5.1998171804e-02
2.4701827887e-01 -3.9123851849e-02
2.4872733310e-01 -2.6142296135e-02
2.4975464300e-01 -1.3089086205e-02
2.5009739279e-01 -6.1256194311e-17

2.5011796325e-01 0.0000000000e+00
2.4977518527e-01 1.3090162780e-02
2.4874779087e-01 2.6144446334e-02
2.4703859607e-01 3.9127069778e-02
2.4465228565e-01 5.2002448643e-02
2.4159540032e-01 6.4735292411e-02
2.3787631879e-01 7.7290701242e-02
2.3350523480e-01 8.9634261634e-02
2.2849412920e-01 1.0173214074e-01
2.2285673707e-01 1.1355117913e-01
2.1660851012e-01 1.2505898162e-01
2.0976657429e-01 1.3622400614e-01
2.0234968287e-01 1.4701565013e-01
1.9437816503e-01 1.5740433444e-01
1.8587387015e-01 1.6736158441e-01
1.7686010791e-01 1.7686010791e-01
1.6736158441e-01 1.8587387015e-01
1.5740433444e-01 1.9437816503e-01
1.4701565013e-01 2.0234968287e-01
1.3622400614e-01 2.0976657429e-01
1.2505898162e-01 2.1660851012e-01
1.1355117913e-01 2.2285673707e-01
1.0173214074e-01 2.2849412920e-01
8.9634261634e-02 2.3350523480e-01
7.7290701242e-02 2.3787631879e-01
6.4735292411e-02 2.4159540032e-01
5.2002448643e-02 2.4465228565e-01
3.9127069778e-02 2.4703859607e-01
2.6144446334e-02 2.4874779087e-01
1.3090162780e-02 2.4977518527e-01
1.5315308155e-17 2.5011796325e-01
-1.3090162780e-02 2.4977518527e-01
-2.6144446334e-02 2.4874779087e-01
-3.9127069778e-02 2.4703859607e-01
-5.2002448643e-02 2.4465228565e-01
-6.4735292411e-02 2.4159540032e-01
-7.7290701242e-02 2.3787631879e-01
-8.9634261634e-02 2.3350523480e-01
-1.0173214074e-01 2.2849412920e-01
-1.1355117913e-01 2.2285673707e-01
-1.2505898162e-01 2.1660851012e-01
-1.3622400614e-01 2.0976657429e-01
-1.4701565013e-01 2.0234968287e-01
-1.5740433444e-01 1.9437816503e-01
-1.6736158441e-01 1.8587387015e-01
-1.7686010791e-01 1.7686010791e-01
-1.8587387015e-01 1.6736158441e-01
-1.9437816503e-01 1.5740433444e-01
-2.0234968287e-01 1.4701565013e-01
-2.0976657429e-01 1.3622400614e-01
-2.1660851012e-01 1.2505898162e-01
-2.2285673707e-01 1.1355117913e-01
-2.2849412920e-01 1.0173214074e-01
-2.3350523480e-01 8.9634261634e-02
-2.3787631879e-01 7.7290701242e-02
-2.4159540032e-01 6.4735292411e-02
-2.4465228565e-01 5.2002448643e-02
-2.4703859607e-01 3.9127069778e-02
-2.4874779087e-01 2.6144446334e-02
-2.4977518527e-01 1.3090162780e-02
-2.5011796325e-01 3.0630616310e-17
-2.4977518527e-01 -1.3090162780e-02
-2.4874779087e-01 -2.6144446334e-02
-2.4703859607e-01 -3.9127069778e-02
-2.4465228565e-01 -5.2002448643e-02
-2.4159540032e-01 -6.4735292411e-02
-2.3787631879e-01 -7.7290701242e-02
-2.3350523480e-01 -8.9634261634e-02
-2.2849412920e-01 -1.0173214074e-01
-2.2285673707e-01 -1.1355117913e-01
-2.1660851012e-01 -1.2505898162e-01
-2.0976657429e-01 -1.3622400614e-01
-2.0234968287e-01 -1.4701565013e-01
-1.9437816503e-01 -1.5740433444e-01
-1.8587387015e-01 -1.6736158441e-01
-1.7686010791e-01 -1.7686010791e-01
-1.6736158441e-01 -1.8587387015e-01
-1.5740433444e-01 -1.9437816503e-01
-1.4701565013e-01 -2.0234968287e-01
-1.3622400614e-01 -2.0976657429e-01
-1.2505898162e-01 -2.1660851012e-01
-1.1355117913e-01 -2.2285673707e-01
-1.0173214074e-01 -2.2849412920e-01
-8.9634261634e-02 -2.3350523480e-01
-7.7290701242e-02 -2.3787631879e-01
-6.4735292411e-02 -2.4159540032e-01
-5.2002448643e-02 -2.4465228565e-01
-3.9127069778e-02 -2.4703859607e-01
-2.6144446334e-02 -2.4874779087e-01
-1.3090162780e-02 -2.4977518527e-01
-4.5945924465e-17 -2.5011796325e-01
1.3090162780e-02 -2.4977518527e-01
2.6144446334e-02 -2.4874779087e-01
3.9127069778e-02 -2.4703859607e-01
5.2002448643e-02 -2.4465228565e-01
6.4735292411e-02 -2.4159540032e-01
7.7290701242e-02 -2.3787631879e-01
8.9634261634e-02 -2.3350523480e-01
1.0173214074e-01 -2.2849412920e-01
1.1355117913e-01 -2.2285673707e-01
1.2505898162e-01 -2.1660851012e-01
1.3622400614e-01 -2.0976657429e-01
1.4701565013e-01 -2.0234968287e-01
1.5740433444e-01 -1.9437816503e-01
1.6736158441e-01 -1.8587387015e-01
1.7686010791e-01 -1.7686010791e-01
1.8587387015e-01 -1.6736158441e-01
1.9437816503e-01 -1.5740433444e-01
2.0234968287e-01 -1.4701565013e-01
2.0976657429e-01 -1.3622400614e-01
2.1660851012e-01 -1.2505898162e-01
2.2285673707e-01 -1.1355117913e-01
2.2849412920e-01 -1.0173214074e-01
2.3350523480e-01 -8.9634261634e-02
2.3787631879e-01 -7.7290701242e-02
2.4159540032e-01 -6.4735292411e-02
2.4465228565e-01 -5.2002448643e-02
2.4703859607e-01 -3.9127069778e-02
2.4874779087e-01 -2.6144446334e-02
2.4977518527e-01 -1.3090162780e-02
2.5011796325e-01 -6.1261232620e-17

2.5014076631e-01 0.0000000000e+00
2.4979795708e-01 1.3091356200e-02
2.4877046902e-01 2.6146829903e-02
2.4706111839e-01 3.9130636962e-02
2.4467459041e-01 5.2007189666e-02
2.4161742639e-01 6.4741194277e-02
2.3789800579e-01 7.7297747775e-02
2.3352652329e-01 8.9642433520e-02
2.2851496083e-01 1.0174141558e-01
2.2287705475e-01 1.1356153150e-01
2.1662825815e-01 1.2507038315e-01
2.0978569855e-01 1.3623642558e-01
2.0236813093e-01 1.4702905343e-01
1.9439588633e-01 1.5741868487e-01
1.8589081612e-01 1.6737684264e-01
1.7687623211e-01 1.7687623211e-01
1.6737684264e-01 1.8589081612e-01
1.5741868487e-01 1.9439588633e-01
1.4702905343e-01 2.0236813093e-01
1.3623642558e-01 2.0978569855e-01
1.2507038315e-01 2.1662825815e-01
1.1356153150e-01 2.2287705475e-01
1.0174141558e-01 2.2851496083e-01
8.9642433520e-02 2.3352652329e-01
7.7297747775e-02 2.3789800579e-01
6.4741194277e-02 2.4161742639e-01
5.2007189666e-02 2.4467459041e-01
3.9130636962e-02 2.4706111839e-01
2.6146829903e-02 2.4877046902e-01
1.3091356200e-02 2.4979795708e-01
1.5316704440e-17 2.5014076631e-01
-1.3091356200e-02 2.4979795708e-01
-2.6146829903e-02 2.4877046902e-01
-3.9130636962e-02 2.4706111839e-01
-5.2007189666e-02 2.4467459041e-01
-6.4741194277e-02 2.4161742639e-01
-7.7297747775e-02 2.3789800579e-01
-8.9642433520e-02 2.3352652329e-01
-1.0174141558e-01 2.2851496083e-01
-1.1356153150e-01 2.2287705475e-01
-1.2507038315e-01 2.1662825815e-01
-1.3623642558e-01 2.0978569855e-01
-1.4702905343e-01 2.0236813093e-01
-1.5741868487e-01 1.9439588633e-01
-1.6737684264e-01 1.8589081612e-01
-1.7687623211e-01 1.7687623211e-01
-1.8589081612e-01 1.6737684264e-01
-1.9439588633e-01 1.5741868487e-01
-2.0236813093e-01 1.4702905343e-01
-2.0978569855e-01 1.3623642558e-01
-2.1662825815e-01 1.2507038315e-01
-2.2287705475e-01 1.1356153150e-01
-2.2851496083e-01 1.0174141558e-01
-2.3352652329e-01 8.9642433520e-02
-2.3789800579e-01 7.7297747775e-02
-2.4161742639e-01 6.4741194277e-02
-2.4467459041e-01 5.2007189666e-02
-2.4706111839e-01 3.9130636962e-02
-2.4877046902e-01 2.6146829903e-02
-2.4979795708e-01 1.3091356200e-02
-2.5014076631e-01 3.0633408880e-17
-2.4979795708e-01 -1.3091356200e-02
-2.4877046902e-01 -2.6146829903e-02
-2.4706111839e-01 -3.9130636962e-02
-2.4467459041e-01 -5.2007189666e-02
-2.4161742639e-01 -6.4741194277e-02
-2.3789800579e-01 -7.7297747775e-02
-2.3352652329e-01 -8.9642433520e-02
-2.2851496083e-01 -1.0174141558e-01
-2.2287705475e-01 -1.1356153150e-01
-2.1662825815e-01 -1.2507038315e-01
-2.0978569855e-01 -1.3623642558e-01
-2.0236813093e-01 -1.4702905343e-01
-1.9439588633e-01 -1.5741868487e-01
-1.8589081612e-01 -1.6737684264e-01
-1.7687623211e-01 -1.7687623211e-01
-1.6737684264e-01 -1.8589081612e-01
-1.5741868487e-01 -1.9439588633e-01
-1.4702905343e-01 -2.0236813093e-01
-1.3623642558e-01 -2.0978569855e-01
-1.2507038315e-01 -2.1662825815e-01
-1.1356153150e-01 -2.2287705475e-01
-1.0174141558e-01 -2.2851496083e-01
-8.9642433520e-02 -2.3352652329e-01
-7.7297747775e-02 -2.3789800579e-01
-6.4741194277e-02 -2.4161742639e-01
-5.2007189666e-02 -2.4467459041e-01
-3.9130636962e-02 -2.4706111839e-01
-2.6146829903e-02 -2.4877046902e-01
-1.3091356200e-02 -2.4979795708e-01
-4.5950113319e-17 -2.5014076631e-01
1.3091356200e-02 -2.4979795708e-01
2.6146829903e-02 -2.4877046902e-01
3.9130636962e-02 -2.4706111839e-01
5.2007189666e-02 -2.4467459041e-01
6.4741194277e-02 -2.4161742639e-01
7.7297747775e-02 -2.3789800579e-01
8.9642433520e-02 -2.3352652329e-01
1.0174141558e-01 -2.2851496083e-01
1.1356153150e-01 -2.2287705475e-01
1.2507038315e-01 -2.1662825815e-01
1.3623642558e-01 -2.0978569855e-01
1.4702905343e-01 -2.0236813093e-01
1.5741868487e-01 -1.9439588633e-01
1.6737684264e-01 -1.8589081612e-01
1.7687623211e-01 -1.7687623211e-01
1.8589081612e-01 -1.6737684264e-01
1.9439588633e-01 -1.5741868487e-01
2.0236813093e-01 -1.4702905343e-01
2.0978569855e-01 -1.3623642558e-01
2.1662825815e-01 -1.2507038315e-01
2.2287705475e-01 -1.1356153150e-01
2.2851496083e-01 -1.0174141558e-01
2.3352652329e-01 -8.9642433520e-02
2.3789800579e-01 -7.7297747775e-02
2.4161742639e-01 -6.4741194277e-02
2.4467459041e-01 -5.2007189666e-02
2.4706111839e-01 -3.9130636962e-02
2.4877046902e-01 -2.6146829903e-02
2.4979795708e-01 -1.3091356200e-02
2.5014076631e-01 -6.1266817759e-17

2.5016604428e-01 0.0000000000e+00
2.4982320041e-01 1.3092679147e-02
2.4879560852e-01 2.6149472171e-02
2.4708608515e-01 3.9134591309e-02
2.4469931600e-01 5.2012445252e-02
2.4164184303e-01 6.4747736699e-02
2.3792204657e-01 7.7305559099e-02
2.3355012232e-01 8.9651492336e-02
2.2853805341e-01 1.0175169706e-01
2.2289957759e-01 1.1357300746e-01
2.1665014951e-01 1.2508302214e-01
2.0980689844e-01 1.3625019295e-01
2.0238858124e-01 1.4704391145e-01
1.9441553101e-01 1.5743459282e-01
1.8590960132e-01 1.6739375690e-01
1.7689410634e-01 1.7689410634e-01
1.6739375690e-01 1.8590960132e-01
1.5743459282e-01 1.9441553101e-01
1.4704391145e-01 2.0238858124e-01
1.3625019295e-01 2.0980689844e-01
1.2508302214e-01 2.1665014951e-01
1.1357300746e-01 2.2289957759e-01
1.0175169706e-01 2.2853805341e-01
8.9651492336e-02 2.3355012232e-01
7.7305559099e-02 2.3792204657e-01
6.4747736699e-02 2.4164184303e-01
5.2012445252e-02 2.4469931600e-01
3.9134591309e-02 2.4708608515e-01
2.6149472171e-02 2.4879560852e-01
1.3092679147e-02 2.4982320041e-01
1.5318252269e-17 2.5016604428e-01
-1.3092679147e-02 2.4982320041e-01
-2.6149472171e-02 2.4879560852e-01
-3.9134591309e-02 2.4708608515e-01
-5.2012445252e-02 2.4469931600e-01
-6.4747736699e-02 2.4164184303e-01
-7.7305559099e-02 2.3792204657e-01
-8.9651492336e-02 2.3355012232e-01
-1.0175169706e-01 2.2853805341e-01
-1.1357300746e-01 2.2289957759e-01
-1.2508302214e-01 2.1665014951e-01
-1.3625019295e-01 2.0980689844e-01
-1.4704391145e-01 2.0238858124e-01
-1.5743459282e-01 1.9441553101e-01
-1.6739375690e-01 1.8590960132e-01
-1.7689410634e-01 1.7689410634e-01
-1.8590960132e-01 1.6739375690e-01
-1.9441553101e-01 1.5743459282e-01
-2.0238858124e-01 1.4704391145e-01
-2.0980689844e-01 1.3625019295e-01
-2.1665014951e-01 1.2508302214e-01
-2.2289957759e-01 1.1357300746e-01
-2.2853805341e-01 1.0175169706e-01
-2.3355012232e-01 8.9651492336e-02
-2.3792204657e-01 7.7305559099e-02
-2.4164184303e-01 6.4747736699e-02
-2.4469931600e-01 5.2012445252e-02
-2.4708608515e-01 3.9134591309e-02
-2.4879560852e-01 2.6149472171e-02
-2.4982320041e-01 1.3092679147e-02
-2.5016604428e-01 3.0636504539e-17
-2.4982320041e-01 -1.3092679147e-02
-2.4879560852e-01 -2.6149472171e-02
-2.4708608515e-01 -3.9134591309e-02
-2.4469931600e-01 -5.2012445252e-02
-2.4164184303e-01 -6.4747736699e-02
-2.3792204657e-01 -7.7305559099e-02
-2.3355012232e-01 -8.9651492336e-02
-2.2853805341e-01 -1.0175169706e-01
-2.2289957759e-01 -1.1357300746e-01
-2.1665014951e-01 -1.2508302214e-01
-2.0980689844e-01 -1.3625019295e-01
-2.0238858124e-01 -1.4704391145e-01
-1.9441553101e-01 -1.5743459282e-01
-1.8590960132e-01 -1.6739375690e-01
-1.7689410634e-01 -1.7689410634e-01
-1.6739375690e-01 -1.8590960132e-01
-1.5743459282e-01 -1.9441553101e-01
-1.4704391145e-01 -2.0238858124e-01
-1.3625019295e-01 -2.0980689844e-01
-1.2508302214e-01 -2.1665014951e-01
-1.1357300746e-01 -2.2289957759e-01
-1.0175169706e-01 -2.2853805341e-01
-8.9651492336e-02 -2.3355012232e-01
-7.7305559099e-02 -2.3792204657e-01
-6.4747736699e-02 -2.4164184303e-01
-5.2012445252e-02 -2.4469931600e-01
-3.9134591309e-02 -2.4708608515e-01
-2.6149472171e-02 -2.4879560852e-01
-1.3092679147e-02 -2.4982320041e-01
-4.5954756808e-17 -2.5016604428e-01
1.3092679147e-02 -2.4982320041e-01
2.6149472171e-02 -2.4879560852e-01
3.9134591309e-02 -2.4708608515e-01
5.2012445252e-02 -2.4469931600e-01
6.4747736699e-02 -2.4164184303e-01
7.7305559099e-02 -2.3792204657e-01
8.9651492336e-02 -2.3355012232e-01
1.0175169706e-01 -2.2853805341e-01
1.1357300746e-01 -2.2289957759e-01
1.2508302214e-01 -2.1665014951e-01
1.3625019295e-01 -2.0980689844e-01
1.4704391145e-01 -2.0238858124e-01
1.5743459282e-01 -1.9441553101e-01
1.6739375690e-01 -1.8590960132e-01
1.7689410634e-01 -1.7689410634e-01
1.8590960132e-01 -1.6739375690e-01
1.9441553101e-01 -1.5743459282e-01
2.0238858124e-01 -1.4704391145e-01
2.0980689844e-01 -1.3625019295e-01
2.1665014951e-01 -1.2508302214e-01
2.2289957759e-01 -1.1357300746e-01
2.2853805341e-01 -1.0175169706e-01
2.3355012232e-01 -8.9651492336e-02
2.3792204657e-01 -7.7305559099e-02
2.4164184303e-01 -6.4747736699e-02
2.4469931600e-01 -5.2012445252e-02
2.4708608515e-01 -3.9134591309e-02
2.4879560852e-01 -2.6149472171e-02
2.4982320041e-01 -1.3092679147e-02
2.5016604428e-01 -6.1273009078e-17

2.5019406579e-01 0.0000000000e+00
2.4985118352e-01 1.3094145679e-02
2.4882347652e-01 2.6152401215e-02
2.4711376166e-01 3.9138974838e-02
2.4472672517e-01 5.2018271250e-02
2.4166890973e-01 6.4754989197e-02
2.3794869661e-01 7.7314218220e-02
2.3357628265e-01 8.9661534345e-02
2.2856365233e-01 1.0176309444e-01
2.2292454493e-01 1.1358572896e-01
2.1667441685e-01 1.2509703289e-01
2.0983039925e-01 1.3626545456e-01
2.0241125111e-01 1.4706038208e-01
1.9443730781e-01 1.5745222732e-01
1.8593042536e-01 1.6741250695e-01
1.7691392053e-01 1.7691392053e-01
1.6741250695e-01 1.8593042536e-01
1.5745222732e-01 1.9443730781e-01
1.4706038208e-01 2.0241125111e-01
1.3626545456e-01 2.0983039925e-01
1.2509703289e-01 2.1667441685e-01
1.1358572896e-01 2.2292454493e-01
1.0176309444e-01 2.2856365233e-01
8.9661534345e-02 2.3357628265e-01
7.7314218220e-02 2.3794869661e-01
6.4754989197e-02 2.4166890973e-01
5.2018271250e-02 2.4472672517e-01
3.9138974838e-02 2.4711376166e-01
2.6152401215e-02 2.4882347652e-01
1.3094145679e-02 2.4985118352e-01
1.5319968092e-17 2.5019406579e-01
-1.3094145679e-02 2.4985118352e-01
-2.6152401215e-02 2.4882347652e-01
-3.9138974838e-02 2.4711376166e-01
-5.2018271250e-02 2.4472672517e-01
-6.4754989197e-02 2.4166890973e-01
-7.7314218220e-02 2.3794869661e-01
-8.9661534345e-02 2.3357628265e-01
-1.0176309444e-01 2.2856365233e-01
-1.1358572896e-01 2.2292454493e-01
-1.2509703289e-01 2.1667441685e-01
-1.3626545456e-01 2.0983039925e-01
-1.4706038208e-01 2.0241125111e-01
-1.5745222732e-01 1.9443730781e-01
-1.6741250695e-01 1.8593042536e-01
-1.7691392053e-01 1.7691392053e-01
-1.8593042536e-01 1.6741250695e-01
-1.9443730781e-01 1.5745222732e-01
-2.0241125111e-01 1.4706038208e-01
-2.0983039925e-01 1.3626545456e-01
-2.1667441685e-01 1.2509703289e-01
-2.2292454493e-01 1.1358572896e-01
-2.2856365233e-01 1.0176309444e-01
-2.3357628265e-01 8.9661534345e-02
-2.3794869661e-01 7.7314218220e-02
-2.4166890973e-01 6.4754989197e-02
-2.4472672517e-01 5.2018271250e-02
-2.4711376166e-01 3.9138974838e-02
-2.4882347652e-01 2.6152401215e-02
-2.4985118352e-01 1.3094145679e-02
-2.5019406579e-01 3.0639936183e-17
-2.4985118352e-01 -1.3094145679e-02
-2.4882347652e-01 -2.6152401215e-02
-2.4711376166e-01 -3.9138974838e-02
-2.4472672517e-01 -5.2018271250e-02
-2.4166890973e-01 -6.4754989197e-02
-2.3794869661e-01 -7.7314218220e-02
-2.3357628265e-01 -8.9661534345e-02
-2.2856365233e-01 -1.0176309444e-01
-2.2292454493e-01 -1.1358572896e-01
-2.1667441685e-01 -1.2509703289e-01
-2.0983039925e-01 -1.3626545456e-01
-2.0241125111e-01 -1.4706038208e-01
-1.9443730781e-01 -1.5745222732e-01
-1.8593042536e-01 -1.6741250695e-01
-1.7691392053e-01 -1.7691392053e-01
-1.6741250695e-01 -1.8593042536e-01
-1.5745222732e-01 -1.9443730781e-01
-1.4706038208e-01 -2.0241125111e-01
-1.3626545456e-01 -2.0983039925e-01
-1.2509703289e-01 -2.1667441685e-01
-1.1358572896e-01 -2.2292454493e-01
-1.0176309444e-01 -2.2856365233e-01
-8.9661534345e-02 -2.3357628265e-01
-7.7314218220e-02 -2.3794869661e-01
-6.4754989197e-02 -2.4166890973e-01
-5.2018271250e-02 -2.4472672517e-01
-3.9138974838e-02 -2.4711376166e-01
-2.6152401215e-02 -2.4882347652e-01
-1.3094145679e-02 -2.4985118352e-01
-4.5959904275e-17 -2.5019406579e-01
1.3094145679e-02 -2.4985118352e-01
2.6152401215e-02 -2.4882347652e-01
3.9138974838e-02 -2.4711376166e-01
5.2018271250e-02 -2.4472672517e-01
6.4754989197e-02 -2.4166890973e-01
7.7314218220e-02 -2.3794869661e-01
8.9661534345e-02 -2.3357628265e-01
1.0176309444e-01 -2.2856365233e-01
1.1358572896e-01 -2.2292454493e-01
1.2509703289e-01 -2.1667441685e-01
1.3626545456e-01 -2.0983039925e-01
1.4706038208e-01 -2.0241125111e-01
1.5745222732e-01 -1.9443730781e-01
1.6741250695e-01 -1.8593042536e-01
1.7691392053e-01 -1.7691392053e-01
1.8593042536e-01 -1.6741250695e-01
1.9443730781e-01 -1.5745222732e-01
2.0241125111e-01 -1.4706038208e-01
2.0983039925e-01 -1.3626545456e-01
2.1667441685e-01 -1.2509703289e-01
2.2292454493e-01 -1.1358572896e-01
2.2856365233e-01 -1.0176309444e-01
2.3357628265e-01 -8.9661534345e-02
2.3794869661e-01 -7.7314218220e-02
2.4166890973e-01 -6.4754989197e-02
2.4472672517e-01 -5.2018271250e-02
2.4711376166e-01 -3.9138974838e-02
2.4882347652e-01 -2.6152401215e-02
2.4985118352e-01 -1.3094145679e-02
2.5019406579e-01 -6.1279872367e-17

2.5022512859e-01 0.0000000000e+00
2.4988220374e-01 1.3095771381e-02
2.4885436915e-01 2.6155648162e-02
2.4714444203e-01 3.9143834130e-02
2.4475710917e-01 5.2024729569e-02
2.4169891409e-01 6.4763028841e-02
2.3797823908e-01 7.7323817153e-02
2.3360528227e-01 8.9672666256e-02
2.2859202961e-01 1.0177572881e-01
2.2295222209e-01 1.1359983117e-01
2.1670131802e-01 1.2511256429e-01
2.0985645071e-01 1.3628237257e-01
2.0243638145e-01 1.4707864034e-01
1.9446144814e-01 1.5747177577e-01
1.8595350951e-01 1.6743329202e-01
1.7693588525e-01 1.7693588525e-01
1.6743329202e-01 1.8595350951e-01
1.5747177577e-01 1.9446144814e-01
1.4707864034e-01 2.0243638145e-01
1.3628237257e-01 2.0985645071e-01
1.2511256429e-01 2.1670131802e-01
1.1359983117e-01 2.2295222209e-01
1.0177572881e-01 2.2859202961e-01
8.9672666256e-02 2.3360528227e-01
7.7323817153e-02 2.3797823908e-01
6.4763028841e-02 2.4169891409e-01
5.2024729569e-02 2.4475710917e-01
3.9143834130e-02 2.4714444203e-01
2.6155648162e-02 2.4885436915e-01
1.3095771381e-02 2.4988220374e-01
1.5321870139e-17 2.5022512859e-01
-1.3095771381e-02 2.4988220374e-01
-2.6155648162e-02 2.4885436915e-01
-3.9143834130e-02 2.4714444203e-01
-5.2024729569e-02 2.4475710917e-01
-6.4763028841e-02 2.4169891409e-01
-7.7323817153e-02 2.3797823908e-01
-8.9672666256e-02 2.3360528227e-01
-1.0177572881e-01 2.2859202961e-01
-1.1359983117e-01 2.2295222209e-01
-1.2511256429e-01 2.1670131802e-01
-1.3628237257e-01 2.0985645071e-01
-1.4707864034e-01 2.0243638145e-01
-1.5747177577e-01 1.9446144814e-01
-1.6743329202e-01 1.8595350951e-01
-1.7693588525e-01 1.7693588525e-01
-1.8595350951e-01 1.6743329202e-01
-1.9446144814e-01 1.5747177577e-01
-2.0243638145e-01 1.4707864034e-01
-2.0985645071e-01 1.3628237257e-01
-2.1670131802e-01 1.2511256429e-01
-2.2295222209e-01 1.1359983117e-01
-2.2859202961e-01 1.0177572881e-01
-2.3360528227e-01 8.9672666256e-02
-2.3797823908e-01 7.7323817153e-02
-2.4169891409e-01 6.4763028841e-02
-2.4475710917e-01 5.2024729569e-02
-2.4714444203e-01 3.9143834130e-02
-2.4885436915e-01 2.6155648162e-02
-2.4988220374e-01 1.3095771381e-02
-2.5022512859e-01 3.0643740279e-17
-2.4988220374e-01 -1.3095771381e-02
-2.4885436915e-01 -2.6155648162e-02
-2.4714444203e-01 -3.9143834130e-02
-2.4475710917e-01 -5.2024729569e-02
-2.4169891409e-01 -6.4763028841e-02
-2.3797823908e-01 -7.7323817153e-02
-2.3360528227e-01 -8.9672666256e-02
-2.2859202961e-01 -1.0177572881e-01
-2.2295222209e-01 -1.1359983117e-01
-2.1670131802e-01 -1.2511256429e-01
-2.0985645071e-01 -1.3628237257e-01
-2.0243638145e-01 -1.4707864034e-01
-1.9446144814e-01 -1.5747177577e-01
-1.8595350951e-01 -1.6743329202e-01
-1.7693588525e-01 -1.7693588525e-01
-1.6743329202e-01 -1.8595350951e-01
-1.5747177577e-01 -1.9446144814e-01
-1.4707864034e-01 -2.0243638145e-01
-1.3628237257e-01 -2.0985645071e-01
-1.2511256429e-01 -2.1670131802e-01
-1.1359983117e-01 -2.2295222209e-01
-1.0177572881e-01 -2.2859202961e-01
-8.9672666256e-02 -2.3360528227e-01
-7.7323817153e-02 -2.3797823908e-01
-6.4763028841e-02 -2.4169891409e-01
-5.2024729569e-02 -2.4475710917e-01
-3.9143834130e-02 -2.4714444203e-01
-2.6155648162e-02 -2.4885436915e-01
-1.3095771381e-02 -2.4988220374e-01
-4.5965610418e-17 -2.5022512859e-01
1.3095771381e-02 -2.4988220374e-01
2.6155648162e-02 -2.4885436915e-01
3.9143834130e-02 -2.4714444203e-01
5.2024729569e-02 -2.4475710917e-01
6.4763028841e-02 -2.4169891409e-01
7.7323817153e-02 -2.3797823908e-01
8.9672666256e-02 -2.3360528227e-01
1.0177572881e-01 -2.2859202961e-01
1.1359983117e-01 -2.2295222209e-01
1.2511256429e-01 -2.1670131802e-01
1.3628237257e-01 -2.0985645071e-01
1.4707864034e-01 -2.0243638145e-01
1.5747177577e-01 -1.9446144814e-01
1.6743329202e-01 -1.8595350951e-01
1.7693588525e-01 -1.7693588525e-01
1.8595350951e-01 -1.6743329202e-01
1.9446144814e-01 -1.5747177577e-01
2.0243638145e-01 -1.4707864034e-01
2.0985645071e-01 -1.3628237257e-01
2.1670131802e-01 -1.2511256429e-01
2.2295222209e-01 -1.1359983117e-01
2.2859202961e-01 -1.0177572881e-01
2.3360528227e-01 -8.9672666256e-02
2.3797823908e-01 -7.7323817153e-02
2.4169891409e-01 -6.4763028841e-02
2.4475710917e-01 -5.2024729569e-02
2.4714444203e-01 -3.9143834130e-02
2.4885436915e-01 -2.6155648162e-02
2.4988220374e-01 -1.3095771381e-02
2.5022512859e-01 -6.1287480558e-17

2.5025956276e-01 0.0000000000e+00
2.4991659073e-01 1.3097573526e-02
2.4888861469e-01 2.6159247514e-02
2.4717845226e-01 3.9149220822e-02
2.4479079088e-01 5.2031888838e-02
2.4173217495e-01 6.4771941062e-02
2.3801098793e-01 7.7334457899e-02
2.3363742934e-01 8.9685006362e-02
2.2862348679e-01 1.0178973446e-01
2.2298290316e-01 1.1361546396e-01
2.1673113889e-01 1.2512978138e-01
2.0988532964e-01 1.3630112677e-01
2.0246423928e-01 1.4709888024e-01
1.9448820852e-01 1.5749344590e-01
1.8597909909e-01 1.6745633298e-01
1.7696023389e-01 1.7696023389e-01
1.6745633298e-01 1.8597909909e-01
1.5749344590e-01 1.9448820852e-01
1.4709888024e-01 2.0246423928e-01
1.3630112677e-01 2.0988532964e-01
1.2512978138e-01 2.1673113889e-01
1.1361546396e-01 2.2298290316e-01
1.0178973446e-01 2.2862348679e-01
8.9685006362e-02 2.3363742934e-01
7.7334457899e-02 2.3801098793e-01
6.4771941062e-02 2.4173217495e-01
5.2031888838e-02 2.4479079088e-01
3.9149220822e-02 2.4717845226e-01
2.6159247514e-02 2.4888861469e-01
1.3097573526e-02 2.4991659073e-01
1.5323978625e-17 2.5025956276e-01
-1.3097573526e-02 2.4991659073e-01
-2.6159247514e-02 2.4888861469e-01
-3.9149220822e-02 2.4717845226e-01
-5.2031888838e-02 2.4479079088e-01
-6.4771941062e-02 2.4173217495e-01
-7.7334457899e-02 2.3801098793e-01
-8.9685006362e-02 2.3363742934e-01
-1.0178973446e-01 2.2862348679e-01
-1.1361546396e-01 2.2298290316e-01
-1.2512978138e-01 2.1673113889e-01
-1.3630112677e-01 2.0988532964e-01
-1.4709888024e-01 2.0246423928e-01
-1.5749344590e-01 1.9448820852e-01
-1.6745633298e-01 1.8597909909e-01
-1.7696023389e-01 1.7696023389e-01
-1.8597909909e-01 1.6745633298e-01
-1.9448820852e-01 1.5749344590e-01
-2.0246423928e-01 1.4709888024e-01
-2.0988532964e-01 1.3630112677e-01
-2.1673113889e-01 1.2512978138e-01
-2.2298290316e-01 1.1361546396e-01
-2.2862348679e-01 1.0178973446e-01
-2.3363742934e-01 8.9685006362e-02
-2.3801098793e-01 7.7334457899e-02
-2.4173217495e-01 6.4771941062e-02
-2.4479079088e-01 5.2031888838e-02
-2.4717845226e-01 3.9149220822e-02
-2.4888861469e-01 2.6159247514e-02
-2.4991659073e-01 1.3097573526e-02
-2.5025956276e-01 3.0647957249e-17
-2.4991659073e-01 -1.3097573526e-02
-2.4888861469e-01 -2.6159247514e-02
-2.4717845226e-01 -3.9149220822e-02
-2.4479079088e-01 -5.2031888838e-02
-2.4173217495e-01 -6.4771941062e-02
-2.3801098793e-01 -7.7334457899e-02
-2.3363742934e-01 -8.9685006362e-02
-2.2862348679e-01 -1.0178973446e-01
-2.2298290316e-01 -1.1361546396e-01
-2.1673113889e-01 -1.2512978138e-01
-2.0988532964e-01 -1.3630112677e-01
-2.0246423928e-01 -1.4709888024e-01
-1.9448820852e-01 -1.5749344590e-01
-1.8597909909e-01 -1.6745633298e-01
-1.7696023389e-01 -1.7696023389e-01
-1.6745633298e-01 -1.8597909909e-01
-1.5749344590e-01 -1.9448820852e-01
-1.4709888024e-01 -2.0246423928e-01
-1.3630112677e-01 -2.0988532964e-01
-1.2512978138e-01 -2.1673113889e-01
-1.1361546396e-01 -2.2298290316e-01
-1.0178973446e-01 -2.2862348679e-01
-8.9685006362e-02 -2.3363742934e-01
-7.7334457899e-02 -2.3801098793e-01
-6.4771941062e-02 -2.4173217495e-01
-5.2031888838e-02 -2.4479079088e-01
-3.9149220822e-02 -2.4717845226e-01
-2.6159247514e-02 -2.4888861469e-01
-1.3097573526e-02 -2.4991659073e-01
-4.5971935874e-17 -2.5025956276e-01
1.3097573526e-02 -2.4991659073e-01
2.6159247514e-02 -2.4888861469e-01
3.9149220822e-02 -2.4717845226e-01
5.2031888838e-02 -2.4479079088e-01
6.4771941062e-02 -2.4173217495e-01
7.7334457899e-02 -2.3801098793e-01
8.9685006362e-02 -2.3363742934e-01
1.0178973446e-01 -2.2862348679e-01
1.1361546396e-01 -2.2298290316e-01
1.2512978138e-01 -2.1673113889e-01
1.3630112677e-01 -2.0988532964e-01
1.4709888024e-01 -2.0246423928e-01
1.5749344590e-01 -1.9448820852e-01
1.6745633298e-01 -1.8597909909e-01
1.7696023389e-01 -1.7696023389e-01
1.8597909909e-01 -1.6745633298e-01
1.9448820852e-01 -1.5749344590e-01
2.0246423928e-01 -1.4709888024e-01
2.0988532964e-01 -1.3630112677e-01
2.1673113889e-01 -1.2512978138e-01
2.2298290316e-01 -1.1361546396e-01
2.2862348679e-01 -1.0178973446e-01
2.3363742934e-01 -8.9685006362e-02
2.3801098793e-01 -7.7334457899e-02
2.4173217495e-01 -6.4771941062e-02
2.4479079088e-01 -5.2031888838e-02
2.4717845226e-01 -3.9149220822e-02
2.4888861469e-01 -2.6159247514e-02
2.4991659073e-01 -1.3097573526e-02
2.5025956276e-01 -6.1295914499e-17

2.5029773423e-01 0.0000000000e+00
2.4995470989e-01 1.3099571266e-02
2.4892657705e-01 2.6163237519e-02
2.4721615378e-01 3.9155192155e-02
2.4482812821e-01 5.2039825132e-02
2.4176904576e-01 6.4781820565e-02
2.3804729116e-01 7.7346253531e-02
2.3367306548e-01 8.9698685793e-02
2.2865835817e-01 1.0180526019e-01
2.2301691419e-01 1.1363279345e-01
2.1676419635e-01 1.2514886712e-01
2.0991734292e-01 1.3632191644e-01
2.0249512065e-01 1.4712131686e-01
1.9451787332e-01 1.5751746799e-01
1.8600746602e-01 1.6748187468e-01
1.7698722519e-01 1.7698722519e-01
1.6748187468e-01 1.8600746602e-01
1.5751746799e-01 1.9451787332e-01
1.4712131686e-01 2.0249512065e-01
1.3632191644e-01 2.0991734292e-01
1.2514886712e-01 2.1676419635e-01
1.1363279345e-01 2.2301691419e-01
1.0180526019e-01 2.2865835817e-01
8.9698685793e-02 2.3367306548e-01
7.7346253531e-02 2.3804729116e-01
6.4781820565e-02 2.4176904576e-01
5.2039825132e-02 2.4482812821e-01
3.9155192155e-02 2.4721615378e-01
2.6163237519e-02 2.4892657705e-01
1.3099571266e-02 2.4995470989e-01
1.5326315953e-17 2.5029773423e-01
-1.3099571266e-02 2.4995470989e-01
-2.6163237519e-02 2.4892657705e-01
-3.9155192155e-02 2.4721615378e-01
-5.2039825132e-02 2.4482812821e-01
-6.4781820565e-02 2.4176904576e-01
-7.7346253531e-02 2.3804729116e-01
-8.9698685793e-02 2.3367306548e-01
-1.0180526019e-01 2.2865835817e-01
-1.1363279345e-01 2.2301691419e-01
-1.2514886712e-01 2.1676419635e-01
-1.3632191644e-01 2.0991734292e-01
-1.4712131686e-01 2.0249512065e-01
-1.5751746799e-01 1.9451787332e-01
-1.6748187468e-01 1.8600746602e-01
-1.7698722519e-01 1.7698722519e-01
-1.8600746602e-01 1.6748187468e-01
-1.9451787332e-01 1.5751746799e-01
-2.0249512065e-01 1.4712131686e-01
-2.0991734292e-01 1.3632191644e-01
-2.1676419635e-01 1.2514886712e-01
-2.2301691419e-01 1.1363279345e-01
-2.2865835817e-01 1.0180526019e-01
-2.3367306548e-01 8.9698685793e-02
-2.3804729116e-01 7.7346253531e-02
-2.4176904576e-01 6.4781820565e-02
-2.4482812821e-01 5.2039825132e-02
-2.4721615378e-01 3.9155192155e-02
-2.4892657705e-01 2.6163237519e-02
-2.4995470989e-01 1.3099571266e-02
-2.5029773423e-01 3.0652631906e-17
-2.4995470989e-01 -1.3099571266e-02
-2.4892657705e-01 -2.6163237519e-02
-2.4721615378e-01 -3.9155192155e-02
-2.4482812821e-01 -5.2039825132e-02
-2.4176904576e-01 -6.4781820565e-02
-2.3804729116e-01 -7.7346253531e-02
-2.3367306548e-01 -8.9698685793e-02
-2.2865835817e-01 -1.0180526019e-01
-2.2301691419e-01 -1.1363279345e-01
-2.1676419635e-01 -1.2514886712e-01
-2.0991734292e-01 -1.3632191644e-01
-2.0249512065e-01 -1.4712131686e-01
-1.9451787332e-01 -1.5751746799e-01
-1.8600746602e-01 -1.6748187468e-01
-1.7698722519e-01 -1.7698722519e-01
-1.6748187468e-01 -1.8600746602e-01
-1.5751746799e-01 -1.9451787332e-01
-1.4712131686e-01 -2.0249512065e-01
-1.3632191644e-01 -2.0991734292e-01
-1.2514886712e-01 -2.1676419635e-01
-1.1363279345e-01 -2.2301691419e-01
-1.0180526019e-01 -2.2865835817e-01
-8.9698685793e-02 -2.3367306548e-01
-7.7346253531e-02 -2.3804729116e-01
-6.4781820565e-02 -2.4176904576e-01
-5.2039825132e-02 -2.4482812821e-01
-3.9155192155e-02 -2.4721615378e-01
-2.6163237519e-02 -2.4892657705e-01
-1.3099571266e-02 -2.4995470989e-01
-4.5978947859e-17 -2.5029773423e-01
1.3099571266e-02 -2.4995470989e-01
2.6163237519e-02 -2.4892657705e-01
3.9155192155e-02 -2.4721615378e-01
5.2039825132e-02 -2.4482812821e-01
6.4781820565e-02 -2.4176904576e-01
7.7346253531e-02 -2.3804729116e-01
8.9698685793e-02 -2.3367306548e-01
1.0180526019e-01 -2.2865835817e-01
1.1363279345e-01 -2.2301691419e-01
1.2514886712e-01 -2.1676419635e-01
1.3632191644e-01 -2.0991734292e-01
1.4712131686e-01 -2.0249512065e-01
1.5751746799e-01 -1.9451787332e-01
1.6748187468e-01 -1.8600746602e-01
1.7698722519e-01 -1.7698722519e-01
1.8600746602e-01 -1.6748187468e-01
1.9451787332e-01 -1.5751746799e-01
2.0249512065e-01 -1.4712131686e-01
2.0991734292e-01 -1.3632191644e-01
2.1676419635e-01 -1.2514886712e-01
2.2301691419e-01 -1.1363279345e-01
2.2865835817e-01 -1.0180526019e-01
2.3367306548e-01 -8.9698685793e-02
2.3804729116e-01 -7.7346253531e-02
2.4176904576e-01 -6.4781820565e-02
2.4482812821e-01 -5.2039825132e-02
2.4721615378e-01 -3.9155192155e-02
2.4892657705e-01 -2.6163237519e-02
2.4995470989e-01 -1.3099571266e-02
2.5029773423e-01 -6.1305263812e-17

2.5034004861e-01 0.0000000000e+00
2.4999696628e-01 1.3101785830e-02
2.4896865963e-01 2.6167660576e-02
2.4725794720e-01 3.9161811583e-02
2.4486951792e-01 5.2048622787e-02
2.4180991831e-01 6.4792772333e-02
2.3808753452e-01 7.7359329395e-02
2.3371256935e-01 8.9713849911e-02
2.2869701428e-01 1.0182247100e-01
2.2305461658e-01 1.1365200378e-01
2.1680084168e-01 1.2517002431e-01
2.0995283075e-01 1.3634496250e-01
2.0252935370e-01 1.4714618863e-01
1.9455075777e-01 1.5754409729e-01
1.8603891174e-01 1.6751018853e-01
1.7701714598e-01 1.7701714598e-01
1.6751018853e-01 1.8603891174e-01
1.5754409729e-01 1.9455075777e-01
1.4714618863e-01 2.0252935370e-01
1.3634496250e-01 2.0995283075e-01
1.2517002431e-01 2.1680084168e-01
1.1365200378e-01 2.2305461658e-01
1.0182247100e-01 2.2869701428e-01
8.9713849911e-02 2.3371256935e-01
7.7359329395e-02 2.3808753452e-01
6.4792772333e-02 2.4180991831e-01
5.2048622787e-02 2.4486951792e-01
3.9161811583e-02 2.4725794720e-01
2.6167660576e-02 2.4896865963e-01
1.3101785830e-02 2.4999696628e-01
1.5328906962e-17 2.5034004861e-01
-1.3101785830e-02 2.4999696628e-01
-2.6167660576e-02 2.4896865963e-01
-3.9161811583e-02 2.4725794720e-01
-5.2048622787e-02 2.4486951792e-01
-6.4792772333e-02 2.4180991831e-01
-7.7359329395e-02 2.3808753452e-01
-8.9713849911e-02 2.3371256935e-01
-1.0182247100e-01 2.2869701428e-01
-1.1365200378e-01 2.2305461658e-01
-1.2517002431e-01 2.1680084168e-01
-1.3634496250e-01 2.0995283075e-01
-1.4714618863e-01 2.0252935370e-01
-1.5754409729e-01 1.9455075777e-01
-1.6751018853e-01 1.8603891174e-01
-1.7701714598e-01 1.7701714598e-01
-1.8603891174e-01 1.6751018853e-01
-1.9455075777e-01 1.5754409729e-01
-2.0252935370e-01 1.4714618863e-01
-2.0995283075e-01 1.3634496250e-01
-2.1680084168e-01 1.2517002431e-01
-2.2305461658e-01 1.1365200378e-01
-2.2869701428e-01 1.0182247100e-01
-2.3371256935e-01 8.9713849911e-02
-2.3808753452e-01 7.7359329395e-02
-2.4180991831e-01 6.4792772333e-02
-2.4486951792e-01 5.2048622787e-02
-2.4725794720e-01 3.9161811583e-02
-2.4896865963e-01 2.6167660576e-02
-2.4999696628e-01 1.3101785830e-02
-2.5034004861e-01 3.0657813923e-17
-2.4999696628e-01 -1.3101785830e-02
-2.4896865963e-01 -2.6167660576e-02
-2.4725794720e-01 -3.9161811583e-02
-2.4486951792e-01 -5.2048622787e-02
-2.4180991831e-01 -6.4792772333e-02
-2.3808753452e-01 -7.7359329395e-02
-2.3371256935e-01 -8.9713849911e-02
-2.2869701428e-01 -1.0182247100e-01
-2.2305461658e-01 -1.1365200378e-01
-2.1680084168e-01 -1.2517002431e-01
-2.0995283075e-01 -1.3634496250e-01
-2.0252935370e-01 -1.4714618863e-01
-1.9455075777e-01 -1.5754409729e-01
-1.8603891174e-01 -1.6751018853e-01
-1.7701714598e-01 -1.7701714598e-01
-1.6751018853e-01 -1.8603891174e-01
-1.5754409729e-01 -1.9455075777e-01
-1.4714618863e-01 -2.0252935370e-01
-1.3634496250e-01 -2.0995283075e-01
-1.2517002431e-01 -2.1680084168e-01
-1.1365200378e-01 -2.2305461658e-01
-1.0182247100e-01 -2.2869701428e-01
-8.9713849911e-02 -2.3371256935e-01
-7.7359329395e-02 -2.3808753452e-01
-6.4792772333e-02 -2.4180991831e-01
-5.2048622787e-02 -2.4486951792e-01
-3.9161811583e-02 -2.4725794720e-01
-2.6167660576e-02 -2.4896865963e-01
-1.3101785830e-02 -2.4999696628e-01
-4.5986720885e-17 -2.5034004861e-01
1.3101785830e-02 -2.4999696628e-01
2.6167660576e-02 -2.4896865963e-01
3.9161811583e-02 -2.4725794720e-01
5.2048622787e-02 -2.4486951792e-01
6.4792772333e-02 -2.4180991831e-01
7.7359329395e-02 -2.3808753452e-01
8.9713849911e-02 -2.3371256935e-01
1.0182247100e-01 -2.2869701428e-01
1.1365200378e-01 -2.2305461658e-01
1.2517002431e-01 -2.1680084168e-01
1.3634496250e-01 -2.0995283075e-01
1.4714618863e-01 -2.0252935370e-01
1.5754409729e-01 -1.9455075777e-01
1.6751018853e-01 -1.8603891174e-01
1.7701714598e-01 -1.7701714598e-01
1.8603891174e-01 -1.6751018853e-01
1.9455075777e-01 -1.5754409729e-01
2.0252935370e-01 -1.4714618863e-01
2.0995283075e-01 -1.3634496250e-01
2.1680084168e-01 -1.2517002431e-01
2.2305461658e-01 -1.1365200378e-01
2.2869701428e-01 -1.0182247100e-01
2.3371256935e-01 -8.9713849911e-02
2.3808753452e-01 -7.7359329395e-02
2.4180991831e-01 -6.4792772333e-02
2.4486951792e-01 -5.2048622787e-02
2.4725794720e-01 -3.9161811583e-02
2.4896865963e-01 -2.6167660576e-02
2.4999696628e-01 -1.3101785830e-02
2.5034004861e-01 -6.1315627847e-17

2.5038695556e-01 0.0000000000e+00
2.5004380894e-01 1.3104240750e-02
2.4901530962e-01 2.6172563687e-02
2.4730427664e-01 3.9169149446e-02
2.4491539984e-01 5.2058375289e-02
2.4185522694e-01 6.4804912744e-02
2.3813214568e-01 7.7373824438e-02
2.3375636076e-01 8.9730659857e-02
2.2873986590e-01 1.0184154977e-01
2.2309641098e-01 1.1367329908e-01
2.1684146429e-01 1.2519347778e-01
2.0999217023e-01 1.3637050986e-01
2.0256730222e-01 1.4717375984e-01
1.9458721131e-01 1.5757361679e-01
1.8607377039e-01 1.6754157540e-01
1.7705031420e-01 1.7705031420e-01
1.6754157540e-01 1.8607377039e-01
1.5757361679e-01 1.9458721131e-01
1.4717375984e-01 2.0256730222e-01
1.3637050986e-01 2.0999217023e-01
1.2519347778e-01 2.1684146429e-01
1.1367329908e-01 2.2309641098e-01
1.0184154977e-01 2.2873986590e-01
8.9730659857e-02 2.3375636076e-01
7.7373824438e-02 2.3813214568e-01
6.4804912744e-02 2.4185522694e-01
5.2058375289e-02 2.4491539984e-01
3.9169149446e-02 2.4730427664e-01
2.6172563687e-02 2.4901530962e-01
1.3104240750e-02 2.5004380894e-01
1.5331779184e-17 2.5038695556e-01
-1.3104240750e-02 2.5004380894e-01
-2.6172563687e-02 2.4901530962e-01
-3.9169149446e-02 2.4730427664e-01
-5.2058375289e-02 2.4491539984e-01
-6.4804912744e-02 2.4185522694e-01
-7.7373824438e-02 2.3813214568e-01
-8.9730659857e-02 2.3375636076e-01
-1.0184154977e-01 2.2873986590e-01
-1.1367329908e-01 2.2309641098e-01
-1.2519347778e-01 2.1684146429e-01
-1.3637050986e-01 2.0999217023e-01
-1.4717375984e-01 2.0256730222e-01
-1.5757361679e-01 1.9458721131e-01
-1.6754157540e-01 1.8607377039e-01
-1.7705031420e-01 1.7705031420e-01
-1.8607377039e-01 1.6754157540e-01
-1.9458721131e-01 1.5757361679e-01
-2.0256730222e-01 1.4717375984e-01
-2.0999217023e-01 1.3637050986e-01
-2.1684146429e-01 1.2519347778e-01
-2.2309641098e-01 1.1367329908e-01
-2.2873986590e-01 1.0184154977e-01
-2.3375636076e-01 8.9730659857e-02
-2.3813214568e-01 7.7373824438e-02
-2.4185522694e-01 6.4804912744e-02
-2.4491539984e-01 5.2058375289e-02
-2.4730427664e-01 3.9169149446e-02
-2.4901530962e-01 2.6172563687e-02
-2.5004380894e-01 1.3104240750e-02
-2.5038695556e-01 3.0663558367e-17
-2.5004380894e-01 -1.3104240750e-02
-2.4901530962e-01 -2.6172563687e-02
-2.4730427664e-01 -3.9169149446e-02
-2.4491539984e-01 -5.2058375289e-02
-2.4185522694e-01 -6.4804912744e-02
-2.3813214568e-01 -7.7373824438e-02
-2.3375636076e-01 -8.9730659857e-02
-2.2873986590e-01 -1.0184154977e-01
-2.2309641098e-01 -1.1367329908e-01
-2.1684146429e-01 -1.2519347778e-01
-2.0999217023e-01 -1.3637050986e-01
-2.0256730222e-01 -1.4717375984e-01
-1.9458721131e-01 -1.5757361679e-01
-1.8607377039e-01 -1.6754157540e-01
-1.7705031420e-01 -1.7705031420e-01
-1.6754157540e-01 -1.8607377039e-01
-1.5757361679e-01 -1.9458721131e-01
-1.4717375984e-01 -2.0256730222e-01
-1.3637050986e-01 -2.0999217023e-01
-1.2519347778e-01 -2.1684146429e-01
-1.1367329908e-01 -2.2309641098e-01
-1.0184154977e-01 -2.2873986590e-01
-8.9730659857e-02 -2.3375636076e-01
-7.7373824438e-02 -2.3813214568e-01
-6.4804912744e-02 -2.4185522694e-01
-5.2058375289e-02 -2.4491539984e-01
-3.9169149446e-02 -2.4730427664e-01
-2.6172563687e-02 -2.4901530962e-01
-1.3104240750e-02 -2.5004380894e-01
-4.5995337551e-17 -2.5038695556e-01
1.3104240750e-02 -2.5004380894e-01
2.6172563687e-02 -2.4901530962e-01
3.9169149446e-02 -2.4730427664e-01
5.2058375289e-02 -2.4491539984e-01
6.4804912744e-02 -2.4185522694e-01
7.7373824438e-02 -2.3813214568e-01
8.9730659857e-02 -2.3375636076e-01
1.0184154977e-01 -2.2873986590e-01
1.1367329908e-01 -2.2309641098e-01
1.2519347778e-01 -2.1684146429e-01
1.3637050986e-01 -2.0999217023e-01
1.4717375984e-01 -2.0256730222e-01
1.5757361679e-01 -1.9458721131e-01
1.6754157540e-01 -1.8607377039e-01
1.7705031420e-01 -1.7705031420e-01
1.8607377039e-01 -1.6754157540e-01
1.9458721131e-01 -1.5757361679e-01
2.0256730222e-01 -1.4717375984e-01
2.0999217023e-01 -1.3637050986e-01
2.1684146429e-01 -1.2519347778e-01
2.2309641098e-01 -1.1367329908e-01
2.2873986590e-01 -1.0184154977e-01
2.3375636076e-01 -8.9730659857e-02
2.3813214568e-01 -7.7373824438e-02
2.4185522694e-01 -6.4804912744e-02
2.4491539984e-01 -5.2058375289e-02
2.4730427664e-01 -3.9169149446e-02
2.4901530962e-01 -2.6172563687e-02
2.5004380894e-01 -1.3104240750e-02
2.5038695556e-01 -6.1327116735e-17

2.5043895352e-01 0.0000000000e+00
2.5009573564e-01 1.3106962113e-02
2.4906702273e-01 2.6177998954e-02
2.4735563442e-01 3.9177283719e-02
2.4496626151e-01 5.2069186273e-02
2.4190545311e-01 6.4818370806e-02
2.3818159868e-01 7.7389892691e-02
2.3380490504e-01 8.9749294259e-02
2.2878736840e-01 1.0186269925e-01
2.2314274150e-01 1.1369690566e-01
2.1688649584e-01 1.2521947676e-01
2.1003577938e-01 1.3639882997e-01
2.0260936945e-01 1.4720432348e-01
1.9462762132e-01 1.5760634016e-01
1.8611241241e-01 1.6757636882e-01
1.7708708231e-01 1.7708708231e-01
1.6757636882e-01 1.8611241241e-01
1.5760634016e-01 1.9462762132e-01
1.4720432348e-01 2.0260936945e-01
1.3639882997e-01 2.1003577938e-01
1.2521947676e-01 2.1688649584e-01
1.1369690566e-01 2.2314274150e-01
1.0186269925e-01 2.2878736840e-01
8.9749294259e-02 2.3380490504e-01
7.7389892691e-02 2.3818159868e-01
6.4818370806e-02 2.4190545311e-01
5.2069186273e-02 2.4496626151e-01
3.9177283719e-02 2.4735563442e-01
2.6177998954e-02 2.4906702273e-01
1.3106962113e-02 2.5009573564e-01
1.5334963140e-17 2.5043895352e-01
-1.3106962113e-02 2.5009573564e-01
-2.6177998954e-02 2.4906702273e-01
-3.9177283719e-02 2.4735563442e-01
-5.2069186273e-02 2.4496626151e-01
-6.4818370806e-02 2.4190545311e-01
-7.7389892691e-02 2.3818159868e-01
-8.9749294259e-02 2.3380490504e-01
-1.0186269925e-01 2.2878736840e-01
-1.1369690566e-01 2.2314274150e-01
-1.2521947676e-01 2.1688649584e-01
-1.3639882997e-01 2.1003577938e-01
-1.4720432348e-01 2.0260936945e-01
-1.5760634016e-01 1.9462762132e-01
-1.6757636882e-01 1.8611241241e-01
-1.7708708231e-01 1.7708708231e-01
-1.8611241241e-01 1.6757636882e-01
-1.9462762132e-01 1.5760634016e-01
-2.0260936945e-01 1.4720432348e-01
-2.1003577938e-01 1.3639882997e-01
-2.1688649584e-01 1.2521947676e-01
-2.2314274150e-01 1.1369690566e-01
-2.2878736840e-01 1.0186269925e-01
-2.3380490504e-01 8.9749294259e-02
-2.3818159868e-01 7.7389892691e-02
-2.4190545311e-01 6.4818370806e-02
-2.4496626151e-01 5.2069186273e-02
-2.4735563442e-01 3.9177283719e-02
-2.4906702273e-01 2.6177998954e-02
-2.5009573564e-01 1.3106962113e-02
-2.5043895352e-01 3.0669926281e-17
-2.5009573564e-01 -1.3106962113e-02
-2.4906702273e-01 -2.6177998954e-02
-2.4735563442e-01 -3.9177283719e-02
-2.4496626151e-01 -5.2069186273e-02
-2.4190545311e-01 -6.4818370806e-02
-2.3818159868e-01 -7.7389892691e-02
-2.3380490504e-01 -8.9749294259e-02
-2.2878736840e-01 -1.0186269925e-01
-2.2314274150e-01 -1.1369690566e-01
-2.1688649584e-01 -1.2521947676e-01
-2.1003577938e-01 -1.3639882997e-01
-2.0260936945e-01 -1.4720432348e-01
-1.9462762132e-01 -1.5760634016e-01
-1.8611241241e-01 -1.6757636882e-01
-1.7708708231e-01 -1.7708708231e-01
-1.6757636882e-01 -1.8611241241e-01
-1.5760634016e-01 -1.9462762132e-01
-1.4720432348e-01 -2.0260936945e-01
-1.3639882997e-01 -2.1003577938e-01
-1.2521947676e-01 -2.1688649584e-01
-1.1369690566e-01 -2.2314274150e-01
-1.0186269925e-01 -2.2878736840e-01
-8.9749294259e-02 -2.3380490504e-01
-7.7389892691e-02 -2.3818159868e-01
-6.4818370806e-02 -2.4190545311e-01
-5.2069186273e-02 -2.4496626151e-01
-3.9177283719e-02 -2.4735563442e-01
-2.6177998954e-02 -2.4906702273e-01
-1.3106962113e-02 -2.5009573564e-01
-4.6004889421e-17 -2.5043895352e-01
1.3106962113e-02 -2.5009573564e-01
2.6177998954e-02 -2.4906702273e-01
3.9177283719e-02 -2.4735563442e-01
5.2069186273e-02 -2.4496626151e-01
6.4818370806e-02 -2.4190545311e-01
7.7389892691e-02 -2.3818159868e-01
8.9749294259e-02 -2.3380490504e-01
1.0186269925e-01 -2.2878736840e-01
1.1369690566e-01 -2.2314274150e-01
1.2521947676e-01 -2.1688649584e-01
1.3639882997e-01 -2.1003577938e-01
1.4720432348e-01 -2.0260936945e-01
1.5760634016e-01 -1.9462762132e-01
1.6757636882e-01 -1.8611241241e-01
1.7708708231e-01 -1.7708708231e-01
1.8611241241e-01 -1.6757636882e-01
1.9462762132e-01 -1.5760634016e-01
2.0260936945e-01 -1.4720432348e-01
2.1003577938e-01 -1.3639882997e-01
2.1688649584e-01 -1.2521947676e-01
2.2314274150e-01 -1.1369690566e-01
2.2878736840e-01 -1.0186269925e-01
2.3380490504e-01 -8.9749294259e-02
2.3818159868e-01 -7.7389892691e-02
2.4190545311e-01 -6.4818370806e-02
2.4496626151e-01 -5.2069186273e-02
2.4735563442e-01 -3.9177283719e-02
2.4906702273e-01 -2.6177998954e-02
2.5009573564e-01 -1.3106962113e-02
2.5043895352e-01 -6.1339852562e-17

2.5049659504e-01 0.0000000000e+00
2.5015329816e-01 1.3109978837e-02
2.4912434848e-01 2.6184024133e-02
2.4741256628e-01 3.9186300839e-02
2.4502264343e-01 5.2081170619e-02
2.4196113055e-01 6.4833289530e-02
2.3823641902e-01 7.7407704900e-02
2.3385871803e-01 8.9769951132e-02
2.2884002655e-01 1.0188614417e-01
2.2319410047e-01 1.1372307437e-01
2.1693641487e-01 1.2524829752e-01
2.1008412163e-01 1.3643022380e-01
2.0265600242e-01 1.4723820431e-01
1.9467241719e-01 1.5764261515e-01
1.8615524840e-01 1.6761493853e-01
1.7712784102e-01 1.7712784102e-01
1.6761493853e-01 1.8615524840e-01
1.5764261515e-01 1.9467241719e-01
1.4723820431e-01 2.0265600242e-01
1.3643022380e-01 2.1008412163e-01
1.2524829752e-01 2.1693641487e-01
1.1372307437e-01 2.2319410047e-01
1.0188614417e-01 2.2884002655e-01
8.9769951132e-02 2.3385871803e-01
7.7407704900e-02 2.3823641902e-01
6.4833289530e-02 2.4196113055e-01
5.2081170619e-02 2.4502264343e-01
3.9186300839e-02 2.4741256628e-01
2.6184024133e-02 2.4912434848e-01
1.3109978837e-02 2.5015329816e-01
1.5338492666e-17 2.5049659504e-01
-1.3109978837e-02 2.5015329816e-01
-2.6184024133e-02 2.4912434848e-01
-3.9186300839e-02 2.4741256628e-01
-5.2081170619e-02 2.4502264343e-01
-6.4833289530e-02 2.4196113055e-01
-7.7407704900e-02 2.3823641902e-01
-8.9769951132e-02 2.3385871803e-01
-1.0188614417e-01 2.2884002655e-01
-1.1372307437e-01 2.2319410047e-01
-1.2524829752e-01 2.1693641487e-01
-1.3643022380e-01 2.1008412163e-01
-1.4723820431e-01 2.0265600242e-01
-1.5764261515e-01 1.9467241719e-01
-1.6761493853e-01 1.8615524840e-01
-1.7712784102e-01 1.7712784102e-01
-1.8615524840e-01 1.6761493853e-01
-1.9467241719e-01 1.5764261515e-01
-2.0265600242e-01 1.4723820431e-01
-2.1008412163e-01 1.3643022380e-01
-2.1693641487e-01 1.2524829752e-01
-2.2319410047e-01 1.1372307437e-01
-2.2884002655e-01 1.0188614417e-01
-2.3385871803e-01 8.9769951132e-02
-2.3823641902e-01 7.7407704900e-02
-2.4196113055e-01 6.4833289530e-02
-2.4502264343e-01 5.2081170619e-02
-2.4741256628e-01 3.9186300839e-02
-2.4912434848e-01 2.6184024133e-02
-2.5015329816e-01 1.3109978837e-02
-2.5049659504e-01 3.0676985331e-17
-2.5015329816e-01 -1.3109978837e-02
-2.4912434848e-01 -2.6184024133e-02
-2.4741256628e-01 -3.9186300839e-02
-2.4502264343e-01 -5.2081170619e-02
-2.4196113055e-01 -6.4833289530e-02
-2.3823641902e-01 -7.7407704900e-02
-2.3385871803e-01 -8.9769951132e-02
-2.2884002655e-01 -1.0188614417e-01
-2.2319410047e-01 -1.1372307437e-01
-2.1693641487e-01 -1.2524829752e-01
-2.1008412163e-01 -1.3643022380e-01
-2.0265600242e-01 -1.4723820431e-01
-1.9467241719e-01 -1.5764261515e-01
-1.8615524840e-01 -1.6761493853e-01
-1.7712784102e-01 -1.7712784102e-01
-1.6761493853e-01 -1.8615524840e-01
-1.5764261515e-01 -1.9467241719e-01
-1.4723820431e-01 -2.0265600242e-01
-1.3643022380e-01 -2.1008412163e-01
-1.2524829752e-01 -2.1693641487e-01
-1.1372307437e-01 -2.2319410047e-01
-1.0188614417e-01 -2.2884002655e-01
-8.9769951132e-02 -2.3385871803e-01
-7.7407704900e-02 -2.3823641902e-01
-6.4833289530e-02 -2.4196113055e-01
-5.2081170619e-02 -2.4502264343e-01
-3.9186300839e-02 -2.4741256628e-01
-2.6184024133e-02 -2.4912434848e-01
-1.3109978837e-02 -2.5015329816e-01
-4.6015477997e-17 -2.5049659504e-01
1.3109978837e-02 -2.5015329816e-01
2.6184024133e-02 -2.4912434848e-01
3.9186300839e-02 -2.4741256628e-01
5.2081170619e-02 -2.4502264343e-01
6.4833289530e-02 -2.4196113055e-01
7.7407704900e-02 -2.3823641902e-01
8.9769951132e-02 -2.3385871803e-01
1.0188614417e-01 -2.2884002655e-01
1.1372307437e-01 -2.2319410047e-01
1.2524829752e-01 -2.1693641487e-01
1.3643022380e-01 -2.1008412163e-01
1.4723820431e-01 -2.0265600242e-01
1.5764261515e-01 -1.9467241719e-01
1.6761493853e-01 -1.8615524840e-01
1.7712784102e-01 -1.7712784102e-01
1.8615524840e-01 -1.6761493853e-01
1.9467241719e-01 -1.5764261515e-01
2.0265600242e-01 -1.4723820431e-01
2.1008412163e-01 -1.3643022380e-01
2.1693641487e-01 -1.2524829752e-01
2.2319410047e-01 -1.1372307437e-01
2.2884002655e-01 -1.0188614417e-01
2.3385871803e-01 -8.9769951132e-02
2.3823641902e-01 -7.7407704900e-02
2.4196113055e-01 -6.4833289530e-02
2.4502264343e-01 -5.2081170619e-02
2.4741256628e-01 -3.9186300839e-02
2.4912434848e-01 -2.6184024133e-02
2.5015329816e-01 -1.3109978837e-02
2.5049659504e-01 -6.1353970663e-17

2.5056049264e-01 0.0000000000e+00
2.5021710820e-01 1.3113322979e-02
2.4918789605e-01 2.6190703252e-02
2.4747567720e-01 3.9196296627e-02
2.4508514472e-01 5.2094455678e-02
2.4202285089e-01 6.4849827447e-02
2.3829718926e-01 7.7427450346e-02
2.3391837159e-01 8.9792849986e-02
2.2889839992e-01 1.0191213367e-01
2.2325103365e-01 1.1375208327e-01
2.1699175182e-01 1.2528024632e-01
2.1013771067e-01 1.3646502493e-01
2.0270769667e-01 1.4727576238e-01
1.9472207496e-01 1.5768282721e-01
1.8620273358e-01 1.6765769437e-01
1.7717302345e-01 1.7717302345e-01
1.6765769437e-01 1.8620273358e-01
1.5768282721e-01 1.9472207496e-01
1.4727576238e-01 2.0270769667e-01
1.3646502493e-01 2.1013771067e-01
1.2528024632e-01 2.1699175182e-01
1.1375208327e-01 2.2325103365e-01
1.0191213367e-01 2.2889839992e-01
8.9792849986e-02 2.3391837159e-01
7.7427450346e-02 2.3829718926e-01
6.4849827447e-02 2.4202285089e-01
5.2094455678e-02 2.4508514472e-01
3.9196296627e-02 2.4747567720e-01
2.6190703252e-02 2.4918789605e-01
1.3113322979e-02 2.5021710820e-01
1.5342405266e-17 2.5056049264e-01
-1.3113322979e-02 2.5021710820e-01
-2.6190703252e-02 2.4918789605e-01
-3.9196296627e-02 2.4747567720e-01
-5.2094455678e-02 2.4508514472e-01
-6.4849827447e-02 2.4202285089e-01
-7.7427450346e-02 2.3829718926e-01
-8.9792849986e-02 2.3391837159e-01
-1.0191213367e-01 2.2889839992e-01
-1.1375208327e-01 2.2325103365e-01
-1.2528024632e-01 2.1699175182e-01
-1.3646502493e-01 2.1013771067e-01
-1.4727576238e-01 2.0270769667e-01
-1.5768282721e-01 1.9472207496e-01
-1.6765769437e-01 1.8620273358e-01
-1.7717302345e-01 1.7717302345e-01
-1.8620273358e-01 1.6765769437e-01
-1.9472207496e-01 1.5768282721e-01
-2.0270769667e-01 1.4727576238e-01
-2.1013771067e-01 1.3646502493e-01
-2.1699175182e-01 1.2528024632e-01
-2.2325103365e-01 1.1375208327e-01
-2.2889839992e-01 1.0191213367e-01
-2.3391837159e-01 8.9792849986e-02
-2.3829718926e-01 7.7427450346e-02
-2.4202285089e-01 6.4849827447e-02
-2.4508514472e-01 5.2094455678e-02
-2.4747567720e-01 3.9196296627e-02
-2.4918789605e-01 2.6190703252e-02
-2.5021710820e-01 1.3113322979e-02
-2.5056049264e-01 3.0684810531e-17
-2.5021710820e-01 -1.3113322979e-02
-2.4918789605e-01 -2.6190703252e-02
-2.4747567720e-01 -3.9196296627e-02
-2.4508514472e-01 -5.2094455678e-02
-2.4202285089e-01 -6.4849827447e-02
-2.3829718926e-01 -7.7427450346e-02
-2.3391837159e-01 -8.9792849986e-02
-2.2889839992e-01 -1.0191213367e-01
-2.2325103365e-01 -1.1375208327e-01
-2.1699175182e-01 -1.2528024632e-01
-2.1013771067e-01 -1.3646502493e-01
-2.0270769667e-01 -1.4727576238e-01
-1.9472207496e-01 -1.5768282721e-01
-1.8620273358e-01 -1.6765769437e-01
-1.7717302345e-01 -1.7717302345e-01
-1.6765769437e-01 -1.8620273358e-01
-1.5768282721e-01 -1.9472207496e-01
-1.4727576238e-01 -2.0270769667e-01
-1.3646502493e-01 -2.1013771067e-01
-1.2528024632e-01 -2.1699175182e-01
-1.1375208327e-01 -2.2325103365e-01
-1.0191213367e-01 -2.2889839992e-01
-8.9792849986e-02 -2.3391837159e-01
-7.7427450346e-02 -2.3829718926e-01
-6.4849827447e-02 -2.4202285089e-01
-5.2094455678e-02 -2.4508514472e-01
-3.9196296627e-02 -2.4747567720e-01
-2.6190703252e-02 -2.4918789605e-01
-1.3113322979e-02 -2.5021710820e-01
-4.6027215797e-17 -2.5056049264e-01
1.3113322979e-02 -2.5021710820e-01
2.6190703252e-02 -2.4918789605e-01
3.9196296627e-02 -2.4747567720e-01
5.2094455678e-02 -2.4508514472e-01
6.4849827447e-02 -2.4202285089e-01
7.7427450346e-02 -2.3829718926e-01
8.9792849986e-02 -2.3391837159e-01
1.0191213367e-01 -2.2889839992e-01
1.1375208327e-01 -2.2325103365e-01
1.2528024632e-01 -2.1699175182e-01
1.3646502493e-01 -2.1013771067e-01
1.4727576238e-01 -2.0270769667e-01
1.5768282721e-01 -1.9472207496e-01
1.6765769437e-01 -1.8620273358e-01
1.7717302345e-01 -1.7717302345e-01
1.8620273358e-01 -1.6765769437e-01
1.9472207496e-01 -1.5768282721e-01
2.0270769667e-01 -1.4727576238e-01
2.1013771067e-01 -1.3646502493e-01
2.1699175182e-01 -1.2528024632e-01
2.2325103365e-01 -1.1375208327e-01
2.2889839992e-01 -1.0191213367e-01
2.3391837159e-01 -8.9792849986e-02
2.3829718926e-01 -7.7427450346e-02
2.4202285089e-01 -6.4849827447e-02
2.4508514472e-01 -5.2094455678e-02
2.4747567720e-01 -3.9196296627e-02
2.4918789605e-01 -2.6190703252e-02
2.5021710820e-01 -1.3113322979e-02
2.5056049264e-01 -6.1369621062e-17

2.5063132533e-01 0.0000000000e+00
2.5028784381e-01 1.3117030076e-02
2.4925834071e-01 2.6198107284e-02
2.4754563782e-01 3.9207377301e-02
2.4515442954e-01 5.2109182622e-02
2.4209127002e-01 6.4868160295e-02
2.3836455515e-01 7.7449338851e-02
2.3398449960e-01 8.9818234151e-02
2.2896310880e-01 1.0194094392e-01
2.2331414604e-01 1.1378424064e-01
2.1705309472e-01 1.2531566267e-01
2.1019711596e-01 1.3650360317e-01
2.0276500152e-01 1.4731739679e-01
1.9477712230e-01 1.5772740367e-01
1.8625537252e-01 1.6770509069e-01
1.7722310972e-01 1.7722310972e-01
1.6770509069e-01 1.8625537252e-01
1.5772740367e-01 1.9477712230e-01
1.4731739679e-01 2.0276500152e-01
1.3650360317e-01 2.1019711596e-01
1.2531566267e-01 2.1705309472e-01
1.1378424064e-01 2.2331414604e-01
1.0194094392e-01 2.2896310880e-01
8.9818234151e-02 2.3398449960e-01
7.7449338851e-02 2.3836455515e-01
6.4868160295e-02 2.4209127002e-01
5.2109182622e-02 2.4515442954e-01
3.9207377301e-02 2.4754563782e-01
2.6198107284e-02 2.4925834071e-01
1.3117030076e-02 2.5028784381e-01
1.5346742517e-17 2.5063132533e-01
-1.3117030076e-02 2.5028784381e-01
-2.6198107284e-02 2.4925834071e-01
-3.9207377301e-02 2.4754563782e-01
-5.2109182622e-02 2.4515442954e-01
-6.4868160295e-02 2.4209127002e-01
-7.7449338851e-02 2.3836455515e-01
-8.9818234151e-02 2.3398449960e-01
-1.0194094392e-01 2.2896310880e-01
-1.1378424064e-01 2.2331414604e-01
-1.2531566267e-01 2.1705309472e-01
-1.3650360317e-01 2.1019711596e-01
-1.4731739679e-01 2.0276500152e-01
-1.5772740367e-01 1.9477712230e-01
-1.6770509069e-01 1.8625537252e-01
-1.7722310972e-01 1.7722310972e-01
-1.8625537252e-01 1.6770509069e-01
-1.9477712230e-01 1.5772740367e-01
-2.0276500152e-01 1.4731739679e-01
-2.1019711596e-01 1.3650360317e-01
-2.1705309472e-01 1.2531566267e-01
-2.2331414604e-01 1.1378424064e-01
-2.2896310880e-01 1.0194094392e-01
-2.3398449960e-01 8.9818234151e-02
-2.3836455515e-01 7.7449338851e-02
-2.4209127002e-01 6.4868160295e-02
-2.4515442954e-01 5.2109182622e-02
-2.4754563782e-01 3.9207377301e-02
-2.4925834071e-01 2.6198107284e-02
-2.5028784381e-01 1.3117030076e-02
-2.5063132533e-01 3.0693485033e-17
-2.5028784381e-01 -1.3117030076e-02
-2.4925834071e-01 -2.6198107284e-02
-2.4754563782e-01 -3.9207377301e-02
-2.4515442954e-01 -5.2109182622e-02
-2.4209127002e-01 -6.4868160295e-02
-2.3836455515e-01 -7.7449338851e-02
-2.3398449960e-01 -8.9818234151e-02
-2.2896310880e-01 -1.0194094392e-01
-2.2331414604e-01 -1.1378424064e-01
-2.1705309472e-01 -1.2531566267e-01
-2.1019711596e-01 -1.3650360317e-01
-2.0276500152e-01 -1.4731739679e-01
-1.9477712230e-01 -1.5772740367e-01
-1.8625537252e-01 -1.6770509069e-01
-1.7722310972e-01 -1.7722310972e-01
-1.6770509069e-01 -1.8625537252e-01
-1.5772740367e-01 -1.9477712230e-01
-1.4731739679e-01 -2.0276500152e-01
-1.3650360317e-01 -2.1019711596e-01
-1.2531566267e-01 -2.1705309472e-01
-1.1378424064e-01 -2.2331414604e-01
-1.0194094392e-01 -2.2896310880e-01
-8.9818234151e-02 -2.3398449960e-01
-7.7449338851e-02 -2.3836455515e-01
-6.4868160295e-02 -2.4209127002e-01
-5.2109182622e-02 -2.4515442954e-01
-3.9207377301e-02 -2.4754563782e-01
-2.6198107284e-02 -2.4925834071e-01
-1.3117030076e-02 -2.5028784381e-01
-4.6040227550e-17 -2.5063132533e-01
1.3117030076e-02 -2.5028784381e-01
2.6198107284e-02 -2.4925834071e-01
3.9207377301e-02 -2.4754563782e-01
5.2109182622e-02 -2.4515442954e-01
6.4868160295e-02 -2.4209127002e-01
7.7449338851e-02 -2.3836455515e-01
8.9818234151e-02 -2.3398449960e-01
1.0194094392e-01 -2.2896310880e-01
1.1378424064e-01 -2.2331414604e-01
1.2531566267e-01 -2.1705309472e-01
1.3650360317e-01 -2.1019711596e-01
1.4731739679e-01 -2.0276500152e-01
1.5772740367e-01 -1.9477712230e-01
1.6770509069e-01 -1.8625537252e-01
1.7722310972e-01 -1.7722310972e-01
1.8625537252e-01 -1.6770509069e-01
1.9477712230e-01 -1.5772740367e-01
2.0276500152e-01 -1.4731739679e-01
2.1019711596e-01 -1.3650360317e-01
2.1705309472e-01 -1.2531566267e-01
2.2331414604e-01 -1.1378424064e-01
2.2896310880e-01 -1.0194094392e-01
2.3398449960e-01 -8.9818234151e-02
2.3836455515e-01 -7.7449338851e-02
2.4209127002e-01 -6.4868160295e-02
2.4515442954e-01 -5.2109182622e-02
2.4754563782e-01 -3.9207377301e-02
2.4925834071e-01 -2.6198107284e-02
2.5028784381e-01 -1.3117030076e-02
2.5063132533e-01 -6.1386970067e-17

2.5070984580e-01 0.0000000000e+00
2.5036625667e-01 1.3121139519e-02
2.4933643103e-01 2.6206314907e-02
2.4762319157e-01 3.9219660608e-02
2.4523123415e-01 5.2125507945e-02
2.4216711496e-01 6.4888482887e-02
2.3843923255e-01 7.7473603009e-02
2.3405780477e-01 8.9846373370e-02
2.2903484082e-01 1.0197288107e-01
2.2338410828e-01 1.1381988818e-01
2.1712109544e-01 1.2535492290e-01
2.1026296877e-01 1.3654636848e-01
2.0282852591e-01 1.4736354996e-01
1.9483814416e-01 1.5777681820e-01
1.8631372460e-01 1.6775763114e-01
1.7727863207e-01 1.7727863207e-01
1.6775763114e-01 1.8631372460e-01
1.5777681820e-01 1.9483814416e-01
1.4736354996e-01 2.0282852591e-01
1.3654636848e-01 2.1026296877e-01
1.2535492290e-01 2.1712109544e-01
1.1381988818e-01 2.2338410828e-01
1.0197288107e-01 2.2903484082e-01
8.9846373370e-02 2.3405780477e-01
7.7473603009e-02 2.3843923255e-01
6.4888482887e-02 2.4216711496e-01
5.2125507945e-02 2.4523123415e-01
3.9219660608e-02 2.4762319157e-01
2.6206314907e-02 2.4933643103e-01
1.3121139519e-02 2.5036625667e-01
1.5351550509e-17 2.5070984580e-01
-1.3121139519e-02 2.5036625667e-01
-2.6206314907e-02 2.4933643103e-01
-3.9219660608e-02 2.4762319157e-01
-5.2125507945e-02 2.4523123415e-01
-6.4888482887e-02 2.4216711496e-01
-7.7473603009e-02 2.3843923255e-01
-8.9846373370e-02 2.3405780477e-01
-1.0197288107e-01 2.2903484082e-01
-1.1381988818e-01 2.2338410828e-01
-1.2535492290e-01 2.1712109544e-01
-1.3654636848e-01 2.1026296877e-01
-1.4736354996e-01 2.0282852591e-01
-1.5777681820e-01 1.9483814416e-01
-1.6775763114e-01 1.8631372460e-01
-1.7727863207e-01 1.7727863207e-01
-1.8631372460e-01 1.6775763114e-01
-1.9483814416e-01 1.5777681820e-01
-2.0282852591e-01 1.4736354996e-01
-2.1026296877e-01 1.3654636848e-01
-2.1712109544e-01 1.2535492290e-01
-2.2338410828e-01 1.1381988818e-01
-2.2903484082e-01 1.0197288107e-01
-2.3405780477e-01 8.9846373370e-02
-2.3843923255e-01 7.7473603009e-02
-2.4216711496e-01 6.4888482887e-02
-2.4523123415e-01 5.2125507945e-02
-2.4762319157e-01 3.9219660608e-02
-2.4933643103e-01 2.6206314907e-02
-2.5036625667e-01 1.3121139519e-02
-2.5070984580e-01 3.0703101017e-17
-2.5036625667e-01 -1.3121139519e-02
-2.4933643103e-01 -2.6206314907e-02
-2.4762319157e-01 -3.9219660608e-02
-2.4523123415e-01 -5.2125507945e-02
-2.4216711496e-01 -6.4888482887e-02
-2.3843923255e-01 -7.7473603009e-02
-2.3405780477e-01 -8.9846373370e-02
-2.2903484082e-01 -1.0197288107e-01
-2.2338410828e-01 -1.1381988818e-01
-2.1712109544e-01 -1.2535492290e-01
-2.1026296877e-01 -1.3654636848e-01
-2.0282852591e-01 -1.4736354996e-01
-1.9483814416e-01 -1.5777681820e-01
-1.8631372460e-01 -1.6775763114e-01
-1.7727863207e-01 -1.7727863207e-01
-1.6775763114e-01 -1.8631372460e-01
-1.5777681820e-01 -1.9483814416e-01
-1.4736354996e-01 -2.0282852591e-01
-1.3654636848e-01 -2.1026296877e-01
-1.2535492290e-01 -2.1712109544e-01
-1.1381988818e-01 -2.2338410828e-01
-1.0197288107e-01 -2.2903484082e-01
-8.9846373370e-02 -2.3405780477e-01
-7.7473603009e-02 -2.3843923255e-01
-6.4888482887e-02 -2.4216711496e-01
-5.2125507945e-02 -2.4523123415e-01
-3.9219660608e-02 -2.4762319157e-01
-2.6206314907e-02 -2.4933643103e-01
-1.3121139519e-02 -2.5036625667e-01
-4.6054651526e-17 -2.5070984580e-01
1.3121139519e-02 -2.5036625667e-01
2.6206314907e-02 -2.4933643103e-01
3.9219660608e-02 -2.4762319157e-01
5.2125507945e-02 -2.4523123415e-01
6.4888482887e-02 -2.4216711496e-01
7.7473603009e-02 -2.3843923255e-01
8.9846373370e-02 -2.3405780477e-01
1.0197288107e-01 -2.2903484082e-01
1.1381988818e-01 -2.2338410828e-01
1.2535492290e-01 -2.1712109544e-01
1.3654636848e-01 -2.1026296877e-01
1.4736354996e-01 -2.0282852591e-01
1.5777681820e-01 -1.9483814416e-01
1.6775763114e-01 -1.8631372460e-01
1.7727863207e-01 -1.7727863207e-01
1.8631372460e-01 -1.6775763114e-01
1.9483814416e-01 -1.5777681820e-01
2.0282852591e-01 -1.4736354996e-01
2.1026296877e-01 -1.3654636848e-01
2.1712109544e-01 -1.2535492290e-01
2.2338410828e-01 -1.1381988818e-01
2.2903484082e-01 -1.0197288107e-01
2.3405780477e-01 -8.9846373370e-02
2.3843923255e-01 -7.7473603009e-02
2.4216711496e-01 -6.4888482887e-02
2.4523123415e-01 -5.2125507945e-02
2.4762319157e-01 -3.9219660608e-02
2.4933643103e-01 -2.6206314907e-02
2.5036625667e-01 -1.3121139519e-02
2.5070984580e-01 -6.1406202034e-17

2.5079688843e-01 0.0000000000e+00
2.5045318001e-01 1.3125694979e-02
2.4942299683e-01 2.6215413340e-02
2.4770916256e-01 3.9233277075e-02
2.4531637469e-01 5.2143605125e-02
2.4225119169e-01 6.4911011178e-02
2.3852201501e-01 7.7500500661e-02
2.3413906606e-01 8.9877566659e-02
2.2911435822e-01 1.0200828449e-01
2.2346166384e-01 1.1385940471e-01
2.1719647657e-01 1.2539844421e-01
2.1033596886e-01 1.3659377530e-01
2.0289894488e-01 1.4741471234e-01
1.9490578899e-01 1.5783159590e-01
1.8637840988e-01 1.6781587403e-01
1.7734018051e-01 1.7734018051e-01
1.6781587403e-01 1.8637840988e-01
1.5783159590e-01 1.9490578899e-01
1.4741471234e-01 2.0289894488e-01
1.3659377530e-01 2.1033596886e-01
1.2539844421e-01 2.1719647657e-01
1.1385940471e-01 2.2346166384e-01
1.0200828449e-01 2.2911435822e-01
8.9877566659e-02 2.3413906606e-01
7.7500500661e-02 2.3852201501e-01
6.4911011178e-02 2.4225119169e-01
5.2143605125e-02 2.4531637469e-01
3.9233277075e-02 2.4770916256e-01
2.6215413340e-02 2.4942299683e-01
1.3125694979e-02 2.5045318001e-01
1.5356880333e-17 2.5079688843e-01
-1.3125694979e-02 2.5045318001e-01
-2.6215413340e-02 2.4942299683e-01
-3.9233277075e-02 2.4770916256e-01
-5.2143605125e-02 2.4531637469e-01
-6.4911011178e-02 2.4225119169e-01
-7.7500500661e-02 2.3852201501e-01
-8.9877566659e-02 2.3413906606e-01
-1.0200828449e-01 2.2911435822e-01
-1.1385940471e-01 2.2346166384e-01
-1.2539844421e-01 2.1719647657e-01
-1.3659377530e-01 2.1033596886e-01
-1.4741471234e-01 2.0289894488e-01
-1.5783159590e-01 1.9490578899e-01
-1.6781587403e-01 1.8637840988e-01
-1.7734018051e-01 1.7734018051e-01
-1.8637840988e-01 1.6781587403e-01
-1.9490578899e-01 1.5783159590e-01
-2.0289894488e-01 1.4741471234e-01
-2.1033596886e-01 1.3659377530e-01
-2.1719647657e-01 1.2539844421e-01
-2.2346166384e-01 1.1385940471e-01
-2.2911435822e-01 1.0200828449e-01
-2.3413906606e-01 8.9877566659e-02
-2.3852201501e-01 7.7500500661e-02
-2.4225119169e-01 6.4911011178e-02
-2.4531637469e-01 5.2143605125e-02
-2.4770916256e-01 3.9233277075e-02
-2.4942299683e-01 2.6215413340e-02
-2.5045318001e-01 1.3125694979e-02
-2.5079688843e-01 3.0713760665e-17
-2.5045318001e-01 -1.3125694979e-02
-2.4942299683e-01 -2.6215413340e-02
-2.4770916256e-01 -3.9233277075e-02
-2.4531637469e-01 -5.2143605125e-02
-2.4225119169e-01 -6.4911011178e-02
-2.3852201501e-01 -7.7500500661e-02
-2.3413906606e-01 -8.9877566659e-02
-2.2911435822e-01 -1.0200828449e-01
-2.2346166384e-01 -1.1385940471e-01
-2.1719647657e-01 -1.2539844421e-01
-2.1033596886e-01 -1.3659377530e-01
-2.0289894488e-01 -1.4741471234e-01
-1.9490578899e-01 -1.5783159590e-01
-1.8637840988e-01 -1.6781587403e-01
-1.7734018051e-01 -1.7734018051e-01
-1.6781587403e-01 -1.8637840988e-01
-1.5783159590e-01 -1.9490578899e-01
-1.4741471234e-01 -2.0289894488e-01
-1.3659377530e-01 -2.1033596886e-01
-1.2539844421e-01 -2.1719647657e-01
-1.1385940471e-01 -2.2346166384e-01
-1.0200828449e-01 -2.2911435822e-01
-8.9877566659e-02 -2.3413906606e-01
-7.7500500661e-02 -2.3852201501e-01
-6.4911011178e-02 -2.4225119169e-01
-5.2143605125e-02 -2.4531637469e-01
-3.9233277075e-02 -2.4770916256e-01
-2.6215413340e-02 -2.4942299683e-01
-1.3125694979e-02 -2.5045318001e-01
-4.6070640998e-17 -2.5079688843e-01
1.3125694979e-02 -2.5045318001e-01
2.6215413340e-02 -2.4942299683e-01
3.9233277075e-02 -2.4770916256e-01
5.2143605125e-02 -2.4531637469e-01
6.4911011178e-02 -2.4225119169e-01
7.7500500661e-02 -2.3852201501e-01
8.9877566659e-02 -2.3413906606e-01
1.0200828449e-01 -2.2911435822e-01
1.1385940471e-01 -2.2346166384e-01
1.2539844421e-01 -2.1719647657e-01
1.3659377530e-01 -2.1033596886e-01
1.4741471234e-01 -2.0289894488e-01
1.5783159590e-01 -1.9490578899e-01
1.6781587403e-01 -1.8637840988e-01
1.7734018051e-01 -1.7734018051e-01
1.8637840988e-01 -1.6781587403e-01
1.9490578899e-01 -1.5783159590e-01
2.0289894488e-01 -1.4741471234e-01
2.1033596886e-01 -1.3659377530e-01
2.1719647657e-01 -1.2539844421e-01
2.2346166384e-01 -1.1385940471e-01
2.2911435822e-01 -1.0200828449e-01
2.3413906606e-01 -8.9877566659e-02
2.3852201501e-01 -7.7500500661e-02
2.4225119169e-01 -6.4911011178e-02
2.4531637469e-01 -5.2143605125e-02
2.4770916256e-01 -3.9233277075e-02
2.4942299683e-01 -2.6215413340e-02
2.5045318001e-01 -1.3125694979e-02
2.5079688843e-01 -6.1427521330e-17

2.5089337817e-01 0.0000000000e+00
2.5054953752e-01 1.3130744862e-02
2.4951895800e-01 2.6225499265e-02
2.4780446435e-01 3.9248371397e-02
2.4541075590e-01 5.2163666471e-02
2.4234439362e-01 6.4935984561e-02
2.3861378221e-01 7.7530317632e-02
2.3422914700e-01 8.9912145491e-02
2.2920250598e-01 1.0204753041e-01
2.2354763683e-01 1.1390321014e-01
2.1728003914e-01 1.2544668909e-01
2.1041689197e-01 1.3664632738e-01
2.0297700672e-01 1.4747142759e-01
1.9498077560e-01 1.5789231886e-01
1.8645011574e-01 1.6788043827e-01
1.7740840906e-01 1.7740840906e-01
1.6788043827e-01 1.8645011574e-01
1.5789231886e-01 1.9498077560e-01
1.4747142759e-01 2.0297700672e-01
1.3664632738e-01 2.1041689197e-01
1.2544668909e-01 2.1728003914e-01
1.1390321014e-01 2.2354763683e-01
1.0204753041e-01 2.2920250598e-01
8.9912145491e-02 2.3422914700e-01
7.7530317632e-02 2.3861378221e-01
6.4935984561e-02 2.4234439362e-01
5.2163666471e-02 2.4541075590e-01
3.9248371397e-02 2.4780446435e-01
2.6225499265e-02 2.4951895800e-01
1.3130744862e-02 2.5054953752e-01
1.5362788625e-17 2.5089337817e-01
-1.3130744862e-02 2.5054953752e-01
-2.6225499265e-02 2.4951895800e-01
-3.9248371397e-02 2.4780446435e-01
-5.2163666471e-02 2.4541075590e-01
-6.4935984561e-02 2.4234439362e-01
-7.7530317632e-02 2.3861378221e-01
-8.9912145491e-02 2.3422914700e-01
-1.0204753041e-01 2.2920250598e-01
-1.1390321014e-01 2.2354763683e-01
-1.2544668909e-01 2.1728003914e-01
-1.3664632738e-01 2.1041689197e-01
-1.4747142759e-01 2.0297700672e-01
-1.5789231886e-01 1.9498077560e-01
-1.6788043827e-01 1.8645011574e-01
-1.7740840906e-01 1.7740840906e-01
-1.8645011574e-01 1.6788043827e-01
-1.9498077560e-01 1.5789231886e-01
-2.0297700672e-01 1.4747142759e-01
-2.1041689197e-01 1.3664632738e-01
-2.1728003914e-01 1.2544668909e-01
-2.2354763683e-01 1.1390321014e-01
-2.2920250598e-01 1.0204753041e-01
-2.3422914700e-01 8.9912145491e-02
-2.3861378221e-01 7.7530317632e-02
-2.4234439362e-01 6.4935984561e-02
-2.4541075590e-01 5.2163666471e-02
-2.4780446435e-01 3.9248371397e-02
-2.4951895800e-01 2.6225499265e-02
-2.5054953752e-01 1.3130744862e-02
-2.5089337817e-01 3.0725577251e-17
-2.5054953752e-01 -1.3130744862e-02
-2.4951895800e-01 -2.6225499265e-02
-2.4780446435e-01 -3.9248371397e-02
-2.4541075590e-01 -5.2163666471e-02
-2.4234439362e-01 -6.4935984561e-02
-2.3861378221e-01 -7.7530317632e-02
-2.3422914700e-01 -8.9912145491e-02
-2.2920250598e-01 -1.0204753041e-01
-2.2354763683e-01 -1.1390321014e-01
-2.1728003914e-01 -1.2544668909e-01
-2.1041689197e-01 -1.3664632738e-01
-2.0297700672e-01 -1.4747142759e-01
-1.9498077560e-01 -1.5789231886e-01
-1.8645011574e-01 -1.6788043827e-01
-1.7740840906e-01 -1.7740840906e-01
-1.6788043827e-01 -1.8645011574e-01
-1.5789231886e-01 -1.9498077560e-01
-1.4747142759e-01 -2.0297700672e-01
-1.3664632738e-01 -2.1041689197e-01
-1.2544668909e-01 -2.1728003914e-01
-1.1390321014e-01 -2.2354763683e-01
-1.0204753041e-01 -2.2920250598e-01
-8.9912145491e-02 -2.3422914700e-01
-7.7530317632e-02 -2.3861378221e-01
-6.4935984561e-02 -2.4234439362e-01
-5.2163666471e-02 -2.4541075590e-01
-3.9248371397e-02 -2.4780446435e-01
-2.6225499265e-02 -2.4951895800e-01
-1.3130744862e-02 -2.5054953752e-01
-4.6088365876e-17 -2.5089337817e-01
1.3130744862e-02 -2.5054953752e-01
2.6225499265e-02 -2.4951895800e-01
3.9248371397e-02 -2.4780446435e-01
5.2163666471e-02 -2.4541075590e-01
6.4935984561e-02 -2.4234439362e-01
7.7530317632e-02 -2.3861378221e-01
8.9912145491e-02 -2.3422914700e-01
1.0204753041e-01 -2.2920250598e-01
1.1390321014e-01 -2.2354763683e-01
1.2544668909e-01 -2.1728003914e-01
1.3664632738e-01 -2.1041689197e-01
1.4747142759e-01 -2.0297700672e-01
1.5789231886e-01 -1.9498077560e-01
1.6788043827e-01 -1.8645011574e-01
1.7740840906e-01 -1.7740840906e-01
1.8645011574e-01 -1.6788043827e-01
1.9498077560e-01 -1.5789231886e-01
2.0297700672e-01 -1.4747142759e-01
2.1041689197e-01 -1.3664632738e-01
2.1728003914e-01 -1.2544668909e-01
2.2354763683e-01 -1.1390321014e-01
2.2920250598e-01 -1.0204753041e-01
2.3422914700e-01 -8.9912145491e-02
2.3861378221e-01 -7.7530317632e-02
2.4234439362e-01 -6.4935984561e-02
2.4541075590e-01 -5.2163666471e-02
2.4780446435e-01 -3.9248371397e-02
2.4951895800e-01 -2.6225499265e-02
2.5054953752e-01 -1.3130744862e-02
2.5089337817e-01 -6.1451154501e-17

2.5100034037e-01 0.0000000000e+00
2.5065635312e-01 1.3136342830e-02
2.4962533424e-01 2.6236679858e-02
2.4791010966e-01 3.9265103970e-02
2.4551538071e-01 5.2185905161e-02
2.4244771117e-01 6.4963668414e-02
2.3871550930e-01 7.7563370767e-02
2.3432900481e-01 8.9950477312e-02
2.2930022081e-01 1.0209103585e-01
2.2364294084e-01 1.1395176996e-01
2.1737267112e-01 1.2550017018e-01
2.1050659801e-01 1.3670458317e-01
2.0306354095e-01 1.4753429839e-01
1.9506390084e-01 1.5795963235e-01
1.8652960414e-01 1.6795200995e-01
1.7748404275e-01 1.7748404275e-01
1.6795200995e-01 1.8652960414e-01
1.5795963235e-01 1.9506390084e-01
1.4753429839e-01 2.0306354095e-01
1.3670458317e-01 2.1050659801e-01
1.2550017018e-01 2.1737267112e-01
1.1395176996e-01 2.2364294084e-01
1.0209103585e-01 2.2930022081e-01
8.9950477312e-02 2.3432900481e-01
7.7563370767e-02 2.3871550930e-01
6.4963668414e-02 2.4244771117e-01
5.2185905161e-02 2.4551538071e-01
3.9265103970e-02 2.4791010966e-01
2.6236679858e-02 2.4962533424e-01
1.3136342830e-02 2.5065635312e-01
1.5369338171e-17 2.5100034037e-01
-1.3136342830e-02 2.5065635312e-01
-2.6236679858e-02 2.4962533424e-01
-3.9265103970e-02 2.4791010966e-01
-5.2185905161e-02 2.4551538071e-01
-6.4963668414e-02 2.4244771117e-01
-7.7563370767e-02 2.3871550930e-01
-8.9950477312e-02 2.3432900481e-01
-1.0209103585e-01 2.2930022081e-01
-1.1395176996e-01 2.2364294084e-01
-1.2550017018e-01 2.1737267112e-01
-1.3670458317e-01 2.1050659801e-01
-1.4753429839e-01 2.0306354095e-01
-1.5795963235e-01 1.9506390084e-01
-1.6795200995e-01 1.8652960414e-01
-1.7748404275e-01 1.7748404275e-01
-1.8652960414e-01 1.6795200995e-01
-1.9506390084e-01 1.5795963235e-01
-2.0306354095e-01 1.4753429839e-01
-2.1050659801e-01 1.3670458317e-01
-2.1737267112e-01 1.2550017018e-01
-2.2364294084e-01 1.1395176996e-01
-2.2930022081e-01 1.0209103585e-01
-2.3432900481e-01 8.9950477312e-02
-2.3871550930e-01 7.7563370767e-02
-2.4244771117e-01 6.4963668414e-02
-2.4551538071e-01 5.2185905161e-02
-2.4791010966e-01 3.9265103970e-02
-2.4962533424e-01 2.6236679858e-02
-2.5065635312e-01 1.3136342830e-02
-2.5100034037e-01 3.0738676341e-17
-2.5065635312e-01 -1.3136342830e-02
-2.4962533424e-01 -2.6236679858e-02
-2.4791010966e-01 -3.9265103970e-02
-2.4551538071e-01 -5.2185905161e-02
-2.4244771117e-01 -6.4963668414e-02
-2.3871550930e-01 -7.7563370767e-02
-2.3432900481e-01 -8.9950477312e-02
-2.2930022081e-01 -1.0209103585e-01
-2.2364294084e-01 -1.1395176996e-01
-2.1737267112e-01 -1.2550017018e-01
-2.1050659801e-01 -1.3670458317e-01
-2.0306354095e-01 -1.4753429839e-01
-1.9506390084e-01 -1.5795963235e-01
-1.8652960414e-01 -1.6795200995e-01
-1.7748404275e-01 -1.7748404275e-01
-1.6795200995e-01 -1.8652960414e-01
-1.5795963235e-01 -1.9506390084e-01
-1.4753429839e-01 -2.0306354095e-01
-1.3670458317e-01 -2.1050659801e-01
-1.2550017018e-01 -2.1737267112e-01
-1.1395176996e-01 -2.2364294084e-01
-1.0209103585e-01 -2.2930022081e-01
-8.9950477312e-02 -2.3432900481e-01
-7.7563370767e-02 -2.3871550930e-01
-6.4963668414e-02 -2.4244771117e-01
-5.2185905161e-02 -2.4551538071e-01
-3.9265103970e-02 -2.4791010966e-01
-2.6236679858e-02 -2.4962533424e-01
-1.3136342830e-02 -2.5065635312e-01
-4.6108014512e-17 -2.5100034037e-01
1.3136342830e-02 -2.5065635312e-01
2.6236679858e-02 -2.4962533424e-01
3.9265103970e-02 -2.4791010966e-01
5.2185905161e-02 -2.4551538071e-01
6.4963668414e-02 -2.4244771117e-01
7.7563370767e-02 -2.3871550930e-01
8.9950477312e-02 -2.3432900481e-01
1.0209103585e-01 -2.2930022081e-01
1.1395176996e-01 -2.2364294084e-01
1.2550017018e-01 -2.1737267112e-01
1.3670458317e-01 -2.1050659801e-01
1.4753429839e-01 -2.0306354095e-01
1.5795963235e-01 -1.9506390084e-01
1.6795200995e-01 -1.8652960414e-01
1.7748404275e-01 -1.7748404275e-01
1.8652960414e-01 -1.6795200995e-01
1.9506390084e-01 -1.5795963235e-01
2.0306354095e-01 -1.4753429839e-01
2.1050659801e-01 -1.3670458317e-01
2.1737267112e-01 -1.2550017018e-01
2.2364294084e-01 -1.1395176996e-01
2.2930022081e-01 -1.0209103585e-01
2.3432900481e-01 -8.9950477312e-02
2.3871550930e-01 -7.7563370767e-02
2.4244771117e-01 -6.4963668414e-02
2.4551538071e-01 -5.2185905161e-02
2.4791010966e-01 -3.9265103970e-02
2.4962533424e-01 -2.6236679858e-02
2.5065635312e-01 -1.3136342830e-02
2.5100034037e-01 -6.1477352683e-17

2.5111891163e-01 0.0000000000e+00
2.5077476189e-01 1.3142548371e-02
2.4974325595e-01 2.6249073930e-02
2.4802722112e-01 3.9283652602e-02
2.4563136091e-01 5.2210557513e-02
2.4256224221e-01 6.4994356915e-02
2.3882827727e-01 7.7600011302e-02
2.3443970062e-01 8.9992969452e-02
2.2940854105e-01 1.0213926313e-01
2.2374858861e-01 1.1400560018e-01
2.1747535684e-01 1.2555945581e-01
2.1060604024e-01 1.3676916170e-01
2.0315946712e-01 1.4760399283e-01
1.9515604802e-01 1.5803425167e-01
1.8661771976e-01 1.6803134961e-01
1.7756788530e-01 1.7756788530e-01
1.6803134961e-01 1.8661771976e-01
1.5803425167e-01 1.9515604802e-01
1.4760399283e-01 2.0315946712e-01
1.3676916170e-01 2.1060604024e-01
1.2555945581e-01 2.1747535684e-01
1.1400560018e-01 2.2374858861e-01
1.0213926313e-01 2.2940854105e-01
8.9992969452e-02 2.3443970062e-01
7.7600011302e-02 2.3882827727e-01
6.4994356915e-02 2.4256224221e-01
5.2210557513e-02 2.4563136091e-01
3.9283652602e-02 2.4802722112e-01
2.6249073930e-02 2.4974325595e-01
1.3142548371e-02 2.5077476189e-01
1.5376598566e-17 2.5111891163e-01
-1.3142548371e-02 2.5077476189e-01
-2.6249073930e-02 2.4974325595e-01
-3.9283652602e-02 2.4802722112e-01
-5.2210557513e-02 2.4563136091e-01
-6.4994356915e-02 2.4256224221e-01
-7.7600011302e-02 2.3882827727e-01
-8.9992969452e-02 2.3443970062e-01
-1.0213926313e-01 2.2940854105e-01
-1.1400560018e-01 2.2374858861e-01
-1.2555945581e-01 2.1747535684e-01
-1.3676916170e-01 2.1060604024e-01
-1.4760399283e-01 2.0315946712e-01
-1.5803425167e-01 1.9515604802e-01
-1.6803134961e-01 1.8661771976e-01
-1.7756788530e-01 1.7756788530e-01
-1.8661771976e-01 1.6803134961e-01
-1.9515604802e-01 1.5803425167e-01
-2.0315946712e-01 1.4760399283e-01
-2.1060604024e-01 1.3676916170e-01
-2.1747535684e-01 1.2555945581e-01
-2.2374858861e-01 1.1400560018e-01
-2.2940854105e-01 1.0213926313e-01
-2.3443970062e-01 8.9992969452e-02
-2.3882827727e-01 7.7600011302e-02
-2.4256224221e-01 6.4994356915e-02
-2.4563136091e-01 5.2210557513e-02
-2.4802722112e-01 3.9283652602e-02
-2.4974325595e-01 2.6249073930e-02
-2.5077476189e-01 1.3142548371e-02
-2.5111891163e-01 3.0753197133e-17
-2.5077476189e-01 -1.3142548371e-02
-2.4974325595e-01 -2.6249073930e-02
-2.4802722112e-01 -3.9283652602e-02
-2.4563136091e-01 -5.2210557513e-02
-2.4256224221e-01 -6.4994356915e-02
-2.3882827727e-01 -7.7600011302e-02
-2.3443970062e-01 -8.9992969452e-02
-2.2940854105e-01 -1.0213926313e-01
-2.2374858861e-01 -1.1400560018e-01
-2.1747535684e-01 -1.2555945581e-01
-2.1060604024e-01 -1.3676916170e-01
-2.0315946712e-01 -1.4760399283e-01
-1.9515604802e-01 -1.5803425167e-01
-1.8661771976e-01 -1.6803134961e-01
-1.7756788530e-01 -1.7756788530e-01
-1.6803134961e-01 -1.8661771976e-01
-1.5803425167e-01 -1.9515604802e-01
-1.4760399283e-01 -2.0315946712e-01
-1.3676916170e-01 -2.1060604024e-01
-1.2555945581e-01 -2.1747535684e-01
-1.1400560018e-01 -2.2374858861e-01
-1.0213926313e-01 -2.2940854105e-01
-8.9992969452e-02 -2.3443970062e-01
-7.7600011302e-02 -2.3882827727e-01
-6.4994356915e-02 -2.4256224221e-01
-5.2210557513e-02 -2.4563136091e-01
-3.9283652602e-02 -2.4802722112e-01
-2.6249073930e-02 -2.4974325595e-01
-1.3142548371e-02 -2.5077476189e-01
-4.6129795699e-17 -2.5111891163e-01
1.3142548371e-02 -2.5077476189e-01
2.6249073930e-02 -2.4974325595e-01
3.9283652602e-02 -2.4802722112e-01
5.2210557513e-02 -2.4563136091e-01
6.4994356915e-02 -2.4256224221e-01
7.7600011302e-02 -2.3882827727e-01
8.9992969452e-02 -2.3443970062e-01
1.0213926313e-01 -2.2940854105e-01
1.1400560018e-01 -2.2374858861e-01
1.2555945581e-01 -2.1747535684e-01
1.3676916170e-01 -2.1060604024e-01
1.4760399283e-01 -2.0315946712e-01
1.5803425167e-01 -1.9515604802e-01
1.6803134961e-01 -1.8661771976e-01
1.7756788530e-01 -1.7756788530e-01
1.8661771976e-01 -1.6803134961e-01
1.9515604802e-01 -1.5803425167e-01
2.0315946712e-01 -1.4760399283e-01
2.1060604024e-01 -1.3676916170e-01
2.1747535684e-01 -1.2555945581e-01
2.2374858861e-01 -1.1400560018e-01
2.2940854105e-01 -1.0213926313e-01
2.3443970062e-01 -8.9992969452e-02
2.3882827727e-01 -7.7600011302e-02
2.4256224221e-01 -6.4994356915e-02
2.4563136091e-01 -5.2210557513e-02
2.4802722112e-01 -3.9283652602e-02
2.4974325595e-01 -2.6249073930e-02
2.5077476189e-01 -1.3142548371e-02
2.5111891163e-01 -6.1506394266e-17

2.5125035194e-01 0.0000000000e+00
2.5090602206e-01 1.3149427425e-02
2.4987397622e-01 2.6262813184e-02
2.4815704318e-01 3.9304214397e-02
2.4575992893e-01 5.2237885490e-02
2.4268920380e-01 6.5028376171e-02
2.3895328443e-01 7.7640628592e-02
2.3456241072e-01 9.0040073447e-02
2.2952861775e-01 1.0219272472e-01
2.2386570278e-01 1.1406527284e-01
2.1758918749e-01 1.2562517597e-01
2.1071627536e-01 1.3684074923e-01
2.0326580456e-01 1.4768125150e-01
1.9525819632e-01 1.5811696973e-01
1.8671539894e-01 1.6811930034e-01
1.7766082763e-01 1.7766082763e-01
1.6811930034e-01 1.8671539894e-01
1.5811696973e-01 1.9525819632e-01
1.4768125150e-01 2.0326580456e-01
1.3684074923e-01 2.1071627536e-01
1.2562517597e-01 2.1758918749e-01
1.1406527284e-01 2.2386570278e-01
1.0219272472e-01 2.2952861775e-01
9.0040073447e-02 2.3456241072e-01
7.7640628592e-02 2.3895328443e-01
6.5028376171e-02 2.4268920380e-01
5.2237885490e-02 2.4575992893e-01
3.9304214397e-02 2.4815704318e-01
2.6262813184e-02 2.4987397622e-01
1.3149427425e-02 2.5090602206e-01
1.5384646964e-17 2.5125035194e-01
-1.3149427425e-02 2.5090602206e-01
-2.6262813184e-02 2.4987397622e-01
-3.9304214397e-02 2.4815704318e-01
-5.2237885490e-02 2.4575992893e-01
-6.5028376171e-02 2.4268920380e-01
-7.7640628592e-02 2.3895328443e-01
-9.0040073447e-02 2.3456241072e-01
-1.0219272472e-01 2.2952861775e-01
-1.1406527284e-01 2.2386570278e-01
-1.2562517597e-01 2.1758918749e-01
-1.3684074923e-01 2.1071627536e-01
-1.4768125150e-01 2.0326580456e-01
-1.5811696973e-01 1.9525819632e-01
-1.6811930034e-01 1.8671539894e-01
-1.7766082763e-01 1.7766082763e-01
-1.8671539894e-01 1.6811930034e-01
-1.9525819632e-01 1.5811696973e-01
-2.0326580456e-01 1.4768125150e-01
-2.1071627536e-01 1.3684074923e-01
-2.1758918749e-01 1.2562517597e-01
-2.2386570278e-01 1.1406527284e-01
-2.2952861775e-01 1.0219272472e-01
-2.3456241072e-01 9.0040073447e-02
-2.3895328443e-01 7.7640628592e-02
-2.4268920380e-01 6.5028376171e-02
-2.4575992893e-01 5.2237885490e-02
-2.4815704318e-01 3.9304214397e-02
-2.4987397622e-01 2.6262813184e-02
-2.5090602206e-01 1.3149427425e-02
-2.5125035194e-01 3.0769293929e-17
-2.5090602206e-01 -1.3149427425e-02
-2.4987397622e-01 -2.6262813184e-02
-2.4815704318e-01 -3.9304214397e-02
-2.4575992893e-01 -5.2237885490e-02
-2.4268920380e-01 -6.5028376171e-02
-2.3895328443e-01 -7.7640628592e-02
-2.3456241072e-01 -9.0040073447e-02
-2.2952861775e-01 -1.0219272472e-01
-2.2386570278e-01 -1.1406527284e-01
-2.1758918749e-01 -1.2562517597e-01
-2.1071627536e-01 -1.3684074923e-01
-2.0326580456e-01 -1.4768125150e-01
-1.9525819632e-01 -1.5811696973e-01
-1.8671539894e-01 -1.6811930034e-01
-1.7766082763e-01 -1.7766082763e-01
-1.6811930034e-01 -1.8671539894e-01
-1.5811696973e-01 -1.9525819632e-01
-1.4768125150e-01 -2.0326580456e-01
-1.3684074923e-01 -2.1071627536e-01
-1.2562517597e-01 -2.1758918749e-01
-1.1406527284e-01 -2.2386570278e-01
-1.0219272472e-01 -2.2952861775e-01
-9.0040073447e-02 -2.3456241072e-01
-7.7640628592e-02 -2.3895328443e-01
-6.5028376171e-02 -2.4268920380e-01
-5.2237885490e-02 -2.4575992893e-01
-3.9304214397e-02 -2.4815704318e-01
-2.6262813184e-02 -2.4987397622e-01
-1.3149427425e-02 -2.5090602206e-01
-4.6153940893e-17 -2.5125035194e-01
1.3149427425e-02 -2.5090602206e-01
2.6262813184e-02 -2.4987397622e-01
3.9304214397e-02 -2.4815704318e-01
5.2237885490e-02 -2.4575992893e-01
6.5028376171e-02 -2.4268920380e-01
7.7640628592e-02 -2.3895328443e-01
9.0040073447e-02 -2.3456241072e-01
1.0219272472e-01 -2.2952861775e-01
1.1406527284e-01 -2.2386570278e-01
1.2562517597e-01 -2.1758918749e-01
1.3684074923e-01 -2.1071627536e-01
1.4768125150e-01 -2.0326580456e-01
1.5811696973e-01 -1.9525819632e-01
1.6811930034e-01 -1.8671539894e-01
1.7766082763e-01 -1.7766082763e-01
1.8671539894e-01 -1.6811930034e-01
1.9525819632e-01 -1.5811696973e-01
2.0326580456e-01 -1.4768125150e-01
2.1071627536e-01 -1.3684074923e-01
2.1758918749e-01 -1.2562517597e-01
2.2386570278e-01 -1.1406527284e-01
2.2952861775e-01 -1.0219272472e-01
2.3456241072e-01 -9.0040073447e-02
2.3895328443e-01 -7.7640628592e-02
2.4268920380e-01 -6.5028376171e-02
2.4575992893e-01 -5.2237885490e-02
2.4815704318e-01 -3.9304214397e-02
2.4987397622e-01 -2.6262813184e-02
2.5090602206e-01 -1.3149427425e-02
2.5125035194e-01 -6.1538587858e-17

2.5139605804e-01 0.0000000000e+00
2.5105152848e-01 1.3157053093e-02
2.5001888413e-01 2.6278043618e-02
2.4830095540e-01 3.9327007852e-02
2.4590245100e-01 5.2268179492e-02
2.4282994509e-01 6.5066087684e-02
2.3909185917e-01 7.7685654253e-02
2.3469843908e-01 9.0092289843e-02
2.2966172689e-01 1.0225198873e-01
2.2399552787e-01 1.1413142202e-01
2.1771537267e-01 1.2569802902e-01
2.1083847477e-01 1.3692010646e-01
2.0338368327e-01 1.4776689540e-01
1.9537143123e-01 1.5820866555e-01
1.8682367968e-01 1.6821679675e-01
1.7776385740e-01 1.7776385740e-01
1.6821679675e-01 1.8682367968e-01
1.5820866555e-01 1.9537143123e-01
1.4776689540e-01 2.0338368327e-01
1.3692010646e-01 2.1083847477e-01
1.2569802902e-01 2.1771537267e-01
1.1413142202e-01 2.2399552787e-01
1.0225198873e-01 2.2966172689e-01
9.0092289843e-02 2.3469843908e-01
7.7685654253e-02 2.3909185917e-01
6.5066087684e-02 2.4282994509e-01
5.2268179492e-02 2.4590245100e-01
3.9327007852e-02 2.4830095540e-01
2.6278043618e-02 2.5001888413e-01
1.3157053093e-02 2.5105152848e-01
1.5393568890e-17 2.5139605804e-01
-1.3157053093e-02 2.5105152848e-01
-2.6278043618e-02 2.5001888413e-01
-3.9327007852e-02 2.4830095540e-01
-5.2268179492e-02 2.4590245100e-01
-6.5066087684e-02 2.4282994509e-01
-7.7685654253e-02 2.3909185917e-01
-9.0092289843e-02 2.3469843908e-01
-1.0225198873e-01 2.2966172689e-01
-1.1413142202e-01 2.2399552787e-01
-1.2569802902e-01 2.1771537267e-01
-1.3692010646e-01 2.1083847477e-01
-1.4776689540e-01 2.0338368327e-01
-1.5820866555e-01 1.9537143123e-01
-1.6821679675e-01 1.8682367968e-01
-1.7776385740e-01 1.7776385740e-01
-1.8682367968e-01 1.6821679675e-01
-1.9537143123e-01 1.5820866555e-01
-2.0338368327e-01 1.4776689540e-01
-2.1083847477e-01 1.3692010646e-01
-2.1771537267e-01 1.2569802902e-01
-2.2399552787e-01 1.1413142202e-01
-2.2966172689e-01 1.0225198873e-01
-2.3469843908e-01 9.0092289843e-02
-2.3909185917e-01 7.7685654253e-02
-2.4282994509e-01 6.5066087684e-02
-2.4590245100e-01 5.2268179492e-02
-2.4830095540e-01 3.9327007852e-02
-2.5001888413e-01 2.6278043618e-02
-2.5105152848e-01 1.3157053093e-02
-2.5139605804e-01 3.0787137779e-17
-2.5105152848e-01 -1.3157053093e-02
-2.5001888413e-01 -2.6278043618e-02
-2.4830095540e-01 -3.9327007852e-02
-2.4590245100e-01 -5.2268179492e-02
-2.4282994509e-01 -6.5066087684e-02
-2.3909185917e-01 -7.7685654253e-02
-2.3469843908e-01 -9.0092289843e-02
-2.2966172689e-01 -1.0225198873e-01
-2.2399552787e-01 -1.1413142202e-01
-2.1771537267e-01 -1.2569802902e-01
-2.1083847477e-01 -1.3692010646e-01
-2.0338368327e-01 -1.4776689540e-01
-1.9537143123e-01 -1.5820866555e-01
-1.8682367968e-01 -1.6821679675e-01
-1.7776385740e-01 -1.7776385740e-01
-1.6821679675e-01 -1.8682367968e-01
-1.5820866555e-01 -1.9537143123e-01
-1.4776689540e-01 -2.0338368327e-01
-1.3692010646e-01 -2.1083847477e-01
-1.2569802902e-01 -2.1771537267e-01
-1.1413142202e-01 -2.2399552787e-01
-1.0225198873e-01 -2.2966172689e-01
-9.0092289843e-02 -2.3469843908e-01
-7.7685654253e-02 -2.3909185917e-01
-6.5066087684e-02 -2.4282994509e-01
-5.2268179492e-02 -2.4590245100e-01
-3.9327007852e-02 -2.4830095540e-01
-2.6278043618e-02 -2.5001888413e-01
-1.3157053093e-02 -2.5105152848e-01
-4.6180706669e-17 -2.5139605804e-01
1.3157053093e-02 -2.5105152848e-01
2.6278043618e-02 -2.5001888413e-01
3.9327007852e-02 -2.4830095540e-01
5.2268179492e-02 -2.4590245100e-01
6.5066087684e-02 -2.4282994509e-01
7.7685654253e-02 -2.3909185917e-01
9.0092289843e-02 -2.3469843908e-01
1.0225198873e-01 -2.2966172689e-01
1.1413142202e-01 -2.2399552787e-01
1.2569802902e-01 -2.1771537267e-01
1.3692010646e-01 -2.1083847477e-01
1.4776689540e-01 -2.0338368327e-01
1.5820866555e-01 -1.9537143123e-01
1.6821679675e-01 -1.8682367968e-01
1.7776385740e-01 -1.7776385740e-01
1.8682367968e-01 -1.6821679675e-01
1.9537143123e-01 -1.5820866555e-01
2.0338368327e-01 -1.4776689540e-01
2.1083847477e-01 -1.3692010646e-01
2.1771537267e-01 -1.2569802902e-01
2.2399552787e-01 -1.1413142202e-01
2.2966172689e-01 -1.0225198873e-01
2.3469843908e-01 -9.0092289843e-02
2.3909185917e-01 -7.7685654253e-02
2.4282994509e-01 -6.5066087684e-02
2.4590245100e-01 -5.2268179492e-02
2.4830095540e-01 -3.9327007852e-02
2.5001888413e-01 -2.6278043618e-02
2.5105152848e-01 -1.3157053093e-02
2.5139605804e-01 -6.1574275559e-17

2.5155757825e-01 0.0000000000e+00
2.5121282733e-01 1.3165506408e-02
2.5017951951e-01 2.6294927078e-02
2.4846048702e-01 3.9352275180e-02
2.4606044161e-01 5.2301761431e-02
2.4298596163e-01 6.5107892190e-02
2.3924547402e-01 7.7735566742e-02
2.3484923119e-01 9.0150173509e-02
2.2980928294e-01 1.0231768492e-01
2.2413944343e-01 1.1420475066e-01
2.1785525328e-01 1.2577878912e-01
2.1097393702e-01 1.3700807667e-01
2.0351435587e-01 1.4786183460e-01
1.9549695601e-01 1.5831031351e-01
1.8694371258e-01 1.6832487487e-01
1.7787806944e-01 1.7787806944e-01
1.6832487487e-01 1.8694371258e-01
1.5831031351e-01 1.9549695601e-01
1.4786183460e-01 2.0351435587e-01
1.3700807667e-01 2.1097393702e-01
1.2577878912e-01 2.1785525328e-01
1.1420475066e-01 2.2413944343e-01
1.0231768492e-01 2.2980928294e-01
9.0150173509e-02 2.3484923119e-01
7.7735566742e-02 2.3924547402e-01
6.5107892190e-02 2.4298596163e-01
5.2301761431e-02 2.4606044161e-01
3.9352275180e-02 2.4846048702e-01
2.6294927078e-02 2.5017951951e-01
1.3165506408e-02 2.5121282733e-01
1.5403459150e-17 2.5155757825e-01
-1.3165506408e-02 2.5121282733e-01
-2.6294927078e-02 2.5017951951e-01
-3.9352275180e-02 2.4846048702e-01
-5.2301761431e-02 2.4606044161e-01
-6.5107892190e-02 2.4298596163e-01
-7.7735566742e-02 2.3924547402e-01
-9.0150173509e-02 2.3484923119e-01
-1.0231768492e-01 2.2980928294e-01
-1.1420475066e-01 2.2413944343e-01
-1.2577878912e-01 2.1785525328e-01
-1.3700807667e-01 2.1097393702e-01
-1.4786183460e-01 2.0351435587e-01
-1.5831031351e-01 1.9549695601e-01
-1.6832487487e-01 1.8694371258e-01
-1.7787806944e-01 1.7787806944e-01
-1.8694371258e-01 1.6832487487e-01
-1.9549695601e-01 1.5831031351e-01
-2.0351435587e-01 1.4786183460e-01
-2.1097393702e-01 1.3700807667e-01
-2.1785525328e-01 1.2577878912e-01
-2.2413944343e-01 1.1420475066e-01
-2.2980928294e-01 1.0231768492e-01
-2.3484923119e-01 9.0150173509e-02
-2.3924547402e-01 7.7735566742e-02
-2.4298596163e-01 6.5107892190e-02
-2.4606044161e-01 5.2301761431e-02
-2.4846048702e-01 3.9352275180e-02
-2.5017951951e-01 2.6294927078e-02
-2.5121282733e-01 1.3165506408e-02
-2.5155757825e-01 3.0806918300e-17
-2.5121282733e-01 -1.3165506408e-02
-2.5017951951e-01 -2.6294927078e-02
-2.4846048702e-01 -3.9352275180e-02
-2.4606044161e-01 -5.2301761431e-02
-2.4298596163e-01 -6.5107892190e-02
-2.3924547402e-01 -7.7735566742e-02
-2.3484923119e-01 -9.0150173509e-02
-2.2980928294e-01 -1.0231768492e-01
-2.2413944343e-01 -1.1420475066e-01
-2.1785525328e-01 -1.2577878912e-01
-2.1097393702e-01 -1.3700807667e-01
-2.0351435587e-01 -1.4786183460e-01
-1.9549695601e-01 -1.5831031351e-01
-1.8694371258e-01 -1.6832487487e-01
-1.7787806944e-01 -1.7787806944e-01
-1.6832487487e-01 -1.8694371258e-01
-1.5831031351e-01 -1.9549695601e-01
-1.4786183460e-01 -2.0351435587e-01
-1.3700807667e-01 -2.1097393702e-01
-1.2577878912e-01 -2.1785525328e-01
-1.1420475066e-01 -2.2413944343e-01
-1.0231768492e-01 -2.2980928294e-01
-9.0150173509e-02 -2.3484923119e-01
-7.7735566742e-02 -2.3924547402e-01
-6.5107892190e-02 -2.4298596163e-01
-5.2301761431e-02 -2.4606044161e-01
-3.9352275180e-02 -2.4846048702e-01
-2.6294927078e-02 -2.5017951951e-01
-1.3165506408e-02 -2.5121282733e-01
-4.6210377450e-17 -2.5155757825e-01
1.3165506408e-02 -2.5121282733e-01
2.6294927078e-02 -2.5017951951e-01
3.9352275180e-02 -2.4846048702e-01
5.2301761431e-02 -2.4606044161e-01
6.5107892190e-02 -2.4298596163e-01
7.7735566742e-02 -2.3924547402e-01
9.0150173509e-02 -2.3484923119e-01
1.0231768492e-01 -2.2980928294e-01
1.1420475066e-01 -2.2413944343e-01
1.2577878912e-01 -2.1785525328e-01
1.3700807667e-01 -2.1097393702e-01
1.4786183460e-01 -2.0351435587e-01
1.5831031351e-01 -1.9549695601e-01
1.6832487487e-01 -1.8694371258e-01
1.7787806944e-01 -1.7787806944e-01
1.8694371258e-01 -1.6832487487e-01
1.9549695601e-01 -1.5831031351e-01
2.0351435587e-01 -1.4786183460e-01
2.1097393702e-01 -1.3700807667e-01
2.1785525328e-01 -1.2577878912e-01
2.2413944343e-01 -1.1420475066e-01
2.2980928294e-01 -1.0231768492e-01
2.3484923119e-01 -9.0150173509e-02
2.3924547402e-01 -7.7735566742e-02
2.4298596163e-01 -6.5107892190e-02
2.4606044161e-01 -5.2301761431e-02
2.4846048702e-01 -3.9352275180e-02
2.5017951951e-01 -2.6294927078e-02
2.5121282733e-01 -1.3165506408e-02
2.5155757825e-01 -6.1613836600e-17

2.5173662894e-01 0.0000000000e+00
2.5139163264e-01 1.3174877197e-02
2.5035758935e-01 2.6313642972e-02
2.4863733331e-01 3.9380284880e-02
2.4623557962e-01 5.2338988164e-02
2.4315891132e-01 6.5154233921e-02
2.3941576135e-01 7.7790896450e-02
2.3501638941e-01 9.0214339540e-02
2.2997285389e-01 1.0239051140e-01
2.2429897877e-01 1.1428603798e-01
2.1801031573e-01 1.2586831447e-01
2.1112410157e-01 1.3710559467e-01
2.0365921092e-01 1.4796707795e-01
1.9563610453e-01 1.5842299377e-01
1.8707677318e-01 1.6844468317e-01
1.7800467740e-01 1.7800467740e-01
1.6844468317e-01 1.8707677318e-01
1.5842299377e-01 1.9563610453e-01
1.4796707795e-01 2.0365921092e-01
1.3710559467e-01 2.1112410157e-01
1.2586831447e-01 2.1801031573e-01
1.1428603798e-01 2.2429897877e-01
1.0239051140e-01 2.2997285389e-01
9.0214339540e-02 2.3501638941e-01
7.7790896450e-02 2.3941576135e-01
6.5154233921e-02 2.4315891132e-01
5.2338988164e-02 2.4623557962e-01
3.9380284880e-02 2.4863733331e-01
2.6313642972e-02 2.5035758935e-01
1.3174877197e-02 2.5139163264e-01
1.5414422843e-17 2.5173662894e-01
-1.3174877197e-02 2.5139163264e-01
-2.6313642972e-02 2.5035758935e-01
-3.9380284880e-02 2.4863733331e-01
-5.2338988164e-02 2.4623557962e-01
-6.5154233921e-02 2.4315891132e-01
-7.7790896450e-02 2.3941576135e-01
-9.0214339540e-02 2.3501638941e-01
-1.0239051140e-01 2.2997285389e-01
-1.1428603798e-01 2.2429897877e-01
-1.2586831447e-01 2.1801031573e-01
-1.3710559467e-01 2.1112410157e-01
-1.4796707795e-01 2.0365921092e-01
-1.5842299377e-01 1.9563610453e-01
-1.6844468317e-01 1.8707677318e-01
-1.7800467740e-01 1.7800467740e-01
-1.8707677318e-01 1.6844468317e-01
-1.9563610453e-01 1.5842299377e-01
-2.0365921092e-01 1.4796707795e-01
-2.1112410157e-01 1.3710559467e-01
-2.1801031573e-01 1.2586831447e-01
-2.2429897877e-01 1.1428603798e-01
-2.2997285389e-01 1.0239051140e-01
-2.3501638941e-01 9.0214339540e-02
-2.3941576135e-01 7.7790896450e-02
-2.4315891132e-01 6.5154233921e-02
-2.4623557962e-01 5.2338988164e-02
-2.4863733331e-01 3.9380284880e-02
-2.5035758935e-01 2.6313642972e-02
-2.5139163264e-01 1.3174877197e-02
-2.5173662894e-01 3.0828845686e-17
-2.5139163264e-01 -1.3174877197e-02
-2.5035758935e-01 -2.6313642972e-02
-2.4863733331e-01 -3.9380284880e-02
-2.4623557962e-01 -5.2338988164e-02
-2.4315891132e-01 -6.5154233921e-02
-2.3941576135e-01 -7.7790896450e-02
-2.3501638941e-01 -9.0214339540e-02
-2.2997285389e-01 -1.0239051140e-01
-2.2429897877e-01 -1.1428603798e-01
-2.1801031573e-01 -1.2586831447e-01
-2.1112410157e-01 -1.3710559467e-01
-2.0365921092e-01 -1.4796707795e-01
-1.9563610453e-01 -1.5842299377e-01
-1.8707677318e-01 -1.6844468317e-01
-1.7800467740e-01 -1.7800467740e-01
-1.6844468317e-01 -1.8707677318e-01
-1.5842299377e-01 -1.9563610453e-01
-1.4796707795e-01 -2.0365921092e-01
-1.3710559467e-01 -2.1112410157e-01
-1.2586831447e-01 -2.1801031573e-01
-1.1428603798e-01 -2.2429897877e-01
-1.0239051140e-01 -2.2997285389e-01
-9.0214339540e-02 -2.3501638941e-01
-7.7790896450e-02 -2.3941576135e-01
-6.5154233921e-02 -2.4315891132e-01
-5.2338988164e-02 -2.4623557962e-01
-3.9380284880e-02 -2.4863733331e-01
-2.6313642972e-02 -2.5035758935e-01
-1.3174877197e-02 -2.5139163264e-01
-4.6243268530e-17 -2.5173662894e-01
1.3174877197e-02 -2.5139163264e-01
2.6313642972e-02 -2.5035758935e-01
3.9380284880e-02 -2.4863733331e-01
5.2338988164e-02 -2.4623557962e-01
6.5154233921e-02 -2.4315891132e-01
7.7790896450e-02 -2.3941576135e-01
9.0214339540e-02 -2.3501638941e-01
1.0239051140e-01 -2.2997285389e-01
1.1428603798e-01 -2.2429897877e-01
1.2586831447e-01 -2.1801031573e-01
1.3710559467e-01 -2.1112410157e-01
1.4796707795e-01 -2.0365921092e-01
1.5842299377e-01 -1.9563610453e-01
1.6844468317e-01 -1.8707677318e-01
1.7800467740e-01 -1.7800467740e-01
1.8707677318e-01 -1.6844468317e-01
1.9563610453e-01 -1.5842299377e-01
2.0365921092e-01 -1.4796707795e-01
2.1112410157e-01 -1.3710559467e-01
2.1801031573e-01 -1.2586831447e-01
2.2429897877e-01 -1.1428603798e-01
2.2997285389e-01 -1.0239051140e-01
2.3501638941e-01 -9.0214339540e-02
2.3941576135e-01 -7.7790896450e-02
2.4315891132e-01 -6.5154233921e-02
2.4623557962e-01 -5.2338988164e-02
2.4863733331e-01 -3.9380284880e-02
2.5035758935e-01 -2.6313642972e-02
2.5139163264e-01 -1.3174877197e-02
2.5173662894e-01 -6.1657691373e-17

2.5193511279e-01 0.0000000000e+00
2.5158984447e-01 1.3185265039e-02
2.5055498588e-01 2.6334390183e-02
2.4883337348e-01 3.9411334593e-02
2.4642972611e-01 5.2380255276e-02
2.4335063199e-01 6.5205605319e-02
2.3960453070e-01 7.7852231330e-02
2.3520169004e-01 9.0285469787e-02
2.3015417791e-01 1.0247124205e-01
2.2447582916e-01 1.1437614776e-01
2.1818220778e-01 1.2596755639e-01
2.1129056412e-01 1.3721369671e-01
2.0381978772e-01 1.4808374383e-01
1.9579035545e-01 1.5854790370e-01
1.8722427542e-01 1.6857749478e-01
1.7814502667e-01 1.7814502667e-01
1.6857749478e-01 1.8722427542e-01
1.5854790370e-01 1.9579035545e-01
1.4808374383e-01 2.0381978772e-01
1.3721369671e-01 2.1129056412e-01
1.2596755639e-01 2.1818220778e-01
1.1437614776e-01 2.2447582916e-01
1.0247124205e-01 2.3015417791e-01
9.0285469787e-02 2.3520169004e-01
7.7852231330e-02 2.3960453070e-01
6.5205605319e-02 2.4335063199e-01
5.2380255276e-02 2.4642972611e-01
3.9411334593e-02 2.4883337348e-01
2.6334390183e-02 2.5055498588e-01
1.3185265039e-02 2.5158984447e-01
1.5426576473e-17 2.5193511279e-01
-1.3185265039e-02 2.5158984447e-01
-2.6334390183e-02 2.5055498588e-01
-3.9411334593e-02 2.4883337348e-01
-5.2380255276e-02 2.4642972611e-01
-6.5205605319e-02 2.4335063199e-01
-7.7852231330e-02 2.3960453070e-01
-9.0285469787e-02 2.3520169004e-01
-1.0247124205e-01 2.3015417791e-01
-1.1437614776e-01 2.2447582916e-01
-1.2596755639e-01 2.1818220778e-01
-1.3721369671e-01 2.1129056412e-01
-1.4808374383e-01 2.0381978772e-01
-1.5854790370e-01 1.9579035545e-01
-1.6857749478e-01 1.8722427542e-01
-1.7814502667e-01 1.7814502667e-01
-1.8722427542e-01 1.6857749478e-01
-1.9579035545e-01 1.5854790370e-01
-2.0381978772e-01 1.4808374383e-01
-2.1129056412e-01 1.3721369671e-01
-2.1818220778e-01 1.2596755639e-01
-2.2447582916e-01 1.1437614776e-01
-2.3015417791e-01 1.0247124205e-01
-2.3520169004e-01 9.0285469787e-02
-2.3960453070e-01 7.7852231330e-02
-2.4335063199e-01 6.5205605319e-02
-2.4642972611e-01 5.2380255276e-02
-2.4883337348e-01 3.9411334593e-02
-2.5055498588e-01 2.6334390183e-02
-2.5158984447e-01 1.3185265039e-02
-2.5193511279e-01 3.0853152947e-17
-2.5158984447e-01 -1.3185265039e-02
-2.5055498588e-01 -2.6334390183e-02
-2.4883337348e-01 -3.9411334593e-02
-2.4642972611e-01 -5.2380255276e-02
-2.4335063199e-01 -6.5205605319e-02
-2.3960453070e-01 -7.7852231330e-02
-2.3520169004e-01 -9.0285469787e-02
-2.3015417791e-01 -1.0247124205e-01
-2.2447582916e-01 -1.1437614776e-01
-2.1818220778e-01 -1.2596755639e-01
-2.1129056412e-01 -1.3721369671e-01
-2.0381978772e-01 -1.4808374383e-01
-1.9579035545e-01 -1.5854790370e-01
-1.8722427542e-01 -1.6857749478e-01
-1.7814502667e-01 -1.7814502667e-01
-1.6857749478e-01 -1.8722427542e-01
-1.5854790370e-01 -1.9579035545e-01
-1.4808374383e-01 -2.0381978772e-01
-1.3721369671e-01 -2.1129056412e-01
-1.2596755639e-01 -2.1818220778e-01
-1.1437614776e-01 -2.2447582916e-01
-1.0247124205e-01 -2.3015417791e-01
-9.0285469787e-02 -2.3520169004e-01
-7.7852231330e-02 -2.3960453070e-01
-6.5205605319e-02 -2.4335063199e-01
-5.2380255276e-02 -2.4642972611e-01
-3.9411334593e-02 -2.4883337348e-01
-2.6334390183e-02 -2.5055498588e-01
-1.3185265039e-02 -2.5158984447e-01
-4.6279729420e-17 -2.5193511279e-01
1.3185265039e-02 -2.5158984447e-01
2.6334390183e-02 -2.5055498588e-01
3.9411334593e-02 -2.4883337348e-01
5.2380255276e-02 -2.4642972611e-01
6.5205605319e-02 -2.4335063199e-01
7.7852231330e-02 -2.3960453070e-01
9.0285469787e-02 -2.3520169004e-01
1.0247124205e-01 -2.3015417791e-01
1.1437614776e-01 -2.2447582916e-01
1.2596755639e-01 -2.1818220778e-01
1.3721369671e-01 -2.1129056412e-01
1.4808374383e-01 -2.0381978772e-01
1.5854790370e-01 -1.9579035545e-01
1.6857749478e-01 -1.8722427542e-01
1.7814502667e-01 -1.7814502667e-01
1.8722427542e-01 -1.6857749478e-01
1.9579035545e-01 -1.5854790370e-01
2.0381978772e-01 -1.4808374383e-01
2.1129056412e-01 -1.3721369671e-01
2.1818220778e-01 -1.2596755639e-01
2.2447582916e-01 -1.1437614776e-01
2.3015417791e-01 -1.0247124205e-01
2.3520169004e-01 -9.0285469787e-02
2.3960453070e-01 -7.7852231330e-02
2.4335063199e-01 -6.5205605319e-02
2.4642972611e-01 -5.2380255276e-02
2.4883337348e-01 -3.9411334593e-02
2.5055498588e-01 -2.6334390183e-02
2.5158984447e-01 -1.3185265039e-02
2.5193511279e-01 -6.1706305893e-17

2.5215513894e-01 0.0000000000e+00
2.5180956908e-01 1.3196780318e-02
2.5077380670e-01 2.6357389178e-02
2.4905069075e-01 3.9445754267e-02
2.4664494416e-01 5.2426001284e-02
2.4356316093e-01 6.5262552277e-02
2.3981378800e-01 7.7920223150e-02
2.3540710215e-01 9.0364320108e-02
2.3035518180e-01 1.0256073474e-01
2.2467187390e-01 1.1447603754e-01
2.1837275601e-01 1.2607756947e-01
2.1147509358e-01 1.3733353154e-01
2.0399779262e-01 1.4821307196e-01
1.9596134788e-01 1.5868637064e-01
1.8738778672e-01 1.6872472101e-01
1.7830060865e-01 1.7830060865e-01
1.6872472101e-01 1.8738778672e-01
1.5868637064e-01 1.9596134788e-01
1.4821307196e-01 2.0399779262e-01
1.3733353154e-01 2.1147509358e-01
1.2607756947e-01 2.1837275601e-01
1.1447603754e-01 2.2467187390e-01
1.0256073474e-01 2.3035518180e-01
9.0364320108e-02 2.3540710215e-01
7.7920223150e-02 2.3981378800e-01
6.5262552277e-02 2.4356316093e-01
5.2426001284e-02 2.4664494416e-01
3.9445754267e-02 2.4905069075e-01
2.6357389178e-02 2.5077380670e-01
1.3196780318e-02 2.5180956908e-01
1.5440049189e-17 2.5215513894e-01
-1.3196780318e-02 2.5180956908e-01
-2.6357389178e-02 2.5077380670e-01
-3.9445754267e-02 2.4905069075e-01
-5.2426001284e-02 2.4664494416e-01
-6.5262552277e-02 2.4356316093e-01
-7.7920223150e-02 2.3981378800e-01
-9.0364320108e-02 2.3540710215e-01
-1.0256073474e-01 2.3035518180e-01
-1.1447603754e-01 2.2467187390e-01
-1.2607756947e-01 2.1837275601e-01
-1.3733353154e-01 2.1147509358e-01
-1.4821307196e-01 2.0399779262e-01
-1.5868637064e-01 1.9596134788e-01
-1.6872472101e-01 1.8738778672e-01
-1.7830060865e-01 1.7830060865e-01
-1.8738778672e-01 1.6872472101e-01
-1.9596134788e-01 1.5868637064e-01
-2.0399779262e-01 1.4821307196e-01
-2.1147509358e-01 1.3733353154e-01
-2.1837275601e-01 1.2607756947e-01
-2.2467187390e-01 1.1447603754e-01
-2.3035518180e-01 1.0256073474e-01
-2.3540710215e-01 9.0364320108e-02
-2.3981378800e-01 7.7920223150e-02
-2.4356316093e-01 6.5262552277e-02
-2.4664494416e-01 5.2426001284e-02
-2.4905069075e-01 3.9445754267e-02
-2.5077380670e-01 2.6357389178e-02
-2.5180956908e-01 1.3196780318e-02
-2.5215513894e-01 3.0880098379e-17
-2.5180956908e-01 -1.3196780318e-02
-2.5077380670e-01 -2.6357389178e-02
-2.4905069075e-01 -3.9445754267e-02
-2.4664494416e-01 -5.2426001284e-02
-2.4356316093e-01 -6.5262552277e-02
-2.3981378800e-01 -7.7920223150e-02
-2.3540710215e-01 -9.0364320108e-02
-2.3035518180e-01 -1.0256073474e-01
-2.2467187390e-01 -1.1447603754e-01
-2.1837275601e-01 -1.2607756947e-01
-2.1147509358e-01 -1.3733353154e-01
-2.0399779262e-01 -1.4821307196e-01
-1.9596134788e-01 -1.5868637064e-01
-1.8738778672e-01 -1.6872472101e-01
-1.7830060865e-01 -1.7830060865e-01
-1.6872472101e-01 -1.8738778672e-01
-1.5868637064e-01 -1.9596134788e-01
-1.4821307196e-01 -2.0399779262e-01
-1.3733353154e-01 -2.1147509358e-01
-1.2607756947e-01 -2.1837275601e-01
-1.1447603754e-01 -2.2467187390e-01
-1.0256073474e-01 -2.3035518180e-01
-9.0364320108e-02 -2.3540710215e-01
-7.7920223150e-02 -2.3981378800e-01
-6.5262552277e-02 -2.4356316093e-01
-5.2426001284e-02 -2.4664494416e-01
-3.9445754267e-02 -2.4905069075e-01
-2.6357389178e-02 -2.5077380670e-01
-1.3196780318e-02 -2.5180956908e-01
-4.6320147568e-17 -2.5215513894e-01
1.3196780318e-02 -2.5180956908e-01
2.6357389178e-02 -2.5077380670e-01
3.9445754267e-02 -2.4905069075e-01
5.2426001284e-02 -2.4664494416e-01
6.5262552277e-02 -2.4356316093e-01
7.7920223150e-02 -2.3981378800e-01
9.0364320108e-02 -2.3540710215e-01
1.0256073474e-01 -2.3035518180e-01
1.1447603754e-01 -2.2467187390e-01
1.2607756947e-01 -2.1837275601e-01
1.3733353154e-01 -2.1147509358e-01
1.4821307196e-01 -2.0399779262e-01
1.5868637064e-01 -1.9596134788e-01
1.6872472101e-01 -1.8738778672e-01
1.7830060865e-01 -1.7830060865e-01
1.8738778672e-01 -1.6872472101e-01
1.9596134788e-01 -1.5868637064e-01
2.0399779262e-01 -1.4821307196e-01
2.1147509358e-01 -1.3733353154e-01
2.1837275601e-01 -1.2607756947e-01
2.2467187390e-01 -1.1447603754e-01
2.3035518180e-01 -1.0256073474e-01
2.3540710215e-01 -9.0364320108e-02
2.3981378800e-01 -7.7920223150e-02
2.4356316093e-01 -6.5262552277e-02
2.4664494416e-01 -5.2426001284e-02
2.4905069075e-01 -3.9445754267e-02
2.5077380670e-01 -2.6357389178e-02
2.5180956908e-01 -1.3196780318e-02
2.5215513894e-01 -6.1760196757e-17

2.5239904547e-01 0.0000000000e+00
2.5205314135e-01 1.3209545400e-02
2.5101637709e-01 2.6382884354e-02
2.4929159439e-01 3.9483909655e-02
2.4688352076e-01 5.2476712305e-02
2.4379875655e-01 6.5325679934e-02
2.4004575691e-01 7.7995594416e-02
2.3563480852e-01 9.0451728394e-02
2.3057800151e-01 1.0265994047e-01
2.2488919622e-01 1.1458676879e-01
2.1858398527e-01 1.2619952274e-01
2.1167965082e-01 1.3746637257e-01
2.0419511715e-01 1.4835643662e-01
1.9615089887e-01 1.5883986600e-01
1.8756904460e-01 1.6888792634e-01
1.7847307662e-01 1.7847307662e-01
1.6888792634e-01 1.8756904460e-01
1.5883986600e-01 1.9615089887e-01
1.4835643662e-01 2.0419511715e-01
1.3746637257e-01 2.1167965082e-01
1.2619952274e-01 2.1858398527e-01
1.1458676879e-01 2.2488919622e-01
1.0265994047e-01 2.3057800151e-01
9.0451728394e-02 2.3563480852e-01
7.7995594416e-02 2.4004575691e-01
6.5325679934e-02 2.4379875655e-01
5.2476712305e-02 2.4688352076e-01
3.9483909655e-02 2.4929159439e-01
2.6382884354e-02 2.5101637709e-01
1.3209545400e-02 2.5205314135e-01
1.5454984157e-17 2.5239904547e-01
-1.3209545400e-02 2.5205314135e-01
-2.6382884354e-02 2.5101637709e-01
-3.9483909655e-02 2.4929159439e-01
-5.2476712305e-02 2.4688352076e-01
-6.5325679934e-02 2.4379875655e-01
-7.7995594416e-02 2.4004575691e-01
-9.0451728394e-02 2.3563480852e-01
-1.0265994047e-01 2.3057800151e-01
-1.1458676879e-01 2.2488919622e-01
-1.2619952274e-01 2.1858398527e-01
-1.3746637257e-01 2.1167965082e-01
-1.4835643662e-01 2.0419511715e-01
-1.5883986600e-01 1.9615089887e-01
-1.6888792634e-01 1.8756904460e-01
-1.7847307662e-01 1.7847307662e-01
-1.8756904460e-01 1.6888792634e-01
-1.9615089887e-01 1.5883986600e-01
-2.0419511715e-01 1.4835643662e-01
-2.1167965082e-01 1.3746637257e-01
-2.1858398527e-01 1.2619952274e-01
-2.2488919622e-01 1.1458676879e-01
-2.3057800151e-01 1.0265994047e-01
-2.3563480852e-01 9.0451728394e-02
-2.4004575691e-01 7.7995594416e-02
-2.4379875655e-01 6.5325679934e-02
-2.4688352076e-01 5.2476712305e-02
-2.4929159439e-01 3.9483909655e-02
-2.5101637709e-01 2.6382884354e-02
-2.5205314135e-01 1.3209545400e-02
-2.5239904547e-01 3.0909968315e-17
-2.5205314135e-01 -1.3209545400e-02
-2.5101637709e-01 -2.6382884354e-02
-2.4929159439e-01 -3.9483909655e-02
-2.4688352076e-01 -5.2476712305e-02
-2.4379875655e-01 -6.5325679934e-02
-2.4004575691e-01 -7.7995594416e-02
-2.3563480852e-01 -9.0451728394e-02
-2.3057800151e-01 -1.0265994047e-01
-2.2488919622e-01 -1.1458676879e-01
-2.1858398527e-01 -1.2619952274e-01
-2.1167965082e-01 -1.3746637257e-01
-2.0419511715e-01 -1.4835643662e-01
-1.9615089887e-01 -1.5883986600e-01
-1.8756904460e-01 -1.6888792634e-01
-1.7847307662e-01 -1.7847307662e-01
-1.6888792634e-01 -1.8756904460e-01
-1.5883986600e-01 -1.9615089887e-01
-1.4835643662e-01 -2.0419511715e-01
-1.3746637257e-01 -2.1167965082e-01
-1.2619952274e-01 -2.1858398527e-01
-1.1458676879e-01 -2.2488919622e-01
-1.0265994047e-01 -2.3057800151e-01
-9.0451728394e-02 -2.3563480852e-01
-7.7995594416e-02 -2.4004575691e-01
-6.5325679934e-02 -2.4379875655e-01
-5.2476712305e-02 -2.4688352076e-01
-3.9483909655e-02 -2.4929159439e-01
-2.6382884354e-02 -2.5101637709e-01
-1.3209545400e-02 -2.5205314135e-01
-4.6364952472e-17 -2.5239904547e-01
1.3209545400e-02 -2.5205314135e-01
2.6382884354e-02 -2.5101637709e-01
3.9483909655e-02 -2.4929159439e-01
5.2476712305e-02 -2.4688352076e-01
6.5325679934e-02 -2.4379875655e-01
7.7995594416e-02 -2.4004575691e-01
9.0451728394e-02 -2.3563480852e-01
1.0265994047e-01 -2.3057800151e-01
1.1458676879e-01 -2.2488919622e-01
1.2619952274e-01 -2.1858398527e-01
1.3746637257e-01 -2.1167965082e-01
1.4835643662e-01 -2.0419511715e-01
1.5883986600e-01 -1.9615089887e-01
1.6888792634e-01 -1.8756904460e-01
1.7847307662e-01 -1.7847307662e-01
1.8756904460e-01 -1.6888792634e-01
1.9615089887e-01 -1.5883986600e-01
2.0419511715e-01 -1.4835643662e-01
2.1167965082e-01 -1.3746637257e-01
2.1858398527e-01 -1.2619952274e-01
2.2488919622e-01 -1.1458676879e-01
2.3057800151e-01 -1.0265994047e-01
2.3563480852e-01 -9.0451728394e-02
2.4004575691e-01 -7.7995594416e-02
2.4379875655e-01 -6.5325679934e-02
2.4688352076e-01 -5.2476712305e-02
2.4929159439e-01 -3.9483909655e-02
2.5101637709e-01 -2.6382884354e-02
2.5205314135e-01 -1.3209545400e-02
2.5239904547e-01 -6.1819936630e-17

2.5266942424e-01 0.0000000000e+00
2.5232314958e-01 1.3223695931e-02
2.5128527470e-01 2.6411146631e-02
2.4955864435e-01 3.9526206214e-02
2.4714799110e-01 5.2532927212e-02
2.4405992239e-01 6.5395659109e-02
2.4030290240e-01 7.8079146050e-02
2.3588722885e-01 9.0548623479e-02
2.3082500480e-01 1.0276991342e-01
2.2513010546e-01 1.1470951818e-01
2.1881814015e-01 1.2633471212e-01
2.1190640953e-01 1.3761363140e-01
2.0441385817e-01 1.4851536128e-01
1.9636102263e-01 1.5901002087e-01
1.8776997518e-01 1.6906884505e-01
1.7866426328e-01 1.7866426328e-01
1.6906884505e-01 1.8776997518e-01
1.5901002087e-01 1.9636102263e-01
1.4851536128e-01 2.0441385817e-01
1.3761363140e-01 2.1190640953e-01
1.2633471212e-01 2.1881814015e-01
1.1470951818e-01 2.2513010546e-01
1.0276991342e-01 2.3082500480e-01
9.0548623479e-02 2.3588722885e-01
7.8079146050e-02 2.4030290240e-01
6.5395659109e-02 2.4405992239e-01
5.2532927212e-02 2.4714799110e-01
3.9526206214e-02 2.4955864435e-01
2.6411146631e-02 2.5128527470e-01
1.3223695931e-02 2.5232314958e-01
1.5471540082e-17 2.5266942424e-01
-1.3223695931e-02 2.5232314958e-01
-2.6411146631e-02 2.5128527470e-01
-3.9526206214e-02 2.4955864435e-01
-5.2532927212e-02 2.4714799110e-01
-6.5395659109e-02 2.4405992239e-01
-7.8079146050e-02 2.4030290240e-01
-9.0548623479e-02 2.3588722885e-01
-1.0276991342e-01 2.3082500480e-01
-1.1470951818e-01 2.2513010546e-01
-1.2633471212e-01 2.1881814015e-01
-1.3761363140e-01 2.1190640953e-01
-1.4851536128e-01 2.0441385817e-01
-1.5901002087e-01 1.9636102263e-01
-1.6906884505e-01 1.8776997518e-01
-1.7866426328e-01 1.7866426328e-01
-1.8776997518e-01 1.6906884505e-01
-1.9636102263e-01 1.5901002087e-01
-2.0441385817e-01 1.4851536128e-01
-2.1190640953e-01 1.3761363140e-01
-2.1881814015e-01 1.2633471212e-01
-2.2513010546e-01 1.1470951818e-01
-2.3082500480e-01 1.0276991342e-01
-2.3588722885e-01 9.0548623479e-02
-2.4030290240e-01 7.8079146050e-02
-2.4405992239e-01 6.5395659109e-02
-2.4714799110e-01 5.2532927212e-02
-2.4955864435e-01 3.9526206214e-02
-2.5128527470e-01 2.6411146631e-02
-2.5232314958e-01 1.3223695931e-02
-2.5266942424e-01 3.0943080164e-17
-2.5232314958e-01 -1.3223695931e-02
-2.5128527470e-01 -2.6411146631e-02
-2.4955864435e-01 -3.9526206214e-02
-2.4714799110e-01 -5.2532927212e-02
-2.4405992239e-01 -6.5395659109e-02
-2.4030290240e-01 -7.8079146050e-02
-2.3588722885e-01 -9.0548623479e-02
-2.3082500480e-01 -1.0276991342e-01
-2.2513010546e-01 -1.1470951818e-01
-2.1881814015e-01 -1.2633471212e-01
-2.1190640953e-01 -1.3761363140e-01
-2.0441385817e-01 -1.4851536128e-01
-1.9636102263e-01 -1.5901002087e-01
-1.8776997518e-01 -1.6906884505e-01
-1.7866426328e-01 -1.7866426328e-01
-1.6906884505e-01 -1.8776997518e-01
-1.5901002087e-01 -1.9636102263e-01
-1.4851536128e-01 -2.0441385817e-01
-1.3761363140e-01 -2.1190640953e-01
-1.2633471212e-01 -2.1881814015e-01
-1.1470951818e-01 -2.2513010546e-01
-1.0276991342e-01 -2.3082500480e-01
-9.0548623479e-02 -2.3588722885e-01
-7.8079146050e-02 -2.4030290240e-01
-6.5395659109e-02 -2.4405992239e-01
-5.2532927212e-02 -2.4714799110e-01
-3.9526206214e-02 -2.4955864435e-01
-2.6411146631e-02 -2.5128527470e-01
-1.3223695931e-02 -2.5232314958e-01
-4.6414620246e-17 -2.5266942424e-01
1.3223695931e-02 -2.5232314958e-01
2.6411146631e-02 -2.5128527470e-01
3.9526206214e-02 -2.4955864435e-01
5.2532927212e-02 -2.4714799110e-01
6.5395659109e-02 -2.4405992239e-01
7.8079146050e-02 -2.4030290240e-01
9.0548623479e-02 -2.3588722885e-01
1.0276991342e-01 -2.3082500480e-01
1.1470951818e-01 -2.2513010546e-01
1.2633471212e-01 -2.1881814015e-01
1.3761363140e-01 -2.1190640953e-01
1.4851536128e-01 -2.0441385817e-01
1.5901002087e-01 -1.9636102263e-01
1.6906884505e-01 -1.8776997518e-01
1.7866426328e-01 -1.7866426328e-01
1.8776997518e-01 -1.6906884505e-01
1.9636102263e-01 -1.5901002087e-01
2.0441385817e-01 -1.4851536128e-01
2.1190640953e-01 -1.3761363140e-01
2.1881814015e-01 -1.2633471212e-01
2.2513010546e-01 -1.1470951818e-01
2.3082500480e-01 -1.0276991342e-01
2.3588722885e-01 -9.0548623479e-02
2.4030290240e-01 -7.8079146050e-02
2.4405992239e-01 -6.5395659109e-02
2.4714799110e-01 -5.2532927212e-02
2.4955864435e-01 -3.9526206214e-02
2.5128527470e-01 -2.6411146631e-02
2.5232314958e-01 -1.3223695931e-02
2.5266942424e-01 -6.1886160329e-17

2.5296914839e-01 0.0000000000e+00
2.5262246296e-01 1.3239382281e-02
2.5158335693e-01 2.6442476335e-02
2.4985467839e-01 3.9573093400e-02
2.4744116556e-01 5.2595243366e-02
2.4434943368e-01 6.5473233426e-02
2.4058795700e-01 7.8171765905e-02
2.3616704544e-01 9.0656035006e-02
2.3109881643e-01 1.0289182222e-01
2.2539716163e-01 1.1484559010e-01
2.1907770888e-01 1.2648457419e-01
2.1215777935e-01 1.3777687287e-01
2.0465634010e-01 1.4869153471e-01
1.9659395204e-01 1.5919864339e-01
1.8799271363e-01 1.6926939965e-01
1.7887620026e-01 1.7887620026e-01
1.6926939965e-01 1.8799271363e-01
1.5919864339e-01 1.9659395204e-01
1.4869153471e-01 2.0465634010e-01
1.3777687287e-01 2.1215777935e-01
1.2648457419e-01 2.1907770888e-01
1.1484559010e-01 2.2539716163e-01
1.0289182222e-01 2.3109881643e-01
9.0656035006e-02 2.3616704544e-01
7.8171765905e-02 2.4058795700e-01
6.5473233426e-02 2.4434943368e-01
5.2595243366e-02 2.4744116556e-01
3.9573093400e-02 2.4985467839e-01
2.6442476335e-02 2.5158335693e-01
1.3239382281e-02 2.5262246296e-01
1.5489892893e-17 2.5296914839e-01
-1.3239382281e-02 2.5262246296e-01
-2.6442476335e-02 2.5158335693e-01
-3.9573093400e-02 2.4985467839e-01
-5.2595243366e-02 2.4744116556e-01
-6.5473233426e-02 2.4434943368e-01
-7.8171765905e-02 2.4058795700e-01
-9.0656035006e-02 2.3616704544e-01
-1.0289182222e-01 2.3109881643e-01
-1.1484559010e-01 2.2539716163e-01
-1.2648457419e-01 2.1907770888e-01
-1.3777687287e-01 2.1215777935e-01
-1.4869153471e-01 2.0465634010e-01
-1.5919864339e-01 1.9659395204e-01
-1.6926939965e-01 1.8799271363e-01
-1.7887620026e-01 1.7887620026e-01
-1.8799271363e-01 1.6926939965e-01
-1.9659395204e-01 1.5919864339e-01
-2.0465634010e-01 1.4869153471e-01
-2.1215777935e-01 1.3777687287e-01
-2.1907770888e-01 1.2648457419e-01
-2.2539716163e-01 1.1484559010e-01
-2.3109881643e-01 1.0289182222e-01
-2.3616704544e-01 9.0656035006e-02
-2.4058795700e-01 7.8171765905e-02
-2.4434943368e-01 6.5473233426e-02
-2.4744116556e-01 5.2595243366e-02
-2.4985467839e-01 3.9573093400e-02
-2.5158335693e-01 2.6442476335e-02
-2.5262246296e-01 1.3239382281e-02
-2.5296914839e-01 3.0979785786e-17
-2.5262246296e-01 -1.3239382281e-02
-2.5158335693e-01 -2.6442476335e-02
-2.4985467839e-01 -3.9573093400e-02
-2.4744116556e-01 -5.2595243366e-02
-2.4434943368e-01 -6.5473233426e-02
-2.4058795700e-01 -7.8171765905e-02
-2.3616704544e-01 -9.0656035006e-02
-2.3109881643e-01 -1.0289182222e-01
-2.2539716163e-01 -1.1484559010e-01
-2.1907770888e-01 -1.2648457419e-01
-2.1215777935e-01 -1.3777687287e-01
-2.0465634010e-01 -1.4869153471e-01
-1.9659395204e-01 -1.5919864339e-01
-1.8799271363e-01 -1.6926939965e-01
-1.7887620026e-01 -1.7887620026e-01
-1.6926939965e-01 -1.8799271363e-01
-1.5919864339e-01 -1.9659395204e-01
-1.4869153471e-01 -2.0465634010e-01
-1.3777687287e-01 -2.1215777935e-01
-1.2648457419e-01 -2.1907770888e-01
-1.1484559010e-01 -2.2539716163e-01
-1.0289182222e-01 -2.3109881643e-01
-9.0656035006e-02 -2.3616704544e-01
-7.8171765905e-02 -2.4058795700e-01
-6.5473233426e-02 -2.4434943368e-01
-5.2595243366e-02 -2.4744116556e-01
-3.9573093400e-02 -2.4985467839e-01
-2.6442476335e-02 -2.5158335693e-01
-1.3239382281e-02 -2.5262246296e-01
-4.6469678679e-17 -2.5296914839e-01
1.3239382281e-02 -2.5262246296e-01
2.6442476335e-02 -2.5158335693e-01
3.9573093400e-02 -2.4985467839e-01
5.2595243366e-02 -2.4744116556e-01
6.5473233426e-02 -2.4434943368e-01
7.8171765905e-02 -2.4058795700e-01
9.0656035006e-02 -2.3616704544e-01
1.0289182222e-01 -2.3109881643e-01
1.1484559010e-01 -2.2539716163e-01
1.2648457419e-01 -2.1907770888e-01
1.3777687287e-01 -2.1215777935e-01
1.4869153471e-01 -2.0465634010e-01
1.5919864339e-01 -1.9659395204e-01
1.6926939965e-01 -1.8799271363e-01
1.7887620026e-01 -1.7887620026e-01
1.8799271363e-01 -1.6926939965e-01
1.9659395204e-01 -1.5919864339e-01
2.0465634010e-01 -1.4869153471e-01
2.1215777935e-01 -1.3777687287e-01
2.1907770888e-01 -1.2648457419e-01
2.2539716163e-01 -1.1484559010e-01
2.3109881643e-01 -1.0289182222e-01
2.3616704544e-01 -9.0656035006e-02
2.4058795700e-01 -7.8171765905e-02
2.4434943368e-01 -6.5473233426e-02
2.4744116556e-01 -5.2595243366e-02
2.4985467839e-01 -3.9573093400e-02
2.5158335693e-01 -2.6442476335e-02
2.5262246296e-01 -1.3239382281e-02
2.5296914839e-01 -6.1959571572e-17

2.5330140289e-01 0.0000000000e+00
2.5295426212e-01 1.3256771138e-02
2.5191379130e-01 2.6477206388e-02
2.5018284229e-01 3.9625069455e-02
2.4776615950e-01 5.2664322961e-02
2.4467036689e-01 6.5559227219e-02
2.4090394981e-01 7.8274438192e-02
2.3647723174e-01 9.0775104371e-02
2.3140234602e-01 1.0302696230e-01
2.2569320256e-01 1.1499643048e-01
2.1936544972e-01 1.2665070145e-01
2.1243643142e-01 1.3795783164e-01
2.0492513964e-01 1.4888682900e-01
1.9685216229e-01 1.5940773792e-01
1.8823962684e-01 1.6949172131e-01
1.7911113967e-01 1.7911113967e-01
1.6949172131e-01 1.8823962684e-01
1.5940773792e-01 1.9685216229e-01
1.4888682900e-01 2.0492513964e-01
1.3795783164e-01 2.1243643142e-01
1.2665070145e-01 2.1936544972e-01
1.1499643048e-01 2.2569320256e-01
1.0302696230e-01 2.3140234602e-01
9.0775104371e-02 2.3647723174e-01
7.8274438192e-02 2.4090394981e-01
6.5559227219e-02 2.4467036689e-01
5.2664322961e-02 2.4776615950e-01
3.9625069455e-02 2.5018284229e-01
2.6477206388e-02 2.5191379130e-01
1.3256771138e-02 2.5295426212e-01
1.5510237613e-17 2.5330140289e-01
-1.3256771138e-02 2.5295426212e-01
-2.6477206388e-02 2.5191379130e-01
-3.9625069455e-02 2.5018284229e-01
-5.2664322961e-02 2.4776615950e-01
-6.5559227219e-02 2.4467036689e-01
-7.8274438192e-02 2.4090394981e-01
-9.0775104371e-02 2.3647723174e-01
-1.0302696230e-01 2.3140234602e-01
-1.1499643048e-01 2.2569320256e-01
-1.2665070145e-01 2.1936544972e-01
-1.3795783164e-01 2.1243643142e-01
-1.4888682900e-01 2.0492513964e-01
-1.5940773792e-01 1.9685216229e-01
-1.6949172131e-01 1.8823962684e-01
-1.7911113967e-01 1.7911113967e-01
-1.8823962684e-01 1.6949172131e-01
-1.9685216229e-01 1.5940773792e-01
-2.0492513964e-01 1.4888682900e-01
-2.1243643142e-01 1.3795783164e-01
-2.1936544972e-01 1.2665070145e-01
-2.2569320256e-01 1.1499643048e-01
-2.3140234602e-01 1.0302696230e-01
-2.3647723174e-01 9.0775104371e-02
-2.4090394981e-01 7.8274438192e-02
-2.4467036689e-01 6.5559227219e-02
-2.4776615950e-01 5.2664322961e-02
-2.5018284229e-01 3.9625069455e-02
-2.5191379130e-01 2.6477206388e-02
-2.5295426212e-01 1.3256771138e-02
-2.5330140289e-01 3.1020475227e-17
-2.5295426212e-01 -1.3256771138e-02
-2.5191379130e-01 -2.6477206388e-02
-2.5018284229e-01 -3.9625069455e-02
-2.4776615950e-01 -5.2664322961e-02
-2.4467036689e-01 -6.5559227219e-02
-2.4090394981e-01 -7.8274438192e-02
-2.3647723174e-01 -9.0775104371e-02
-2.3140234602e-01 -1.0302696230e-01
-2.2569320256e-01 -1.1499643048e-01
-2.1936544972e-01 -1.2665070145e-01
-2.1243643142e-01 -1.3795783164e-01
-2.0492513964e-01 -1.4888682900e-01
-1.9685216229e-01 -1.5940773792e-01
-1.8823962684e-01 -1.6949172131e-01
-1.7911113967e-01 -1.7911113967e-01
-1.6949172131e-01 -1.8823962684e-01
-1.5940773792e-01 -1.9685216229e-01
-1.4888682900e-01 -2.0492513964e-01
-1.3795783164e-01 -2.1243643142e-01
-1.2665070145e-01 -2.1936544972e-01
-1.1499643048e-01 -2.2569320256e-01
-1.0302696230e-01 -2.3140234602e-01
-9.0775104371e-02 -2.3647723174e-01
-7.8274438192e-02 -2.4090394981e-01
-6.5559227219e-02 -2.4467036689e-01
-5.2664322961e-02 -2.4776615950e-01
-3.9625069455e-02 -2.5018284229e-01
-2.6477206388e-02 -2.5191379130e-01
-1.3256771138e-02 -2.5295426212e-01
-4.6530712840e-17 -2.5330140289e-01
1.3256771138e-02 -2.5295426212e-01
2.6477206388e-02 -2.5191379130e-01
3.9625069455e-02 -2.5018284229e-01
5.2664322961e-02 -2.4776615950e-01
6.5559227219e-02 -2.4467036689e-01
7.8274438192e-02 -2.4090394981e-01
9.0775104371e-02 -2.3647723174e-01
1.0302696230e-01 -2.3140234602e-01
1.1499643048e-01 -2.2569320256e-01
1.2665070145e-01 -2.1936544972e-01
1.3795783164e-01 -2.1243643142e-01
1.4888682900e-01 -2.0492513964e-01
1.5940773792e-01 -1.9685216229e-01
1.6949172131e-01 -1.8823962684e-01
1.7911113967e-01 -1.7911113967e-01
1.8823962684e-01 -1.6949172131e-01
1.9685216229e-01 -1.5940773792e-01
2.0492513964e-01 -1.4888682900e-01
2.1243643142e-01 -1.3795783164e-01
2.1936544972e-01 -1.2665070145e-01
2.2569320256e-01 -1.1499643048e-01
2.3140234602e-01 -1.0302696230e-01
2.3647723174e-01 -9.0775104371e-02
2.4090394981e-01 -7.8274438192e-02
2.4467036689e-01 -6.5559227219e-02
2.4776615950e-01 -5.2664322961e-02
2.5018284229e-01 -3.9625069455e-02
2.5191379130e-01 -2.6477206388e-02
2.5295426212e-01 -1.3256771138e-02
2.5330140289e-01 -6.2040950454e-17

2.5366971841e-01 0.0000000000e+00
2.5332207288e-01 1.3276047283e-02
2.5228008915e-01 2.6515705843e-02
2.5054662323e-01 3.9682686696e-02
2.4812642644e-01 5.2740900064e-02
2.4502613236e-01 6.5654554290e-02
2.4125423868e-01 7.8388253946e-02
2.3682108390e-01 9.0907096848e-02
2.3173881899e-01 1.0317676972e-01
2.2602137409e-01 1.1516364223e-01
2.1968442031e-01 1.2683485920e-01
2.1274532681e-01 1.3815843065e-01
2.0522311315e-01 1.4910331943e-01
1.9713839720e-01 1.5963952639e-01
1.8851333862e-01 1.6973817249e-01
1.7937157807e-01 1.7937157807e-01
1.6973817249e-01 1.8851333862e-01
1.5963952639e-01 1.9713839720e-01
1.4910331943e-01 2.0522311315e-01
1.3815843065e-01 2.1274532681e-01
1.2683485920e-01 2.1968442031e-01
1.1516364223e-01 2.2602137409e-01
1.0317676972e-01 2.3173881899e-01
9.0907096848e-02 2.3682108390e-01
7.8388253946e-02 2.4125423868e-01
6.5654554290e-02 2.4502613236e-01
5.2740900064e-02 2.4812642644e-01
3.9682686696e-02 2.5054662323e-01
2.6515705843e-02 2.5228008915e-01
1.3276047283e-02 2.5332207288e-01
1.5532790434e-17 2.5366971841e-01
-1.3276047283e-02 2.5332207288e-01
-2.6515705843e-02 2.5228008915e-01
-3.9682686696e-02 2.5054662323e-01
-5.2740900064e-02 2.4812642644e-01
-6.5654554290e-02 2.4502613236e-01
-7.8388253946e-02 2.4125423868e-01
-9.0907096848e-02 2.3682108390e-01
-1.0317676972e-01 2.3173881899e-01
-1.1516364223e-01 2.2602137409e-01
-1.2683485920e-01 2.1968442031e-01
-1.3815843065e-01 2.1274532681e-01
-1.4910331943e-01 2.0522311315e-01
-1.5963952639e-01 1.9713839720e-01
-1.6973817249e-01 1.8851333862e-01
-1.7937157807e-01 1.7937157807e-01
-1.8851333862e-01 1.6973817249e-01
-1.9713839720e-01 1.5963952639e-01
-2.0522311315e-01 1.4910331943e-01
-2.1274532681e-01 1.3815843065e-01
-2.1968442031e-01 1.2683485920e-01
-2.2602137409e-01 1.1516364223e-01
-2.3173881899e-01 1.0317676972e-01
-2.3682108390e-01 9.0907096848e-02
-2.4125423868e-01 7.8388253946e-02
-2.4502613236e-01 6.5654554290e-02
-2.4812642644e-01 5.2740900064e-02
-2.5054662323e-01 3.9682686696e-02
-2.5228008915e-01 2.6515705843e-02
-2.5332207288e-01 1.3276047283e-02
-2.5366971841e-01 3.1065580869e-17
-2.5332207288e-01 -1.3276047283e-02
-2.5228008915e-01 -2.6515705843e-02
-2.5054662323e-01 -3.9682686696e-02
-2.4812642644e-01 -5.2740900064e-02
-2.4502613236e-01 -6.5654554290e-02
-2.4125423868e-01 -7.8388253946e-02
-2.3682108390e-01 -9.0907096848e-02
-2.3173881899e-01 -1.0317676972e-01
-2.2602137409e-01 -1.1516364223e-01
-2.1968442031e-01 -1.2683485920e-01
-2.1274532681e-01 -1.3815843065e-01
-2.0522311315e-01 -1.4910331943e-01
-1.9713839720e-01 -1.5963952639e-01
-1.8851333862e-01 -1.6973817249e-01
-1.7937157807e-01 -1.7937157807e-01
-1.6973817249e-01 -1.8851333862e-01
-1.5963952639e-01 -1.9713839720e-01
-1.4910331943e-01 -2.0522311315e-01
-1.3815843065e-01 -2.1274532681e-01
-1.2683485920e-01 -2.1968442031e-01
-1.1516364223e-01 -2.2602137409e-01
-1.0317676972e-01 -2.3173881899e-01
-9.0907096848e-02 -2.3682108390e-01
-7.8388253946e-02 -2.4125423868e-01
-6.5654554290e-02 -2.4502613236e-01
-5.2740900064e-02 -2.4812642644e-01
-3.9682686696e-02 -2.5054662323e-01
-2.6515705843e-02 -2.5228008915e-01
-1.3276047283e-02 -2.5332207288e-01
-4.6598371303e-17 -2.5366971841e-01
1.3276047283e-02 -2.5332207288e-01
2.6515705843e-02 -2.5228008915e-01
3.9682686696e-02 -2.5054662323e-01
5.2740900064e-02 -2.4812642644e-01
6.5654554290e-02 -2.4502613236e-01
7.8388253946e-02 -2.4125423868e-01
9.0907096848e-02 -2.3682108390e-01
1.0317676972e-01 -2.3173881899e-01
1.1516364223e-01 -2.2602137409e-01
1.2683485920e-01 -2.1968442031e-01
1.3815843065e-01 -2.1274532681e-01
1.4910331943e-01 -2.0522311315e-01
1.5963952639e-01 -1.9713839720e-01
1.6973817249e-01 -1.8851333862e-01
1.7937157807e-01 -1.7937157807e-01
1.8851333862e-01 -1.6973817249e-01
1.9713839720e-01 -1.5963952639e-01
2.0522311315e-01 -1.4910331943e-01
2.1274532681e-01 -1.3815843065e-01
2.1968442031e-01 -1.2683485920e-01
2.2602137409e-01 -1.1516364223e-01
2.3173881899e-01 -1.0317676972e-01
2.3682108390e-01 -9.0907096848e-02
2.4125423868e-01 -7.8388253946e-02
2.4502613236e-01 -6.5654554290e-02
2.4812642644e-01 -5.2740900064e-02
2.5054662323e-01 -3.9682686696e-02
2.5228008915e-01 -2.6515705843e-02
2.5332207288e-01 -1.3276047283e-02
2.5366971841e-01 -6.2131161738e-17

2.5407800880e-01 0.0000000000e+00
2.5372980372e-01 1.3297415551e-02
2.5268614288e-01 2.6558383810e-02
2.5094988689e-01 3.9746557385e-02
2.4852579471e-01 5.2825788409e-02
2.4542051059e-01 6.5760227619e-02
2.4164254592e-01 7.8514422616e-02
2.3720225582e-01 9.1053415038e-02
2.3211181083e-01 1.0334283638e-01
2.2638516349e-01 1.1534900219e-01
2.2003801016e-01 1.2703900440e-01
2.1308774794e-01 1.3838080153e-01
2.0555342702e-01 1.4934330650e-01
1.9745569843e-01 1.5989647186e-01
1.8881675751e-01 1.7001137209e-01
1.7966028297e-01 1.7966028297e-01
1.7001137209e-01 1.8881675751e-01
1.5989647186e-01 1.9745569843e-01
1.4934330650e-01 2.0555342702e-01
1.3838080153e-01 2.1308774794e-01
1.2703900440e-01 2.2003801016e-01
1.1534900219e-01 2.2638516349e-01
1.0334283638e-01 2.3211181083e-01
9.1053415038e-02 2.3720225582e-01
7.8514422616e-02 2.4164254592e-01
6.5760227619e-02 2.4542051059e-01
5.2825788409e-02 2.4852579471e-01
3.9746557385e-02 2.5094988689e-01
2.6558383810e-02 2.5268614288e-01
1.3297415551e-02 2.5372980372e-01
1.5557791011e-17 2.5407800880e-01
-1.3297415551e-02 2.5372980372e-01
-2.6558383810e-02 2.5268614288e-01
-3.9746557385e-02 2.5094988689e-01
-5.2825788409e-02 2.4852579471e-01
-6.5760227619e-02 2.4542051059e-01
-7.8514422616e-02 2.4164254592e-01
-9.1053415038e-02 2.3720225582e-01
-1.0334283638e-01 2.3211181083e-01
-1.1534900219e-01 2.2638516349e-01
-1.2703900440e-01 2.2003801016e-01
-1.3838080153e-01 2.1308774794e-01
-1.4934330650e-01 2.0555342702e-01
-1.5989647186e-01 1.9745569843e-01
-1.7001137209e-01 1.8881675751e-01
-1.7966028297e-01 1.7966028297e-01
-1.8881675751e-01 1.7001137209e-01
-1.9745569843e-01 1.5989647186e-01
-2.0555342702e-01 1.4934330650e-01
-2.1308774794e-01 1.3838080153e-01
-2.2003801016e-01 1.2703900440e-01
-2.2638516349e-01 1.1534900219e-01
-2.3211181083e-01 1.0334283638e-01
-2.3720225582e-01 9.1053415038e-02
-2.4164254592e-01 7.8514422616e-02
-2.4542051059e-01 6.5760227619e-02
-2.4852579471e-01 5.2825788409e-02
-2.5094988689e-01 3.9746557385e-02
-2.5268614288e-01 2.6558383810e-02
-2.5372980372e-01 1.3297415551e-02
-2.5407800880e-01 3.1115582021e-17
-2.5372980372e-01 -1.3297415551e-02
-2.5268614288e-01 -2.6558383810e-02
-2.5094988689e-01 -3.9746557385e-02
-2.4852579471e-01 -5.2825788409e-02
-2.4542051059e-01 -6.5760227619e-02
-2.4164254592e-01 -7.8514422616e-02
-2.3720225582e-01 -9.1053415038e-02
-2.3211181083e-01 -1.0334283638e-01
-2.2638516349e-01 -1.1534900219e-01
-2.2003801016e-01 -1.2703900440e-01
-2.1308774794e-01 -1.3838080153e-01
-2.0555342702e-01 -1.4934330650e-01
-1.9745569843e-01 -1.5989647186e-01
-1.8881675751e-01 -1.7001137209e-01
-1.7966028297e-01 -1.7966028297e-01
-1.7001137209e-01 -1.8881675751e-01
-1.5989647186e-01 -1.9745569843e-01
-1.4934330650e-01 -2.0555342702e-01
-1.3838080153e-01 -2.1308774794e-01
-1.2703900440e-01 -2.2003801016e-01
-1.1534900219e-01 -2.2638516349e-01
-1.0334283638e-01 -2.3211181083e-01
-9.1053415038e-02 -2.3720225582e-01
-7.8514422616e-02 -2.4164254592e-01
-6.5760227619e-02 -2.4542051059e-01
-5.2825788409e-02 -2.4852579471e-01
-3.9746557385e-02 -2.5094988689e-01
-2.6558383810e-02 -2.5268614288e-01
-1.3297415551e-02 -2.5372980372e-01
-4.6673373032e-17 -2.5407800880e-01
1.3297415551e-02 -2.5372980372e-01
2.6558383810e-02 -2.5268614288e-01
3.9746557385e-02 -2.5094988689e-01
5.2825788409e-02 -2.4852579471e-01
6.5760227619e-02 -2.4542051059e-01
7.8514422616e-02 -2.4164254592e-01
9.1053415038e-02 -2.3720225582e-01
1.0334283638e-01 -2.3211181083e-01
1.1534900219e-01 -2.2638516349e-01
1.2703900440e-01 -2.2003801016e-01
1.3838080153e-01 -2.1308774794e-01
1.4934330650e-01 -2.0555342702e-01
1.5989647186e-01 -1.9745569843e-01
1.7001137209e-01 -1.8881675751e-01
1.7966028297e-01 -1.7966028297e-01
1.8881675751e-01 -1.7001137209e-01
1.9745569843e-01 -1.5989647186e-01
2.0555342702e-01 -1.4934330650e-01
2.1308774794e-01 -1.3838080153e-01
2.2003801016e-01 -1.2703900440e-01
2.2638516349e-01 -1.1534900219e-01
2.3211181083e-01 -1.0334283638e-01
2.3720225582e-01 -9.1053415038e-02
2.4164254592e-01 -7.8514422616e-02
2.4542051059e-01 -6.5760227619e-02
2.4852579471e-01 -5.2825788409e-02
2.5094988689e-01 -3.9746557385e-02
2.5268614288e-01 -2.6558383810e-02
2.5372980372e-01 -1.3297415551e-02
2.5407800880e-01 -6.2231164042e-17

2.5453061271e-01 0.0000000000e+00
2.5418178735e-01 1.3321103009e-02
2.5313626738e-01 2.6605693801e-02
2.5139691850e-01 3.9817360236e-02
2.4896850814e-01 5.2919890054e-02
2.4585769240e-01 6.5877370132e-02
2.4207299782e-01 7.8654284917e-02
2.3762479797e-01 9.1215613774e-02
2.3252528507e-01 1.0352692697e-01
2.2678843653e-01 1.1555448006e-01
2.2042997665e-01 1.2726530636e-01
2.1346733352e-01 1.3862730729e-01
2.0591959127e-01 1.4960934041e-01
1.9780743774e-01 1.6018130473e-01
1.8915310776e-01 1.7031422322e-01
1.7998032227e-01 1.7998032227e-01
1.7031422322e-01 1.8915310776e-01
1.6018130473e-01 1.9780743774e-01
1.4960934041e-01 2.0591959127e-01
1.3862730729e-01 2.1346733352e-01
1.2726530636e-01 2.2042997665e-01
1.1555448006e-01 2.2678843653e-01
1.0352692697e-01 2.3252528507e-01
9.1215613774e-02 2.3762479797e-01
7.8654284917e-02 2.4207299782e-01
6.5877370132e-02 2.4585769240e-01
5.2919890054e-02 2.4896850814e-01
3.9817360236e-02 2.5139691850e-01
2.6605693801e-02 2.5313626738e-01
1.3321103009e-02 2.5418178735e-01
1.5585505007e-17 2.5453061271e-01
-1.3321103009e-02 2.5418178735e-01
-2.6605693801e-02 2.5313626738e-01
-3.9817360236e-02 2.5139691850e-01
-5.2919890054e-02 2.4896850814e-01
-6.5877370132e-02 2.4585769240e-01
-7.8654284917e-02 2.4207299782e-01
-9.1215613774e-02 2.3762479797e-01
-1.0352692697e-01 2.3252528507e-01
-1.1555448006e-01 2.2678843653e-01
-1.2726530636e-01 2.2042997665e-01
-1.3862730729e-01 2.1346733352e-01
-1.4960934041e-01 2.0591959127e-01
-1.6018130473e-01 1.9780743774e-01
-1.7031422322e-01 1.8915310776e-01
-1.7998032227e-01 1.7998032227e-01
-1.8915310776e-01 1.7031422322e-01
-1.9780743774e-01 1.6018130473e-01
-2.0591959127e-01 1.4960934041e-01
-2.1346733352e-01 1.3862730729e-01
-2.2042997665e-01 1.2726530636e-01
-2.2678843653e-01 1.1555448006e-01
-2.3252528507e-01 1.0352692697e-01
-2.3762479797e-01 9.1215613774e-02
-2.4207299782e-01 7.8654284917e-02
-2.4585769240e-01 6.5877370132e-02
-2.4896850814e-01 5.2919890054e-02
-2.5139691850e-01 3.9817360236e-02
-2.5313626738e-01 2.6605693801e-02
-2.5418178735e-01 1.3321103009e-02
-2.5453061271e-01 3.1171010014e-17
-2.5418178735e-01 -1.3321103009e-02
-2.5313626738e-01 -2.6605693801e-02
-2.5139691850e-01 -3.9817360236e-02
-2.4896850814e-01 -5.2919890054e-02
-2.4585769240e-01 -6.5877370132e-02
-2.4207299782e-01 -7.8654284917e-02
-2.3762479797e-01 -9.1215613774e-02
-2.3252528507e-01 -1.0352692697e-01
-2.2678843653e-01 -1.1555448006e-01
-2.2042997665e-01 -1.2726530636e-01
-2.1346733352e-01 -1.3862730729e-01
-2.0591959127e-01 -1.4960934041e-01
-1.9780743774e-01 -1.6018130473e-01
-1.8915310776e-01 -1.7031422322e-01
-1.7998032227e-01 -1.7998032227e-01
-1.7031422322e-01 -1.8915310776e-01
-1.6018130473e-01 -1.9780743774e-01
-1.4960934041e-01 -2.0591959127e-01
-1.3862730729e-01 -2.1346733352e-01
-1.2726530636e-01 -2.2042997665e-01
-1.1555448006e-01 -2.2678843653e-01
-1.0352692697e-01 -2.3252528507e-01
-9.1215613774e-02 -2.3762479797e-01
-7.8654284917e-02 -2.4207299782e-01
-6.5877370132e-02 -2.4585769240e-01
-5.2919890054e-02 -2.4896850814e-01
-3.9817360236e-02 -2.5139691850e-01
-2.6605693801e-02 -2.5313626738e-01
-1.3321103009e-02 -2.5418178735e-01
-4.6756515022e-17 -2.5453061271e-01
1.3321103009e-02 -2.5418178735e-01
2.6605693801e-02 -2.5313626738e-01
3.9817360236e-02 -2.5139691850e-01
5.2919890054e-02 -2.4896850814e-01
6.5877370132e-02 -2.4585769240e-01
7.8654284917e-02 -2.4207299782e-01
9.1215613774e-02 -2.3762479797e-01
1.0352692697e-01 -2.3252528507e-01
1.1555448006e-01 -2.2678843653e-01
1.2726530636e-01 -2.2042997665e-01
1.3862730729e-01 -2.1346733352e-01
1.4960934041e-01 -2.0591959127e-01
1.6018130473e-01 -1.9780743774e-01
1.7031422322e-01 -1.8915310776e-01
1.7998032227e-01 -1.7998032227e-01
1.8915310776e-01 -1.7031422322e-01
1.9780743774e-01 -1.6018130473e-01
2.0591959127e-01 -1.4960934041e-01
2.1346733352e-01 -1.3862730729e-01
2.2042997665e-01 -1.2726530636e-01
2.2678843653e-01 -1.1555448006e-01
2.3252528507e-01 -1.0352692697e-01
2.3762479797e-01 -9.1215613774e-02
2.4207299782e-01 -7.8654284917e-02
2.4585769240e-01 -6.5877370132e-02
2.4896850814e-01 -5.2919890054e-02
2.5139691850e-01 -3.9817360236e-02
2.5313626738e-01 -2.6605693801e-02
2.5418178735e-01 -1.3321103009e-02
2.5453061271e-01 -6.2342020029e-17

2.5503233968e-01 0.0000000000e+00
2.5468282672e-01 1.3347361370e-02
2.5363524584e-01 2.6658138551e-02
2.5189246838e-01 3.9895847626e-02
2.4945927117e-01 5.3024204957e-02
2.4634232344e-01 6.6007226627e-02
2.4255016852e-01 7.8809327077e-02
2.3809320045e-01 9.1395416640e-02
2.3298363547e-01 1.0373099772e-01
2.2723547854e-01 1.1578225934e-01
2.2086448495e-01 1.2751616984e-01
2.1388811717e-01 1.3890056738e-01
2.0632549692e-01 1.4990424812e-01
1.9819735283e-01 1.6049705174e-01
1.8952596356e-01 1.7064994409e-01
1.8033509681e-01 1.8033509681e-01
1.7064994409e-01 1.8952596356e-01
1.6049705174e-01 1.9819735283e-01
1.4990424812e-01 2.0632549692e-01
1.3890056738e-01 2.1388811717e-01
1.2751616984e-01 2.2086448495e-01
1.1578225934e-01 2.2723547854e-01
1.0373099772e-01 2.3298363547e-01
9.1395416640e-02 2.3809320045e-01
7.8809327077e-02 2.4255016852e-01
6.6007226627e-02 2.4634232344e-01
5.3024204957e-02 2.4945927117e-01
3.9895847626e-02 2.5189246838e-01
2.6658138551e-02 2.5363524584e-01
1.3347361370e-02 2.5468282672e-01
1.5616226924e-17 2.5503233968e-01
-1.3347361370e-02 2.5468282672e-01
-2.6658138551e-02 2.5363524584e-01
-3.9895847626e-02 2.5189246838e-01
-5.3024204957e-02 2.4945927117e-01
-6.6007226627e-02 2.4634232344e-01
-7.8809327077e-02 2.4255016852e-01
-9.1395416640e-02 2.3809320045e-01
-1.0373099772e-01 2.3298363547e-01
-1.1578225934e-01 2.2723547854e-01
-1.2751616984e-01 2.2086448495e-01
-1.3890056738e-01 2.1388811717e-01
-1.4990424812e-01 2.0632549692e-01
-1.6049705174e-01 1.9819735283e-01
-1.7064994409e-01 1.8952596356e-01
-1.8033509681e-01 1.8033509681e-01
-1.8952596356e-01 1.7064994409e-01
-1.9819735283e-01 1.6049705174e-01
-2.0632549692e-01 1.4990424812e-01
-2.1388811717e-01 1.3890056738e-01
-2.2086448495e-01 1.2751616984e-01
-2.2723547854e-01 1.1578225934e-01
-2.3298363547e-01 1.0373099772e-01
-2.3809320045e-01 9.1395416640e-02
-2.4255016852e-01 7.8809327077e-02
-2.4634232344e-01 6.6007226627e-02
-2.4945927117e-01 5.3024204957e-02
-2.5189246838e-01 3.9895847626e-02
-2.5363524584e-01 2.6658138551e-02
-2.5468282672e-01 1.3347361370e-02
-2.5503233968e-01 3.1232453847e-17
-2.5468282672e-01 -1.3347361370e-02
-2.5363524584e-01 -2.6658138551e-02
-2.5189246838e-01 -3.9895847626e-02
-2.4945927117e-01 -5.3024204957e-02
-2.4634232344e-01 -6.6007226627e-02
-2.4255016852e-01 -7.8809327077e-02
-2.3809320045e-01 -9.1395416640e-02
-2.3298363547e-01 -1.0373099772e-01
-2.2723547854e-01 -1.1578225934e-01
-2.2086448495e-01 -1.2751616984e-01
-2.1388811717e-01 -1.3890056738e-01
-2.0632549692e-01 -1.4990424812e-01
-1.9819735283e-01 -1.6049705174e-01
-1.8952596356e-01 -1.7064994409e-01
-1.8033509681e-01 -1.8033509681e-01
-1.7064994409e-01 -1.8952596356e-01
-1.6049705174e-01 -1.9819735283e-01
-1.4990424812e-01 -2.0632549692e-01
-1.3890056738e-01 -2.1388811717e-01
-1.2751616984e-01 -2.2086448495e-01
-1.1578225934e-01 -2.2723547854e-01
-1.0373099772e-01 -2.3298363547e-01
-9.1395416640e-02 -2.3809320045e-01
-7.8809327077e-02 -2.4255016852e-01
-6.6007226627e-02 -2.4634232344e-01
-5.3024204957e-02 -2.4945927117e-01
-3.9895847626e-02 -2.5189246838e-01
-2.6658138551e-02 -2.5363524584e-01
-1.3347361370e-02 -2.5468282672e-01
-4.6848680771e-17 -2.5503233968e-01
1.3347361370e-02 -2.5468282672e-01
2.6658138551e-02 -2.5363524584e-01
3.9895847626e-02 -2.5189246838e-01
5.3024204957e-02 -2.4945927117e-01
6.6007226627e-02 -2.4634232344e-01
7.8809327077e-02 -2.4255016852e-01
9.1395416640e-02 -2.3809320045e-01
1.0373099772e-01 -2.3298363547e-01
1.1578225934e-01 -2.2723547854e-01
1.2751616984e-01 -2.2086448495e-01
1.3890056738e-01 -2.1388811717e-01
1.4990424812e-01 -2.0632549692e-01
1.6049705174e-01 -1.9819735283e-01
1.7064994409e-01 -1.8952596356e-01
1.8033509681e-01 -1.8033509681e-01
1.8952596356e-01 -1.7064994409e-01
1.9819735283e-01 -1.6049705174e-01
2.0632549692e-01 -1.4990424812e-01
2.1388811717e-01 -1.3890056738e-01
2.2086448495e-01 -1.2751616984e-01
2.2723547854e-01 -1.1578225934e-01
2.3298363547e-01 -1.0373099772e-01
2.3809320045e-01 -9.1395416640e-02
2.4255016852e-01 -7.8809327077e-02
2.4634232344e-01 -6.6007226627e-02
2.4945927117e-01 -5.3024204957e-02
2.5189246838e-01 -3.9895847626e-02
2.5363524584e-01 -2.6658138551e-02
2.5468282672e-01 -1.3347361370e-02
2.5503233968e-01 -6.2464907694e-17

2.5558852125e-01 0.0000000000e+00
2.5523824606e-01 1.3376469664e-02
2.5418838059e-01 2.6716275355e-02
2.5244180243e-01 3.9982853592e-02
2.5000329883e-01 5.3139841606e-02
2.4687955358e-01 6.6151177009e-02
2.4307912862e-01 7.8981196633e-02
2.3861244067e-01 9.1594734287e-02
2.3349173261e-01 1.0395721714e-01
2.2773103994e-01 1.1603476049e-01
2.2134615232e-01 1.2779426062e-01
2.1435457028e-01 1.3920348557e-01
2.0677545726e-01 1.5023116344e-01
1.9862958708e-01 1.6084706814e-01
1.8993928702e-01 1.7102210220e-01
1.8072837657e-01 1.8072837657e-01
1.7102210220e-01 1.8993928702e-01
1.6084706814e-01 1.9862958708e-01
1.5023116344e-01 2.0677545726e-01
1.3920348557e-01 2.1435457028e-01
1.2779426062e-01 2.2134615232e-01
1.1603476049e-01 2.2773103994e-01
1.0395721714e-01 2.3349173261e-01
9.1594734287e-02 2.3861244067e-01
7.8981196633e-02 2.4307912862e-01
6.6151177009e-02 2.4687955358e-01
5.3139841606e-02 2.5000329883e-01
3.9982853592e-02 2.5244180243e-01
2.6716275355e-02 2.5418838059e-01
1.3376469664e-02 2.5523824606e-01
1.5650283222e-17 2.5558852125e-01
-1.3376469664e-02 2.5523824606e-01
-2.6716275355e-02 2.5418838059e-01
-3.9982853592e-02 2.5244180243e-01
-5.3139841606e-02 2.5000329883e-01
-6.6151177009e-02 2.4687955358e-01
-7.8981196633e-02 2.4307912862e-01
-9.1594734287e-02 2.3861244067e-01
-1.0395721714e-01 2.3349173261e-01
-1.1603476049e-01 2.2773103994e-01
-1.2779426062e-01 2.2134615232e-01
-1.3920348557e-01 2.1435457028e-01
-1.5023116344e-01 2.0677545726e-01
-1.6084706814e-01 1.9862958708e-01
-1.7102210220e-01 1.8993928702e-01
-1.8072837657e-01 1.8072837657e-01
-1.8993928702e-01 1.7102210220e-01
-1.9862958708e-01 1.6084706814e-01
-2.0677545726e-01 1.5023116344e-01
-2.1435457028e-01 1.3920348557e-01
-2.2134615232e-01 1.2779426062e-01
-2.2773103994e-01 1.1603476049e-01
-2.3349173261e-01 1.0395721714e-01
-2.3861244067e-01 9.1594734287e-02
-2.4307912862e-01 7.8981196633e-02
-2.4687955358e-01 6.6151177009e-02
-2.5000329883e-01 5.3139841606e-02
-2.5244180243e-01 3.9982853592e-02
-2.5418838059e-01 2.6716275355e-02
-2.5523824606e-01 1.3376469664e-02
-2.5558852125e-01 3.1300566445e-17
-2.5523824606e-01 -1.3376469664e-02
-2.5418838059e-01 -2.6716275355e-02
-2.5244180243e-01 -3.9982853592e-02
-2.5000329883e-01 -5.3139841606e-02
-2.4687955358e-01 -6.6151177009e-02
-2.4307912862e-01 -7.8981196633e-02
-2.3861244067e-01 -9.1594734287e-02
-2.3349173261e-01 -1.0395721714e-01
-2.2773103994e-01 -1.1603476049e-01
-2.2134615232e-01 -1.2779426062e-01
-2.1435457028e-01 -1.3920348557e-01
-2.0677545726e-01 -1.5023116344e-01
-1.9862958708e-01 -1.6084706814e-01
-1.8993928702e-01 -1.7102210220e-01
-1.8072837657e-01 -1.8072837657e-01
-1.7102210220e-01 -1.8993928702e-01
-1.6084706814e-01 -1.9862958708e-01
-1.5023116344e-01 -2.0677545726e-01
-1.3920348557e-01 -2.1435457028e-01
-1.2779426062e-01 -2.2134615232e-01
-1.1603476049e-01 -2.2773103994e-01
-1.0395721714e-01 -2.3349173261e-01
-9.1594734287e-02 -2.3861244067e-01
-7.8981196633e-02 -2.4307912862e-01
-6.6151177009e-02 -2.4687955358e-01
-5.3139841606e-02 -2.5000329883e-01
-3.9982853592e-02 -2.5244180243e-01
-2.6716275355e-02 -2.5418838059e-01
-1.3376469664e-02 -2.5523824606e-01
-4.6950849667e-17 -2.5558852125e-01
1.3376469664e-02 -2.5523824606e-01
2.6716275355e-02 -2.5418838059e-01
3.9982853592e-02 -2.5244180243e-01
5.3139841606e-02 -2.5000329883e-01
6.6151177009e-02 -2.4687955358e-01
7.8981196633e-02 -2.4307912862e-01
9.1594734287e-02 -2.3861244067e-01
1.0395721714e-01 -2.3349173261e-01
1.1603476049e-01 -2.2773103994e-01
1.2779426062e-01 -2.2134615232e-01
1.3920348557e-01 -2.1435457028e-01
1.5023116344e-01 -2.0677545726e-01
1.6084706814e-01 -1.9862958708e-01
1.7102210220e-01 -1.8993928702e-01
1.8072837657e-01 -1.8072837657e-01
1.8993928702e-01 -1.7102210220e-01
1.9862958708e-01 -1.6084706814e-01
2.0677545726e-01 -1.5023116344e-01
2.1435457028e-01 -1.3920348557e-01
2.2134615232e-01 -1.2779426062e-01
2.2773103994e-01 -1.1603476049e-01
2.3349173261e-01 -1.0395721714e-01
2.3861244067e-01 -9.1594734287e-02
2.4307912862e-01 -7.8981196633e-02
2.4687955358e-01 -6.6151177009e-02
2.5000329883e-01 -5.3139841606e-02
2.5244180243e-01 -3.9982853592e-02
2.5418838059e-01 -2.6716275355e-02
2.5523824606e-01 -1.3376469664e-02
2.5558852125e-01 -6.2601132889e-17

2.5620506760e-01 0.0000000000e+00
2.5585394746e-01 1.3408737207e-02
2.5480154943e-01 2.6780721998e-02
2.5305075807e-01 4.0079302691e-02
2.5060637217e-01 5.3268028801e-02
2.4747509162e-01 6.6310750947e-02
2.4366549905e-01 7.9171719934e-02
2.3918803628e-01 9.1815684740e-02
2.3405497573e-01 1.0420798914e-01
2.2828038676e-01 1.1631466668e-01
2.2188009712e-01 1.2810253380e-01
2.1487164956e-01 1.3953928078e-01
2.0727425373e-01 1.5059356030e-01
1.9910873359e-01 1.6123507333e-01
1.9039747025e-01 1.7143465224e-01
1.8116434068e-01 1.8116434068e-01
1.7143465224e-01 1.9039747025e-01
1.6123507333e-01 1.9910873359e-01
1.5059356030e-01 2.0727425373e-01
1.3953928078e-01 2.1487164956e-01
1.2810253380e-01 2.2188009712e-01
1.1631466668e-01 2.2828038676e-01
1.0420798914e-01 2.3405497573e-01
9.1815684740e-02 2.3918803628e-01
7.9171719934e-02 2.4366549905e-01
6.6310750947e-02 2.4747509162e-01
5.3268028801e-02 2.5060637217e-01
4.0079302691e-02 2.5305075807e-01
2.6780721998e-02 2.5480154943e-01
1.3408737207e-02 2.5585394746e-01
1.5688035798e-17 2.5620506760e-01
-1.3408737207e-02 2.5585394746e-01
-2.6780721998e-02 2.5480154943e-01
-4.0079302691e-02 2.5305075807e-01
-5.3268028801e-02 2.5060637217e-01
-6.6310750947e-02 2.4747509162e-01
-7.9171719934e-02 2.4366549905e-01
-9.1815684740e-02 2.3918803628e-01
-1.0420798914e-01 2.3405497573e-01
-1.1631466668e-01 2.2828038676e-01
-1.2810253380e-01 2.2188009712e-01
-1.3953928078e-01 2.1487164956e-01
-1.5059356030e-01 2.0727425373e-01
-1.6123507333e-01 1.9910873359e-01
-1.7143465224e-01 1.9039747025e-01
-1.8116434068e-01 1.8116434068e-01
-1.9039747025e-01 1.7143465224e-01
-1.9910873359e-01 1.6123507333e-01
-2.0727425373e-01 1.5059356030e-01
-2.1487164956e-01 1.3953928078e-01
-2.2188009712e-01 1.2810253380e-01
-2.2828038676e-01 1.1631466668e-01
-2.3405497573e-01 1.0420798914e-01
-2.3918803628e-01 9.1815684740e-02
-2.4366549905e-01 7.9171719934e-02
-2.4747509162e-01 6.6310750947e-02
-2.5060637217e-01 5.3268028801e-02
-2.5305075807e-01 4.0079302691e-02
-2.5480154943e-01 2.6780721998e-02
-2.5585394746e-01 1.3408737207e-02
-2.5620506760e-01 3.1376071596e-17
-2.5585394746e-01 -1.3408737207e-02
-2.5480154943e-01 -2.6780721998e-02
-2.5305075807e-01 -4.0079302691e-02
-2.5060637217e-01 -5.3268028801e-02
-2.4747509162e-01 -6.6310750947e-02
-2.4366549905e-01 -7.9171719934e-02
-2.3918803628e-01 -9.1815684740e-02
-2.3405497573e-01 -1.0420798914e-01
-2.2828038676e-01 -1.1631466668e-01
-2.2188009712e-01 -1.2810253380e-01
-2.1487164956e-01 -1.3953928078e-01
-2.0727425373e-01 -1.5059356030e-01
-1.9910873359e-01 -1.6123507333e-01
-1.9039747025e-01 -1.7143465224e-01
-1.8116434068e-01 -1.8116434068e-01
-1.7143465224e-01 -1.9039747025e-01
-1.6123507333e-01 -1.9910873359e-01
-1.5059356030e-01 -2.0727425373e-01
-1.3953928078e-01 -2.1487164956e-01
-1.2810253380e-01 -2.2188009712e-01
-1.1631466668e-01 -2.2828038676e-01
-1.0420798914e-01 -2.3405497573e-01
-9.1815684740e-02 -2.3918803628e-01
-7.9171719934e-02 -2.4366549905e-01
-6.6310750947e-02 -2.4747509162e-01
-5.3268028801e-02 -2.5060637217e-01
-4.0079302691e-02 -2.5305075807e-01
-2.6780721998e-02 -2.5480154943e-01
-1.3408737207e-02 -2.5585394746e-01
-4.7064107395e-17 -2.5620506760e-01
1.3408737207e-02 -2.5585394746e-01
2.6780721998e-02 -2.5480154943e-01
4.0079302691e-02 -2.5305075807e-01
5.3268028801e-02 -2.5060637217e-01
6.6310750947e-02 -2.4747509162e-01
7.9171719934e-02 -2.4366549905e-01
9.1815684740e-02 -2.3918803628e-01
1.0420798914e-01 -2.3405497573e-01
1.1631466668e-01 -2.2828038676e-01
1.2810253380e-01 -2.2188009712e-01
1.3953928078e-01 -2.1487164956e-01
1.5059356030e-01 -2.0727425373e-01
1.6123507333e-01 -1.9910873359e-01
1.7143465224e-01 -1.9039747025e-01
1.8116434068e-01 -1.8116434068e-01
1.9039747025e-01 -1.7143465224e-01
1.9910873359e-01 -1.6123507333e-01
2.0727425373e-01 -1.5059356030e-01
2.1487164956e-01 -1.3953928078e-01
2.2188009712e-01 -1.2810253380e-01
2.2828038676e-01 -1.1631466668e-01
2.3405497573e-01 -1.0420798914e-01
2.3918803628e-01 -9.1815684740e-02
2.4366549905e-01 -7.9171719934e-02
2.4747509162e-01 -6.6310750947e-02
2.5060637217e-01 -5.3268028801e-02
2.5305075807e-01 -4.0079302691e-02
2.5480154943e-01 -2.6780721998e-02
2.5585394746e-01 -1.3408737207e-02
2.5620506760e-01 -6.2752143193e-17

2.5688853039e-01 0.0000000000e+00
2.5653647359e-01 1.3444506886e-02
2.5548126815e-01 2.6852163313e-02
2.5372580630e-01 4.0186219827e-02
2.5127489966e-01 5.3410128706e-02
2.4813526599e-01 6.6487644135e-02
2.4431551079e-01 7.9382921552e-02
2.3982610377e-01 9.2060615899e-02
2.3467935006e-01 1.0448597850e-01
2.2888935657e-01 1.1662495229e-01
2.2247199326e-01 1.2844426520e-01
2.1544484968e-01 1.3991152130e-01
2.0782718675e-01 1.5099528965e-01
1.9963988394e-01 1.6166519040e-01
1.9090538209e-01 1.7189197811e-01
1.8164762185e-01 1.8164762185e-01
1.7189197811e-01 1.9090538209e-01
1.6166519040e-01 1.9963988394e-01
1.5099528965e-01 2.0782718675e-01
1.3991152130e-01 2.1544484968e-01
1.2844426520e-01 2.2247199326e-01
1.1662495229e-01 2.2888935657e-01
1.0448597850e-01 2.3467935006e-01
9.2060615899e-02 2.3982610377e-01
7.9382921552e-02 2.4431551079e-01
6.6487644135e-02 2.4813526599e-01
5.3410128706e-02 2.5127489966e-01
4.0186219827e-02 2.5372580630e-01
2.6852163313e-02 2.5548126815e-01
1.3444506886e-02 2.5653647359e-01
1.5729885824e-17 2.5688853039e-01
-1.3444506886e-02 2.5653647359e-01
-2.6852163313e-02 2.5548126815e-01
-4.0186219827e-02 2.5372580630e-01
-5.3410128706e-02 2.5127489966e-01
-6.6487644135e-02 2.4813526599e-01
-7.9382921552e-02 2.4431551079e-01
-9.2060615899e-02 2.3982610377e-01
-1.0448597850e-01 2.3467935006e-01
-1.1662495229e-01 2.2888935657e-01
-1.2844426520e-01 2.2247199326e-01
-1.3991152130e-01 2.1544484968e-01
-1.5099528965e-01 2.0782718675e-01
-1.6166519040e-01 1.9963988394e-01
-1.7189197811e-01 1.9090538209e-01
-1.8164762185e-01 1.8164762185e-01
-1.9090538209e-01 1.7189197811e-01
-1.9963988394e-01 1.6166519040e-01
-2.0782718675e-01 1.5099528965e-01
-2.1544484968e-01 1.3991152130e-01
-2.2247199326e-01 1.2844426520e-01
-2.2888935657e-01 1.1662495229e-01
-2.3467935006e-01 1.0448597850e-01
-2.3982610377e-01 9.2060615899e-02
-2.4431551079e-01 7.9382921552e-02
-2.4813526599e-01 6.6487644135e-02
-2.5127489966e-01 5.3410128706e-02
-2.5372580630e-01 4.0186219827e-02
-2.5548126815e-01 2.6852163313e-02
-2.5653647359e-01 1.3444506886e-02
-2.5688853039e-01 3.1459771649e-17
-2.5653647359e-01 -1.3444506886e-02
-2.5548126815e-01 -2.6852163313e-02
-2.5372580630e-01 -4.0186219827e-02
-2.5127489966e-01 -5.3410128706e-02
-2.4813526599e-01 -6.6487644135e-02
-2.4431551079e-01 -7.9382921552e-02
-2.3982610377e-01 -9.2060615899e-02
-2.3467935006e-01 -1.0448597850e-01
-2.2888935657e-01 -1.1662495229e-01
-2.2247199326e-01 -1.2844426520e-01
-2.1544484968e-01 -1.3991152130e-01
-2.0782718675e-01 -1.5099528965e-01
-1.9963988394e-01 -1.6166519040e-01
-1.9090538209e-01 -1.7189197811e-01
-1.8164762185e-01 -1.8164762185e-01
-1.7189197811e-01 -1.9090538209e-01
-1.6166519040e-01 -1.9963988394e-01
-1.5099528965e-01 -2.0782718675e-01
-1.3991152130e-01 -2.1544484968e-01
-1.2844426520e-01 -2.2247199326e-01
-1.1662495229e-01 -2.2888935657e-01
-1.0448597850e-01 -2.3467935006e-01
-9.2060615899e-02 -2.3982610377e-01
-7.9382921552e-02 -2.4431551079e-01
-6.6487644135e-02 -2.4813526599e-01
-5.3410128706e-02 -2.5127489966e-01
-4.0186219827e-02 -2.5372580630e-01
-2.6852163313e-02 -2.5548126815e-01
-1.3444506886e-02 -2.5653647359e-01
-4.7189657473e-17 -2.5688853039e-01
1.3444506886e-02 -2.5653647359e-01
2.6852163313e-02 -2.5548126815e-01
4.0186219827e-02 -2.5372580630e-01
5.3410128706e-02 -2.5127489966e-01
6.6487644135e-02 -2.4813526599e-01
7.9382921552e-02 -2.4431551079e-01
9.2060615899e-02 -2.3982610377e-01
1.0448597850e-01 -2.3467935006e-01
1.1662495229e-01 -2.2888935657e-01
1.2844426520e-01 -2.2247199326e-01
1.3991152130e-01 -2.1544484968e-01
1.5099528965e-01 -2.0782718675e-01
1.6166519040e-01 -1.9963988394e-01
1.7189197811e-01 -1.9090538209e-01
1.8164762185e-01 -1.8164762185e-01
1.9090538209e-01 -1.7189197811e-01
1.9963988394e-01 -1.6166519040e-01
2.0782718675e-01 -1.5099528965e-01
2.1544484968e-01 -1.3991152130e-01
2.2247199326e-01 -1.2844426520e-01
2.2888935657e-01 -1.1662495229e-01
2.3467935006e-01 -1.0448597850e-01
2.3982610377e-01 -9.2060615899e-02
2.4431551079e-01 -7.9382921552e-02
2.4813526599e-01 -6.6487644135e-02
2.5127489966e-01 -5.3410128706e-02
2.5372580630e-01 -4.0186219827e-02
2.5548126815e-01 -2.6852163313e-02
2.5653647359e-01 -1.3444506886e-02
2.5688853039e-01 -6.2919543297e-17

2.5764617236e-01 0.0000000000e+00
2.5729307723e-01 1.3484158803e-02
2.5623475967e-01 2.6931358463e-02
2.5447412044e-01 4.0304741142e-02
2.5201598533e-01 5.3567651328e-02
2.4886709192e-01 6.6683736304e-02
2.4503607112e-01 7.9617045794e-02
2.4053342347e-01 9.2332130496e-02
2.3537149044e-01 1.0479413925e-01
2.2956442050e-01 1.1696891454e-01
2.2312813045e-01 1.2882308618e-01
2.1608026170e-01 1.4032416269e-01
2.0844013197e-01 1.5144062042e-01
2.0022868233e-01 1.6214198994e-01
1.9146841979e-01 1.7239893954e-01
1.8218335562e-01 1.8218335562e-01
1.7239893954e-01 1.9146841979e-01
1.6214198994e-01 2.0022868233e-01
1.5144062042e-01 2.0844013197e-01
1.4032416269e-01 2.1608026170e-01
1.2882308618e-01 2.2312813045e-01
1.1696891454e-01 2.2956442050e-01
1.0479413925e-01 2.3537149044e-01
9.2332130496e-02 2.4053342347e-01
7.9617045794e-02 2.4503607112e-01
6.6683736304e-02 2.4886709192e-01
5.3567651328e-02 2.5201598533e-01
4.0304741142e-02 2.5447412044e-01
2.6931358463e-02 2.5623475967e-01
1.3484158803e-02 2.5729307723e-01
1.5776278014e-17 2.5764617236e-01
-1.3484158803e-02 2.5729307723e-01
-2.6931358463e-02 2.5623475967e-01
-4.0304741142e-02 2.5447412044e-01
-5.3567651328e-02 2.5201598533e-01
-6.6683736304e-02 2.4886709192e-01
-7.9617045794e-02 2.4503607112e-01
-9.2332130496e-02 2.4053342347e-01
-1.0479413925e-01 2.3537149044e-01
-1.1696891454e-01 2.2956442050e-01
-1.2882308618e-01 2.2312813045e-01
-1.4032416269e-01 2.1608026170e-01
-1.5144062042e-01 2.0844013197e-01
-1.6214198994e-01 2.0022868233e-01
-1.7239893954e-01 1.9146841979e-01
-1.8218335562e-01 1.8218335562e-01
-1.9146841979e-01 1.7239893954e-01
-2.0022868233e-01 1.6214198994e-01
-2.0844013197e-01 1.5144062042e-01
-2.1608026170e-01 1.4032416269e-01
-2.2312813045e-01 1.2882308618e-01
-2.2956442050e-01 1.1696891454e-01
-2.3537149044e-01 1.0479413925e-01
-2.4053342347e-01 9.2332130496e-02
-2.4503607112e-01 7.9617045794e-02
-2.4886709192e-01 6.6683736304e-02
-2.5201598533e-01 5.3567651328e-02
-2.5447412044e-01 4.0304741142e-02
-2.5623475967e-01 2.6931358463e-02
-2.5729307723e-01 1.3484158803e-02
-2.5764617236e-01 3.1552556029e-17
-2.5729307723e-01 -1.3484158803e-02
-2.5623475967e-01 -2.6931358463e-02
-2.5447412044e-01 -4.0304741142e-02
-2.5201598533e-01 -5.3567651328e-02
-2.4886709192e-01 -6.6683736304e-02
-2.4503607112e-01 -7.9617045794e-02
-2.4053342347e-01 -9.2332130496e-02
-2.3537149044e-01 -1.0479413925e-01
-2.2956442050e-01 -1.1696891454e-01
-2.2312813045e-01 -1.2882308618e-01
-2.1608026170e-01 -1.4032416269e-01
-2.0844013197e-01 -1.5144062042e-01
-2.0022868233e-01 -1.6214198994e-01
-1.9146841979e-01 -1.7239893954e-01
-1.8218335562e-01 -1.8218335562e-01
-1.7239893954e-01 -1.9146841979e-01
-1.6214198994e-01 -2.0022868233e-01
-1.5144062042e-01 -2.0844013197e-01
-1.4032416269e-01 -2.1608026170e-01
-1.2882308618e-01 -2.2312813045e-01
-1.1696891454e-01 -2.2956442050e-01
-1.0479413925e-01 -2.3537149044e-01
-9.2332130496e-02 -2.4053342347e-01
-7.9617045794e-02 -2.4503607112e-01
-6.6683736304e-02 -2.4886709192e-01
-5.3567651328e-02 -2.5201598533e-01
-4.0304741142e-02 -2.5447412044e-01
-2.6931358463e-02 -2.5623475967e-01
-1.3484158803e-02 -2.5729307723e-01
-4.7328834043e-17 -2.5764617236e-01
1.3484158803e-02 -2.5729307723e-01
2.6931358463e-02 -2.5623475967e-01
4.0304741142e-02 -2.5447412044e-01
5.3567651328e-02 -2.5201598533e-01
6.6683736304e-02 -2.4886709192e-01
7.9617045794e-02 -2.4503607112e-01
9.2332130496e-02 -2.4053342347e-01
1.0479413925e-01 -2.3537149044e-01
1.1696891454e-01 -2.2956442050e-01
1.2882308618e-01 -2.2312813045e-01
1.4032416269e-01 -2.1608026170e-01
1.5144062042e-01 -2.0844013197e-01
1.6214198994e-01 -2.0022868233e-01
1.7239893954e-01 -1.9146841979e-01
1.8218335562e-01 -1.8218335562e-01
1.9146841979e-01 -1.7239893954e-01
2.0022868233e-01 -1.6214198994e-01
2.0844013197e-01 -1.5144062042e-01
2.1608026170e-01 -1.4032416269e-01
2.2312813045e-01 -1.2882308618e-01
2.2956442050e-01 -1.1696891454e-01
2.3537149044e-01 -1.0479413925e-01
2.4053342347e-01 -9.2332130496e-02
2.4503607112e-01 -7.9617045794e-02
2.4886709192e-01 -6.6683736304e-02
2.5201598533e-01 -5.3567651328e-02
2.5447412044e-01 -4.0304741142e-02
2.5623475967e-01 -2.6931358463e-02
2.5729307723e-01 -1.3484158803e-02
2.5764617236e-01 -6.3105112058e-17

2.5848604447e-01 0.0000000000e+00
2.5813179833e-01 1.3528114313e-02
2.5707003088e-01 2.7019149005e-02
2.5530365233e-01 4.0436126088e-02
2.5283750423e-01 5.3742270560e-02
2.4967834609e-01 6.6901111203e-02
2.4583483697e-01 7.9876580551e-02
2.4131751164e-01 9.2633113745e-02
2.3613875179e-01 1.0513574601e-01
2.3031275204e-01 1.1735020851e-01
2.2385548104e-01 1.2924302224e-01
2.1678463773e-01 1.4078158983e-01
2.0911960279e-01 1.5193428487e-01
2.0088138556e-01 1.6267053859e-01
1.9209256641e-01 1.7296092367e-01
1.8277723489e-01 1.8277723489e-01
1.7296092367e-01 1.9209256641e-01
1.6267053859e-01 2.0088138556e-01
1.5193428487e-01 2.0911960279e-01
1.4078158983e-01 2.1678463773e-01
1.2924302224e-01 2.2385548104e-01
1.1735020851e-01 2.3031275204e-01
1.0513574601e-01 2.3613875179e-01
9.2633113745e-02 2.4131751164e-01
7.9876580551e-02 2.4583483697e-01
6.6901111203e-02 2.4967834609e-01
5.3742270560e-02 2.5283750423e-01
4.0436126088e-02 2.5530365233e-01
2.7019149005e-02 2.5707003088e-01
1.3528114313e-02 2.5813179833e-01
1.5827705350e-17 2.5848604447e-01
-1.3528114313e-02 2.5813179833e-01
-2.7019149005e-02 2.5707003088e-01
-4.0436126088e-02 2.5530365233e-01
-5.3742270560e-02 2.5283750423e-01
-6.6901111203e-02 2.4967834609e-01
-7.9876580551e-02 2.4583483697e-01
-9.2633113745e-02 2.4131751164e-01
-1.0513574601e-01 2.3613875179e-01
-1.1735020851e-01 2.3031275204e-01
-1.2924302224e-01 2.2385548104e-01
-1.4078158983e-01 2.1678463773e-01
-1.5193428487e-01 2.0911960279e-01
-1.6267053859e-01 2.0088138556e-01
-1.7296092367e-01 1.9209256641e-01
-1.8277723489e-01 1.8277723489e-01
-1.9209256641e-01 1.7296092367e-01
-2.0088138556e-01 1.6267053859e-01
-2.0911960279e-01 1.5193428487e-01
-2.1678463773e-01 1.4078158983e-01
-2.2385548104e-01 1.2924302224e-01
-2.3031275204e-01 1.1735020851e-01
-2.3613875179e-01 1.0513574601e-01
-2.4131751164e-01 9.2633113745e-02
-2.4583483697e-01 7.9876580551e-02
-2.4967834609e-01 6.6901111203e-02
-2.5283750423e-01 5.3742270560e-02
-2.5530365233e-01 4.0436126088e-02
-2.5707003088e-01 2.7019149005e-02
-2.5813179833e-01 1.3528114313e-02
-2.5848604447e-01 3.1655410699e-17
-2.5813179833e-01 -1.3528114313e-02
-2.5707003088e-01 -2.7019149005e-02
-2.5530365233e-01 -4.0436126088e-02
-2.5283750423e-01 -5.3742270560e-02
-2.4967834609e-01 -6.6901111203e-02
-2.4583483697e-01 -7.9876580551e-02
-2.4131751164e-01 -9.2633113745e-02
-2.3613875179e-01 -1.0513574601e-01
-2.3031275204e-01 -1.1735020851e-01
-2.2385548104e-01 -1.2924302224e-01
-2.1678463773e-01 -1.4078158983e-01
-2.0911960279e-01 -1.5193428487e-01
-2.0088138556e-01 -1.6267053859e-01
-1.9209256641e-01 -1.7296092367e-01
-1.8277723489e-01 -1.8277723489e-01
-1.7296092367e-01 -1.9209256641e-01
-1.6267053859e-01 -2.0088138556e-01
-1.5193428487e-01 -2.0911960279e-01
-1.4078158983e-01 -2.1678463773e-01
-1.2924302224e-01 -2.2385548104e-01
-1.1735020851e-01 -2.3031275204e-01
-1.0513574601e-01 -2.3613875179e-01
-9.2633113745e-02 -2.4131751164e-01
-7.9876580551e-02 -2.4583483697e-01
-6.6901111203e-02 -2.4967834609e-01
-5.3742270560e-02 -2.5283750423e-01
-4.0436126088e-02 -2.5530365233e-01
-2.7019149005e-02 -2.5707003088e-01
-1.3528114313e-02 -2.5813179833e-01
-4.7483116049e-17 -2.5848604447e-01
1.3528114313e-02 -2.5813179833e-01
2.7019149005e-02 -2.5707003088e-01
4.0436126088e-02 -2.5530365233e-01
5.3742270560e-02 -2.5283750423e-01
6.6901111203e-02 -2.4967834609e-01
7.9876580551e-02 -2.4583483697e-01
9.2633113745e-02 -2.4131751164e-01
1.0513574601e-01 -2.3613875179e-01
1.1735020851e-01 -2.3031275204e-01
1.2924302224e-01 -2.2385548104e-01
1.4078158983e-01 -2.1678463773e-01
1.5193428487e-01 -2.0911960279e-01
1.6267053859e-01 -2.0088138556e-01
1.7296092367e-01 -1.9209256641e-01
1.8277723489e-01 -1.8277723489e-01
1.9209256641e-01 -1.7296092367e-01
2.0088138556e-01 -1.6267053859e-01
2.0911960279e-01 -1.5193428487e-01
2.1678463773e-01 -1.4078158983e-01
2.2385548104e-01 -1.2924302224e-01
2.3031275204e-01 -1.1735020851e-01
2.3613875179e-01 -1.0513574601e-01
2.4131751164e-01 -9.2633113745e-02
2.4583483697e-01 -7.9876580551e-02
2.4967834609e-01 -6.6901111203e-02
2.5283750423e-01 -5.3742270560e-02
2.5530365233e-01 -4.0436126088e-02
2.5707003088e-01 -2.7019149005e-02
2.5813179833e-01 -1.3528114313e-02
2.5848604447e-01 -6.3310821398e-17

2.5941707154e-01 0.0000000000e+00
2.5906154946e-01 1.3576840505e-02
2.5799595768e-01 2.7116467834e-02
2.5622321691e-01 4.0581770809e-02
2.5374818612e-01 5.3935841971e-02
2.5057764918e-01 6.7142078740e-02
2.4672029633e-01 8.0164283737e-02
2.4218670029e-01 9.2966764005e-02
2.3698928734e-01 1.0551442884e-01
2.3114230323e-01 1.1777288595e-01
2.2466177413e-01 1.2970853577e-01
2.1756546272e-01 1.4128866351e-01
2.0987281951e-01 1.5248152885e-01
2.0160492948e-01 1.6325645291e-01
1.9278445436e-01 1.7358390238e-01
1.8343557044e-01 1.8343557044e-01
1.7358390238e-01 1.9278445436e-01
1.6325645291e-01 2.0160492948e-01
1.5248152885e-01 2.0987281951e-01
1.4128866351e-01 2.1756546272e-01
1.2970853577e-01 2.2466177413e-01
1.1777288595e-01 2.3114230323e-01
1.0551442884e-01 2.3698928734e-01
9.2966764005e-02 2.4218670029e-01
8.0164283737e-02 2.4672029633e-01
6.7142078740e-02 2.5057764918e-01
5.3935841971e-02 2.5374818612e-01
4.0581770809e-02 2.5622321691e-01
2.7116467834e-02 2.5799595768e-01
1.3576840505e-02 2.5906154946e-01
1.5884714315e-17 2.5941707154e-01
-1.3576840505e-02 2.5906154946e-01
-2.7116467834e-02 2.5799595768e-01
-4.0581770809e-02 2.5622321691e-01
-5.3935841971e-02 2.5374818612e-01
-6.7142078740e-02 2.5057764918e-01
-8.0164283737e-02 2.4672029633e-01
-9.2966764005e-02 2.4218670029e-01
-1.0551442884e-01 2.3698928734e-01
-1.1777288595e-01 2.3114230323e-01
-1.2970853577e-01 2.2466177413e-01
-1.4128866351e-01 2.1756546272e-01
-1.5248152885e-01 2.0987281951e-01
-1.6325645291e-01 2.0160492948e-01
-1.7358390238e-01 1.9278445436e-01
-1.8343557044e-01 1.8343557044e-01
-1.9278445436e-01 1.7358390238e-01
-2.0160492948e-01 1.6325645291e-01
-2.0987281951e-01 1.5248152885e-01
-2.1756546272e-01 1.4128866351e-01
-2.2466177413e-01 1.2970853577e-01
-2.3114230323e-01 1.1777288595e-01
-2.3698928734e-01 1.0551442884e-01
-2.4218670029e-01 9.2966764005e-02
-2.4672029633e-01 8.0164283737e-02
-2.5057764918e-01 6.7142078740e-02
-2.5374818612e-01 5.3935841971e-02
-2.5622321691e-01 4.0581770809e-02
-2.5799595768e-01 2.7116467834e-02
-2.5906154946e-01 1.3576840505e-02
-2.5941707154e-01 3.1769428631e-17
-2.5906154946e-01 -1.3576840505e-02
-2.5799595768e-01 -2.7116467834e-02
-2.5622321691e-01 -4.0581770809e-02
-2.5374818612e-01 -5.3935841971e-02
-2.5057764918e-01 -6.7142078740e-02
-2.4672029633e-01 -8.0164283737e-02
-2.4218670029e-01 -9.2966764005e-02
-2.3698928734e-01 -1.0551442884e-01
-2.3114230323e-01 -1.1777288595e-01
-2.2466177413e-01 -1.2970853577e-01
-2.1756546272e-01 -1.4128866351e-01
-2.0987281951e-01 -1.5248152885e-01
-2.0160492948e-01 -1.6325645291e-01
-1.9278445436e-01 -1.7358390238e-01
-1.8343557044e-01 -1.8343557044e-01
-1.7358390238e-01 -1.9278445436e-01
-1.6325645291e-01 -2.0160492948e-01
-1.5248152885e-01 -2.0987281951e-01
-1.4128866351e-01 -2.1756546272e-01
-1.2970853577e-01 -2.2466177413e-01
-1.1777288595e-01 -2.3114230323e-01
-1.0551442884e-01 -2.3698928734e-01
-9.2966764005e-02 -2.4218670029e-01
-8.0164283737e-02 -2.4672029633e-01
-6.7142078740e-02 -2.5057764918e-01
-5.3935841971e-02 -2.5374818612e-01
-4.0581770809e-02 -2.5622321691e-01
-2.7116467834e-02 -2.5799595768e-01
-1.3576840505e-02 -2.5906154946e-01
-4.7654142946e-17 -2.5941707154e-01
1.3576840505e-02 -2.5906154946e-01
2.7116467834e-02 -2.5799595768e-01
4.0581770809e-02 -2.5622321691e-01
5.3935841971e-02 -2.5374818612e-01
6.7142078740e-02 -2.5057764918e-01
8.0164283737e-02 -2.4672029633e-01
9.2966764005e-02 -2.4218670029e-01
1.0551442884e-01 -2.3698928734e-01
1.1777288595e-01 -2.3114230323e-01
1.2970853577e-01 -2.2466177413e-01
1.4128866351e-01 -2.1756546272e-01
1.5248152885e-01 -2.0987281951e-01
1.6325645291e-01 -2.0160492948e-01
1.7358390238e-01 -1.9278445436e-01
1.8343557044e-01 -1.8343557044e-01
1.9278445436e-01 -1.7358390238e-01
2.0160492948e-01 -1.6325645291e-01
2.0987281951e-01 -1.5248152885e-01
2.1756546272e-01 -1.4128866351e-01
2.2466177413e-01 -1.2970853577e-01
2.3114230323e-01 -1.1777288595e-01
2.3698928734e-01 -1.0551442884e-01
2.4218670029e-01 -9.2966764005e-02
2.4672029633e-01 -8.0164283737e-02
2.5057764918e-01 -6.7142078740e-02
2.5374818612e-01 -5.3935841971e-02
2.5622321691e-01 -4.0581770809e-02
2.5799595768e-01 -2.7116467834e-02
2.5906154946e-01 -1.3576840505e-02
2.5941707154e-01 -6.3538857262e-17

2.6044914700e-01 0.0000000000e+00
2.6009221049e-01 1.3630855161e-02
2.5902237932e-01 2.7224349095e-02
2.5724258581e-01 4.0743222981e-02
2.5475770825e-01 5.4150422524e-02
2.5157455752e-01 6.7409199524e-02
2.4770185842e-01 8.0483212593e-02
2.4315022574e-01 9.3336626771e-02
2.3793213519e-01 1.0593421174e-01
2.3206188919e-01 1.1824143840e-01
2.2555557769e-01 1.3022457350e-01
2.1843103403e-01 1.4185077209e-01
2.1070778609e-01 1.5308816758e-01
2.0240700275e-01 1.6390595904e-01
1.9355143589e-01 1.7427449566e-01
1.8416535800e-01 1.8416535800e-01
1.7427449566e-01 1.9355143589e-01
1.6390595904e-01 2.0240700275e-01
1.5308816758e-01 2.1070778609e-01
1.4185077209e-01 2.1843103403e-01
1.3022457350e-01 2.2555557769e-01
1.1824143840e-01 2.3206188919e-01
1.0593421174e-01 2.3793213519e-01
9.3336626771e-02 2.4315022574e-01
8.0483212593e-02 2.4770185842e-01
6.7409199524e-02 2.5157455752e-01
5.4150422524e-02 2.5475770825e-01
4.0743222981e-02 2.5724258581e-01
2.7224349095e-02 2.5902237932e-01
1.3630855161e-02 2.6009221049e-01
1.5947910711e-17 2.6044914700e-01
-1.3630855161e-02 2.6009221049e-01
-2.7224349095e-02 2.5902237932e-01
-4.0743222981e-02 2.5724258581e-01
-5.4150422524e-02 2.5475770825e-01
-6.7409199524e-02 2.5157455752e-01
-8.0483212593e-02 2.4770185842e-01
-9.3336626771e-02 2.4315022574e-01
-1.0593421174e-01 2.3793213519e-01
-1.1824143840e-01 2.3206188919e-01
-1.3022457350e-01 2.2555557769e-01
-1.4185077209e-01 2.1843103403e-01
-1.5308816758e-01 2.1070778609e-01
-1.6390595904e-01 2.0240700275e-01
-1.7427449566e-01 1.9355143589e-01
-1.8416535800e-01 1.8416535800e-01
-1.9355143589e-01 1.7427449566e-01
-2.0240700275e-01 1.6390595904e-01
-2.1070778609e-01 1.5308816758e-01
-2.1843103403e-01 1.4185077209e-01
-2.2555557769e-01 1.3022457350e-01
-2.3206188919e-01 1.1824143840e-01
-2.3793213519e-01 1.0593421174e-01
-2.4315022574e-01 9.3336626771e-02
-2.4770185842e-01 8.0483212593e-02
-2.5157455752e-01 6.7409199524e-02
-2.5475770825e-01 5.4150422524e-02
-2.5724258581e-01 4.0743222981e-02
-2.5902237932e-01 2.7224349095e-02
-2.6009221049e-01 1.3630855161e-02
-2.6044914700e-01 3.1895821421e-17
-2.6009221049e-01 -1.3630855161e-02
-2.5902237932e-01 -2.7224349095e-02
-2.5724258581e-01 -4.0743222981e-02
-2.5475770825e-01 -5.4150422524e-02
-2.5157455752e-01 -6.7409199524e-02
-2.4770185842e-01 -8.0483212593e-02
-2.4315022574e-01 -9.3336626771e-02
-2.3793213519e-01 -1.0593421174e-01
-2.3206188919e-01 -1.1824143840e-01
-2.2555557769e-01 -1.3022457350e-01
-2.1843103403e-01 -1.4185077209e-01
-2.1070778609e-01 -1.5308816758e-01
-2.0240700275e-01 -1.6390595904e-01
-1.9355143589e-01 -1.7427449566e-01
-1.8416535800e-01 -1.8416535800e-01
-1.7427449566e-01 -1.9355143589e-01
-1.6390595904e-01 -2.0240700275e-01
-1.5308816758e-01 -2.1070778609e-01
-1.4185077209e-01 -2.1843103403e-01
-1.3022457350e-01 -2.2555557769e-01
-1.1824143840e-01 -2.3206188919e-01
-1.0593421174e-01 -2.3793213519e-01
-9.3336626771e-02 -2.4315022574e-01
-8.0483212593e-02 -2.4770185842e-01
-6.7409199524e-02 -2.5157455752e-01
-5.4150422524e-02 -2.5475770825e-01
-4.0743222981e-02 -2.5724258581e-01
-2.7224349095e-02 -2.5902237932e-01
-1.3630855161e-02 -2.6009221049e-01
-4.7843732132e-17 -2.6044914700e-01
1.3630855161e-02 -2.6009221049e-01
2.7224349095e-02 -2.5902237932e-01
4.0743222981e-02 -2.5724258581e-01
5.4150422524e-02 -2.5475770825e-01
6.7409199524e-02 -2.5157455752e-01
8.0483212593e-02 -2.4770185842e-01
9.3336626771e-02 -2.4315022574e-01
1.0593421174e-01 -2.3793213519e-01
1.1824143840e-01 -2.3206188919e-01
1.3022457350e-01 -2.2555557769e-01
1.4185077209e-01 -2.1843103403e-01
1.5308816758e-01 -2.1070778609e-01
1.6390595904e-01 -2.0240700275e-01
1.7427449566e-01 -1.9355143589e-01
1.8416535800e-01 -1.8416535800e-01
1.9355143589e-01 -1.7427449566e-01
2.0240700275e-01 -1.6390595904e-01
2.1070778609e-01 -1.5308816758e-01
2.1843103403e-01 -1.4185077209e-01
2.2555557769e-01 -1.3022457350e-01
2.3206188919e-01 -1.1824143840e-01
2.3793213519e-01 -1.0593421174e-01
2.4315022574e-01 -9.3336626771e-02
2.4770185842e-01 -8.0483212593e-02
2.5157455752e-01 -6.7409199524e-02
2.5475770825e-01 -5.4150422524e-02
2.5724258581e-01 -4.0743222981e-02
2.5902237932e-01 -2.7224349095e-02
2.6009221049e-01 -1.3630855161e-02
2.6044914700e-01 -6.3791642842e-17

2.6159323806e-01 0.0000000000e+00
2.6123473362e-01 1.3690732261e-02
2.6016020293e-01 2.7343939176e-02
2.5837259121e-01 4.0922198254e-02
2.5587679818e-01 5.4388292432e-02
2.5267966463e-01 6.7705312081e-02
2.4878995368e-01 8.0836756175e-02
2.4421832676e-01 9.3746632339e-02
2.3897731438e-01 1.0639955550e-01
2.3308128180e-01 1.1876084488e-01
2.2654638962e-01 1.3079661903e-01
2.1939054954e-01 1.4247388874e-01
2.1163337521e-01 1.5376064743e-01
2.0329612850e-01 1.6462595887e-01
1.9440166125e-01 1.7504004200e-01
1.8497435255e-01 1.8497435255e-01
1.7504004200e-01 1.9440166125e-01
1.6462595887e-01 2.0329612850e-01
1.5376064743e-01 2.1163337521e-01
1.4247388874e-01 2.1939054954e-01
1.3079661903e-01 2.2654638962e-01
1.1876084488e-01 2.3308128180e-01
1.0639955550e-01 2.3897731438e-01
9.3746632339e-02 2.4421832676e-01
8.0836756175e-02 2.4878995368e-01
6.7705312081e-02 2.5267966463e-01
5.4388292432e-02 2.5587679818e-01
4.0922198254e-02 2.5837259121e-01
2.7343939176e-02 2.6016020293e-01
1.3690732261e-02 2.6123473362e-01
1.6017966084e-17 2.6159323806e-01
-1.3690732261e-02 2.6123473362e-01
-2.7343939176e-02 2.6016020293e-01
-4.0922198254e-02 2.5837259121e-01
-5.4388292432e-02 2.5587679818e-01
-6.7705312081e-02 2.5267966463e-01
-8.0836756175e-02 2.4878995368e-01
-9.3746632339e-02 2.4421832676e-01
-1.0639955550e-01 2.3897731438e-01
-1.1876084488e-01 2.3308128180e-01
-1.3079661903e-01 2.2654638962e-01
-1.4247388874e-01 2.1939054954e-01
-1.5376064743e-01 2.1163337521e-01
-1.6462595887e-01 2.0329612850e-01
-1.7504004200e-01 1.9440166125e-01
-1.8497435255e-01 1.8497435255e-01
-1.9440166125e-01 1.7504004200e-01
-2.0329612850e-01 1.6462595887e-01
-2.1163337521e-01 1.5376064743e-01
-2.1939054954e-01 1.4247388874e-01
-2.2654638962e-01 1.3079661903e-01
-2.3308128180e-01 1.1876084488e-01
-2.3897731438e-01 1.0639955550e-01
-2.4421832676e-01 9.3746632339e-02
-2.4878995368e-01 8.0836756175e-02
-2.5267966463e-01 6.7705312081e-02
-2.5587679818e-01 5.4388292432e-02
-2.5837259121e-01 4.0922198254e-02
-2.6016020293e-01 2.7343939176e-02
-2.6123473362e-01 1.3690732261e-02
-2.6159323806e-01 3.2035932167e-17
-2.6123473362e-01 -1.3690732261e-02
-2.6016020293e-01 -2.7343939176e-02
-2.5837259121e-01 -4.0922198254e-02
-2.5587679818e-01 -5.4388292432e-02
-2.5267966463e-01 -6.7705312081e-02
-2.4878995368e-01 -8.0836756175e-02
-2.4421832676e-01 -9.3746632339e-02
-2.3897731438e-01 -1.0639955550e-01
-2.3308128180e-01 -1.1876084488e-01
-2.2654638962e-01 -1.3079661903e-01
-2.1939054954e-01 -1.4247388874e-01
-2.1163337521e-01 -1.5376064743e-01
-2.0329612850e-01 -1.6462595887e-01
-1.9440166125e-01 -1.7504004200e-01
-1.8497435255e-01 -1.8497435255e-01
-1.7504004200e-01 -1.9440166125e-01
-1.6462595887e-01 -2.0329612850e-01
-1.5376064743e-01 -2.1163337521e-01
-1.4247388874e-01 -2.1939054954e-01
-1.3079661903e-01 -2.2654638962e-01
-1.1876084488e-01 -2.3308128180e-01
-1.0639955550e-01 -2.3897731438e-01
-9.3746632339e-02 -2.4421832676e-01
-8.0836756175e-02 -2.4878995368e-01
-6.7705312081e-02 -2.5267966463e-01
-5.4388292432e-02 -2.5587679818e-01
-4.0922198254e-02 -2.5837259121e-01
-2.7343939176e-02 -2.6016020293e-01
-1.3690732261e-02 -2.6123473362e-01
-4.8053898251e-17 -2.6159323806e-01
1.3690732261e-02 -2.6123473362e-01
2.7343939176e-02 -2.6016020293e-01
4.0922198254e-02 -2.5837259121e-01
5.4388292432e-02 -2.5587679818e-01
6.7705312081e-02 -2.5267966463e-01
8.0836756175e-02 -2.4878995368e-01
9.3746632339e-02 -2.4421832676e-01
1.0639955550e-01 -2.3897731438e-01
1.1876084488e-01 -2.3308128180e-01
1.3079661903e-01 -2.2654638962e-01
1.4247388874e-01 -2.1939054954e-01
1.5376064743e-01 -2.1163337521e-01
1.6462595887e-01 -2.0329612850e-01
1.7504004200e-01 -1.9440166125e-01
1.8497435255e-01 -1.8497435255e-01
1.9440166125e-01 -1.7504004200e-01
2.0329612850e-01 -1.6462595887e-01
2.1163337521e-01 -1.5376064743e-01
2.1939054954e-01 -1.4247388874e-01
2.2654638962e-01 -1.3079661903e-01
2.3308128180e-01 -1.1876084488e-01
2.3897731438e-01 -1.0639955550e-01
2.4421832676e-01 -9.3746632339e-02
2.4878995368e-01 -8.0836756175e-02
2.5267966463e-01 -6.7705312081e-02
2.5587679818e-01 -5.4388292432e-02
2.5837259121e-01 -4.0922198254e-02
2.6016020293e-01 -2.7343939176e-02
2.6123473362e-01 -1.3690732261e-02
2.6159323806e-01 -6.4071864334e-17

2.6286150227e-01 0.0000000000e+00
2.6250125972e-01 1.3757108081e-02
2.6142151946e-01 2.7476508885e-02
2.5962524099e-01 4.1120598488e-02
2.5711734777e-01 5.4651979388e-02
2.5390471378e-01 6.8033563012e-02
2.4999614462e-01 8.1228671369e-02
2.4540235340e-01 9.4201137584e-02
2.4013593139e-01 1.0691540503e-01
2.3421131348e-01 1.1933662478e-01
2.2764473864e-01 1.3143075114e-01
2.2045420540e-01 1.4316463494e-01
2.1265942251e-01 1.5450611443e-01
2.0428175491e-01 1.6542410340e-01
1.9534416523e-01 1.7588867640e-01
1.8587115077e-01 1.8587115077e-01
1.7588867640e-01 1.9534416523e-01
1.6542410340e-01 2.0428175491e-01
1.5450611443e-01 2.1265942251e-01
1.4316463494e-01 2.2045420540e-01
1.3143075114e-01 2.2764473864e-01
1.1933662478e-01 2.3421131348e-01
1.0691540503e-01 2.4013593139e-01
9.4201137584e-02 2.4540235340e-01
8.1228671369e-02 2.4999614462e-01
6.8033563012e-02 2.5390471378e-01
5.4651979388e-02 2.5711734777e-01
4.1120598488e-02 2.5962524099e-01
2.7476508885e-02 2.6142151946e-01
1.3757108081e-02 2.6250125972e-01
1.6095624869e-17 2.6286150227e-01
-1.3757108081e-02 2.6250125972e-01
-2.7476508885e-02 2.6142151946e-01
-4.1120598488e-02 2.5962524099e-01
-5.4651979388e-02 2.5711734777e-01
-6.8033563012e-02 2.5390471378e-01
-8.1228671369e-02 2.4999614462e-01
-9.4201137584e-02 2.4540235340e-01
-1.0691540503e-01 2.4013593139e-01
-1.1933662478e-01 2.3421131348e-01
-1.3143075114e-01 2.2764473864e-01
-1.4316463494e-01 2.2045420540e-01
-1.5450611443e-01 2.1265942251e-01
-1.6542410340e-01 2.0428175491e-01
-1.7588867640e-01 1.9534416523e-01
-1.8587115077e-01 1.8587115077e-01
-1.9534416523e-01 1.7588867640e-01
-2.0428175491e-01 1.6542410340e-01
-2.1265942251e-01 1.5450611443e-01
-2.2045420540e-01 1.4316463494e-01
-2.2764473864e-01 1.3143075114e-01
-2.3421131348e-01 1.1933662478e-01
-2.4013593139e-01 1.0691540503e-01
-2.4540235340e-01 9.4201137584e-02
-2.4999614462e-01 8.1228671369e-02
-2.5390471378e-01 6.8033563012e-02
-2.5711734777e-01 5.4651979388e-02
-2.5962524099e-01 4.1120598488e-02
-2.6142151946e-01 2.7476508885e-02
-2.6250125972e-01 1.3757108081e-02
-2.6286150227e-01 3.2191249738e-17
-2.6250125972e-01 -1.3757108081e-02
-2.6142151946e-01 -2.7476508885e-02
-2.5962524099e-01 -4.1120598488e-02
-2.5711734777e-01 -5.4651979388e-02
-2.5390471378e-01 -6.8033563012e-02
-2.4999614462e-01 -8.1228671369e-02
-2.4540235340e-01 -9.4201137584e-02
-2.4013593139e-01 -1.0691540503e-01
-2.3421131348e-01 -1.1933662478e-01
-2.2764473864e-01 -1.3143075114e-01
-2.2045420540e-01 -1.4316463494e-01
-2.1265942251e-01 -1.5450611443e-01
-2.0428175491e-01 -1.6542410340e-01
-1.9534416523e-01 -1.7588867640e-01
-1.8587115077e-01 -1.8587115077e-01
-1.7588867640e-01 -1.9534416523e-01
-1.6542410340e-01 -2.0428175491e-01
-1.5450611443e-01 -2.1265942251e-01
-1.4316463494e-01 -2.2045420540e-01
-1.3143075114e-01 -2.2764473864e-01
-1.1933662478e-01 -2.3421131348e-01
-1.0691540503e-01 -2.4013593139e-01
-9.4201137584e-02 -2.4540235340e-01
-8.1228671369e-02 -2.4999614462e-01
-6.8033563012e-02 -2.5390471378e-01
-5.4651979388e-02 -2.5711734777e-01
-4.1120598488e-02 -2.5962524099e-01
-2.7476508885e-02 -2.6142151946e-01
-1.3757108081e-02 -2.6250125972e-01
-4.8286874607e-17 -2.6286150227e-01
1.3757108081e-02 -2.6250125972e-01
2.7476508885e-02 -2.6142151946e-01
4.1120598488e-02 -2.5962524099e-01
5.4651979388e-02 -2.5711734777e-01
6.8033563012e-02 -2.5390471378e-01
8.1228671369e-02 -2.4999614462e-01
9.4201137584e-02 -2.4540235340e-01
1.0691540503e-01 -2.4013593139e-01
1.1933662478e-01 -2.3421131348e-01
1.3143075114e-01 -2.2764473864e-01
1.4316463494e-01 -2.2045420540e-01
1.5450611443e-01 -2.1265942251e-01
1.6542410340e-01 -2.0428175491e-01
1.7588867640e-01 -1.9534416523e-01
1.8587115077e-01 -1.8587115077e-01
1.9534416523e-01 -1.7588867640e-01
2.0428175491e-01 -1.6542410340e-01
2.1265942251e-01 -1.5450611443e-01
2.2045420540e-01 -1.4316463494e-01
2.2764473864e-01 -1.3143075114e-01
2.3421131348e-01 -1.1933662478e-01
2.4013593139e-01 -1.0691540503e-01
2.4540235340e-01 -9.4201137584e-02
2.4999614462e-01 -8.1228671369e-02
2.5390471378e-01 -6.8033563012e-02
2.5711734777e-01 -5.4651979388e-02
2.5962524099e-01 -4.1120598488e-02
2.6142151946e-01 -2.7476508885e-02
2.6250125972e-01 -1.3757108081e-02
2.6286150227e-01 -6.4382499475e-17

2.6426741668e-01 0.0000000000e+00
2.6390524737e-01 1.3830687956e-02
2.6281973212e-01 2.7623466957e-02
2.6101384625e-01 4.1340531955e-02
2.5849253957e-01 5.4944285429e-02
2.5526272281e-01 6.8397440436e-02
2.5133324867e-01 8.1663122813e-02
2.4671488757e-01 9.4704972246e-02
2.4142029811e-01 1.0748724193e-01
2.3546399239e-01 1.1997489656e-01
2.2886229623e-01 1.3213370834e-01
2.2163330443e-01 1.4393035080e-01
2.1379683115e-01 1.5533249018e-01
2.0537435561e-01 1.6630887400e-01
1.9638896325e-01 1.7682941676e-01
1.8686528238e-01 1.8686528238e-01
1.7682941676e-01 1.9638896325e-01
1.6630887400e-01 2.0537435561e-01
1.5533249018e-01 2.1379683115e-01
1.4393035080e-01 2.2163330443e-01
1.3213370834e-01 2.2886229623e-01
1.1997489656e-01 2.3546399239e-01
1.0748724193e-01 2.4142029811e-01
9.4704972246e-02 2.4671488757e-01
8.1663122813e-02 2.5133324867e-01
6.8397440436e-02 2.5526272281e-01
5.4944285429e-02 2.5849253957e-01
4.1340531955e-02 2.6101384625e-01
2.7623466957e-02 2.6281973212e-01
1.3830687956e-02 2.6390524737e-01
1.6181712298e-17 2.6426741668e-01
-1.3830687956e-02 2.6390524737e-01
-2.7623466957e-02 2.6281973212e-01
-4.1340531955e-02 2.6101384625e-01
-5.4944285429e-02 2.5849253957e-01
-6.8397440436e-02 2.5526272281e-01
-8.1663122813e-02 2.5133324867e-01
-9.4704972246e-02 2.4671488757e-01
-1.0748724193e-01 2.4142029811e-01
-1.1997489656e-01 2.3546399239e-01
-1.3213370834e-01 2.2886229623e-01
-1.4393035080e-01 2.2163330443e-01
-1.5533249018e-01 2.1379683115e-01
-1.6630887400e-01 2.0537435561e-01
-1.7682941676e-01 1.9638896325e-01
-1.8686528238e-01 1.8686528238e-01
-1.9638896325e-01 1.7682941676e-01
-2.0537435561e-01 1.6630887400e-01
-2.1379683115e-01 1.5533249018e-01
-2.2163330443e-01 1.4393035080e-01
-2.2886229623e-01 1.3213370834e-01
-2.3546399239e-01 1.1997489656e-01
-2.4142029811e-01 1.0748724193e-01
-2.4671488757e-01 9.4704972246e-02
-2.5133324867e-01 8.1663122813e-02
-2.5526272281e-01 6.8397440436e-02
-2.5849253957e-01 5.4944285429e-02
-2.6101384625e-01 4.1340531955e-02
-2.6281973212e-01 2.7623466957e-02
-2.6390524737e-01 1.3830687956e-02
-2.6426741668e-01 3.2363424595e-17
-2.6390524737e-01 -1.3830687956e-02
-2.6281973212e-01 -2.7623466957e-02
-2.6101384625e-01 -4.1340531955e-02
-2.5849253957e-01 -5.4944285429e-02
-2.5526272281e-01 -6.8397440436e-02
-2.5133324867e-01 -8.1663122813e-02
-2.4671488757e-01 -9.4704972246e-02
-2.4142029811e-01 -1.0748724193e-01
-2.3546399239e-01 -1.1997489656e-01
-2.2886229623e-01 -1.3213370834e-01
-2.2163330443e-01 -1.4393035080e-01
-2.1379683115e-01 -1.5533249018e-01
-2.0537435561e-01 -1.6630887400e-01
-1.9638896325e-01 -1.7682941676e-01
-1.8686528238e-01 -1.8686528238e-01
-1.7682941676e-01 -1.9638896325e-01
-1.6630887400e-01 -2.0537435561e-01
-1.5533249018e-01 -2.1379683115e-01
-1.4393035080e-01 -2.2163330443e-01
-1.3213370834e-01 -2.2886229623e-01
-1.1997489656e-01 -2.3546399239e-01
-1.0748724193e-01 -2.4142029811e-01
-9.4704972246e-02 -2.4671488757e-01
-8.1663122813e-02 -2.5133324867e-01
-6.8397440436e-02 -2.5526272281e-01
-5.4944285429e-02 -2.5849253957e-01
-4.1340531955e-02 -2.6101384625e-01
-2.7623466957e-02 -2.6281973212e-01
-1.3830687956e-02 -2.6390524737e-01
-4.8545136893e-17 -2.6426741668e-01
1.3830687956e-02 -2.6390524737e-01
2.7623466957e-02 -2.6281973212e-01
4.1340531955e-02 -2.6101384625e-01
5.4944285429e-02 -2.5849253957e-01
6.8397440436e-02 -2.5526272281e-01
8.1663122813e-02 -2.5133324867e-01
9.4704972246e-02 -2.4671488757e-01
1.0748724193e-01 -2.4142029811e-01
1.1997489656e-01 -2.3546399239e-01
1.3213370834e-01 -2.2886229623e-01
1.4393035080e-01 -2.2163330443e-01
1.5533249018e-01 -2.1379683115e-01
1.6630887400e-01 -2.0537435561e-01
1.7682941676e-01 -1.9638896325e-01
1.8686528238e-01 -1.8686528238e-01
1.9638896325e-01 -1.7682941676e-01
2.0537435561e-01 -1.6630887400e-01
2.1379683115e-01 -1.5533249018e-01
2.2163330443e-01 -1.4393035080e-01
2.2886229623e-01 -1.3213370834e-01
2.3546399239e-01 -1.1997489656e-01
2.4142029811e-01 -1.0748724193e-01
2.4671488757e-01 -9.4704972246e-02
2.5133324867e-01 -8.1663122813e-02
2.5526272281e-01 -6.8397440436e-02
2.5849253957e-01 -5.4944285429e-02
2.6101384625e-01 -4.1340531955e-02
2.6281973212e-01 -2.7623466957e-02
2.6390524737e-01 -1.3830687956e-02
2.6426741668e-01 -6.4726849190e-17

2.6582592104e-01 0.0000000000e+00
2.6546161586e-01 1.3912253772e-02
2.6436969883e-01 2.7786375023e-02
2.6255316284e-01 4.1584335752e-02
2.6001698688e-01 5.5268316707e-02
2.5676812243e-01 6.8800811048e-02
2.5281547441e-01 8.2144727148e-02
2.4816987674e-01 9.5263490260e-02
2.4284406269e-01 1.0812114277e-01
2.3685262995e-01 1.2068244274e-01
2.3021200061e-01 1.3291296052e-01
2.2294037618e-01 1.4477917312e-01
2.1505768767e-01 1.5624855607e-01
2.0658554099e-01 1.6728967258e-01
1.9754715770e-01 1.7787225973e-01
1.8796731139e-01 1.8796731139e-01
1.7787225973e-01 1.9754715770e-01
1.6728967258e-01 2.0658554099e-01
1.5624855607e-01 2.1505768767e-01
1.4477917312e-01 2.2294037618e-01
1.3291296052e-01 2.3021200061e-01
1.2068244274e-01 2.3685262995e-01
1.0812114277e-01 2.4284406269e-01
9.5263490260e-02 2.4816987674e-01
8.2144727148e-02 2.5281547441e-01
6.8800811048e-02 2.5676812243e-01
5.5268316707e-02 2.6001698688e-01
4.1584335752e-02 2.6255316284e-01
2.7786375023e-02 2.6436969883e-01
1.3912253772e-02 2.6546161586e-01
1.6277143167e-17 2.6582592104e-01
-1.3912253772e-02 2.6546161586e-01
-2.7786375023e-02 2.6436969883e-01
-4.1584335752e-02 2.6255316284e-01
-5.5268316707e-02 2.6001698688e-01
-6.8800811048e-02 2.5676812243e-01
-8.2144727148e-02 2.5281547441e-01
-9.5263490260e-02 2.4816987674e-01
-1.0812114277e-01 2.4284406269e-01
-1.2068244274e-01 2.3685262995e-01
-1.3291296052e-01 2.3021200061e-01
-1.4477917312e-01 2.2294037618e-01
-1.5624855607e-01 2.1505768767e-01
-1.6728967258e-01 2.0658554099e-01
-1.7787225973e-01 1.9754715770e-01
-1.8796731139e-01 1.8796731139e-01
-1.9754715770e-01 1.7787225973e-01
-2.0658554099e-01 1.6728967258e-01
-2.1505768767e-01 1.5624855607e-01
-2.2294037618e-01 1.4477917312e-01
-2.3021200061e-01 1.3291296052e-01
-2.3685262995e-01 1.2068244274e-01
-2.4284406269e-01 1.0812114277e-01
-2.4816987674e-01 9.5263490260e-02
-2.5281547441e-01 8.2144727148e-02
-2.5676812243e-01 6.8800811048e-02
-2.6001698688e-01 5.5268316707e-02
-2.6255316284e-01 4.1584335752e-02
-2.6436969883e-01 2.7786375023e-02
-2.6546161586e-01 1.3912253772e-02
-2.6582592104e-01 3.2554286334e-17
-2.6546161586e-01 -1.3912253772e-02
-2.6436969883e-01 -2.7786375023e-02
-2.6255316284e-01 -4.1584335752e-02
-2.6001698688e-01 -5.5268316707e-02
-2.5676812243e-01 -6.8800811048e-02
-2.5281547441e-01 -8.2144727148e-02
-2.4816987674e-01 -9.5263490260e-02
-2.4284406269e-01 -1.0812114277e-01
-2.3685262995e-01 -1.2068244274e-01
-2.3021200061e-01 -1.3291296052e-01
-2.2294037618e-01 -1.4477917312e-01
-2.1505768767e-01 -1.5624855607e-01
-2.0658554099e-01 -1.6728967258e-01
-1.9754715770e-01 -1.7787225973e-01
-1.8796731139e-01 -1.8796731139e-01
-1.7787225973e-01 -1.9754715770e-01
-1.6728967258e-01 -2.0658554099e-01
-1.5624855607e-01 -2.1505768767e-01
-1.4477917312e-01 -2.2294037618e-01
-1.3291296052e-01 -2.3021200061e-01
-1.2068244274e-01 -2.3685262995e-01
-1.0812114277e-01 -2.4284406269e-01
-9.5263490260e-02 -2.4816987674e-01
-8.2144727148e-02 -2.5281547441e-01
-6.8800811048e-02 -2.5676812243e-01
-5.5268316707e-02 -2.6001698688e-01
-4.1584335752e-02 -2.6255316284e-01
-2.7786375023e-02 -2.6436969883e-01
-1.3912253772e-02 -2.6546161586e-01
-4.8831429501e-17 -2.6582592104e-01
1.3912253772e-02 -2.6546161586e-01
2.7786375023e-02 -2.6436969883e-01
4.1584335752e-02 -2.6255316284e-01
5.5268316707e-02 -2.6001698688e-01
6.8800811048e-02 -2.5676812243e-01
8.2144727148e-02 -2.5281547441e-01
9.5263490260e-02 -2.4816987674e-01
1.0812114277e-01 -2.4284406269e-01
1.2068244274e-01 -2.3685262995e-01
1.3291296052e-01 -2.3021200061e-01
1.4477917312e-01 -2.2294037618e-01
1.5624855607e-01 -2.1505768767e-01
1.6728967258e-01 -2.0658554099e-01
1.7787225973e-01 -1.9754715770e-01
1.8796731139e-01 -1.8796731139e-01
1.9754715770e-01 -1.7787225973e-01
2.0658554099e-01 -1.6728967258e-01
2.1505768767e-01 -1.5624855607e-01
2.2294037618e-01 -1.4477917312e-01
2.3021200061e-01 -1.3291296052e-01
2.3685262995e-01 -1.2068244274e-01
2.4284406269e-01 -1.0812114277e-01
2.4816987674e-01 -9.5263490260e-02
2.5281547441e-01 -8.2144727148e-02
2.5676812243e-01 -6.8800811048e-02
2.6001698688e-01 -5.5268316707e-02
2.6255316284e-01 -4.1584335752e-02
2.6436969883e-01 -2.7786375023e-02
2.6546161586e-01 -1.3912253772e-02
2.6582592104e-01 -6.5108572667e-17

2.6755357662e-01 0.0000000000e+00
2.6718690375e-01 1.4002672279e-02
2.6608789014e-01 2.7966964206e-02
2.6425954812e-01 4.1854600629e-02
2.6170688904e-01 5.5627516500e-02
2.5843690958e-01 6.9247961215e-02
2.5445857251e-01 8.2678602082e-02
2.4978278217e-01 9.5882626648e-02
2.4442235460e-01 1.0882384360e-01
2.3839198234e-01 1.2146678196e-01
2.3170819423e-01 1.3377678831e-01
2.2438931006e-01 1.4572012179e-01
2.1645539039e-01 1.5726404654e-01
2.0792818155e-01 1.6837692147e-01
1.9883105601e-01 1.7902828696e-01
1.8918894836e-01 1.8918894836e-01
1.7902828696e-01 1.9883105601e-01
1.6837692147e-01 2.0792818155e-01
1.5726404654e-01 2.1645539039e-01
1.4572012179e-01 2.2438931006e-01
1.3377678831e-01 2.3170819423e-01
1.2146678196e-01 2.3839198234e-01
1.0882384360e-01 2.4442235460e-01
9.5882626648e-02 2.4978278217e-01
8.2678602082e-02 2.5445857251e-01
6.9247961215e-02 2.5843690958e-01
5.5627516500e-02 2.6170688904e-01
4.1854600629e-02 2.6425954812e-01
2.7966964206e-02 2.6608789014e-01
1.4002672279e-02 2.6718690375e-01
1.6382931561e-17 2.6755357662e-01
-1.4002672279e-02 2.6718690375e-01
-2.7966964206e-02 2.6608789014e-01
-4.1854600629e-02 2.6425954812e-01
-5.5627516500e-02 2.6170688904e-01
-6.9247961215e-02 2.5843690958e-01
-8.2678602082e-02 2.5445857251e-01
-9.5882626648e-02 2.4978278217e-01
-1.0882384360e-01 2.4442235460e-01
-1.2146678196e-01 2.3839198234e-01
-1.3377678831e-01 2.3170819423e-01
-1.4572012179e-01 2.2438931006e-01
-1.5726404654e-01 2.1645539039e-01
-1.6837692147e-01 2.0792818155e-01
-1.7902828696e-01 1.9883105601e-01
-1.8918894836e-01 1.8918894836e-01
-1.9883105601e-01 1.7902828696e-01
-2.0792818155e-01 1.6837692147e-01
-2.1645539039e-01 1.5726404654e-01
-2.2438931006e-01 1.4572012179e-01
-2.3170819423e-01 1.3377678831e-01
-2.3839198234e-01 1.2146678196e-01
-2.4442235460e-01 1.0882384360e-01
-2.4978278217e-01 9.5882626648e-02
-2.5445857251e-01 8.2678602082e-02
-2.5843690958e-01 6.9247961215e-02
-2.6170688904e-01 5.5627516500e-02
-2.6425954812e-01 4.1854600629e-02
-2.6608789014e-01 2.7966964206e-02
-2.6718690375e-01 1.4002672279e-02
-2.6755357662e-01 3.2765863121e-17
-2.6718690375e-01 -1.4002672279e-02
-2.6608789014e-01 -2.7966964206e-02
-2.6425954812e-01 -4.1854600629e-02
-2.6170688904e-01 -5.5627516500e-02
-2.5843690958e-01 -6.9247961215e-02
-2.5445857251e-01 -8.2678602082e-02
-2.4978278217e-01 -9.5882626648e-02
-2.4442235460e-01 -1.0882384360e-01
-2.3839198234e-01 -1.2146678196e-01
-2.3170819423e-01 -1.3377678831e-01
-2.2438931006e-01 -1.4572012179e-01
-2.1645539039e-01 -1.5726404654e-01
-2.0792818155e-01 -1.6837692147e-01
-1.9883105601e-01 -1.7902828696e-01
-1.8918894836e-01 -1.8918894836e-01
-1.7902828696e-01 -1.9883105601e-01
-1.6837692147e-01 -2.0792818155e-01
-1.5726404654e-01 -2.1645539039e-01
-1.4572012179e-01 -2.2438931006e-01
-1.3377678831e-01 -2.3170819423e-01
-1.2146678196e-01 -2.3839198234e-01
-1.0882384360e-01 -2.4442235460e-01
-9.5882626648e-02 -2.4978278217e-01
-8.2678602082e-02 -2.5445857251e-01
-6.9247961215e-02 -2.5843690958e-01
-5.5627516500e-02 -2.6170688904e-01
-4.1854600629e-02 -2.6425954812e-01
-2.7966964206e-02 -2.6608789014e-01
-1.4002672279e-02 -2.6718690375e-01
-4.9148794682e-17 -2.6755357662e-01
1.4002672279e-02 -2.6718690375e-01
2.7966964206e-02 -2.6608789014e-01
4.1854600629e-02 -2.6425954812e-01
5.5627516500e-02 -2.6170688904e-01
6.9247961215e-02 -2.5843690958e-01
8.2678602082e-02 -2.5445857251e-01
9.5882626648e-02 -2.4978278217e-01
1.0882384360e-01 -2.4442235460e-01
1.2146678196e-01 -2.3839198234e-01
1.3377678831e-01 -2.3170819423e-01
1.4572012179e-01 -2.2438931006e-01
1.5726404654e-01 -2.1645539039e-01
1.6837692147e-01 -2.0792818155e-01
1.7902828696e-01 -1.9883105601e-01
1.8918894836e-01 -1.8918894836e-01
1.9883105601e-01 -1.7902828696e-01
2.0792818155e-01 -1.6837692147e-01
2.1645539039e-01 -1.5726404654e-01
2.2438931006e-01 -1.4572012179e-01
2.3170819423e-01 -1.3377678831e-01
2.3839198234e-01 -1.2146678196e-01
2.4442235460e-01 -1.0882384360e-01
2.4978278217e-01 -9.5882626648e-02
2.5445857251e-01 -8.2678602082e-02
2.5843690958e-01 -6.9247961215e-02
2.6170688904e-01 -5.5627516500e-02
2.6425954812e-01 -4.1854600629e-02
2.6608789014e-01 -2.7966964206e-02
2.6718690375e-01 -1.4002672279e-02
2.6755357662e-01 -6.5531726242e-17

2.6946874213e-01 0.0000000000e+00
2.6909944458e-01 1.4102904297e-02
2.6799256416e-01 2.8167153513e-02
2.6615113475e-01 4.2154198520e-02
2.6358020358e-01 5.6025701798e-02
2.6028681740e-01 6.9743642522e-02
2.5628000314e-01 8.3270420770e-02
2.5157074320e-01 9.6568960582e-02
2.4617194535e-01 1.0960281159e-01
2.4009840730e-01 1.2233624890e-01
2.3336677621e-01 1.3473437106e-01
2.2599550300e-01 1.4676319568e-01
2.1800479183e-01 1.5838975258e-01
2.0941654468e-01 1.6958217417e-01
2.0025430134e-01 1.8030978281e-01
1.9054317488e-01 1.9054317488e-01
1.8030978281e-01 2.0025430134e-01
1.6958217417e-01 2.0941654468e-01
1.5838975258e-01 2.1800479183e-01
1.4676319568e-01 2.2599550300e-01
1.3473437106e-01 2.3336677621e-01
1.2233624890e-01 2.4009840730e-01
1.0960281159e-01 2.4617194535e-01
9.6568960582e-02 2.5157074320e-01
8.3270420770e-02 2.5628000314e-01
6.9743642522e-02 2.6028681740e-01
5.6025701798e-02 2.6358020358e-01
4.2154198520e-02 2.6615113475e-01
2.8167153513e-02 2.6799256416e-01
1.4102904297e-02 2.6909944458e-01
1.6500201626e-17 2.6946874213e-01
-1.4102904297e-02 2.6909944458e-01
-2.8167153513e-02 2.6799256416e-01
-4.2154198520e-02 2.6615113475e-01
-5.6025701798e-02 2.6358020358e-01
-6.9743642522e-02 2.6028681740e-01
-8.3270420770e-02 2.5628000314e-01
-9.6568960582e-02 2.5157074320e-01
-1.0960281159e-01 2.4617194535e-01
-1.2233624890e-01 2.4009840730e-01
-1.3473437106e-01 2.3336677621e-01
-1.4676319568e-01 2.2599550300e-01
-1.5838975258e-01 2.1800479183e-01
-1.6958217417e-01 2.0941654468e-01
-1.8030978281e-01 2.0025430134e-01
-1.9054317488e-01 1.9054317488e-01
-2.0025430134e-01 1.8030978281e-01
-2.0941654468e-01 1.6958217417e-01
-2.1800479183e-01 1.5838975258e-01
-2.2599550300e-01 1.4676319568e-01
-2.3336677621e-01 1.3473437106e-01
-2.4009840730e-01 1.2233624890e-01
-2.4617194535e-01 1.0960281159e-01
-2.5157074320e-01 9.6568960582e-02
-2.5628000314e-01 8.3270420770e-02
-2.6028681740e-01 6.9743642522e-02
-2.6358020358e-01 5.6025701798e-02
-2.6615113475e-01 4.2154198520e-02
-2.6799256416e-01 2.8167153513e-02
-2.6909944458e-01 1.4102904297e-02
-2.6946874213e-01 3.3000403251e-17
-2.6909944458e-01 -1.4102904297e-02
-2.6799256416e-01 -2.8167153513e-02
-2.6615113475e-01 -4.2154198520e-02
-2.6358020358e-01 -5.6025701798e-02
-2.6028681740e-01 -6.9743642522e-02
-2.5628000314e-01 -8.3270420770e-02
-2.5157074320e-01 -9.6568960582e-02
-2.4617194535e-01 -1.0960281159e-01
-2.4009840730e-01 -1.2233624890e-01
-2.3336677621e-01 -1.3473437106e-01
-2.2599550300e-01 -1.4676319568e-01
-2.1800479183e-01 -1.5838975258e-01
-2.0941654468e-01 -1.6958217417e-01
-2.0025430134e-01 -1.8030978281e-01
-1.9054317488e-01 -1.9054317488e-01
-1.8030978281e-01 -2.0025430134e-01
-1.6958217417e-01 -2.0941654468e-01
-1.5838975258e-01 -2.1800479183e-01
-1.4676319568e-01 -2.2599550300e-01
-1.3473437106e-01 -2.3336677621e-01
-1.2233624890e-01 -2.4009840730e-01
-1.0960281159e-01 -2.4617194535e-01
-9.6568960582e-02 -2.5157074320e-01
-8.3270420770e-02 -2.5628000314e-01
-6.9743642522e-02 -2.6028681740e-01
-5.6025701798e-02 -2.6358020358e-01
-4.2154198520e-02 -2.6615113475e-01
-2.8167153513e-02 -2.6799256416e-01
-1.4102904297e-02 -2.6909944458e-01
-4.9500604877e-17 -2.6946874213e-01
1.4102904297e-02 -2.6909944458e-01
2.8167153513e-02 -2.6799256416e-01
4.2154198520e-02 -2.6615113475e-01
5.6025701798e-02 -2.6358020358e-01
6.9743642522e-02 -2.6028681740e-01
8.3270420770e-02 -2.5628000314e-01
9.6568960582e-02 -2.5157074320e-01
1.0960281159e-01 -2.4617194535e-01
1.2233624890e-01 -2.4009840730e-01
1.3473437106e-01 -2.3336677621e-01
1.4676319568e-01 -2.2599550300e-01
1.5838975258e-01 -2.1800479183e-01
1.6958217417e-01 -2.0941654468e-01
1.8030978281e-01 -2.0025430134e-01
1.9054317488e-01 -1.9054317488e-01
2.0025430134e-01 -1.8030978281e-01
2.0941654468e-01 -1.6958217417e-01
2.1800479183e-01 -1.5838975258e-01
2.2599550300e-01 -1.4676319568e-01
2.3336677621e-01 -1.3473437106e-01
2.4009840730e-01 -1.2233624890e-01
2.4617194535e-01 -1.0960281159e-01
2.5157074320e-01 -9.6568960582e-02
2.5628000314e-01 -8.3270420770e-02
2.6028681740e-01 -6.9743642522e-02
2.6358020358e-01 -5.6025701798e-02
2.6615113475e-01 -4.2154198520e-02
2.6799256416e-01 -2.8167153513e-02
2.6909944458e-01 -1.4102904297e-02
2.6946874213e-01 -6.6000806503e-17

2.7159176881e-01 0.0000000000e+00
2.7121956173e-01 1.4214014929e-02
2.7010396069e-01 2.8389070230e-02
2.6824802346e-01 4.2486313064e-02
2.6565683704e-01 5.6467103866e-02
2.6233750371e-01 7.0293122262e-02
2.5829912150e-01 8.3926472096e-02
2.5355275936e-01 9.7329785303e-02
2.4811142673e-01 1.1046632433e-01
2.4199003793e-01 1.2330008285e-01
2.3520537125e-01 1.3579588441e-01
2.2777602300e-01 1.4791947889e-01
2.1972235650e-01 1.5963763635e-01
2.1106644630e-01 1.7091823816e-01
2.0183201764e-01 1.8173036495e-01
1.9204438144e-01 1.9204438144e-01
1.8173036495e-01 2.0183201764e-01
1.7091823816e-01 2.1106644630e-01
1.5963763635e-01 2.1972235650e-01
1.4791947889e-01 2.2777602300e-01
1.3579588441e-01 2.3520537125e-01
1.2330008285e-01 2.4199003793e-01
1.1046632433e-01 2.4811142673e-01
9.7329785303e-02 2.5355275936e-01
8.3926472096e-02 2.5829912150e-01
7.0293122262e-02 2.6233750371e-01
5.6467103866e-02 2.6565683704e-01
4.2486313064e-02 2.6824802346e-01
2.8389070230e-02 2.7010396069e-01
1.4214014929e-02 2.7121956173e-01
1.6630199518e-17 2.7159176881e-01
-1.4214014929e-02 2.7121956173e-01
-2.8389070230e-02 2.7010396069e-01
-4.2486313064e-02 2.6824802346e-01
-5.6467103866e-02 2.6565683704e-01
-7.0293122262e-02 2.6233750371e-01
-8.3926472096e-02 2.5829912150e-01
-9.7329785303e-02 2.5355275936e-01
-1.1046632433e-01 2.4811142673e-01
-1.2330008285e-01 2.4199003793e-01
-1.3579588441e-01 2.3520537125e-01
-1.4791947889e-01 2.2777602300e-01
-1.5963763635e-01 2.1972235650e-01
-1.7091823816e-01 2.1106644630e-01
-1.8173036495e-01 2.0183201764e-01
-1.9204438144e-01 1.9204438144e-01
-2.0183201764e-01 1.8173036495e-01
-2.1106644630e-01 1.7091823816e-01
-2.1972235650e-01 1.5963763635e-01
-2.2777602300e-01 1.4791947889e-01
-2.3520537125e-01 1.3579588441e-01
-2.4199003793e-01 1.2330008285e-01
-2.4811142673e-01 1.1046632433e-01
-2.5355275936e-01 9.7329785303e-02
-2.5829912150e-01 8.3926472096e-02
-2.6233750371e-01 7.0293122262e-02
-2.6565683704e-01 5.6467103866e-02
-2.6824802346e-01 4.2486313064e-02
-2.7010396069e-01 2.8389070230e-02
-2.7121956173e-01 1.4214014929e-02
-2.7159176881e-01 3.3260399035e-17
-2.7121956173e-01 -1.4214014929e-02
-2.7010396069e-01 -2.8389070230e-02
-2.6824802346e-01 -4.2486313064e-02
-2.6565683704e-01 -5.6467103866e-02
-2.6233750371e-01 -7.0293122262e-02
-2.5829912150e-01 -8.3926472096e-02
-2.5355275936e-01 -9.7329785303e-02
-2.4811142673e-01 -1.1046632433e-01
-2.4199003793e-01 -1.2330008285e-01
-2.3520537125e-01 -1.3579588441e-01
-2.2777602300e-01 -1.4791947889e-01
-2.1972235650e-01 -1.5963763635e-01
-2.1106644630e-01 -1.7091823816e-01
-2.0183201764e-01 -1.8173036495e-01
-1.9204438144e-01 -1.9204438144e-01
-1.8173036495e-01 -2.0183201764e-01
-1.7091823816e-01 -2.1106644630e-01
-1.5963763635e-01 -2.1972235650e-01
-1.4791947889e-01 -2.2777602300e-01
-1.3579588441e-01 -2.3520537125e-01
-1.2330008285e-01 -2.4199003793e-01
-1.1046632433e-01 -2.4811142673e-01
-9.7329785303e-02 -2.5355275936e-01
-8.3926472096e-02 -2.5829912150e-01
-7.0293122262e-02 -2.6233750371e-01
-5.6467103866e-02 -2.6565683704e-01
-4.2486313064e-02 -2.6824802346e-01
-2.8389070230e-02 -2.7010396069e-01
-1.4214014929e-02 -2.7121956173e-01
-4.9890598553e-17 -2.7159176881e-01
1.4214014929e-02 -2.7121956173e-01
2.8389070230e-02 -2.7010396069e-01
4.2486313064e-02 -2.6824802346e-01
5.6467103866e-02 -2.6565683704e-01
7.0293122262e-02 -2.6233750371e-01
8.3926472096e-02 -2.5829912150e-01
9.7329785303e-02 -2.5355275936e-01
1.1046632433e-01 -2.4811142673e-01
1.2330008285e-01 -2.4199003793e-01
1.3579588441e-01 -2.3520537125e-01
1.4791947889e-01 -2.2777602300e-01
1.5963763635e-01 -2.1972235650e-01
1.7091823816e-01 -2.1106644630e-01
1.8173036495e-01 -2.0183201764e-01
1.9204438144e-01 -1.9204438144e-01
2.0183201764e-01 -1.8173036495e-01
2.1106644630e-01 -1.7091823816e-01
2.1972235650e-01 -1.5963763635e-01
2.2777602300e-01 -1.4791947889e-01
2.3520537125e-01 -1.3579588441e-01
2.4199003793e-01 -1.2330008285e-01
2.4811142673e-01 -1.1046632433e-01
2.5355275936e-01 -9.7329785303e-02
2.5829912150e-01 -8.3926472096e-02
2.6233750371e-01 -7.0293122262e-02
2.6565683704e-01 -5.6467103866e-02
2.6824802346e-01 -4.2486313064e-02
2.7010396069e-01 -2.8389070230e-02
2.7121956173e-01 -1.4214014929e-02
2.7159176881e-01 -6.6520798071e-17

2.7394521676e-01 0.0000000000e+00
2.7356978436e-01 1.4337184877e-02
2.7244451620e-01 2.8635072528e-02
2.7057249656e-01 4.2854473434e-02
2.6795885651e-01 5.6956413208e-02
2.6461075986e-01 7.0902239413e-02
2.6053738351e-01 8.4653727507e-02
2.5574989230e-01 9.8173185618e-02
2.5026140841e-01 1.1142355785e-01
2.4408697540e-01 1.2436852586e-01
2.3724351696e-01 1.3697260838e-01
2.2974979053e-01 1.4920125850e-01
2.2162633589e-01 1.6102095835e-01
2.1289541887e-01 1.7239931094e-01
2.0358097030e-01 1.8330512900e-01
1.9370852045e-01 1.9370852045e-01
1.8330512900e-01 2.0358097030e-01
1.7239931094e-01 2.1289541887e-01
1.6102095835e-01 2.2162633589e-01
1.4920125850e-01 2.2974979053e-01
1.3697260838e-01 2.3724351696e-01
1.2436852586e-01 2.4408697540e-01
1.1142355785e-01 2.5026140841e-01
9.8173185618e-02 2.5574989230e-01
8.4653727507e-02 2.6053738351e-01
7.0902239413e-02 2.6461075986e-01
5.6956413208e-02 2.6795885651e-01
4.2854473434e-02 2.7057249656e-01
2.8635072528e-02 2.7244451620e-01
1.4337184877e-02 2.7356978436e-01
1.6774306642e-17 2.7394521676e-01
-1.4337184877e-02 2.7356978436e-01
-2.8635072528e-02 2.7244451620e-01
-4.2854473434e-02 2.7057249656e-01
-5.6956413208e-02 2.6795885651e-01
-7.0902239413e-02 2.6461075986e-01
-8.4653727507e-02 2.6053738351e-01
-9.8173185618e-02 2.5574989230e-01
-1.1142355785e-01 2.5026140841e-01
-1.2436852586e-01 2.4408697540e-01
-1.3697260838e-01 2.3724351696e-01
-1.4920125850e-01 2.2974979053e-01
-1.6102095835e-01 2.2162633589e-01
-1.7239931094e-01 2.1289541887e-01
-1.8330512900e-01 2.0358097030e-01
-1.9370852045e-01 1.9370852045e-01
-2.0358097030e-01 1.8330512900e-01
-2.1289541887e-01 1.7239931094e-01
-2.2162633589e-01 1.6102095835e-01
-2.2974979053e-01 1.4920125850e-01
-2.3724351696e-01 1.3697260838e-01
-2.4408697540e-01 1.2436852586e-01
-2.5026140841e-01 1.1142355785e-01
-2.5574989230e-01 9.8173185618e-02
-2.6053738351e-01 8.4653727507e-02
-2.6461075986e-01 7.0902239413e-02
-2.6795885651e-01 5.6956413208e-02
-2.7057249656e-01 4.2854473434e-02
-2.7244451620e-01 2.8635072528e-02
-2.7356978436e-01 1.4337184877e-02
-2.7394521676e-01 3.3548613285e-17
-2.7356978436e-01 -1.4337184877e-02
-2.7244451620e-01 -2.8635072528e-02
-2.7057249656e-01 -4.2854473434e-02
-2.6795885651e-01 -5.6956413208e-02
-2.6461075986e-01 -7.0902239413e-02
-2.6053738351e-01 -8.4653727507e-02
-2.5574989230e-01 -9.8173185618e-02
-2.5026140841e-01 -1.1142355785e-01
-2.4408697540e-01 -1.2436852586e-01
-2.3724351696e-01 -1.3697260838e-01
-2.2974979053e-01 -1.4920125850e-01
-2.2162633589e-01 -1.6102095835e-01
-2.1289541887e-01 -1.7239931094e-01
-2.0358097030e-01 -1.8330512900e-01
-1.9370852045e-01 -1.9370852045e-01
-1.8330512900e-01 -2.0358097030e-01
-1.7239931094e-01 -2.1289541887e-01
-1.6102095835e-01 -2.2162633589e-01
-1.4920125850e-01 -2.2974979053e-01
-1.3697260838e-01 -2.3724351696e-01
-1.2436852586e-01 -2.4408697540e-01
-1.1142355785e-01 -2.5026140841e-01
-9.8173185618e-02 -2.5574989230e-01
-8.4653727507e-02 -2.6053738351e-01
-7.0902239413e-02 -2.6461075986e-01
-5.6956413208e-02 -2.6795885651e-01
-4.2854473434e-02 -2.7057249656e-01
-2.8635072528e-02 -2.7244451620e-01
-1.4337184877e-02 -2.7356978436e-01
-5.0322919927e-17 -2.7394521676e-01
1.4337184877e-02 -2.7356978436e-01
2.8635072528e-02 -2.7244451620e-01
4.2854473434e-02 -2.7057249656e-01
5.6956413208e-02 -2.6795885651e-01
7.0902239413e-02 -2.6461075986e-01
8.4653727507e-02 -2.6053738351e-01
9.8173185618e-02 -2.5574989230e-01
1.1142355785e-01 -2.5026140841e-01
1.2436852586e-01 -2.4408697540e-01
1.3697260838e-01 -2.3724351696e-01
1.4920125850e-01 -2.2974979053e-01
1.6102095835e-01 -2.2162633589e-01
1.7239931094e-01 -2.1289541887e-01
1.8330512900e-01 -2.0358097030e-01
1.9370852045e-01 -1.9370852045e-01
2.0358097030e-01 -1.8330512900e-01
2.1289541887e-01 -1.7239931094e-01
2.2162633589e-01 -1.6102095835e-01
2.2974979053e-01 -1.4920125850e-01
2.3724351696e-01 -1.3697260838e-01
2.4408697540e-01 -1.2436852586e-01
2.5026140841e-01 -1.1142355785e-01
2.5574989230e-01 -9.8173185618e-02
2.6053738351e-01 -8.4653727507e-02
2.6461075986e-01 -7.0902239413e-02
2.6795885651e-01 -5.6956413208e-02
2.7057249656e-01 -4.2854473434e-02
2.7244451620e-01 -2.8635072528e-02
2.7356978436e-01 -1.4337184877e-02
2.7394521676e-01 -6.7097226570e-17

2.7655409458e-01 0.0000000000e+00
2.7617508681e-01 1.4473722993e-02
2.7503910231e-01 2.8907774517e-02
2.7314925476e-01 4.3262591840e-02
2.7051072409e-01 5.7498829407e-02
2.6713074232e-01 7.1577466678e-02
2.6301857376e-01 8.5459915089e-02
2.5818548957e-01 9.9108123813e-02
2.5264473690e-01 1.1248468406e-01
2.4641150256e-01 1.2555293160e-01
2.3950287143e-01 1.3827704729e-01
2.3193777957e-01 1.5062215520e-01
2.2373696238e-01 1.6255441826e-01
2.1492289773e-01 1.7404113095e-01
2.0551974435e-01 1.8505080900e-01
1.9555327564e-01 1.9555327564e-01
1.8505080900e-01 2.0551974435e-01
1.7404113095e-01 2.1492289773e-01
1.6255441826e-01 2.2373696238e-01
1.5062215520e-01 2.3193777957e-01
1.3827704729e-01 2.3950287143e-01
1.2555293160e-01 2.4641150256e-01
1.1248468406e-01 2.5264473690e-01
9.9108123813e-02 2.5818548957e-01
8.5459915089e-02 2.6301857376e-01
7.1577466678e-02 2.6713074232e-01
5.7498829407e-02 2.7051072409e-01
4.3262591840e-02 2.7314925476e-01
2.8907774517e-02 2.7503910231e-01
1.4473722993e-02 2.7617508681e-01
1.6934054336e-17 2.7655409458e-01
-1.4473722993e-02 2.7617508681e-01
-2.8907774517e-02 2.7503910231e-01
-4.3262591840e-02 2.7314925476e-01
-5.7498829407e-02 2.7051072409e-01
-7.1577466678e-02 2.6713074232e-01
-8.5459915089e-02 2.6301857376e-01
-9.9108123813e-02 2.5818548957e-01
-1.1248468406e-01 2.5264473690e-01
-1.2555293160e-01 2.4641150256e-01
-1.3827704729e-01 2.3950287143e-01
-1.5062215520e-01 2.3193777957e-01
-1.6255441826e-01 2.2373696238e-01
-1.7404113095e-01 2.1492289773e-01
-1.8505080900e-01 2.0551974435e-01
-1.9555327564e-01 1.9555327564e-01
-2.0551974435e-01 1.8505080900e-01
-2.1492289773e-01 1.7404113095e-01
-2.2373696238e-01 1.6255441826e-01
-2.3193777957e-01 1.5062215520e-01
-2.3950287143e-01 1.3827704729e-01
-2.4641150256e-01 1.2555293160e-01
-2.5264473690e-01 1.1248468406e-01
-2.5818548957e-01 9.9108123813e-02
-2.6301857376e-01 8.5459915089e-02
-2.6713074232e-01 7.1577466678e-02
-2.7051072409e-01 5.7498829407e-02
-2.7314925476e-01 4.3262591840e-02
-2.7503910231e-01 2.8907774517e-02
-2.7617508681e-01 1.4473722993e-02
-2.7655409458e-01 3.3868108672e-17
-2.7617508681e-01 -1.4473722993e-02
-2.7503910231e-01 -2.8907774517e-02
-2.7314925476e-01 -4.3262591840e-02
-2.7051072409e-01 -5.7498829407e-02
-2.6713074232e-01 -7.1577466678e-02
-2.6301857376e-01 -8.5459915089e-02
-2.5818548957e-01 -9.9108123813e-02
-2.5264473690e-01 -1.1248468406e-01
-2.4641150256e-01 -1.2555293160e-01
-2.3950287143e-01 -1.3827704729e-01
-2.3193777957e-01 -1.5062215520e-01
-2.2373696238e-01 -1.6255441826e-01
-2.1492289773e-01 -1.7404113095e-01
-2.0551974435e-01 -1.8505080900e-01
-1.9555327564e-01 -1.9555327564e-01
-1.8505080900e-01 -2.0551974435e-01
-1.7404113095e-01 -2.1492289773e-01
-1.6255441826e-01 -2.2373696238e-01
-1.5062215520e-01 -2.3193777957e-01
-1.3827704729e-01 -2.3950287143e-01
-1.2555293160e-01 -2.4641150256e-01
-1.1248468406e-01 -2.5264473690e-01
-9.9108123813e-02 -2.5818548957e-01
-8.5459915089e-02 -2.6301857376e-01
-7.1577466678e-02 -2.6713074232e-01
-5.7498829407e-02 -2.7051072409e-01
-4.3262591840e-02 -2.7314925476e-01
-2.8907774517e-02 -2.7503910231e-01
-1.4473722993e-02 -2.7617508681e-01
-5.0802163008e-17 -2.7655409458e-01
1.4473722993e-02 -2.7617508681e-01
2.8907774517e-02 -2.7503910231e-01
4.3262591840e-02 -2.7314925476e-01
5.7498829407e-02 -2.7051072409e-01
7.1577466678e-02 -2.6713074232e-01
8.5459915089e-02 -2.6301857376e-01
9.9108123813e-02 -2.5818548957e-01
1.1248468406e-01 -2.5264473690e-01
1.2555293160e-01 -2.4641150256e-01
1.3827704729e-01 -2.3950287143e-01
1.5062215520e-01 -2.3193777957e-01
1.6255441826e-01 -2.2373696238e-01
1.7404113095e-01 -2.1492289773e-01
1.8505080900e-01 -2.0551974435e-01
1.9555327564e-01 -1.9555327564e-01
2.0551974435e-01 -1.8505080900e-01
2.1492289773e-01 -1.7404113095e-01
2.2373696238e-01 -1.6255441826e-01
2.3193777957e-01 -1.5062215520e-01
2.3950287143e-01 -1.3827704729e-01
2.4641150256e-01 -1.2555293160e-01
2.5264473690e-01 -1.1248468406e-01
2.5818548957e-01 -9.9108123813e-02
2.6301857376e-01 -8.5459915089e-02
2.6713074232e-01 -7.1577466678e-02
2.7051072409e-01 -5.7498829407e-02
2.7314925476e-01 -4.3262591840e-02
2.7503910231e-01 -2.8907774517e-02
2.7617508681e-01 -1.4473722993e-02
2.7655409458e-01 -6.7736217344e-17

2.7944612518e-01 0.0000000000e+00
2.7906315398e-01 1.4625080180e-02
2.7791529007e-01 2.9210074031e-02
2.7600567966e-01 4.3715005100e-02
2.7333955688e-01 5.8100116379e-02
2.6992422937e-01 7.2325979277e-02
2.6576905831e-01 8.6353601693e-02
2.6088543273e-01 1.0014453489e-01
2.5528673831e-01 1.1366097888e-01
2.4898832069e-01 1.2686588602e-01
2.4200744339e-01 1.3972306259e-01
2.3436324051e-01 1.5219726796e-01
2.2607666428e-01 1.6425431119e-01
2.1717042763e-01 1.7586114478e-01
2.0766894193e-01 1.8698595519e-01
1.9759825009e-01 1.9759825009e-01
1.8698595519e-01 2.0766894193e-01
1.7586114478e-01 2.1717042763e-01
1.6425431119e-01 2.2607666428e-01
1.5219726796e-01 2.3436324051e-01
1.3972306259e-01 2.4200744339e-01
1.2686588602e-01 2.4898832069e-01
1.1366097888e-01 2.5528673831e-01
1.0014453489e-01 2.6088543273e-01
8.6353601693e-02 2.6576905831e-01
7.2325979277e-02 2.6992422937e-01
5.8100116379e-02 2.7333955688e-01
4.3715005100e-02 2.7600567966e-01
2.9210074031e-02 2.7791529007e-01
1.4625080180e-02 2.7906315398e-01
1.7111140137e-17 2.7944612518e-01
-1.4625080180e-02 2.7906315398e-01
-2.9210074031e-02 2.7791529007e-01
-4.3715005100e-02 2.7600567966e-01
-5.8100116379e-02 2.7333955688e-01
-7.2325979277e-02 2.6992422937e-01
-8.6353601693e-02 2.6576905831e-01
-1.0014453489e-01 2.6088543273e-01
-1.1366097888e-01 2.5528673831e-01
-1.2686588602e-01 2.4898832069e-01
-1.3972306259e-01 2.4200744339e-01
-1.5219726796e-01 2.3436324051e-01
-1.6425431119e-01 2.2607666428e-01
-1.7586114478e-01 2.1717042763e-01
-1.8698595519e-01 2.0766894193e-01
-1.9759825009e-01 1.9759825009e-01
-2.0766894193e-01 1.8698595519e-01
-2.1717042763e-01 1.7586114478e-01
-2.2607666428e-01 1.6425431119e-01
-2.3436324051e-01 1.5219726796e-01
-2.4200744339e-01 1.3972306259e-01
-2.4898832069e-01 1.2686588602e-01
-2.5528673831e-01 1.1366097888e-01
-2.6088543273e-01 1.0014453489e-01
-2.6576905831e-01 8.6353601693e-02
-2.6992422937e-01 7.2325979277e-02
-2.7333955688e-01 5.8100116379e-02
-2.7600567966e-01 4.3715005100e-02
-2.7791529007e-01 2.9210074031e-02
-2.7906315398e-01 1.4625080180e-02
-2.7944612518e-01 3.4222280274e-17
-2.7906315398e-01 -1.4625080180e-02
-2.7791529007e-01 -2.9210074031e-02
-2.7600567966e-01 -4.3715005100e-02
-2.7333955688e-01 -5.8100116379e-02
-2.6992422937e-01 -7.2325979277e-02
-2.6576905831e-01 -8.6353601693e-02
-2.6088543273e-01 -1.0014453489e-01
-2.5528673831e-01 -1.1366097888e-01
-2.4898832069e-01 -1.2686588602e-01
-2.4200744339e-01 -1.3972306259e-01
-2.3436324051e-01 -1.5219726796e-01
-2.2607666428e-01 -1.6425431119e-01
-2.1717042763e-01 -1.7586114478e-01
-2.0766894193e-01 -1.8698595519e-01
-1.9759825009e-01 -1.9759825009e-01
-1.8698595519e-01 -2.0766894193e-01
-1.7586114478e-01 -2.1717042763e-01
-1.6425431119e-01 -2.2607666428e-01
-1.5219726796e-01 -2.3436324051e-01
-1.3972306259e-01 -2.4200744339e-01
-1.2686588602e-01 -2.4898832069e-01
-1.1366097888e-01 -2.5528673831e-01
-1.0014453489e-01 -2.6088543273e-01
-8.6353601693e-02 -2.6576905831e-01
-7.2325979277e-02 -2.6992422937e-01
-5.8100116379e-02 -2.7333955688e-01
-4.3715005100e-02 -2.7600567966e-01
-2.9210074031e-02 -2.7791529007e-01
-1.4625080180e-02 -2.7906315398e-01
-5.1333420410e-17 -2.7944612518e-01
1.4625080180e-02 -2.7906315398e-01
2.9210074031e-02 -2.7791529007e-01
4.3715005100e-02 -2.7600567966e-01
5.8100116379e-02 -2.7333955688e-01
7.2325979277e-02 -2.6992422937e-01
8.6353601693e-02 -2.6576905831e-01
1.0014453489e-01 -2.6088543273e-01
1.1366097888e-01 -2.5528673831e-01
1.2686588602e-01 -2.4898832069e-01
1.3972306259e-01 -2.4200744339e-01
1.5219726796e-01 -2.3436324051e-01
1.6425431119e-01 -2.2607666428e-01
1.7586114478e-01 -2.1717042763e-01
1.8698595519e-01 -2.0766894193e-01
1.9759825009e-01 -1.9759825009e-01
2.0766894193e-01 -1.8698595519e-01
2.1717042763e-01 -1.7586114478e-01
2.2607666428e-01 -1.6425431119e-01
2.3436324051e-01 -1.5219726796e-01
2.4200744339e-01 -1.3972306259e-01
2.4898832069e-01 -1.2686588602e-01
2.5528673831e-01 -1.1366097888e-01
2.6088543273e-01 -1.0014453489e-01
2.6576905831e-01 -8.6353601693e-02
2.6992422937e-01 -7.2325979277e-02
2.7333955688e-01 -5.8100116379e-02
2.7600567966e-01 -4.3715005100e-02
2.7791529007e-01 -2.9210074031e-02
2.7906315398e-01 -1.4625080180e-02
2.7944612518e-01 -6.8444560547e-17

2.8265204035e-01 0.0000000000e+00
2.8226467556e-01 1.4792864816e-02
2.8110364290e-01 2.9545183418e-02
2.7917212470e-01 4.4216520725e-02
2.7647541511e-01 5.8766663623e-02
2.7302090563e-01 7.3155731181e-02
2.6881806482e-01 8.7344283964e-02
2.6387841238e-01 1.0129343214e-01
2.5821548756e-01 1.1496494205e-01
2.5184481203e-01 1.2832134105e-01
2.4478384738e-01 1.4132602018e-01
2.3705194721e-01 1.5394333450e-01
2.2867030414e-01 1.6613870085e-01
2.1966189166e-01 1.7787869257e-01
2.1005140120e-01 1.8913113115e-01
1.9986517445e-01 1.9986517445e-01
1.8913113115e-01 2.1005140120e-01
1.7787869257e-01 2.1966189166e-01
1.6613870085e-01 2.2867030414e-01
1.5394333450e-01 2.3705194721e-01
1.4132602018e-01 2.4478384738e-01
1.2832134105e-01 2.5184481203e-01
1.1496494205e-01 2.5821548756e-01
1.0129343214e-01 2.6387841238e-01
8.7344283964e-02 2.6881806482e-01
7.3155731181e-02 2.7302090563e-01
5.8766663623e-02 2.7647541511e-01
4.4216520725e-02 2.7917212470e-01
2.9545183418e-02 2.8110364290e-01
1.4792864816e-02 2.8226467556e-01
1.7307445825e-17 2.8265204035e-01
-1.4792864816e-02 2.8226467556e-01
-2.9545183418e-02 2.8110364290e-01
-4.4216520725e-02 2.7917212470e-01
-5.8766663623e-02 2.7647541511e-01
-7.3155731181e-02 2.7302090563e-01
-8.7344283964e-02 2.6881806482e-01
-1.0129343214e-01 2.6387841238e-01
-1.1496494205e-01 2.5821548756e-01
-1.2832134105e-01 2.5184481203e-01
-1.4132602018e-01 2.4478384738e-01
-1.5394333450e-01 2.3705194721e-01
-1.6613870085e-01 2.2867030414e-01
-1.7787869257e-01 2.1966189166e-01
-1.8913113115e-01 2.1005140120e-01
-1.9986517445e-01 1.9986517445e-01
-2.1005140120e-01 1.8913113115e-01
-2.1966189166e-01 1.7787869257e-01
-2.2867030414e-01 1.6613870085e-01
-2.3705194721e-01 1.5394333450e-01
-2.4478384738e-01 1.4132602018e-01
-2.5184481203e-01 1.2832134105e-01
-2.5821548756e-01 1.1496494205e-01
-2.6387841238e-01 1.0129343214e-01
-2.6881806482e-01 8.7344283964e-02
-2.7302090563e-01 7.3155731181e-02
-2.7647541511e-01 5.8766663623e-02
-2.7917212470e-01 4.4216520725e-02
-2.8110364290e-01 2.9545183418e-02
-2.8226467556e-01 1.4792864816e-02
-2.8265204035e-01 3.4614891649e-17
-2.8226467556e-01 -1.4792864816e-02
-2.8110364290e-01 -2.9545183418e-02
-2.7917212470e-01 -4.4216520725e-02
-2.7647541511e-01 -5.8766663623e-02
-2.7302090563e-01 -7.3155731181e-02
-2.6881806482e-01 -8.7344283964e-02
-2.6387841238e-01 -1.0129343214e-01
-2.5821548756e-01 -1.1496494205e-01
-2.5184481203e-01 -1.2832134105e-01
-2.4478384738e-01 -1.4132602018e-01
-2.3705194721e-01 -1.5394333450e-01
-2.2867030414e-01 -1.6613870085e-01
-2.1966189166e-01 -1.7787869257e-01
-2.1005140120e-01 -1.8913113115e-01
-1.9986517445e-01 -1.9986517445e-01
-1.8913113115e-01 -2.1005140120e-01
-1.7787869257e-01 -2.1966189166e-01
-1.6613870085e-01 -2.2867030414e-01
-1.5394333450e-01 -2.3705194721e-01
-1.4132602018e-01 -2.4478384738e-01
-1.2832134105e-01 -2.5184481203e-01
-1.1496494205e-01 -2.5821548756e-01
-1.0129343214e-01 -2.6387841238e-01
-8.7344283964e-02 -2.6881806482e-01
-7.3155731181e-02 -2.7302090563e-01
-5.8766663623e-02 -2.7647541511e-01
-4.4216520725e-02 -2.7917212470e-01
-2.9545183418e-02 -2.8110364290e-01
-1.4792864816e-02 -2.8226467556e-01
-5.1922337474e-17 -2.8265204035e-01
1.4792864816e-02 -2.8226467556e-01
2.9545183418e-02 -2.8110364290e-01
4.4216520725e-02 -2.7917212470e-01
5.8766663623e-02 -2.7647541511e-01
7.3155731181e-02 -2.7302090563e-01
8.7344283964e-02 -2.6881806482e-01
1.0129343214e-01 -2.6387841238e-01
1.1496494205e-01 -2.5821548756e-01
1.2832134105e-01 -2.5184481203e-01
1.4132602018e-01 -2.4478384738e-01
1.5394333450e-01 -2.3705194721e-01
1.6613870085e-01 -2.2867030414e-01
1.7787869257e-01 -2.1966189166e-01
1.8913113115e-01 -2.1005140120e-01
1.9986517445e-01 -1.9986517445e-01
2.1005140120e-01 -1.8913113115e-01
2.1966189166e-01 -1.7787869257e-01
2.2867030414e-01 -1.6613870085e-01
2.3705194721e-01 -1.5394333450e-01
2.4478384738e-01 -1.4132602018e-01
2.5184481203e-01 -1.2832134105e-01
2.5821548756e-01 -1.1496494205e-01
2.6387841238e-01 -1.0129343214e-01
2.6881806482e-01 -8.7344283964e-02
2.7302090563e-01 -7.3155731181e-02
2.7647541511e-01 -5.8766663623e-02
2.7917212470e-01 -4.4216520725e-02
2.8110364290e-01 -2.9545183418e-02
2.8226467556e-01 -1.4792864816e-02
2.8265204035e-01 -6.9229783298e-17

2.8620590735e-01 0.0000000000e+00
2.8581367210e-01 1.4978859844e-02
2.8463804144e-01 2.9916663673e-02
2.8268223770e-01 4.4772468008e-02
2.7995162159e-01 5.9505554119e-02
2.7645367755e-01 7.4075539643e-02
2.7219799319e-01 8.8442489262e-02
2.6719623305e-01 1.0256702417e-01
2.6146210661e-01 1.1641042998e-01
2.5501133071e-01 1.2993476291e-01
2.4786158648e-01 1.4310295368e-01
2.4003247087e-01 1.5587890920e-01
2.3154544294e-01 1.6822761146e-01
2.2242376504e-01 1.8011521353e-01
2.1269243907e-01 1.9150913233e-01
2.0237813790e-01 2.0237813790e-01
1.9150913233e-01 2.1269243907e-01
1.8011521353e-01 2.2242376504e-01
1.6822761146e-01 2.3154544294e-01
1.5587890920e-01 2.4003247087e-01
1.4310295368e-01 2.4786158648e-01
1.2993476291e-01 2.5501133071e-01
1.1641042998e-01 2.6146210661e-01
1.0256702417e-01 2.6719623305e-01
8.8442489262e-02 2.7219799319e-01
7.4075539643e-02 2.7645367755e-01
5.9505554119e-02 2.7995162159e-01
4.4772468008e-02 2.8268223770e-01
2.9916663673e-02 2.8463804144e-01
1.4978859844e-02 2.8581367210e-01
1.7525057417e-17 2.8620590735e-01
-1.4978859844e-02 2.8581367210e-01
-2.9916663673e-02 2.8463804144e-01
-4.4772468008e-02 2.8268223770e-01
-5.9505554119e-02 2.7995162159e-01
-7.4075539643e-02 2.7645367755e-01
-8.8442489262e-02 2.7219799319e-01
-1.0256702417e-01 2.6719623305e-01
-1.1641042998e-01 2.6146210661e-01
-1.2993476291e-01 2.5501133071e-01
-1.4310295368e-01 2.4786158648e-01
-1.5587890920e-01 2.4003247087e-01
-1.6822761146e-01 2.3154544294e-01
-1.8011521353e-01 2.2242376504e-01
-1.9150913233e-01 2.1269243907e-01
-2.0237813790e-01 2.0237813790e-01
-2.1269243907e-01 1.9150913233e-01
-2.2242376504e-01 1.8011521353e-01
-2.3154544294e-01 1.6822761146e-01
-2.4003247087e-01 1.5587890920e-01
-2.4786158648e-01 1.4310295368e-01
-2.5501133071e-01 1.2993476291e-01
-2.6146210661e-01 1.1641042998e-01
-2.6719623305e-01 1.0256702417e-01
-2.7219799319e-01 8.8442489262e-02
-2.7645367755e-01 7.4075539643e-02
-2.7995162159e-01 5.9505554119e-02
-2.8268223770e-01 4.4772468008e-02
-2.8463804144e-01 2.9916663673e-02
-2.8581367210e-01 1.4978859844e-02
-2.8620590735e-01 3.5050114833e-17
-2.8581367210e-01 -1.4978859844e-02
-2.8463804144e-01 -2.9916663673e-02
-2.8268223770e-01 -4.4772468008e-02
-2.7995162159e-01 -5.9505554119e-02
-2.7645367755e-01 -7.4075539643e-02
-2.7219799319e-01 -8.8442489262e-02
-2.6719623305e-01 -1.0256702417e-01
-2.6146210661e-01 -1.1641042998e-01
-2.5501133071e-01 -1.2993476291e-01
-2.4786158648e-01 -1.4310295368e-01
-2.4003247087e-01 -1.5587890920e-01
-2.3154544294e-01 -1.6822761146e-01
-2.2242376504e-01 -1.8011521353e-01
-2.1269243907e-01 -1.9150913233e-01
-2.0237813790e-01 -2.0237813790e-01
-1.9150913233e-01 -2.1269243907e-01
-1.8011521353e-01 -2.2242376504e-01
-1.6822761146e-01 -2.3154544294e-01
-1.5587890920e-01 -2.4003247087e-01
-1.4310295368e-01 -2.4786158648e-01
-1.2993476291e-01 -2.5501133071e-01
-1.1641042998e-01 -2.6146210661e-01
-1.0256702417e-01 -2.6719623305e-01
-8.8442489262e-02 -2.7219799319e-01
-7.4075539643e-02 -2.7645367755e-01
-5.9505554119e-02 -2.7995162159e-01
-4.4772468008e-02 -2.8268223770e-01
-2.9916663673e-02 -2.8463804144e-01
-1.4978859844e-02 -2.8581367210e-01
-5.2575172250e-17 -2.8620590735e-01
1.4978859844e-02 -2.8581367210e-01
2.9916663673e-02 -2.8463804144e-01
4.4772468008e-02 -2.8268223770e-01
5.9505554119e-02 -2.7995162159e-01
7.4075539643e-02 -2.7645367755e-01
8.8442489262e-02 -2.7219799319e-01
1.0256702417e-01 -2.6719623305e-01
1.1641042998e-01 -2.6146210661e-01
1.2993476291e-01 -2.5501133071e-01
1.4310295368e-01 -2.4786158648e-01
1.5587890920e-01 -2.4003247087e-01
1.6822761146e-01 -2.3154544294e-01
1.8011521353e-01 -2.2242376504e-01
1.9150913233e-01 -2.1269243907e-01
2.0237813790e-01 -2.0237813790e-01
2.1269243907e-01 -1.9150913233e-01
2.2242376504e-01 -1.8011521353e-01
2.3154544294e-01 -1.6822761146e-01
2.4003247087e-01 -1.5587890920e-01
2.4786158648e-01 -1.4310295368e-01
2.5501133071e-01 -1.2993476291e-01
2.6146210661e-01 -1.1641042998e-01
2.6719623305e-01 -1.0256702417e-01
2.7219799319e-01 -8.8442489262e-02
2.7645367755e-01 -7.4075539643e-02
2.7995162159e-01 -5.9505554119e-02
2.8268223770e-01 -4.4772468008e-02
2.8463804144e-01 -2.9916663673e-02
2.8581367210e-01 -1.4978859844e-02
2.8620590735e-01 -7.0100229667e-17

2.9014549089e-01 0.0000000000e+00
2.8974785657e-01 1.5185041715e-02
2.8855604353e-01 3.0328462286e-02
2.8657331842e-01 4.5388754651e-02
2.8380511577e-01 6.0324639593e-02
2.8025902303e-01 7.5095178892e-02
2.7594475978e-01 8.9659887525e-02
2.7087415113e-01 1.0397884464e-01
2.6506109525e-01 1.1801280297e-01
2.5852152534e-01 1.3172329640e-01
2.5127336590e-01 1.4507274544e-01
2.4333648363e-01 1.5802456017e-01
2.3473263297e-01 1.7054324056e-01
2.2548539648e-01 1.8259447379e-01
2.1562012019e-01 1.9414522825e-01
2.0516384414e-01 2.0516384414e-01
1.9414522825e-01 2.1562012019e-01
1.8259447379e-01 2.2548539648e-01
1.7054324056e-01 2.3473263297e-01
1.5802456017e-01 2.4333648363e-01
1.4507274544e-01 2.5127336590e-01
1.3172329640e-01 2.5852152534e-01
1.1801280297e-01 2.6506109525e-01
1.0397884464e-01 2.7087415113e-01
8.9659887525e-02 2.7594475978e-01
7.5095178892e-02 2.8025902303e-01
6.0324639593e-02 2.8380511577e-01
4.5388754651e-02 2.8657331842e-01
3.0328462286e-02 2.8855604353e-01
1.5185041715e-02 2.8974785657e-01
1.7766287335e-17 2.9014549089e-01
-1.5185041715e-02 2.8974785657e-01
-3.0328462286e-02 2.8855604353e-01
-4.5388754651e-02 2.8657331842e-01
-6.0324639593e-02 2.8380511577e-01
-7.5095178892e-02 2.8025902303e-01
-8.9659887525e-02 2.7594475978e-01
-1.0397884464e-01 2.7087415113e-01
-1.1801280297e-01 2.6506109525e-01
-1.3172329640e-01 2.5852152534e-01
-1.4507274544e-01 2.5127336590e-01
-1.5802456017e-01 2.4333648363e-01
-1.7054324056e-01 2.3473263297e-01
-1.8259447379e-01 2.2548539648e-01
-1.9414522825e-01 2.1562012019e-01
-2.0516384414e-01 2.0516384414e-01
-2.1562012019e-01 1.9414522825e-01
-2.2548539648e-01 1.8259447379e-01
-2.3473263297e-01 1.7054324056e-01
-2.4333648363e-01 1.5802456017e-01
-2.5127336590e-01 1.4507274544e-01
-2.5852152534e-01 1.3172329640e-01
-2.6506109525e-01 1.1801280297e-01
-2.7087415113e-01 1.0397884464e-01
-2.7594475978e-01 8.9659887525e-02
-2.8025902303e-01 7.5095178892e-02
-2.8380511577e-01 6.0324639593e-02
-2.8657331842e-01 4.5388754651e-02
-2.8855604353e-01 3.0328462286e-02
-2.8974785657e-01 1.5185041715e-02
-2.9014549089e-01 3.5532574670e-17
-2.8974785657e-01 -1.5185041715e-02
-2.8855604353e-01 -3.0328462286e-02
-2.8657331842e-01 -4.5388754651e-02
-2.8380511577e-01 -6.0324639593e-02
-2.8025902303e-01 -7.5095178892e-02
-2.7594475978e-01 -8.9659887525e-02
-2.7087415113e-01 -1.0397884464e-01
-2.6506109525e-01 -1.1801280297e-01
-2.5852152534e-01 -1.3172329640e-01
-2.5127336590e-01 -1.4507274544e-01
-2.4333648363e-01 -1.5802456017e-01
-2.3473263297e-01 -1.7054324056e-01
-2.2548539648e-01 -1.8259447379e-01
-2.1562012019e-01 -1.9414522825e-01
-2.0516384414e-01 -2.0516384414e-01
-1.9414522825e-01 -2.1562012019e-01
-1.8259447379e-01 -2.2548539648e-01
-1.7054324056e-01 -2.3473263297e-01
-1.5802456017e-01 -2.4333648363e-01
-1.4507274544e-01 -2.5127336590e-01
-1.3172329640e-01 -2.5852152534e-01
-1.1801280297e-01 -2.6506109525e-01
-1.0397884464e-01 -2.7087415113e-01
-8.9659887525e-02 -2.7594475978e-01
-7.5095178892e-02 -2.8025902303e-01
-6.0324639593e-02 -2.8380511577e-01
-4.5388754651e-02 -2.8657331842e-01
-3.0328462286e-02 -2.8855604353e-01
-1.5185041715e-02 -2.8974785657e-01
-5.3298862005e-17 -2.9014549089e-01
1.5185041715e-02 -2.8974785657e-01
3.0328462286e-02 -2.8855604353e-01
4.5388754651e-02 -2.8657331842e-01
6.0324639593e-02 -2.8380511577e-01
7.5095178892e-02 -2.8025902303e-01
8.9659887525e-02 -2.7594475978e-01
1.0397884464e-01 -2.7087415113e-01
1.1801280297e-01 -2.6506109525e-01
1.3172329640e-01 -2.5852152534e-01
1.4507274544e-01 -2.5127336590e-01
1.5802456017e-01 -2.4333648363e-01
1.7054324056e-01 -2.3473263297e-01
1.8259447379e-01 -2.2548539648e-01
1.9414522825e-01 -2.1562012019e-01
2.0516384414e-01 -2.0516384414e-01
2.1562012019e-01 -1.9414522825e-01
2.2548539648e-01 -1.8259447379e-01
2.3473263297e-01 -1.7054324056e-01
2.4333648363e-01 -1.5802456017e-01
2.5127336590e-01 -1.4507274544e-01
2.5852152534e-01 -1.3172329640e-01
2.6506109525e-01 -1.1801280297e-01
2.7087415113e-01 -1.0397884464e-01
2.7594475978e-01 -8.9659887525e-02
2.8025902303e-01 -7.5095178892e-02
2.8380511577e-01 -6.0324639593e-02
2.8657331842e-01 -4.5388754651e-02
2.8855604353e-01 -3.0328462286e-02
2.8974785657e-01 -1.5185041715e-02
2.9014549089e-01 -7.1065149340e-17

2.9451265444e-01 0.0000000000e+00
2.9410903508e-01 1.5413601396e-02
2.9289928331e-01 3.0784955182e-02
2.9088671495e-01 4.6071929545e-02
2.8807684633e-01 6.1232623952e-02
2.8447737909e-01 7.6225483993e-02
2.8009817914e-01 9.1009415281e-02
2.7495124954e-01 1.0554389609e-01
2.6905069768e-01 1.1978908841e-01
2.6241269656e-01 1.3370594717e-01
2.5505544048e-01 1.4725632722e-01
2.4699909517e-01 1.6040308791e-01
2.3826574250e-01 1.7311019489e-01
2.2887932000e-01 1.8534281886e-01
2.1886555519e-01 1.9706743105e-01
2.0825189510e-01 2.0825189510e-01
1.9706743105e-01 2.1886555519e-01
1.8534281886e-01 2.2887932000e-01
1.7311019489e-01 2.3826574250e-01
1.6040308791e-01 2.4699909517e-01
1.4725632722e-01 2.5505544048e-01
1.3370594717e-01 2.6241269656e-01
1.1978908841e-01 2.6905069768e-01
1.0554389609e-01 2.7495124954e-01
9.1009415281e-02 2.8009817914e-01
7.6225483993e-02 2.8447737909e-01
6.1232623952e-02 2.8807684633e-01
4.6071929545e-02 2.9088671495e-01
3.0784955182e-02 2.9289928331e-01
1.5413601396e-02 2.9410903508e-01
1.8033698979e-17 2.9451265444e-01
-1.5413601396e-02 2.9410903508e-01
-3.0784955182e-02 2.9289928331e-01
-4.6071929545e-02 2.9088671495e-01
-6.1232623952e-02 2.8807684633e-01
-7.6225483993e-02 2.8447737909e-01
-9.1009415281e-02 2.8009817914e-01
-1.0554389609e-01 2.7495124954e-01
-1.1978908841e-01 2.6905069768e-01
-1.3370594717e-01 2.6241269656e-01
-1.4725632722e-01 2.5505544048e-01
-1.6040308791e-01 2.4699909517e-01
-1.7311019489e-01 2.3826574250e-01
-1.8534281886e-01 2.2887932000e-01
-1.9706743105e-01 2.1886555519e-01
-2.0825189510e-01 2.0825189510e-01
-2.1886555519e-01 1.9706743105e-01
-2.2887932000e-01 1.8534281886e-01
-2.3826574250e-01 1.7311019489e-01
-2.4699909517e-01 1.6040308791e-01
-2.5505544048e-01 1.4725632722e-01
-2.6241269656e-01 1.3370594717e-01
-2.6905069768e-01 1.1978908841e-01
-2.7495124954e-01 1.0554389609e-01
-2.8009817914e-01 9.1009415281e-02
-2.8447737909e-01 7.6225483993e-02
-2.8807684633e-01 6.1232623952e-02
-2.9088671495e-01 4.6071929545e-02
-2.9289928331e-01 3.0784955182e-02
-2.9410903508e-01 1.5413601396e-02
-2.9451265444e-01 3.6067397957e-17
-2.9410903508e-01 -1.5413601396e-02
-2.9289928331e-01 -3.0784955182e-02
-2.9088671495e-01 -4.6071929545e-02
-2.8807684633e-01 -6.1232623952e-02
-2.8447737909e-01 -7.6225483993e-02
-2.8009817914e-01 -9.1009415281e-02
-2.7495124954e-01 -1.0554389609e-01
-2.6905069768e-01 -1.1978908841e-01
-2.6241269656e-01 -1.3370594717e-01
-2.5505544048e-01 -1.4725632722e-01
-2.4699909517e-01 -1.6040308791e-01
-2.3826574250e-01 -1.7311019489e-01
-2.2887932000e-01 -1.8534281886e-01
-2.1886555519e-01 -1.9706743105e-01
-2.0825189510e-01 -2.0825189510e-01
-1.9706743105e-01 -2.1886555519e-01
-1.8534281886e-01 -2.2887932000e-01
-1.7311019489e-01 -2.3826574250e-01
-1.6040308791e-01 -2.4699909517e-01
-1.4725632722e-01 -2.5505544048e-01
-1.3370594717e-01 -2.6241269656e-01
-1.1978908841e-01 -2.6905069768e-01
-1.0554389609e-01 -2.7495124954e-01
-9.1009415281e-02 -2.8009817914e-01
-7.6225483993e-02 -2.8447737909e-01
-6.1232623952e-02 -2.8807684633e-01
-4.6071929545e-02 -2.9088671495e-01
-3.0784955182e-02 -2.9289928331e-01
-1.5413601396e-02 -2.9410903508e-01
-5.4101096936e-17 -2.9451265444e-01
1.5413601396e-02 -2.9410903508e-01
3.0784955182e-02 -2.9289928331e-01
4.6071929545e-02 -2.9088671495e-01
6.1232623952e-02 -2.8807684633e-01
7.6225483993e-02 -2.8447737909e-01
9.1009415281e-02 -2.8009817914e-01
1.0554389609e-01 -2.7495124954e-01
1.1978908841e-01 -2.6905069768e-01
1.3370594717e-01 -2.6241269656e-01
1.4725632722e-01 -2.5505544048e-01
1.6040308791e-01 -2.4699909517e-01
1.7311019489e-01 -2.3826574250e-01
1.8534281886e-01 -2.2887932000e-01
1.9706743105e-01 -2.1886555519e-01
2.0825189510e-01 -2.0825189510e-01
2.1886555519e-01 -1.9706743105e-01
2.2887932000e-01 -1.8534281886e-01
2.3826574250e-01 -1.7311019489e-01
2.4699909517e-01 -1.6040308791e-01
2.5505544048e-01 -1.4725632722e-01
2.6241269656e-01 -1.3370594717e-01
2.6905069768e-01 -1.1978908841e-01
2.7495124954e-01 -1.0554389609e-01
2.8009817914e-01 -9.1009415281e-02
2.8447737909e-01 -7.6225483993e-02
2.8807684633e-01 -6.1232623952e-02
2.9088671495e-01 -4.6071929545e-02
2.9289928331e-01 -3.0784955182e-02
2.9410903508e-01 -1.5413601396e-02
2.9451265444e-01 -7.2134795914e-17

2.9935380512e-01 0.0000000000e+00
2.9894355114e-01 1.5666967646e-02
2.9771391366e-01 3.1290993223e-02
2.9566826303e-01 4.6829252362e-02
2.9281220625e-01 6.2239155776e-02
2.8915357157e-01 7.7478465990e-02
2.8470238704e-01 9.2505413114e-02
2.7947085306e-01 1.0727880933e-01
2.7347330890e-01 1.2175816179e-01
2.6672619341e-01 1.3590378359e-01
2.5924799996e-01 1.4967690256e-01
2.5105922576e-01 1.6303976755e-01
2.4218231568e-01 1.7595575187e-01
2.3264160070e-01 1.8838945370e-01
2.2246323127e-01 2.0030679314e-01
2.1167510558e-01 2.1167510558e-01
2.0030679314e-01 2.2246323127e-01
1.8838945370e-01 2.3264160070e-01
1.7595575187e-01 2.4218231568e-01
1.6303976755e-01 2.5105922576e-01
1.4967690256e-01 2.5924799996e-01
1.3590378359e-01 2.6672619341e-01
1.2175816179e-01 2.7347330890e-01
1.0727880933e-01 2.7947085306e-01
9.2505413114e-02 2.8470238704e-01
7.7478465990e-02 2.8915357157e-01
6.2239155776e-02 2.9281220625e-01
4.6829252362e-02 2.9566826303e-01
3.1290993223e-02 2.9771391366e-01
1.5666967646e-02 2.9894355114e-01
1.8330133963e-17 2.9935380512e-01
-1.5666967646e-02 2.9894355114e-01
-3.1290993223e-02 2.9771391366e-01
-4.6829252362e-02 2.9566826303e-01
-6.2239155776e-02 2.9281220625e-01
-7.7478465990e-02 2.8915357157e-01
-9.2505413114e-02 2.8470238704e-01
-1.0727880933e-01 2.7947085306e-01
-1.2175816179e-01 2.7347330890e-01
-1.3590378359e-01 2.6672619341e-01
-1.4967690256e-01 2.5924799996e-01
-1.6303976755e-01 2.5105922576e-01
-1.7595575187e-01 2.4218231568e-01
-1.8838945370e-01 2.3264160070e-01
-2.0030679314e-01 2.2246323127e-01
-2.1167510558e-01 2.1167510558e-01
-2.2246323127e-01 2.0030679314e-01
-2.3264160070e-01 1.8838945370e-01
-2.4218231568e-01 1.7595575187e-01
-2.5105922576e-01 1.6303976755e-01
-2.5924799996e-01 1.4967690256e-01
-2.6672619341e-01 1.3590378359e-01
-2.7347330890e-01 1.2175816179e-01
-2.7947085306e-01 1.0727880933e-01
-2.8470238704e-01 9.2505413114e-02
-2.8915357157e-01 7.7478465990e-02
-2.9281220625e-01 6.2239155776e-02
-2.9566826303e-01 4.6829252362e-02
-2.9771391366e-01 3.1290993223e-02
-2.9894355114e-01 1.5666967646e-02
-2.9935380512e-01 3.6660267926e-17
-2.9894355114e-01 -1.5666967646e-02
-2.9771391366e-01 -3.1290993223e-02
-2.9566826303e-01 -4.6829252362e-02
-2.9281220625e-01 -6.2239155776e-02
-2.8915357157e-01 -7.7478465990e-02
-2.8470238704e-01 -9.2505413114e-02
-2.7947085306e-01 -1.0727880933e-01
-2.7347330890e-01 -1.2175816179e-01
-2.6672619341e-01 -1.3590378359e-01
-2.5924799996e-01 -1.4967690256e-01
-2.5105922576e-01 -1.6303976755e-01
-2.4218231568e-01 -1.7595575187e-01
-2.3264160070e-01 -1.8838945370e-01
-2.2246323127e-01 -2.0030679314e-01
-2.1167510558e-01 -2.1167510558e-01
-2.0030679314e-01 -2.2246323127e-01
-1.8838945370e-01 -2.3264160070e-01
-1.7595575187e-01 -2.4218231568e-01
-1.6303976755e-01 -2.5105922576e-01
-1.4967690256e-01 -2.5924799996e-01
-1.3590378359e-01 -2.6672619341e-01
-1.2175816179e-01 -2.7347330890e-01
-1.0727880933e-01 -2.7947085306e-01
-9.2505413114e-02 -2.8470238704e-01
-7.7478465990e-02 -2.8915357157e-01
-6.2239155776e-02 -2.9281220625e-01
-4.6829252362e-02 -2.9566826303e-01
-3.1290993223e-02 -2.9771391366e-01
-1.5666967646e-02 -2.9894355114e-01
-5.4990401889e-17 -2.9935380512e-01
1.5666967646e-02 -2.9894355114e-01
3.1290993223e-02 -2.9771391366e-01
4.6829252362e-02 -2.9566826303e-01
6.2239155776e-02 -2.9281220625e-01
7.7478465990e-02 -2.8915357157e-01
9.2505413114e-02 -2.8470238704e-01
1.0727880933e-01 -2.7947085306e-01
1.2175816179e-01 -2.7347330890e-01
1.3590378359e-01 -2.6672619341e-01
1.4967690256e-01 -2.5924799996e-01
1.6303976755e-01 -2.5105922576e-01
1.7595575187e-01 -2.4218231568e-01
1.8838945370e-01 -2.3264160070e-01
2.0030679314e-01 -2.2246323127e-01
2.1167510558e-01 -2.1167510558e-01
2.2246323127e-01 -2.0030679314e-01
2.3264160070e-01 -1.8838945370e-01
2.4218231568e-01 -1.7595575187e-01
2.5105922576e-01 -1.6303976755e-01
2.5924799996e-01 -1.4967690256e-01
2.6672619341e-01 -1.3590378359e-01
2.7347330890e-01 -1.2175816179e-01
2.7947085306e-01 -1.0727880933e-01
2.8470238704e-01 -9.2505413114e-02
2.8915357157e-01 -7.7478465990e-02
2.9281220625e-01 -6.2239155776e-02
2.9566826303e-01 -4.6829252362e-02
2.9771391366e-01 -3.1290993223e-02
2.9894355114e-01 -1.5666967646e-02
2.9935380512e-01 -7.3320535852e-17

3.0472038680e-01 0.0000000000e+00
3.0430277810e-01 1.5947832830e-02
3.0305109664e-01 3.1851953759e-02
3.0096877319e-01 4.7668770697e-02
2.9806151525e-01 6.3354930847e-02
2.9433729141e-01 7.8867439536e-02
2.8980630952e-01 9.4163778055e-02
2.8448098868e-01 1.0920202020e-01
2.7837592522e-01 1.2394094721e-01
2.7150785270e-01 1.3834016069e-01
2.6389559602e-01 1.5236019340e-01
2.5556001987e-01 1.6596261742e-01
2.4652397146e-01 1.7911014944e-01
2.3681221798e-01 1.9176675298e-01
2.2645137867e-01 2.0389773719e-01
2.1546985188e-01 2.1546985188e-01
2.0389773719e-01 2.2645137867e-01
1.9176675298e-01 2.3681221798e-01
1.7911014944e-01 2.4652397146e-01
1.6596261742e-01 2.5556001987e-01
1.5236019340e-01 2.6389559602e-01
1.3834016069e-01 2.7150785270e-01
1.2394094721e-01 2.7837592522e-01
1.0920202020e-01 2.8448098868e-01
9.4163778055e-02 2.8980630952e-01
7.8867439536e-02 2.9433729141e-01
6.3354930847e-02 2.9806151525e-01
4.7668770697e-02 3.0096877319e-01
3.1851953759e-02 3.0305109664e-01
1.5947832830e-02 3.0430277810e-01
1.8658742317e-17 3.0472038680e-01
-1.5947832830e-02 3.0430277810e-01
-3.1851953759e-02 3.0305109664e-01
-4.7668770697e-02 3.0096877319e-01
-6.3354930847e-02 2.9806151525e-01
-7.8867439536e-02 2.9433729141e-01
-9.4163778055e-02 2.8980630952e-01
-1.0920202020e-01 2.8448098868e-01
-1.2394094721e-01 2.7837592522e-01
-1.3834016069e-01 2.7150785270e-01
-1.5236019340e-01 2.6389559602e-01
-1.6596261742e-01 2.5556001987e-01
-1.7911014944e-01 2.4652397146e-01
-1.9176675298e-01 2.3681221798e-01
-2.0389773719e-01 2.2645137867e-01
-2.1546985188e-01 2.1546985188e-01
-2.2645137867e-01 2.0389773719e-01
-2.3681221798e-01 1.9176675298e-01
-2.4652397146e-01 1.7911014944e-01
-2.5556001987e-01 1.6596261742e-01
-2.6389559602e-01 1.5236019340e-01
-2.7150785270e-01 1.3834016069e-01
-2.7837592522e-01 1.2394094721e-01
-2.8448098868e-01 1.0920202020e-01
-2.8980630952e-01 9.4163778055e-02
-2.9433729141e-01 7.8867439536e-02
-2.9806151525e-01 6.3354930847e-02
-3.0096877319e-01 4.7668770697e-02
-3.0305109664e-01 3.1851953759e-02
-3.0430277810e-01 1.5947832830e-02
-3.0472038680e-01 3.7317484633e-17
-3.0430277810e-01 -1.5947832830e-02
-3.0305109664e-01 -3.1851953759e-02
-3.0096877319e-01 -4.7668770697e-02
-2.9806151525e-01 -6.3354930847e-02
-2.9433729141e-01 -7.8867439536e-02
-2.8980630952e-01 -9.4163778055e-02
-2.8448098868e-01 -1.0920202020e-01
-2.7837592522e-01 -1.2394094721e-01
-2.7150785270e-01 -1.3834016069e-01
-2.6389559602e-01 -1.5236019340e-01
-2.5556001987e-01 -1.6596261742e-01
-2.4652397146e-01 -1.7911014944e-01
-2.3681221798e-01 -1.9176675298e-01
-2.2645137867e-01 -2.0389773719e-01
-2.1546985188e-01 -2.1546985188e-01
-2.0389773719e-01 -2.2645137867e-01
-1.9176675298e-01 -2.3681221798e-01
-1.7911014944e-01 -2.4652397146e-01
-1.6596261742e-01 -2.5556001987e-01
-1.5236019340e-01 -2.6389559602e-01
-1.3834016069e-01 -2.7150785270e-01
-1.2394094721e-01 -2.7837592522e-01
-1.0920202020e-01 -2.8448098868e-01
-9.4163778055e-02 -2.8980630952e-01
-7.8867439536e-02 -2.9433729141e-01
-6.3354930847e-02 -2.9806151525e-01
-4.7668770697e-02 -3.0096877319e-01
-3.1851953759e-02 -3.0305109664e-01
-1.5947832830e-02 -3.0430277810e-01
-5.5976226950e-17 -3.0472038680e-01
1.5947832830e-02 -3.0430277810e-01
3.1851953759e-02 -3.0305109664e-01
4.7668770697e-02 -3.0096877319e-01
6.3354930847e-02 -2.9806151525e-01
7.8867439536e-02 -2.9433729141e-01
9.4163778055e-02 -2.8980630952e-01
1.0920202020e-01 -2.8448098868e-01
1.2394094721e-01 -2.7837592522e-01
1.3834016069e-01 -2.7150785270e-01
1.5236019340e-01 -2.6389559602e-01
1.6596261742e-01 -2.5556001987e-01
1.7911014944e-01 -2.4652397146e-01
1.9176675298e-01 -2.3681221798e-01
2.0389773719e-01 -2.2645137867e-01
2.1546985188e-01 -2.1546985188e-01
2.2645137867e-01 -2.0389773719e-01
2.3681221798e-01 -1.9176675298e-01
2.4652397146e-01 -1.7911014944e-01
2.5556001987e-01 -1.6596261742e-01
2.6389559602e-01 -1.5236019340e-01
2.7150785270e-01 -1.3834016069e-01
2.7837592522e-01 -1.2394094721e-01
2.8448098868e-01 -1.0920202020e-01
2.8980630952e-01 -9.4163778055e-02
2.9433729141e-01 -7.8867439536e-02
2.9806151525e-01 -6.3354930847e-02
3.0096877319e-01 -4.7668770697e-02
3.0305109664e-01 -3.1851953759e-02
3.0430277810e-01 -1.5947832830e-02
3.0472038680e-01 -7.4634969267e-17

3.1066942678e-01 0.0000000000e+00
3.1024366513e-01 1.6259181526e-02
3.0896754715e-01 3.2473797765e-02
3.0684457061e-01 4.8599405582e-02
3.0388055442e-01 6.4591805807e-02
3.0008362276e-01 8.0407164381e-02
2.9546418275e-01 9.6002132507e-02
2.9003489595e-01 1.1133396546e-01
2.8381064366e-01 1.2636063975e-01
2.7680848612e-01 1.4104096832e-01
2.6904761577e-01 1.5533471339e-01
2.6054930460e-01 1.6920269681e-01
2.5133684590e-01 1.8260690740e-01
2.4143549037e-01 1.9551060515e-01
2.3087237694e-01 2.0787842192e-01
2.1967645838e-01 2.1967645838e-01
2.0787842192e-01 2.3087237694e-01
1.9551060515e-01 2.4143549037e-01
1.8260690740e-01 2.5133684590e-01
1.6920269681e-01 2.6054930460e-01
1.5533471339e-01 2.6904761577e-01
1.4104096832e-01 2.7680848612e-01
1.2636063975e-01 2.8381064366e-01
1.1133396546e-01 2.9003489595e-01
9.6002132507e-02 2.9546418275e-01
8.0407164381e-02 3.0008362276e-01
6.4591805807e-02 3.0388055442e-01
4.8599405582e-02 3.0684457061e-01
3.2473797765e-02 3.0896754715e-01
1.6259181526e-02 3.1024366513e-01
1.9023015955e-17 3.1066942678e-01
-1.6259181526e-02 3.1024366513e-01
-3.2473797765e-02 3.0896754715e-01
-4.8599405582e-02 3.0684457061e-01
-6.4591805807e-02 3.0388055442e-01
-8.0407164381e-02 3.0008362276e-01
-9.6002132507e-02 2.9546418275e-01
-1.1133396546e-01 2.9003489595e-01
-1.2636063975e-01 2.8381064366e-01
-1.4104096832e-01 2.7680848612e-01
-1.5533471339e-01 2.6904761577e-01
-1.6920269681e-01 2.6054930460e-01
-1.8260690740e-01 2.5133684590e-01
-1.9551060515e-01 2.4143549037e-01
-2.0787842192e-01 2.3087237694e-01
-2.1967645838e-01 2.1967645838e-01
-2.3087237694e-01 2.0787842192e-01
-2.4143549037e-01 1.9551060515e-01
-2.5133684590e-01 1.8260690740e-01
-2.6054930460e-01 1.6920269681e-01
-2.6904761577e-01 1.5533471339e-01
-2.7680848612e-01 1.4104096832e-01
-2.8381064366e-01 1.2636063975e-01
-2.9003489595e-01 1.1133396546e-01
-2.9546418275e-01 9.6002132507e-02
-3.0008362276e-01 8.0407164381e-02
-3.0388055442e-01 6.4591805807e-02
-3.0684457061e-01 4.8599405582e-02
-3.0896754715e-01 3.2473797765e-02
-3.1024366513e-01 1.6259181526e-02
-3.1066942678e-01 3.8046031910e-17
-3.1024366513e-01 -1.6259181526e-02
-3.0896754715e-01 -3.2473797765e-02
-3.0684457061e-01 -4.8599405582e-02
-3.0388055442e-01 -6.4591805807e-02
-3.0008362276e-01 -8.0407164381e-02
-2.9546418275e-01 -9.6002132507e-02
-2.9003489595e-01 -1.1133396546e-01
-2.8381064366e-01 -1.2636063975e-01
-2.7680848612e-01 -1.4104096832e-01
-2.6904761577e-01 -1.5533471339e-01
-2.6054930460e-01 -1.6920269681e-01
-2.5133684590e-01 -1.8260690740e-01
-2.4143549037e-01 -1.9551060515e-01
-2.3087237694e-01 -2.0787842192e-01
-2.1967645838e-01 -2.1967645838e-01
-2.0787842192e-01 -2.3087237694e-01
-1.9551060515e-01 -2.4143549037e-01
-1.8260690740e-01 -2.5133684590e-01
-1.6920269681e-01 -2.6054930460e-01
-1.5533471339e-01 -2.6904761577e-01
-1.4104096832e-01 -2.7680848612e-01
-1.2636063975e-01 -2.8381064366e-01
-1.1133396546e-01 -2.9003489595e-01
-9.6002132507e-02 -2.9546418275e-01
-8.0407164381e-02 -3.0008362276e-01
-6.4591805807e-02 -3.0388055442e-01
-4.8599405582e-02 -3.0684457061e-01
-3.2473797765e-02 -3.0896754715e-01
-1.6259181526e-02 -3.1024366513e-01
-5.7069047864e-17 -3.1066942678e-01
1.6259181526e-02 -3.1024366513e-01
3.2473797765e-02 -3.0896754715e-01
4.8599405582e-02 -3.0684457061e-01
6.4591805807e-02 -3.0388055442e-01
8.0407164381e-02 -3.0008362276e-01
9.6002132507e-02 -2.9546418275e-01
1.1133396546e-01 -2.9003489595e-01
1.2636063975e-01 -2.8381064366e-01
1.4104096832e-01 -2.7680848612e-01
1.5533471339e-01 -2.6904761577e-01
1.6920269681e-01 -2.6054930460e-01
1.8260690740e-01 -2.5133684590e-01
1.9551060515e-01 -2.4143549037e-01
2.0787842192e-01 -2.3087237694e-01
2.1967645838e-01 -2.1967645838e-01
2.3087237694e-01 -2.0787842192e-01
2.4143549037e-01 -1.9551060515e-01
2.5133684590e-01 -1.8260690740e-01
2.6054930460e-01 -1.6920269681e-01
2.6904761577e-01 -1.5533471339e-01
2.7680848612e-01 -1.4104096832e-01
2.8381064366e-01 -1.2636063975e-01
2.9003489595e-01 -1.1133396546e-01
2.9546418275e-01 -9.6002132507e-02
3.0008362276e-01 -8.0407164381e-02
3.0388055442e-01 -6.4591805807e-02
3.0684457061e-01 -4.8599405582e-02
3.0896754715e-01 -3.2473797765e-02
3.1024366513e-01 -1.6259181526e-02
3.1066942678e-01 -7.6092063819e-17

3.1726414176e-01 0.0000000000e+00
3.1682934228e-01 1.6604322241e-02
3.1552613560e-01 3.3163133188e-02
3.1335809371e-01 4.9631046293e-02
3.1033115906e-01 6.5962924149e-02
3.0645362828e-01 8.2114002216e-02
3.0173612941e-01 9.8040011510e-02
2.9619159278e-01 1.1369729995e-01
2.8983521558e-01 1.2904295199e-01
2.8268442020e-01 1.4403490627e-01
2.7475880647e-01 1.5863207088e-01
2.6608009796e-01 1.7279443601e-01
2.5667208239e-01 1.8648318361e-01
2.4656054648e-01 1.9966079376e-01
2.3577320526e-01 2.1229114755e-01
2.2433962607e-01 2.2433962607e-01
2.1229114755e-01 2.3577320526e-01
1.9966079376e-01 2.4656054648e-01
1.8648318361e-01 2.5667208239e-01
1.7279443601e-01 2.6608009796e-01
1.5863207088e-01 2.7475880647e-01
1.4403490627e-01 2.8268442020e-01
1.2904295199e-01 2.8983521558e-01
1.1369729995e-01 2.9619159278e-01
9.8040011510e-02 3.0173612941e-01
8.2114002216e-02 3.0645362828e-01
6.5962924149e-02 3.1033115906e-01
4.9631046293e-02 3.1335809371e-01
3.3163133188e-02 3.1552613560e-01
1.6604322241e-02 3.1682934228e-01
1.9426825785e-17 3.1726414176e-01
-1.6604322241e-02 3.1682934228e-01
-3.3163133188e-02 3.1552613560e-01
-4.9631046293e-02 3.1335809371e-01
-6.5962924149e-02 3.1033115906e-01
-8.2114002216e-02 3.0645362828e-01
-9.8040011510e-02 3.0173612941e-01
-1.1369729995e-01 2.9619159278e-01
-1.2904295199e-01 2.8983521558e-01
-1.4403490627e-01 2.8268442020e-01
-1.5863207088e-01 2.7475880647e-01
-1.7279443601e-01 2.6608009796e-01
-1.8648318361e-01 2.5667208239e-01
-1.9966079376e-01 2.4656054648e-01
-2.1229114755e-01 2.3577320526e-01
-2.2433962607e-01 2.2433962607e-01
-2.3577320526e-01 2.1229114755e-01
-2.4656054648e-01 1.9966079376e-01
-2.5667208239e-01 1.8648318361e-01
-2.6608009796e-01 1.7279443601e-01
-2.7475880647e-01 1.5863207088e-01
-2.8268442020e-01 1.4403490627e-01
-2.8983521558e-01 1.2904295199e-01
-2.9619159278e-01 1.1369729995e-01
-3.0173612941e-01 9.8040011510e-02
-3.0645362828e-01 8.2114002216e-02
-3.1033115906e-01 6.5962924149e-02
-3.1335809371e-01 4.9631046293e-02
-3.1552613560e-01 3.3163133188e-02
-3.1682934228e-01 1.6604322241e-02
-3.1726414176e-01 3.8853651569e-17
-3.1682934228e-01 -1.6604322241e-02
-3.1552613560e-01 -3.3163133188e-02
-3.1335809371e-01 -4.9631046293e-02
-3.1033115906e-01 -6.5962924149e-02
-3.0645362828e-01 -8.2114002216e-02
-3.0173612941e-01 -9.8040011510e-02
-2.9619159278e-01 -1.1369729995e-01
-2.8983521558e-01 -1.2904295199e-01
-2.8268442020e-01 -1.4403490627e-01
-2.7475880647e-01 -1.5863207088e-01
-2.6608009796e-01 -1.7279443601e-01
-2.5667208239e-01 -1.8648318361e-01
-2.4656054648e-01 -1.9966079376e-01
-2.3577320526e-01 -2.1229114755e-01
-2.2433962607e-01 -2.2433962607e-01
-2.1229114755e-01 -2.3577320526e-01
-1.9966079376e-01 -2.4656054648e-01
-1.8648318361e-01 -2.5667208239e-01
-1.7279443601e-01 -2.6608009796e-01
-1.5863207088e-01 -2.7475880647e-01
-1.4403490627e-01 -2.8268442020e-01
-1.2904295199e-01 -2.8983521558e-01
-1.1369729995e-01 -2.9619159278e-01
-9.8040011510e-02 -3.0173612941e-01
-8.2114002216e-02 -3.0645362828e-01
-6.5962924149e-02 -3.1033115906e-01
-4.9631046293e-02 -3.1335809371e-01
-3.3163133188e-02 -3.1552613560e-01
-1.6604322241e-02 -3.1682934228e-01
-5.8280477354e-17 -3.1726414176e-01
1.6604322241e-02 -3.1682934228e-01
3.3163133188e-02 -3.1552613560e-01
4.9631046293e-02 -3.1335809371e-01
6.5962924149e-02 -3.1033115906e-01
8.2114002216e-02 -3.0645362828e-01
9.8040011510e-02 -3.0173612941e-01
1.1369729995e-01 -2.9619159278e-01
1.2904295199e-01 -2.8983521558e-01
1.4403490627e-01 -2.8268442020e-01
1.5863207088e-01 -2.7475880647e-01
1.7279443601e-01 -2.6608009796e-01
1.8648318361e-01 -2.5667208239e-01
1.9966079376e-01 -2.4656054648e-01
2.1229114755e-01 -2.3577320526e-01
2.2433962607e-01 -2.2433962607e-01
2.3577320526e-01 -2.1229114755e-01
2.4656054648e-01 -1.9966079376e-01
2.5667208239e-01 -1.8648318361e-01
2.6608009796e-01 -1.7279443601e-01
2.7475880647e-01 -1.5863207088e-01
2.8268442020e-01 -1.4403490627e-01
2.8983521558e-01 -1.2904295199e-01
2.9619159278e-01 -1.1369729995e-01
3.0173612941e-01 -9.8040011510e-02
3.0645362828e-01 -8.2114002216e-02
3.1033115906e-01 -6.5962924149e-02
3.1335809371e-01 -4.9631046293e-02
3.1552613560e-01 -3.3163133188e-02
3.1682934228e-01 -1.6604322241e-02
3.1726414176e-01 -7.7707303138e-17

3.2457460965e-01 0.0000000000e+00
3.2412979143e-01 1.6986922568e-02
3.2279655598e-01 3.3927285162e-02
3.2057855760e-01 5.0774655426e-02
3.1748187569e-01 6.7482855888e-02
3.1351499802e-01 8.4006090534e-02
3.0868879753e-01 1.0029907032e-01
3.0301650251e-01 1.1631713733e-01
2.9651366031e-01 1.3201638716e-01
2.8919809478e-01 1.4735378924e-01
2.8108985738e-01 1.6228730482e-01
2.7221117221e-01 1.7677600219e-01
2.6258637515e-01 1.9078016882e-01
2.5224184708e-01 2.0426142027e-01
2.4120594164e-01 2.1718280536e-01
2.2950890748e-01 2.2950890748e-01
2.1718280536e-01 2.4120594164e-01
2.0426142027e-01 2.5224184708e-01
1.9078016882e-01 2.6258637515e-01
1.7677600219e-01 2.7221117221e-01
1.6228730482e-01 2.8108985738e-01
1.4735378924e-01 2.8919809478e-01
1.3201638716e-01 2.9651366031e-01
1.1631713733e-01 3.0301650251e-01
1.0029907032e-01 3.0868879753e-01
8.4006090534e-02 3.1351499802e-01
6.7482855888e-02 3.1748187569e-01
5.0774655426e-02 3.2057855760e-01
3.3927285162e-02 3.2279655598e-01
1.6986922568e-02 3.2412979143e-01
1.9874462840e-17 3.2457460965e-01
-1.6986922568e-02 3.2412979143e-01
-3.3927285162e-02 3.2279655598e-01
-5.0774655426e-02 3.2057855760e-01
-6.7482855888e-02 3.1748187569e-01
-8.4006090534e-02 3.1351499802e-01
-1.0029907032e-01 3.0868879753e-01
-1.1631713733e-01 3.0301650251e-01
-1.3201638716e-01 2.9651366031e-01
-1.4735378924e-01 2.8919809478e-01
-1.6228730482e-01 2.8108985738e-01
-1.7677600219e-01 2.7221117221e-01
-1.9078016882e-01 2.6258637515e-01
-2.0426142027e-01 2.5224184708e-01
-2.1718280536e-01 2.4120594164e-01
-2.2950890748e-01 2.2950890748e-01
-2.4120594164e-01 2.1718280536e-01
-2.5224184708e-01 2.0426142027e-01
-2.6258637515e-01 1.9078016882e-01
-2.7221117221e-01 1.7677600219e-01
-2.8108985738e-01 1.6228730482e-01
-2.8919809478e-01 1.4735378924e-01
-2.9651366031e-01 1.3201638716e-01
-3.0301650251e-01 1.1631713733e-01
-3.0868879753e-01 1.0029907032e-01
-3.1351499802e-01 8.4006090534e-02
-3.1748187569e-01 6.7482855888e-02
-3.2057855760e-01 5.0774655426e-02
-3.2279655598e-01 3.3927285162e-02
-3.2412979143e-01 1.6986922568e-02
-3.2457460965e-01 3.9748925679e-17
-3.2412979143e-01 -1.6986922568e-02
-3.2279655598e-01 -3.3927285162e-02
-3.2057855760e-01 -5.0774655426e-02
-3.1748187569e-01 -6.7482855888e-02
-3.1351499802e-01 -8.4006090534e-02
-3.0868879753e-01 -1.0029907032e-01
-3.0301650251e-01 -1.1631713733e-01
-2.9651366031e-01 -1.3201638716e-01
-2.8919809478e-01 -1.4735378924e-01
-2.8108985738e-01 -1.6228730482e-01
-2.7221117221e-01 -1.7677600219e-01
-2.6258637515e-01 -1.9078016882e-01
-2.5224184708e-01 -2.0426142027e-01
-2.4120594164e-01 -2.1718280536e-01
-2.2950890748e-01 -2.2950890748e-01
-2.1718280536e-01 -2.4120594164e-01
-2.0426142027e-01 -2.5224184708e-01
-1.9078016882e-01 -2.6258637515e-01
-1.7677600219e-01 -2.7221117221e-01
-1.6228730482e-01 -2.8108985738e-01
-1.4735378924e-01 -2.8919809478e-01
-1.3201638716e-01 -2.9651366031e-01
-1.1631713733e-01 -3.0301650251e-01
-1.0029907032e-01 -3.0868879753e-01
-8.4006090534e-02 -3.1351499802e-01
-6.7482855888e-02 -3.1748187569e-01
-5.0774655426e-02 -3.2057855760e-01
-3.3927285162e-02 -3.2279655598e-01
-1.6986922568e-02 -3.2412979143e-01
-5.9623388519e-17 -3.2457460965e-01
1.6986922568e-02 -3.2412979143e-01
3.3927285162e-02 -3.2279655598e-01
5.0774655426e-02 -3.2057855760e-01
6.7482855888e-02 -3.1748187569e-01
8.4006090534e-02 -3.1351499802e-01
1.0029907032e-01 -3.0868879753e-01
1.1631713733e-01 -3.0301650251e-01
1.3201638716e-01 -2.9651366031e-01
1.4735378924e-01 -2.8919809478e-01
1.6228730482e-01 -2.8108985738e-01
1.7677600219e-01 -2.7221117221e-01
1.9078016882e-01 -2.6258637515e-01
2.0426142027e-01 -2.5224184708e-01
2.1718280536e-01 -2.4120594164e-01
2.2950890748e-01 -2.2950890748e-01
2.4120594164e-01 -2.1718280536e-01
2.5224184708e-01 -2.0426142027e-01
2.6258637515e-01 -1.9078016882e-01
2.7221117221e-01 -1.7677600219e-01
2.8108985738e-01 -1.6228730482e-01
2.8919809478e-01 -1.4735378924e-01
2.9651366031e-01 -1.3201638716e-01
3.0301650251e-01 -1.1631713733e-01
3.0868879753e-01 -1.0029907032e-01
3.1351499802e-01 -8.4006090534e-02
3.1748187569e-01 -6.7482855888e-02
3.2057855760e-01 -5.0774655426e-02
3.2279655598e-01 -3.3927285162e-02
3.2412979143e-01 -1.6986922568e-02
3.2457460965e-01 -7.9497851358e-17

3.3267851420e-01 0.0000000000e+00
3.3222258986e-01 1.7411048162e-02
3.3085606649e-01 3.4774373851e-02
3.2858268964e-01 5.2042385399e-02
3.2540869048e-01 6.9167752386e-02
3.2134276872e-01 8.6103535371e-02
3.1639606876e-01 1.0280331455e-01
3.1058214917e-01 1.1922131699e-01
3.0391694550e-01 1.3531254209e-01
2.9641872661e-01 1.5103288491e-01
2.8810804459e-01 1.6633925710e-01
2.7900767845e-01 1.8118970494e-01
2.6914257165e-01 1.9554352440e-01
2.5853976377e-01 2.0936137265e-01
2.4722831637e-01 2.2260537593e-01
2.3523923334e-01 2.3523923334e-01
2.2260537593e-01 2.4722831637e-01
2.0936137265e-01 2.5853976377e-01
1.9554352440e-01 2.6914257165e-01
1.8118970494e-01 2.7900767845e-01
1.6633925710e-01 2.8810804459e-01
1.5103288491e-01 2.9641872661e-01
1.3531254209e-01 3.0391694550e-01
1.1922131699e-01 3.1058214917e-01
1.0280331455e-01 3.1639606876e-01
8.6103535371e-02 3.2134276872e-01
6.9167752386e-02 3.2540869048e-01
5.2042385399e-02 3.2858268964e-01
3.4774373851e-02 3.3085606649e-01
1.7411048162e-02 3.3222258986e-01
2.0370683878e-17 3.3267851420e-01
-1.7411048162e-02 3.3222258986e-01
-3.4774373851e-02 3.3085606649e-01
-5.2042385399e-02 3.2858268964e-01
-6.9167752386e-02 3.2540869048e-01
-8.6103535371e-02 3.2134276872e-01
-1.0280331455e-01 3.1639606876e-01
-1.1922131699e-01 3.1058214917e-01
-1.3531254209e-01 3.0391694550e-01
-1.5103288491e-01 2.9641872661e-01
-1.6633925710e-01 2.8810804459e-01
-1.8118970494e-01 2.7900767845e-01
-1.9554352440e-01 2.6914257165e-01
-2.0936137265e-01 2.5853976377e-01
-2.2260537593e-01 2.4722831637e-01
-2.3523923334e-01 2.3523923334e-01
-2.4722831637e-01 2.2260537593e-01
-2.5853976377e-01 2.0936137265e-01
-2.6914257165e-01 1.9554352440e-01
-2.7900767845e-01 1.8118970494e-01
-2.8810804459e-01 1.6633925710e-01
-2.9641872661e-01 1.5103288491e-01
-3.0391694550e-01 1.3531254209e-01
-3.1058214917e-01 1.1922131699e-01
-3.1639606876e-01 1.0280331455e-01
-3.2134276872e-01 8.6103535371e-02
-3.2540869048e-01 6.9167752386e-02
-3.2858268964e-01 5.2042385399e-02
-3.3085606649e-01 3.4774373851e-02
-3.3222258986e-01 1.7411048162e-02
-3.3267851420e-01 4.0741367756e-17
-3.3222258986e-01 -1.7411048162e-02
-3.3085606649e-01 -3.4774373851e-02
-3.2858268964e-01 -5.2042385399e-02
-3.2540869048e-01 -6.9167752386e-02
-3.2134276872e-01 -8.6103535371e-02
-3.1639606876e-01 -1.0280331455e-01
-3.1058214917e-01 -1.1922131699e-01
-3.0391694550e-01 -1.3531254209e-01
-2.9641872661e-01 -1.5103288491e-01
-2.8810804459e-01 -1.6633925710e-01
-2.7900767845e-01 -1.8118970494e-01
-2.6914257165e-01 -1.9554352440e-01
-2.5853976377e-01 -2.0936137265e-01
-2.4722831637e-01 -2.2260537593e-01
-2.3523923334e-01 -2.3523923334e-01
-2.2260537593e-01 -2.4722831637e-01
-2.0936137265e-01 -2.5853976377e-01
-1.9554352440e-01 -2.6914257165e-01
-1.8118970494e-01 -2.7900767845e-01
-1.6633925710e-01 -2.8810804459e-01
-1.5103288491e-01 -2.9641872661e-01
-1.3531254209e-01 -3.0391694550e-01
-1.1922131699e-01 -3.1058214917e-01
-1.0280331455e-01 -3.1639606876e-01
-8.6103535371e-02 -3.2134276872e-01
-6.9167752386e-02 -3.2540869048e-01
-5.2042385399e-02 -3.2858268964e-01
-3.4774373851e-02 -3.3085606649e-01
-1.7411048162e-02 -3.3222258986e-01
-6.1112051634e-17 -3.3267851420e-01
1.7411048162e-02 -3.3222258986e-01
3.4774373851e-02 -3.3085606649e-01
5.2042385399e-02 -3.2858268964e-01
6.9167752386e-02 -3.2540869048e-01
8.6103535371e-02 -3.2134276872e-01
1.0280331455e-01 -3.1639606876e-01
1.1922131699e-01 -3.1058214917e-01
1.3531254209e-01 -3.0391694550e-01
1.5103288491e-01 -2.9641872661e-01
1.6633925710e-01 -2.8810804459e-01
1.8118970494e-01 -2.7900767845e-01
1.9554352440e-01 -2.6914257165e-01
2.0936137265e-01 -2.5853976377e-01
2.2260537593e-01 -2.4722831637e-01
2.3523923334e-01 -2.3523923334e-01
2.4722831637e-01 -2.2260537593e-01
2.5853976377e-01 -2.0936137265e-01
2.6914257165e-01 -1.9554352440e-01
2.7900767845e-01 -1.8118970494e-01
2.8810804459e-01 -1.6633925710e-01
2.9641872661e-01 -1.5103288491e-01
3.0391694550e-01 -1.3531254209e-01
3.1058214917e-01 -1.1922131699e-01
3.1639606876e-01 -1.0280331455e-01
3.2134276872e-01 -8.6103535371e-02
3.2540869048e-01 -6.9167752386e-02
3.2858268964e-01 -5.2042385399e-02
3.3085606649e-01 -3.4774373851e-02
3.3222258986e-01 -1.7411048162e-02
3.3267851420e-01 -8.1482735511e-17

3.4166197052e-01 0.0000000000e+00
3.4119373466e-01 1.7881205939e-02
3.3979031049e-01 3.5713400735e-02
3.3745554470e-01 5.3447707582e-02
3.3419583672e-01 7.1035517978e-02
3.3002012118e-01 8.8428624957e-02
3.2493984343e-01 1.0557935522e-01
3.1896892815e-01 1.2244069981e-01
3.1212374122e-01 1.3896644295e-01
3.0442304480e-01 1.5511128874e-01
2.9588794598e-01 1.7083098526e-01
2.8654183886e-01 1.8608244592e-01
2.7641034048e-01 2.0082386754e-01
2.6552122057e-01 2.1501484489e-01
2.5390432545e-01 2.2861648150e-01
2.4159149623e-01 2.4159149623e-01
2.2861648150e-01 2.5390432545e-01
2.1501484489e-01 2.6552122057e-01
2.0082386754e-01 2.7641034048e-01
1.8608244592e-01 2.8654183886e-01
1.7083098526e-01 2.9588794598e-01
1.5511128874e-01 3.0442304480e-01
1.3896644295e-01 3.1212374122e-01
1.2244069981e-01 3.1896892815e-01
1.0557935522e-01 3.2493984343e-01
8.8428624957e-02 3.3002012118e-01
7.1035517978e-02 3.3419583672e-01
5.3447707582e-02 3.3745554470e-01
3.5713400735e-02 3.3979031049e-01
1.7881205939e-02 3.4119373466e-01
2.0920761929e-17 3.4166197052e-01
-1.7881205939e-02 3.4119373466e-01
-3.5713400735e-02 3.3979031049e-01
-5.3447707582e-02 3.3745554470e-01
-7.1035517978e-02 3.3419583672e-01
-8.8428624957e-02 3.3002012118e-01
-1.0557935522e-01 3.2493984343e-01
-1.2244069981e-01 3.1896892815e-01
-1.3896644295e-01 3.1212374122e-01
-1.5511128874e-01 3.0442304480e-01
-1.7083098526e-01 2.9588794598e-01
-1.8608244592e-01 2.8654183886e-01
-2.0082386754e-01 2.7641034048e-01
-2.1501484489e-01 2.6552122057e-01
-2.2861648150e-01 2.5390432545e-01
-2.4159149623e-01 2.4159149623e-01
-2.5390432545e-01 2.2861648150e-01
-2.6552122057e-01 2.1501484489e-01
-2.7641034048e-01 2.0082386754e-01
-2.8654183886e-01 1.8608244592e-01
-2.9588794598e-01 1.7083098526e-01
-3.0442304480e-01 1.5511128874e-01
-3.1212374122e-01 1.3896644295e-01
-3.1896892815e-01 1.2244069981e-01
-3.2493984343e-01 1.0557935522e-01
-3.3002012118e-01 8.8428624957e-02
-3.3419583672e-01 7.1035517978e-02
-3.3745554470e-01 5.3447707582e-02
-3.3979031049e-01 3.5713400735e-02
-3.4119373466e-01 1.7881205939e-02
-3.4166197052e-01 4.1841523858e-17
-3.4119373466e-01 -1.7881205939e-02
-3.3979031049e-01 -3.5713400735e-02
-3.3745554470e-01 -5.3447707582e-02
-3.3419583672e-01 -7.1035517978e-02
-3.3002012118e-01 -8.8428624957e-02
-3.2493984343e-01 -1.0557935522e-01
-3.1896892815e-01 -1.2244069981e-01
-3.1212374122e-01 -1.3896644295e-01
-3.0442304480e-01 -1.5511128874e-01
-2.9588794598e-01 -1.7083098526e-01
-2.8654183886e-01 -1.8608244592e-01
-2.7641034048e-01 -2.0082386754e-01
-2.6552122057e-01 -2.1501484489e-01
-2.5390432545e-01 -2.2861648150e-01
-2.4159149623e-01 -2.4159149623e-01
-2.2861648150e-01 -2.5390432545e-01
-2.1501484489e-01 -2.6552122057e-01
-2.0082386754e-01 -2.7641034048e-01
-1.8608244592e-01 -2.8654183886e-01
-1.7083098526e-01 -2.9588794598e-01
-1.5511128874e-01 -3.0442304480e-01
-1.3896644295e-01 -3.1212374122e-01
-1.2244069981e-01 -3.1896892815e-01
-1.0557935522e-01 -3.2493984343e-01
-8.8428624957e-02 -3.3002012118e-01
-7.1035517978e-02 -3.3419583672e-01
-5.3447707582e-02 -3.3745554470e-01
-3.5713400735e-02 -3.3979031049e-01
-1.7881205939e-02 -3.4119373466e-01
-6.2762285788e-17 -3.4166197052e-01
1.7881205939e-02 -3.4119373466e-01
3.5713400735e-02 -3.3979031049e-01
5.3447707582e-02 -3.3745554470e-01
7.1035517978e-02 -3.3419583672e-01
8.8428624957e-02 -3.3002012118e-01
1.0557935522e-01 -3.2493984343e-01
1.2244069981e-01 -3.1896892815e-01
1.3896644295e-01 -3.1212374122e-01
1.5511128874e-01 -3.0442304480e-01
1.7083098526e-01 -2.9588794598e-01
1.8608244592e-01 -2.8654183886e-01
2.0082386754e-01 -2.7641034048e-01
2.1501484489e-01 -2.6552122057e-01
2.2861648150e-01 -2.5390432545e-01
2.4159149623e-01 -2.4159149623e-01
2.5390432545e-01 -2.2861648150e-01
2.6552122057e-01 -2.1501484489e-01
2.7641034048e-01 -2.0082386754e-01
2.8654183886e-01 -1.8608244592e-01
2.9588794598e-01 -1.7083098526e-01
3.0442304480e-01 -1.5511128874e-01
3.1212374122e-01 -1.3896644295e-01
3.1896892815e-01 -1.2244069981e-01
3.2493984343e-01 -1.0557935522e-01
3.3002012118e-01 -8.8428624957e-02
3.3419583672e-01 -7.1035517978e-02
3.3745554470e-01 -5.3447707582e-02
3.3979031049e-01 -3.5713400735e-02
3.4119373466e-01 -1.7881205939e-02
3.4166197052e-01 -8.3683047717e-17

3.5162044016e-01 0.0000000000e+00
3.5113855657e-01 1.8402391970e-02
3.4969422660e-01 3.6754344263e-02
3.4729140906e-01 5.5005555454e-02
3.4393668991e-01 7.3106000240e-02
3.3963926420e-01 9.1006066561e-02
3.3441091088e-01 1.0865669158e-01
3.2826596049e-01 1.2600949616e-01
3.2122125592e-01 1.4301691747e-01
3.1329610622e-01 1.5963233935e-01
3.0451223367e-01 1.7581022008e-01
2.9489371425e-01 1.9150621722e-01
2.8446691166e-01 2.0667730913e-01
2.7326040504e-01 2.2128191290e-01
2.6130491064e-01 2.3527999833e-01
2.4863319764e-01 2.4863319764e-01
2.3527999833e-01 2.6130491064e-01
2.2128191290e-01 2.7326040504e-01
2.0667730913e-01 2.8446691166e-01
1.9150621722e-01 2.9489371425e-01
1.7581022008e-01 3.0451223367e-01
1.5963233935e-01 3.1329610622e-01
1.4301691747e-01 3.2122125592e-01
1.2600949616e-01 3.2826596049e-01
1.0865669158e-01 3.3441091088e-01
9.1006066561e-02 3.3963926420e-01
7.3106000240e-02 3.4393668991e-01
5.5005555454e-02 3.4729140906e-01
3.6754344263e-02 3.4969422660e-01
1.8402391970e-02 3.5113855657e-01
2.1530542328e-17 3.5162044016e-01
-1.8402391970e-02 3.5113855657e-01
-3.6754344263e-02 3.4969422660e-01
-5.5005555454e-02 3.4729140906e-01
-7.3106000240e-02 3.4393668991e-01
-9.1006066561e-02 3.3963926420e-01
-1.0865669158e-01 3.3441091088e-01
-1.2600949616e-01 3.2826596049e-01
-1.4301691747e-01 3.2122125592e-01
-1.5963233935e-01 3.1329610622e-01
-1.7581022008e-01 3.0451223367e-01
-1.9150621722e-01 2.9489371425e-01
-2.0667730913e-01 2.8446691166e-01
-2.2128191290e-01 2.7326040504e-01
-2.3527999833e-01 2.6130491064e-01
-2.4863319764e-01 2.4863319764e-01
-2.6130491064e-01 2.3527999833e-01
-2.7326040504e-01 2.2128191290e-01
-2.8446691166e-01 2.0667730913e-01
-2.9489371425e-01 1.9150621722e-01
-3.0451223367e-01 1.7581022008e-01
-3.1329610622e-01 1.5963233935e-01
-3.2122125592e-01 1.4301691747e-01
-3.2826596049e-01 1.2600949616e-01
-3.3441091088e-01 1.0865669158e-01
-3.3963926420e-01 9.1006066561e-02
-3.4393668991e-01 7.3106000240e-02
-3.4729140906e-01 5.5005555454e-02
-3.4969422660e-01 3.6754344263e-02
-3.5113855657e-01 1.8402391970e-02
-3.5162044016e-01 4.3061084656e-17
-3.5113855657e-01 -1.8402391970e-02
-3.4969422660e-01 -3.6754344263e-02
-3.4729140906e-01 -5.5005555454e-02
-3.4393668991e-01 -7.3106000240e-02
-3.3963926420e-01 -9.1006066561e-02
-3.3441091088e-01 -1.0865669158e-01
-3.2826596049e-01 -1.2600949616e-01
-3.2122125592e-01 -1.4301691747e-01
-3.1329610622e-01 -1.5963233935e-01
-3.0451223367e-01 -1.7581022008e-01
-2.9489371425e-01 -1.9150621722e-01
-2.8446691166e-01 -2.0667730913e-01
-2.7326040504e-01 -2.2128191290e-01
-2.6130491064e-01 -2.3527999833e-01
-2.4863319764e-01 -2.4863319764e-01
-2.3527999833e-01 -2.6130491064e-01
-2.2128191290e-01 -2.7326040504e-01
-2.0667730913e-01 -2.8446691166e-01
-1.9150621722e-01 -2.9489371425e-01
-1.7581022008e-01 -3.0451223367e-01
-1.5963233935e-01 -3.1329610622e-01
-1.4301691747e-01 -3.2122125592e-01
-1.2600949616e-01 -3.2826596049e-01
-1.0865669158e-01 -3.3441091088e-01
-9.1006066561e-02 -3.3963926420e-01
-7.3106000240e-02 -3.4393668991e-01
-5.5005555454e-02 -3.4729140906e-01
-3.6754344263e-02 -3.4969422660e-01
-1.8402391970e-02 -3.5113855657e-01
-6.4591626984e-17 -3.5162044016e-01
1.8402391970e-02 -3.5113855657e-01
3.6754344263e-02 -3.4969422660e-01
5.5005555454e-02 -3.4729140906e-01
7.3106000240e-02 -3.4393668991e-01
9.1006066561e-02 -3.3963926420e-01
1.0865669158e-01 -3.3441091088e-01
1.2600949616e-01 -3.2826596049e-01
1.4301691747e-01 -3.2122125592e-01
1.5963233935e-01 -3.1329610622e-01
1.7581022008e-01 -3.0451223367e-01
1.9150621722e-01 -2.9489371425e-01
2.0667730913e-01 -2.8446691166e-01
2.2128191290e-01 -2.7326040504e-01
2.3527999833e-01 -2.6130491064e-01
2.4863319764e-01 -2.4863319764e-01
2.6130491064e-01 -2.3527999833e-01
2.7326040504e-01 -2.2128191290e-01
2.8446691166e-01 -2.0667730913e-01
2.9489371425e-01 -1.9150621722e-01
3.0451223367e-01 -1.7581022008e-01
3.1329610622e-01 -1.5963233935e-01
3.2122125592e-01 -1.4301691747e-01
3.2826596049e-01 -1.2600949616e-01
3.3441091088e-01 -1.0865669158e-01
3.3963926420e-01 -9.1006066561e-02
3.4393668991e-01 -7.3106000240e-02
3.4729140906e-01 -5.5005555454e-02
3.4969422660e-01 -3.6754344263e-02
3.5113855657e-01 -1.8402391970e-02
3.5162044016e-01 -8.6122169311e-17

3.6265974553e-01 0.0000000000e+00
3.6216273296e-01 1.8980144573e-02
3.6067305750e-01 3.7908265890e-02
3.5819480227e-01 5.6732483284e-02
3.5473475998e-01 7.5401200886e-02
3.5030241437e-01 9.3863249036e-02
3.4490991419e-01 1.1206802455e-01
3.3857203991e-01 1.2996562939e-01
3.3130616320e-01 1.4750700748e-01
3.2313219933e-01 1.6464407911e-01
3.1407255256e-01 1.8132987277e-01
3.0415205476e-01 1.9751865385e-01
2.9339789731e-01 2.1316605003e-01
2.8183955662e-01 2.2822917288e-01
2.6950871330e-01 2.4266673543e-01
2.5643916533e-01 2.5643916533e-01
2.4266673543e-01 2.6950871330e-01
2.2822917288e-01 2.8183955662e-01
2.1316605003e-01 2.9339789731e-01
1.9751865385e-01 3.0415205476e-01
1.8132987277e-01 3.1407255256e-01
1.6464407911e-01 3.2313219933e-01
1.4750700748e-01 3.3130616320e-01
1.2996562939e-01 3.3857203991e-01
1.1206802455e-01 3.4490991419e-01
9.3863249036e-02 3.5030241437e-01
7.5401200886e-02 3.5473475998e-01
5.6732483284e-02 3.5819480227e-01
3.7908265890e-02 3.6067305750e-01
1.8980144573e-02 3.6216273296e-01
2.2206504827e-17 3.6265974553e-01
-1.8980144573e-02 3.6216273296e-01
-3.7908265890e-02 3.6067305750e-01
-5.6732483284e-02 3.5819480227e-01
-7.5401200886e-02 3.5473475998e-01
-9.3863249036e-02 3.5030241437e-01
-1.1206802455e-01 3.4490991419e-01
-1.2996562939e-01 3.3857203991e-01
-1.4750700748e-01 3.3130616320e-01
-1.6464407911e-01 3.2313219933e-01
-1.8132987277e-01 3.1407255256e-01
-1.9751865385e-01 3.0415205476e-01
-2.1316605003e-01 2.9339789731e-01
-2.2822917288e-01 2.8183955662e-01
-2.4266673543e-01 2.6950871330e-01
-2.5643916533e-01 2.5643916533e-01
-2.6950871330e-01 2.4266673543e-01
-2.8183955662e-01 2.2822917288e-01
-2.9339789731e-01 2.1316605003e-01
-3.0415205476e-01 1.9751865385e-01
-3.1407255256e-01 1.8132987277e-01
-3.2313219933e-01 1.6464407911e-01
-3.3130616320e-01 1.4750700748e-01
-3.3857203991e-01 1.2996562939e-01
-3.4490991419e-01 1.1206802455e-01
-3.5030241437e-01 9.3863249036e-02
-3.5473475998e-01 7.5401200886e-02
-3.5819480227e-01 5.6732483284e-02
-3.6067305750e-01 3.7908265890e-02
-3.6216273296e-01 1.8980144573e-02
-3.6265974553e-01 4.4413009655e-17
-3.6216273296e-01 -1.8980144573e-02
-3.6067305750e-01 -3.7908265890e-02
-3.5819480227e-01 -5.6732483284e-02
-3.5473475998e-01 -7.5401200886e-02
-3.5030241437e-01 -9.3863249036e-02
-3.4490991419e-01 -1.1206802455e-01
-3.3857203991e-01 -1.2996562939e-01
-3.3130616320e-01 -1.4750700748e-01
-3.2313219933e-01 -1.6464407911e-01
-3.1407255256e-01 -1.8132987277e-01
-3.0415205476e-01 -1.9751865385e-01
-2.9339789731e-01 -2.1316605003e-01
-2.8183955662e-01 -2.2822917288e-01
-2.6950871330e-01 -2.4266673543e-01
-2.5643916533e-01 -2.5643916533e-01
-2.4266673543e-01 -2.6950871330e-01
-2.2822917288e-01 -2.8183955662e-01
-2.1316605003e-01 -2.9339789731e-01
-1.9751865385e-01 -3.0415205476e-01
-1.8132987277e-01 -3.1407255256e-01
-1.6464407911e-01 -3.2313219933e-01
-1.4750700748e-01 -3.3130616320e-01
-1.2996562939e-01 -3.3857203991e-01
-1.1206802455e-01 -3.4490991419e-01
-9.3863249036e-02 -3.5030241437e-01
-7.5401200886e-02 -3.5473475998e-01
-5.6732483284e-02 -3.5819480227e-01
-3.7908265890e-02 -3.6067305750e-01
-1.8980144573e-02 -3.6216273296e-01
-6.6619514482e-17 -3.6265974553e-01
1.8980144573e-02 -3.6216273296e-01
3.7908265890e-02 -3.6067305750e-01
5.6732483284e-02 -3.5819480227e-01
7.5401200886e-02 -3.5473475998e-01
9.3863249036e-02 -3.5030241437e-01
1.1206802455e-01 -3.4490991419e-01
1.2996562939e-01 -3.3857203991e-01
1.4750700748e-01 -3.3130616320e-01
1.6464407911e-01 -3.2313219933e-01
1.8132987277e-01 -3.1407255256e-01
1.9751865385e-01 -3.0415205476e-01
2.1316605003e-01 -2.9339789731e-01
2.2822917288e-01 -2.8183955662e-01
2.4266673543e-01 -2.6950871330e-01
2.5643916533e-01 -2.5643916533e-01
2.6950871330e-01 -2.4266673543e-01
2.8183955662e-01 -2.2822917288e-01
2.9339789731e-01 -2.1316605003e-01
3.0415205476e-01 -1.9751865385e-01
3.1407255256e-01 -1.8132987277e-01
3.2313219933e-01 -1.6464407911e-01
3.3130616320e-01 -1.4750700748e-01
3.3857203991e-01 -1.2996562939e-01
3.4490991419e-01 -1.1206802455e-01
3.5030241437e-01 -9.3863249036e-02
3.5473475998e-01 -7.5401200886e-02
3.5819480227e-01 -5.6732483284e-02
3.6067305750e-01 -3.7908265890e-02
3.6216273296e-01 -1.8980144573e-02
3.6265974553e-01 -8.8826019310e-17

3.7489719441e-01 0.0000000000e+00
3.7438341083e-01 1.9620603162e-02
3.7284346835e-01 3.9187427615e-02
3.7028158784e-01 5.8646842053e-02
3.6670479123e-01 7.7945509573e-02
3.6212288228e-01 9.7030533869e-02
3.5654841968e-01 1.1584960422e-01
3.4999668265e-01 1.3435113885e-01
3.4248562904e-01 1.5248442635e-01
3.3403584612e-01 1.7019976464e-01
3.2467049417e-01 1.8744859721e-01
3.1441524296e-01 2.0418364619e-01
3.0329820142e-01 2.2035904200e-01
2.9134984060e-01 2.3593044899e-01
2.7860291011e-01 2.5085518702e-01
2.6509234842e-01 2.6509234842e-01
2.5085518702e-01 2.7860291011e-01
2.3593044899e-01 2.9134984060e-01
2.2035904200e-01 3.0329820142e-01
2.0418364619e-01 3.1441524296e-01
1.8744859721e-01 3.2467049417e-01
1.7019976464e-01 3.3403584612e-01
1.5248442635e-01 3.4248562904e-01
1.3435113885e-01 3.4999668265e-01
1.1584960422e-01 3.5654841968e-01
9.7030533869e-02 3.6212288228e-01
7.7945509573e-02 3.6670479123e-01
5.8646842053e-02 3.7028158784e-01
3.9187427615e-02 3.7284346835e-01
1.9620603162e-02 3.7438341083e-01
2.2955832457e-17 3.7489719441e-01
-1.9620603162e-02 3.7438341083e-01
-3.9187427615e-02 3.7284346835e-01
-5.8646842053e-02 3.7028158784e-01
-7.7945509573e-02 3.6670479123e-01
-9.7030533869e-02 3.6212288228e-01
-1.1584960422e-01 3.5654841968e-01
-1.3435113885e-01 3.4999668265e-01
-1.5248442635e-01 3.4248562904e-01
-1.7019976464e-01 3.3403584612e-01
-1.8744859721e-01 3.2467049417e-01
-2.0418364619e-01 3.1441524296e-01
-2.2035904200e-01 3.0329820142e-01
-2.3593044899e-01 2.9134984060e-01
-2.5085518702e-01 2.7860291011e-01
-2.6509234842e-01 2.6509234842e-01
-2.7860291011e-01 2.5085518702e-01
-2.9134984060e-01 2.3593044899e-01
-3.0329820142e-01 2.2035904200e-01
-3.1441524296e-01 2.0418364619e-01
-3.2467049417e-01 1.8744859721e-01
-3.3403584612e-01 1.7019976464e-01
-3.4248562904e-01 1.5248442635e-01
-3.4999668265e-01 1.3435113885e-01
-3.5654841968e-01 1.1584960422e-01
-3.6212288228e-01 9.7030533869e-02
-3.6670479123e-01 7.7945509573e-02
-3.7028158784e-01 5.8646842053e-02
-3.7284346835e-01 3.9187427615e-02
-3.7438341083e-01 1.9620603162e-02
-3.7489719441e-01 4.5911664914e-17
-3.7438341083e-01 -1.9620603162e-02
-3.7284346835e-01 -3.9187427615e-02
-3.7028158784e-01 -5.8646842053e-02
-3.6670479123e-01 -7.7945509573e-02
-3.6212288228e-01 -9.7030533869e-02
-3.5654841968e-01 -1.1584960422e-01
-3.4999668265e-01 -1.3435113885e-01
-3.4248562904e-01 -1.5248442635e-01
-3.3403584612e-01 -1.7019976464e-01
-3.2467049417e-01 -1.8744859721e-01
-3.1441524296e-01 -2.0418364619e-01
-3.0329820142e-01 -2.2035904200e-01
-2.9134984060e-01 -2.3593044899e-01
-2.7860291011e-01 -2.5085518702e-01
-2.6509234842e-01 -2.6509234842e-01
-2.5085518702e-01 -2.7860291011e-01
-2.3593044899e-01 -2.9134984060e-01
-2.2035904200e-01 -3.0329820142e-01
-2.0418364619e-01 -3.1441524296e-01
-1.8744859721e-01 -3.2467049417e-01
-1.7019976464e-01 -3.3403584612e-01
-1.5248442635e-01 -3.4248562904e-01
-1.3435113885e-01 -3.4999668265e-01
-1.1584960422e-01 -3.5654841968e-01
-9.7030533869e-02 -3.6212288228e-01
-7.7945509573e-02 -3.6670479123e-01
-5.8646842053e-02 -3.7028158784e-01
-3.9187427615e-02 -3.7284346835e-01
-1.9620603162e-02 -3.7438341083e-01
-6.8867497372e-17 -3.7489719441e-01
1.9620603162e-02 -3.7438341083e-01
3.9187427615e-02 -3.7284346835e-01
5.8646842053e-02 -3.7028158784e-01
7.7945509573e-02 -3.6670479123e-01
9.7030533869e-02 -3.6212288228e-01
1.1584960422e-01 -3.5654841968e-01
1.3435113885e-01 -3.4999668265e-01
1.5248442635e-01 -3.4248562904e-01
1.7019976464e-01 -3.3403584612e-01
1.8744859721e-01 -3.2467049417e-01
2.0418364619e-01 -3.1441524296e-01
2.2035904200e-01 -3.0329820142e-01
2.3593044899e-01 -2.9134984060e-01
2.5085518702e-01 -2.7860291011e-01
2.6509234842e-01 -2.6509234842e-01
2.7860291011e-01 -2.5085518702e-01
2.9134984060e-01 -2.3593044899e-01
3.0329820142e-01 -2.2035904200e-01
3.1441524296e-01 -2.0418364619e-01
3.2467049417e-01 -1.8744859721e-01
3.3403584612e-01 -1.7019976464e-01
3.4248562904e-01 -1.5248442635e-01
3.4999668265e-01 -1.3435113885e-01
3.5654841968e-01 -1.1584960422e-01
3.6212288228e-01 -9.7030533869e-02
3.6670479123e-01 -7.7945509573e-02
3.7028158784e-01 -5.8646842053e-02
3.7284346835e-01 -3.9187427615e-02
3.7438341083e-01 -1.9620603162e-02
3.7489719441e-01 -9.1823329829e-17

3.8846282648e-01 0.0000000000e+00
3.8793045168e-01 2.0330573489e-02
3.8633478647e-01 4.0605422288e-02
3.8368020447e-01 6.0768974448e-02
3.7997398170e-01 8.0765963073e-02
3.7522627665e-01 1.0054157781e-01
3.6945010246e-01 1.2004161507e-01
3.6266129122e-01 1.3921262660e-01
3.5487845059e-01 1.5800206600e-01
3.4612291280e-01 1.7635843272e-01
3.3641867616e-01 1.9423141324e-01
3.2579233931e-01 2.1157201895e-01
3.1427302830e-01 2.2833272047e-01
3.0189231677e-01 2.4446757787e-01
2.8868413939e-01 2.5993236663e-01
2.7468469884e-01 2.7468469884e-01
2.5993236663e-01 2.8868413939e-01
2.4446757787e-01 3.0189231677e-01
2.2833272047e-01 3.1427302830e-01
2.1157201895e-01 3.2579233931e-01
1.9423141324e-01 3.3641867616e-01
1.7635843272e-01 3.4612291280e-01
1.5800206600e-01 3.5487845059e-01
1.3921262660e-01 3.6266129122e-01
1.2004161507e-01 3.6945010246e-01
1.0054157781e-01 3.7522627665e-01
8.0765963073e-02 3.7997398170e-01
6.0768974448e-02 3.8368020447e-01
4.0605422288e-02 3.8633478647e-01
2.0330573489e-02 3.8793045168e-01
2.3786487852e-17 3.8846282648e-01
-2.0330573489e-02 3.8793045168e-01
-4.0605422288e-02 3.8633478647e-01
-6.0768974448e-02 3.8368020447e-01
-8.0765963073e-02 3.7997398170e-01
-1.0054157781e-01 3.7522627665e-01
-1.2004161507e-01 3.6945010246e-01
-1.3921262660e-01 3.6266129122e-01
-1.5800206600e-01 3.5487845059e-01
-1.7635843272e-01 3.4612291280e-01
-1.9423141324e-01 3.3641867616e-01
-2.1157201895e-01 3.2579233931e-01
-2.2833272047e-01 3.1427302830e-01
-2.4446757787e-01 3.0189231677e-01
-2.5993236663e-01 2.8868413939e-01
-2.7468469884e-01 2.7468469884e-01
-2.8868413939e-01 2.5993236663e-01
-3.0189231677e-01 2.4446757787e-01
-3.1427302830e-01 2.2833272047e-01
-3.2579233931e-01 2.1157201895e-01
-3.3641867616e-01 1.9423141324e-01
-3.4612291280e-01 1.7635843272e-01
-3.5487845059e-01 1.5800206600e-01
-3.6266129122e-01 1.3921262660e-01
-3.6945010246e-01 1.2004161507e-01
-3.7522627665e-01 1.0054157781e-01
-3.7997398170e-01 8.0765963073e-02
-3.8368020447e-01 6.0768974448e-02
-3.8633478647e-01 4.0605422288e-02
-3.8793045168e-01 2.0330573489e-02
-3.8846282648e-01 4.7572975704e-17
-3.8793045168e-01 -2.0330573489e-02
-3.8633478647e-01 -4.0605422288e-02
-3.8368020447e-01 -6.0768974448e-02
-3.7997398170e-01 -8.0765963073e-02
-3.7522627665e-01 -1.0054157781e-01
-3.6945010246e-01 -1.2004161507e-01
-3.6266129122e-01 -1.3921262660e-01
-3.5487845059e-01 -1.5800206600e-01
-3.4612291280e-01 -1.7635843272e-01
-3.3641867616e-01 -1.9423141324e-01
-3.2579233931e-01 -2.1157201895e-01
-3.1427302830e-01 -2.2833272047e-01
-3.0189231677e-01 -2.4446757787e-01
-2.8868413939e-01 -2.5993236663e-01
-2.7468469884e-01 -2.7468469884e-01
-2.5993236663e-01 -2.8868413939e-01
-2.4446757787e-01 -3.0189231677e-01
-2.2833272047e-01 -3.1427302830e-01
-2.1157201895e-01 -3.2579233931e-01
-1.9423141324e-01 -3.3641867616e-01
-1.7635843272e-01 -3.4612291280e-01
-1.5800206600e-01 -3.5487845059e-01
-1.3921262660e-01 -3.6266129122e-01
-1.2004161507e-01 -3.6945010246e-01
-1.0054157781e-01 -3.7522627665e-01
-8.0765963073e-02 -3.7997398170e-01
-6.0768974448e-02 -3.8368020447e-01
-4.0605422288e-02 -3.8633478647e-01
-2.0330573489e-02 -3.8793045168e-01
-7.1359463555e-17 -3.8846282648e-01
2.0330573489e-02 -3.8793045168e-01
4.0605422288e-02 -3.8633478647e-01
6.0768974448e-02 -3.8368020447e-01
8.0765963073e-02 -3.7997398170e-01
1.0054157781e-01 -3.7522627665e-01
1.2004161507e-01 -3.6945010246e-01
1.3921262660e-01 -3.6266129122e-01
1.5800206600e-01 -3.5487845059e-01
1.7635843272e-01 -3.4612291280e-01
1.9423141324e-01 -3.3641867616e-01
2.1157201895e-01 -3.2579233931e-01
2.2833272047e-01 -3.1427302830e-01
2.4446757787e-01 -3.0189231677e-01
2.5993236663e-01 -2.8868413939e-01
2.7468469884e-01 -2.7468469884e-01
2.8868413939e-01 -2.5993236663e-01
3.0189231677e-01 -2.4446757787e-01
3.1427302830e-01 -2.2833272047e-01
3.2579233931e-01 -2.1157201895e-01
3.3641867616e-01 -1.9423141324e-01
3.4612291280e-01 -1.7635843272e-01
3.5487845059e-01 -1.5800206600e-01
3.6266129122e-01 -1.3921262660e-01
3.6945010246e-01 -1.2004161507e-01
3.7522627665e-01 -1.0054157781e-01
3.7997398170e-01 -8.0765963073e-02
3.8368020447e-01 -6.0768974448e-02
3.8633478647e-01 -4.0605422288e-02
3.8793045168e-01 -2.0330573489e-02
3.8846282648e-01 -9.5145951407e-17

4.0350079520e-01 0.0000000000e+00
4.0294781138e-01 2.1117599962e-02
4.0129037563e-01 4.2177318050e-02
3.9853303084e-01 6.3121431041e-02
3.9468333472e-01 8.3892532576e-02
3.8975183901e-01 1.0443369051e-01
3.8375206061e-01 1.2468860296e-01
3.7670044448e-01 1.4460175262e-01
3.6861631861e-01 1.6411855892e-01
3.5952184104e-01 1.8318552766e-01
3.4944193909e-01 2.0175039760e-01
3.3840424108e-01 2.1976228373e-01
3.2643900056e-01 2.3717181671e-01
3.1357901343e-01 2.5393127822e-01
2.9985952803e-01 2.6999473176e-01
2.8531814850e-01 2.8531814850e-01
2.6999473176e-01 2.9985952803e-01
2.5393127822e-01 3.1357901343e-01
2.3717181671e-01 3.2643900056e-01
2.1976228373e-01 3.3840424108e-01
2.0175039760e-01 3.4944193909e-01
1.8318552766e-01 3.5952184104e-01
1.6411855892e-01 3.6861631861e-01
1.4460175262e-01 3.7670044448e-01
1.2468860296e-01 3.8375206061e-01
1.0443369051e-01 3.8975183901e-01
8.3892532576e-02 3.9468333472e-01
6.3121431041e-02 3.9853303084e-01
4.2177318050e-02 4.0129037563e-01
2.1117599962e-02 4.0294781138e-01
2.4707297865e-17 4.0350079520e-01
-2.1117599962e-02 4.0294781138e-01
-4.2177318050e-02 4.0129037563e-01
-6.3121431041e-02 3.9853303084e-01
-8.3892532576e-02 3.9468333472e-01
-1.0443369051e-01 3.8975183901e-01
-1.2468860296e-01 3.8375206061e-01
-1.4460175262e-01 3.7670044448e-01
-1.6411855892e-01 3.6861631861e-01
-1.8318552766e-01 3.5952184104e-01
-2.0175039760e-01 3.4944193909e-01
-2.1976228373e-01 3.3840424108e-01
-2.3717181671e-01 3.2643900056e-01
-2.5393127822e-01 3.1357901343e-01
-2.6999473176e-01 2.9985952803e-01
-2.8531814850e-01 2.8531814850e-01
-2.9985952803e-01 2.6999473176e-01
-3.1357901343e-01 2.5393127822e-01
-3.2643900056e-01 2.3717181671e-01
-3.3840424108e-01 2.1976228373e-01
-3.4944193909e-01 2.0175039760e-01
-3.5952184104e-01 1.8318552766e-01
-3.6861631861e-01 1.6411855892e-01
-3.7670044448e-01 1.4460175262e-01
-3.8375206061e-01 1.2468860296e-01
-3.8975183901e-01 1.0443369051e-01
-3.9468333472e-01 8.3892532576e-02
-3.9853303084e-01 6.3121431041e-02
-4.0129037563e-01 4.2177318050e-02
-4.0294781138e-01 2.1117599962e-02
-4.0350079520e-01 4.9414595730e-17
-4.0294781138e-01 -2.1117599962e-02
-4.0129037563e-01 -4.2177318050e-02
-3.9853303084e-01 -6.3121431041e-02
-3.9468333472e-01 -8.3892532576e-02
-3.8975183901e-01 -1.0443369051e-01
-3.8375206061e-01 -1.2468860296e-01
-3.7670044448e-01 -1.4460175262e-01
-3.6861631861e-01 -1.6411855892e-01
-3.5952184104e-01 -1.8318552766e-01
-3.4944193909e-01 -2.0175039760e-01
-3.3840424108e-01 -2.1976228373e-01
-3.2643900056e-01 -2.3717181671e-01
-3.1357901343e-01 -2.5393127822e-01
-2.9985952803e-01 -2.6999473176e-01
-2.8531814850e-01 -2.8531814850e-01
-2.6999473176e-01 -2.9985952803e-01
-2.5393127822e-01 -3.1357901343e-01
-2.3717181671e-01 -3.2643900056e-01
-2.1976228373e-01 -3.3840424108e-01
-2.0175039760e-01 -3.4944193909e-01
-1.8318552766e-01 -3.5952184104e-01
-1.6411855892e-01 -3.6861631861e-01
-1.4460175262e-01 -3.7670044448e-01
-1.2468860296e-01 -3.8375206061e-01
-1.0443369051e-01 -3.8975183901e-01
-8.3892532576e-02 -3.9468333472e-01
-6.3121431041e-02 -3.9853303084e-01
-4.2177318050e-02 -4.0129037563e-01
-2.1117599962e-02 -4.0294781138e-01
-7.4121893594e-17 -4.0350079520e-01
2.1117599962e-02 -4.0294781138e-01
4.2177318050e-02 -4.0129037563e-01
6.3121431041e-02 -3.9853303084e-01
8.3892532576e-02 -3.9468333472e-01
1.0443369051e-01 -3.8975183901e-01
1.2468860296e-01 -3.8375206061e-01
1.4460175262e-01 -3.7670044448e-01
1.6411855892e-01 -3.6861631861e-01
1.8318552766e-01 -3.5952184104e-01
2.0175039760e-01 -3.4944193909e-01
2.1976228373e-01 -3.3840424108e-01
2.3717181671e-01 -3.2643900056e-01
2.5393127822e-01 -3.1357901343e-01
2.6999473176e-01 -2.9985952803e-01
2.8531814850e-01 -2.8531814850e-01
2.9985952803e-01 -2.6999473176e-01
3.1357901343e-01 -2.5393127822e-01
3.2643900056e-01 -2.3717181671e-01
3.3840424108e-01 -2.1976228373e-01
3.4944193909e-01 -2.0175039760e-01
3.5952184104e-01 -1.8318552766e-01
3.6861631861e-01 -1.6411855892e-01
3.7670044448e-01 -1.4460175262e-01
3.8375206061e-01 -1.2468860296e-01
3.8975183901e-01 -1.0443369051e-01
3.9468333472e-01 -8.3892532576e-02
3.9853303084e-01 -6.3121431041e-02
4.0129037563e-01 -4.2177318050e-02
4.0294781138e-01 -2.1117599962e-02
4.0350079520e-01 -9.8829191459e-17

4.2017089963e-01 0.0000000000e+00
4.1959507002e-01 2.1990045818e-02
4.1786915948e-01 4.3919818448e-02
4.1499789862e-01 6.5729209909e-02
4.1098915737e-01 8.7358442175e-02
4.0585392341e-01 1.0874823102e-01
3.9960627205e-01 1.2983994853e-01
3.9226332768e-01 1.5057578376e-01
3.8384521679e-01 1.7089890123e-01
3.7437501285e-01 1.9075359670e-01
3.6387867301e-01 2.1008544982e-01
3.5238496703e-01 2.2884147332e-01
3.3992539834e-01 2.4697025825e-01
3.2653411777e-01 2.6442211486e-01
3.1224782988e-01 2.8114920885e-01
2.9710569239e-01 2.9710569239e-01
2.8114920885e-01 3.1224782988e-01
2.6442211486e-01 3.2653411777e-01
2.4697025825e-01 3.3992539834e-01
2.2884147332e-01 3.5238496703e-01
2.1008544982e-01 3.6387867301e-01
1.9075359670e-01 3.7437501285e-01
1.7089890123e-01 3.8384521679e-01
1.5057578376e-01 3.9226332768e-01
1.2983994853e-01 3.9960627205e-01
1.0874823102e-01 4.0585392341e-01
8.7358442175e-02 4.1098915737e-01
6.5729209909e-02 4.1499789862e-01
4.3919818448e-02 4.1786915948e-01
2.1990045818e-02 4.1959507002e-01
2.5728047366e-17 4.2017089963e-01
-2.1990045818e-02 4.1959507002e-01
-4.3919818448e-02 4.1786915948e-01
-6.5729209909e-02 4.1499789862e-01
-8.7358442175e-02 4.1098915737e-01
-1.0874823102e-01 4.0585392341e-01
-1.2983994853e-01 3.9960627205e-01
-1.5057578376e-01 3.9226332768e-01
-1.7089890123e-01 3.8384521679e-01
-1.9075359670e-01 3.7437501285e-01
-2.1008544982e-01 3.6387867301e-01
-2.2884147332e-01 3.5238496703e-01
-2.4697025825e-01 3.3992539834e-01
-2.6442211486e-01 3.2653411777e-01
-2.8114920885e-01 3.1224782988e-01
-2.9710569239e-01 2.9710569239e-01
-3.1224782988e-01 2.8114920885e-01
-3.2653411777e-01 2.6442211486e-01
-3.3992539834e-01 2.4697025825e-01
-3.5238496703e-01 2.2884147332e-01
-3.6387867301e-01 2.1008544982e-01
-3.7437501285e-01 1.9075359670e-01
-3.8384521679e-01 1.7089890123e-01
-3.9226332768e-01 1.5057578376e-01
-3.9960627205e-01 1.2983994853e-01
-4.0585392341e-01 1.0874823102e-01
-4.1098915737e-01 8.7358442175e-02
-4.1499789862e-01 6.5729209909e-02
-4.1786915948e-01 4.3919818448e-02
-4.1959507002e-01 2.1990045818e-02
-4.2017089963e-01 5.1456094733e-17
-4.1959507002e-01 -2.1990045818e-02
-4.1786915948e-01 -4.3919818448e-02
-4.1499789862e-01 -6.5729209909e-02
-4.1098915737e-01 -8.7358442175e-02
-4.0585392341e-01 -1.0874823102e-01
-3.9960627205e-01 -1.2983994853e-01
-3.9226332768e-01 -1.5057578376e-01
-3.8384521679e-01 -1.7089890123e-01
-3.7437501285e-01 -1.9075359670e-01
-3.6387867301e-01 -2.1008544982e-01
-3.5238496703e-01 -2.2884147332e-01
-3.3992539834e-01 -2.4697025825e-01
-3.2653411777e-01 -2.6442211486e-01
-3.1224782988e-01 -2.8114920885e-01
-2.9710569239e-01 -2.9710569239e-01
-2.8114920885e-01 -3.1224782988e-01
-2.6442211486e-01 -3.2653411777e-01
-2.4697025825e-01 -3.3992539834e-01
-2.2884147332e-01 -3.5238496703e-01
-2.1008544982e-01 -3.6387867301e-01
-1.9075359670e-01 -3.7437501285e-01
-1.7089890123e-01 -3.8384521679e-01
-1.5057578376e-01 -3.9226332768e-01
-1.2983994853e-01 -3.9960627205e-01
-1.0874823102e-01 -4.0585392341e-01
-8.7358442175e-02 -4.1098915737e-01
-6.5729209909e-02 -4.1499789862e-01
-4.3919818448e-02 -4.1786915948e-01
-2.1990045818e-02 -4.1959507002e-01
-7.7184142099e-17 -4.2017089963e-01
2.1990045818e-02 -4.1959507002e-01
4.3919818448e-02 -4.1786915948e-01
6.5729209909e-02 -4.1499789862e-01
8.7358442175e-02 -4.1098915737e-01
1.0874823102e-01 -4.0585392341e-01
1.2983994853e-01 -3.9960627205e-01
1.5057578376e-01 -3.9226332768e-01
1.7089890123e-01 -3.8384521679e-01
1.9075359670e-01 -3.7437501285e-01
2.1008544982e-01 -3.6387867301e-01
2.2884147332e-01 -3.5238496703e-01
2.4697025825e-01 -3.3992539834e-01
2.6442211486e-01 -3.2653411777e-01
2.8114920885e-01 -3.1224782988e-01
2.9710569239e-01 -2.9710569239e-01
3.1224782988e-01 -2.8114920885e-01
3.2653411777e-01 -2.6442211486e-01
3.3992539834e-01 -2.4697025825e-01
3.5238496703e-01 -2.2884147332e-01
3.6387867301e-01 -2.1008544982e-01
3.7437501285e-01 -1.9075359670e-01
3.8384521679e-01 -1.7089890123e-01
3.9226332768e-01 -1.5057578376e-01
3.9960627205e-01 -1.2983994853e-01
4.0585392341e-01 -1.0874823102e-01
4.1098915737e-01 -8.7358442175e-02
4.1499789862e-01 -6.5729209909e-02
4.1786915948e-01 -4.3919818448e-02
4.1959507002e-01 -2.1990045818e-02
4.2017089963e-01 -1.0291218947e-16

4.3865028251e-01 0.0000000000e+00
4.3804912755e-01 2.2957181992e-02
4.3624731037e-01 4.5851439943e-02
4.3324976964e-01 6.8620022285e-02
4.2906472140e-01 9.1200521915e-02
4.2370363659e-01 1.1353104725e-01
4.1718120956e-01 1.3555039188e-01
4.0951531783e-01 1.5719820231e-01
4.0072697308e-01 1.7841514339e-01
3.9084026356e-01 1.9914306097e-01
3.7988228803e-01 2.1932514126e-01
3.6788308156e-01 2.3890606658e-01
3.5487553314e-01 2.5783216697e-01
3.4089529555e-01 2.7605156732e-01
3.2598068764e-01 2.9351432952e-01
3.1017258933e-01 3.1017258933e-01
2.9351432952e-01 3.2598068764e-01
2.7605156732e-01 3.4089529555e-01
2.5783216697e-01 3.5487553314e-01
2.3890606658e-01 3.6788308156e-01
2.1932514126e-01 3.7988228803e-01
1.9914306097e-01 3.9084026356e-01
1.7841514339e-01 4.0072697308e-01
1.5719820231e-01 4.0951531783e-01
1.3555039188e-01 4.1718120956e-01
1.1353104725e-01 4.2370363659e-01
9.1200521915e-02 4.2906472140e-01
6.8620022285e-02 4.3324976964e-01
4.5851439943e-02 4.3624731037e-01
2.2957181992e-02 4.3804912755e-01
2.6859583221e-17 4.3865028251e-01
-2.2957181992e-02 4.3804912755e-01
-4.5851439943e-02 4.3624731037e-01
-6.8620022285e-02 4.3324976964e-01
-9.1200521915e-02 4.2906472140e-01
-1.1353104725e-01 4.2370363659e-01
-1.3555039188e-01 4.1718120956e-01
-1.5719820231e-01 4.0951531783e-01
-1.7841514339e-01 4.0072697308e-01
-1.9914306097e-01 3.9084026356e-01
-2.1932514126e-01 3.7988228803e-01
-2.3890606658e-01 3.6788308156e-01
-2.5783216697e-01 3.5487553314e-01
-2.7605156732e-01 3.4089529555e-01
-2.9351432952e-01 3.2598068764e-01
-3.1017258933e-01 3.1017258933e-01
-3.2598068764e-01 2.9351432952e-01
-3.4089529555e-01 2.7605156732e-01
-3.5487553314e-01 2.5783216697e-01
-3.6788308156e-01 2.3890606658e-01
-3.7988228803e-01 2.1932514126e-01
-3.9084026356e-01 1.9914306097e-01
-4.0072697308e-01 1.7841514339e-01
-4.0951531783e-01 1.5719820231e-01
-4.1718120956e-01 1.3555039188e-01
-4.2370363659e-01 1.1353104725e-01
-4.2906472140e-01 9.1200521915e-02
-4.3324976964e-01 6.8620022285e-02
-4.3624731037e-01 4.5851439943e-02
-4.3804912755e-01 2.2957181992e-02
-4.3865028251e-01 5.3719166442e-17
-4.3804912755e-01 -2.2957181992e-02
-4.3624731037e-01 -4.5851439943e-02
-4.3324976964e-01 -6.8620022285e-02
-4.2906472140e-01 -9.1200521915e-02
-4.2370363659e-01 -1.1353104725e-01
-4.1718120956e-01 -1.3555039188e-01
-4.0951531783e-01 -1.5719820231e-01
-4.0072697308e-01 -1.7841514339e-01
-3.9084026356e-01 -1.9914306097e-01
-3.7988228803e-01 -2.1932514126e-01
-3.6788308156e-01 -2.3890606658e-01
-3.5487553314e-01 -2.5783216697e-01
-3.4089529555e-01 -2.7605156732e-01
-3.2598068764e-01 -2.9351432952e-01
-3.1017258933e-01 -3.1017258933e-01
-2.9351432952e-01 -3.2598068764e-01
-2.7605156732e-01 -3.4089529555e-01
-2.5783216697e-01 -3.5487553314e-01
-2.3890606658e-01 -3.6788308156e-01
-2.1932514126e-01 -3.7988228803e-01
-1.9914306097e-01 -3.9084026356e-01
-1.7841514339e-01 -4.0072697308e-01
-1.5719820231e-01 -4.0951531783e-01
-1.3555039188e-01 -4.1718120956e-01
-1.1353104725e-01 -4.2370363659e-01
-9.1200521915e-02 -4.2906472140e-01
-6.8620022285e-02 -4.3324976964e-01
-4.5851439943e-02 -4.3624731037e-01
-2.2957181992e-02 -4.3804912755e-01
-8.0578749664e-17 -4.3865028251e-01
2.2957181992e-02 -4.3804912755e-01
4.5851439943e-02 -4.3624731037e-01
6.8620022285e-02 -4.3324976964e-01
9.1200521915e-02 -4.2906472140e-01
1.1353104725e-01 -4.2370363659e-01
1.3555039188e-01 -4.1718120956e-01
1.5719820231e-01 -4.0951531783e-01
1.7841514339e-01 -4.0072697308e-01
1.9914306097e-01 -3.9084026356e-01
2.1932514126e-01 -3.7988228803e-01
2.3890606658e-01 -3.6788308156e-01
2.5783216697e-01 -3.5487553314e-01
2.7605156732e-01 -3.4089529555e-01
2.9351432952e-01 -3.2598068764e-01
3.1017258933e-01 -3.1017258933e-01
3.2598068764e-01 -2.9351432952e-01
3.4089529555e-01 -2.7605156732e-01
3.5487553314e-01 -2.5783216697e-01
3.6788308156e-01 -2.3890606658e-01
3.7988228803e-01 -2.1932514126e-01
3.9084026356e-01 -1.9914306097e-01
4.0072697308e-01 -1.7841514339e-01
4.0951531783e-01 -1.5719820231e-01
4.1718120956e-01 -1.3555039188e-01
4.2370363659e-01 -1.1353104725e-01
4.2906472140e-01 -9.1200521915e-02
4.3324976964e-01 -6.8620022285e-02
4.3624731037e-01 -4.5851439943e-02
4.3804912755e-01 -2.2957181992e-02
4.3865028251e-01 -1.0743833288e-16

4.5913531265e-01 0.0000000000e+00
4.5850608366e-01 2.4029285632e-02
4.5662012137e-01 4.7992708663e-02
4.5348259506e-01 7.1824587015e-02
4.4910210448e-01 9.5459599167e-02
4.4349065625e-01 1.1883296319e-01
4.3666363096e-01 1.4188061433e-01
4.2863974100e-01 1.6453938056e-01
4.1944097931e-01 1.8674715578e-01
4.0909255905e-01 2.0844307004e-01
3.9762284453e-01 2.2956765632e-01
3.8506327342e-01 2.5006301362e-01
3.7144827065e-01 2.6987296558e-01
3.5681515399e-01 2.8894321450e-01
3.4120403179e-01 3.0722149015e-01
3.2465769306e-01 3.2465769306e-01
3.0722149015e-01 3.4120403179e-01
2.8894321450e-01 3.5681515399e-01
2.6987296558e-01 3.7144827065e-01
2.5006301362e-01 3.8506327342e-01
2.2956765632e-01 3.9762284453e-01
2.0844307004e-01 4.0909255905e-01
1.8674715578e-01 4.1944097931e-01
1.6453938056e-01 4.2863974100e-01
1.4188061433e-01 4.3666363096e-01
1.1883296319e-01 4.4349065625e-01
9.5459599167e-02 4.4910210448e-01
7.1824587015e-02 4.5348259506e-01
4.7992708663e-02 4.5662012137e-01
2.4029285632e-02 4.5850608366e-01
2.8113929551e-17 4.5913531265e-01
-2.4029285632e-02 4.5850608366e-01
-4.7992708663e-02 4.5662012137e-01
-7.1824587015e-02 4.5348259506e-01
-9.5459599167e-02 4.4910210448e-01
-1.1883296319e-01 4.4349065625e-01
-1.4188061433e-01 4.3666363096e-01
-1.6453938056e-01 4.2863974100e-01
-1.8674715578e-01 4.1944097931e-01
-2.0844307004e-01 4.0909255905e-01
-2.2956765632e-01 3.9762284453e-01
-2.5006301362e-01 3.8506327342e-01
-2.6987296558e-01 3.7144827065e-01
-2.8894321450e-01 3.5681515399e-01
-3.0722149015e-01 3.4120403179e-01
-3.2465769306e-01 3.2465769306e-01
-3.4120403179e-01 3.0722149015e-01
-3.5681515399e-01 2.8894321450e-01
-3.7144827065e-01 2.6987296558e-01
-3.8506327342e-01 2.5006301362e-01
-3.9762284453e-01 2.2956765632e-01
-4.0909255905e-01 2.0844307004e-01
-4.1944097931e-01 1.8674715578e-01
-4.2863974100e-01 1.6453938056e-01
-4.3666363096e-01 1.4188061433e-01
-4.4349065625e-01 1.1883296319e-01
-4.4910210448e-01 9.5459599167e-02
-4.5348259506e-01 7.1824587015e-02
-4.5662012137e-01 4.7992708663e-02
-4.5850608366e-01 2.4029285632e-02
-4.5913531265e-01 5.6227859101e-17
-4.5850608366e-01 -2.4029285632e-02
-4.5662012137e-01 -4.7992708663e-02
-4.5348259506e-01 -7.1824587015e-02
-4.4910210448e-01 -9.5459599167e-02
-4.4349065625e-01 -1.1883296319e-01
-4.3666363096e-01 -1.4188061433e-01
-4.2863974100e-01 -1.6453938056e-01
-4.1944097931e-01 -1.8674715578e-01
-4.0909255905e-01 -2.0844307004e-01
-3.9762284453e-01 -2.2956765632e-01
-3.8506327342e-01 -2.5006301362e-01
-3.7144827065e-01 -2.6987296558e-01
-3.5681515399e-01 -2.8894321450e-01
-3.4120403179e-01 -3.0722149015e-01
-3.2465769306e-01 -3.2465769306e-01
-3.0722149015e-01 -3.4120403179e-01
-2.8894321450e-01 -3.5681515399e-01
-2.6987296558e-01 -3.7144827065e-01
-2.5006301362e-01 -3.8506327342e-01
-2.2956765632e-01 -3.9762284453e-01
-2.0844307004e-01 -4.0909255905e-01
-1.8674715578e-01 -4.1944097931e-01
-1.6453938056e-01 -4.2863974100e-01
-1.4188061433e-01 -4.3666363096e-01
-1.1883296319e-01 -4.4349065625e-01
-9.5459599167e-02 -4.4910210448e-01
-7.1824587015e-02 -4.5348259506e-01
-4.7992708663e-02 -4.5662012137e-01
-2.4029285632e-02 -4.5850608366e-01
-8.4341788652e-17 -4.5913531265e-01
2.4029285632e-02 -4.5850608366e-01
4.7992708663e-02 -4.5662012137e-01
7.1824587015e-02 -4.5348259506e-01
9.5459599167e-02 -4.4910210448e-01
1.1883296319e-01 -4.4349065625e-01
1.4188061433e-01 -4.3666363096e-01
1.6453938056e-01 -4.2863974100e-01
1.8674715578e-01 -4.1944097931e-01
2.0844307004e-01 -4.0909255905e-01
2.2956765632e-01 -3.9762284453e-01
2.5006301362e-01 -3.8506327342e-01
2.6987296558e-01 -3.7144827065e-01
2.8894321450e-01 -3.5681515399e-01
3.0722149015e-01 -3.4120403179e-01
3.2465769306e-01 -3.2465769306e-01
3.4120403179e-01 -3.0722149015e-01
3.5681515399e-01 -2.8894321450e-01
3.7144827065e-01 -2.6987296558e-01
3.8506327342e-01 -2.5006301362e-01
3.9762284453e-01 -2.2956765632e-01
4.0909255905e-01 -2.0844307004e-01
4.1944097931e-01 -1.8674715578e-01
4.2863974100e-01 -1.6453938056e-01
4.3666363096e-01 -1.4188061433e-01
4.4349065625e-01 -1.1883296319e-01
4.4910210448e-01 -9.5459599167e-02
4.5348259506e-01 -7.1824587015e-02
4.5662012137e-01 -4.7992708663e-02
4.5850608366e-01 -2.4029285632e-02
4.5913531265e-01 -1.1245571820e-16

4.8184367160e-01 0.0000000000e+00
4.8118332160e-01 2.5217749313e-02
4.7920408155e-01 5.0366378528e-02
4.7591137643e-01 7.5376957000e-02
4.7131423131e-01 1.0018093247e-01
4.6542524663e-01 1.2471031897e-01
4.5826056371e-01 1.4889788316e-01
4.4983982044e-01 1.7267732859e-01
4.4018609748e-01 1.9598347747e-01
4.2932585504e-01 2.1875244927e-01
4.1728886026e-01 2.4092183580e-01
4.0410810572e-01 2.6243087233e-01
3.8981971896e-01 2.8322060408e-01
3.7446286344e-01 3.0323404784e-01
3.5807963124e-01 3.2241634815e-01
3.4071492766e-01 3.4071492766e-01
3.2241634815e-01 3.5807963124e-01
3.0323404784e-01 3.7446286344e-01
2.8322060408e-01 3.8981971896e-01
2.6243087233e-01 4.0410810572e-01
2.4092183580e-01 4.1728886026e-01
2.1875244927e-01 4.2932585504e-01
1.9598347747e-01 4.4018609748e-01
1.7267732859e-01 4.4983982044e-01
1.4889788316e-01 4.5826056371e-01
1.2471031897e-01 4.6542524663e-01
1.0018093247e-01 4.7131423131e-01
7.5376957000e-02 4.7591137643e-01
5.0366378528e-02 4.7920408155e-01
2.5217749313e-02 4.8118332160e-01
2.9504415506e-17 4.8184367160e-01
-2.5217749313e-02 4.8118332160e-01
-5.0366378528e-02 4.7920408155e-01
-7.5376957000e-02 4.7591137643e-01
-1.0018093247e-01 4.7131423131e-01
-1.2471031897e-01 4.6542524663e-01
-1.4889788316e-01 4.5826056371e-01
-1.7267732859e-01 4.4983982044e-01
-1.9598347747e-01 4.4018609748e-01
-2.1875244927e-01 4.2932585504e-01
-2.4092183580e-01 4.1728886026e-01
-2.6243087233e-01 4.0410810572e-01
-2.8322060408e-01 3.8981971896e-01
-3.0323404784e-01 3.7446286344e-01
-3.2241634815e-01 3.5807963124e-01
-3.4071492766e-01 3.4071492766e-01
-3.5807963124e-01 3.2241634815e-01
-3.7446286344e-01 3.0323404784e-01
-3.8981971896e-01 2.8322060408e-01
-4.0410810572e-01 2.6243087233e-01
-4.1728886026e-01 2.4092183580e-01
-4.2932585504e-01 2.1875244927e-01
-4.4018609748e-01 1.9598347747e-01
-4.4983982044e-01 1.7267732859e-01
-4.5826056371e-01 1.4889788316e-01
-4.6542524663e-01 1.2471031897e-01
-4.7131423131e-01 1.0018093247e-01
-4.7591137643e-01 7.5376957000e-02
-4.7920408155e-01 5.0366378528e-02
-4.8118332160e-01 2.5217749313e-02
-4.8184367160e-01 5.9008831012e-17
-4.8118332160e-01 -2.5217749313e-02
-4.7920408155e-01 -5.0366378528e-02
-4.7591137643e-01 -7.5376957000e-02
-4.7131423131e-01 -1.0018093247e-01
-4.6542524663e-01 -1.2471031897e-01
-4.5826056371e-01 -1.4889788316e-01
-4.4983982044e-01 -1.7267732859e-01
-4.4018609748e-01 -1.9598347747e-01
-4.2932585504e-01 -2.1875244927e-01
-4.1728886026e-01 -2.4092183580e-01
-4.0410810572e-01 -2.6243087233e-01
-3.8981971896e-01 -2.8322060408e-01
-3.7446286344e-01 -3.0323404784e-01
-3.5807963124e-01 -3.2241634815e-01
-3.4071492766e-01 -3.4071492766e-01
-3.2241634815e-01 -3.5807963124e-01
-3.0323404784e-01 -3.7446286344e-01
-2.8322060408e-01 -3.8981971896e-01
-2.6243087233e-01 -4.0410810572e-01
-2.4092183580e-01 -4.1728886026e-01
-2.1875244927e-01 -4.2932585504e-01
-1.9598347747e-01 -4.4018609748e-01
-1.7267732859e-01 -4.4983982044e-01
-1.4889788316e-01 -4.5826056371e-01
-1.2471031897e-01 -4.6542524663e-01
-1.0018093247e-01 -4.7131423131e-01
-7.5376957000e-02 -4.7591137643e-01
-5.0366378528e-02 -4.7920408155e-01
-2.5217749313e-02 -4.8118332160e-01
-8.8513246517e-17 -4.8184367160e-01
2.5217749313e-02 -4.8118332160e-01
5.0366378528e-02 -4.7920408155e-01
7.5376957000e-02 -4.7591137643e-01
1.0018093247e-01 -4.7131423131e-01
1.2471031897e-01 -4.6542524663e-01
1.4889788316e-01 -4.5826056371e-01
1.7267732859e-01 -4.4983982044e-01
1.9598347747e-01 -4.4018609748e-01
2.1875244927e-01 -4.2932585504e-01
2.4092183580e-01 -4.1728886026e-01
2.6243087233e-01 -4.0410810572e-01
2.8322060408e-01 -3.8981971896e-01
3.0323404784e-01 -3.7446286344e-01
3.2241634815e-01 -3.5807963124e-01
3.4071492766e-01 -3.4071492766e-01
3.5807963124e-01 -3.2241634815e-01
3.7446286344e-01 -3.0323404784e-01
3.8981971896e-01 -2.8322060408e-01
4.0410810572e-01 -2.6243087233e-01
4.1728886026e-01 -2.4092183580e-01
4.2932585504e-01 -2.1875244927e-01
4.4018609748e-01 -1.9598347747e-01
4.4983982044e-01 -1.7267732859e-01
4.5826056371e-01 -1.4889788316e-01
4.6542524663e-01 -1.2471031897e-01
4.7131423131e-01 -1.0018093247e-01
4.7591137643e-01 -7.5376957000e-02
4.7920408155e-01 -5.0366378528e-02
4.8118332160e-01 -2.5217749313e-02
4.8184367160e-01 -1.1801766202e-16

5.0701666685e-01 0.0000000000e+00
5.0632181813e-01 2.6535202091e-02
5.0423917650e-01 5.2997673037e-02
5.0077445034e-01 7.9314881045e-02
4.9593713621e-01 1.0541469248e-01
4.8974049287e-01 1.3122556957e-01
4.8220150488e-01 1.5667676649e-01
4.7334083608e-01 1.8169852328e-01
4.6318277295e-01 2.0622225706e-01
4.5175515804e-01 2.3018074996e-01
4.3908931364e-01 2.5350833343e-01
4.2521995595e-01 2.7614106817e-01
4.1018509991e-01 2.9801691944e-01
3.9402595503e-01 3.1907592705e-01
3.7678681240e-01 3.3926036972e-01
3.5851492331e-01 3.5851492331e-01
3.3926036972e-01 3.7678681240e-01
3.1907592705e-01 3.9402595503e-01
2.9801691944e-01 4.1018509991e-01
2.7614106817e-01 4.2521995595e-01
2.5350833343e-01 4.3908931364e-01
2.3018074996e-01 4.5175515804e-01
2.0622225706e-01 4.6318277295e-01
1.8169852328e-01 4.7334083608e-01
1.5667676649e-01 4.8220150488e-01
1.3122556957e-01 4.8974049287e-01
1.0541469248e-01 4.9593713621e-01
7.9314881045e-02 5.0077445034e-01
5.2997673037e-02 5.0423917650e-01
2.6535202091e-02 5.0632181813e-01
3.1045816909e-17 5.0701666685e-01
-2.6535202091e-02 5.0632181813e-01
-5.2997673037e-02 5.0423917650e-01
-7.9314881045e-02 5.0077445034e-01
-1.0541469248e-01 4.9593713621e-01
-1.3122556957e-01 4.8974049287e-01
-1.5667676649e-01 4.8220150488e-01
-1.8169852328e-01 4.7334083608e-01
-2.0622225706e-01 4.6318277295e-01
-2.3018074996e-01 4.5175515804e-01
-2.5350833343e-01 4.3908931364e-01
-2.7614106817e-01 4.2521995595e-01
-2.9801691944e-01 4.1018509991e-01
-3.1907592705e-01 3.9402595503e-01
-3.3926036972e-01 3.7678681240e-01
-3.5851492331e-01 3.5851492331e-01
-3.7678681240e-01 3.3926036972e-01
-3.9402595503e-01 3.1907592705e-01
-4.1018509991e-01 2.9801691944e-01
-4.2521995595e-01 2.7614106817e-01
-4.3908931364e-01 2.5350833343e-01
-4.5175515804e-01 2.3018074996e-01
-4.6318277295e-01 2.0622225706e-01
-4.7334083608e-01 1.8169852328e-01
-4.8220150488e-01 1.5667676649e-01
-4.8974049287e-01 1.3122556957e-01
-4.9593713621e-01 1.0541469248e-01
-5.0077445034e-01 7.9314881045e-02
-5.0423917650e-01 5.2997673037e-02
-5.0632181813e-01 2.6535202091e-02
-5.0701666685e-01 6.2091633817e-17
-5.0632181813e-01 -2.6535202091e-02
-5.0423917650e-01 -5.2997673037e-02
-5.0077445034e-01 -7.9314881045e-02
-4.9593713621e-01 -1.0541469248e-01
-4.8974049287e-01 -1.3122556957e-01
-4.8220150488e-01 -1.5667676649e-01
-4.7334083608e-01 -1.8169852328e-01
-4.6318277295e-01 -2.0622225706e-01
-4.5175515804e-01 -2.3018074996e-01
-4.3908931364e-01 -2.5350833343e-01
-4.2521995595e-01 -2.7614106817e-01
-4.1018509991e-01 -2.9801691944e-01
-3.9402595503e-01 -3.1907592705e-01
-3.7678681240e-01 -3.3926036972e-01
-3.5851492331e-01 -3.5851492331e-01
-3.3926036972e-01 -3.7678681240e-01
-3.1907592705e-01 -3.9402595503e-01
-2.9801691944e-01 -4.1018509991e-01
-2.7614106817e-01 -4.2521995595e-01
-2.5350833343e-01 -4.3908931364e-01
-2.3018074996e-01 -4.5175515804e-01
-2.0622225706e-01 -4.6318277295e-01
-1.8169852328e-01 -4.7334083608e-01
-1.5667676649e-01 -4.8220150488e-01
-1.3122556957e-01 -4.8974049287e-01
-1.0541469248e-01 -4.9593713621e-01
-7.9314881045e-02 -5.0077445034e-01
-5.2997673037e-02 -5.0423917650e-01
-2.6535202091e-02 -5.0632181813e-01
-9.3137450726e-17 -5.0701666685e-01
2.6535202091e-02 -5.0632181813e-01
5.2997673037e-02 -5.0423917650e-01
7.9314881045e-02 -5.0077445034e-01
1.0541469248e-01 -4.9593713621e-01
1.3122556957e-01 -4.8974049287e-01
1.5667676649e-01 -4.8220150488e-01
1.8169852328e-01 -4.7334083608e-01
2.0622225706e-01 -4.6318277295e-01
2.3018074996e-01 -4.5175515804e-01
2.5350833343e-01 -4.3908931364e-01
2.7614106817e-01 -4.2521995595e-01
2.9801691944e-01 -4.1018509991e-01
3.1907592705e-01 -3.9402595503e-01
3.3926036972e-01 -3.7678681240e-01
3.5851492331e-01 -3.5851492331e-01
3.7678681240e-01 -3.3926036972e-01
3.9402595503e-01 -3.1907592705e-01
4.1018509991e-01 -2.9801691944e-01
4.2521995595e-01 -2.7614106817e-01
4.3908931364e-01 -2.5350833343e-01
4.5175515804e-01 -2.3018074996e-01
4.6318277295e-01 -2.0622225706e-01
4.7334083608e-01 -1.8169852328e-01
4.8220150488e-01 -1.5667676649e-01
4.8974049287e-01 -1.3122556957e-01
4.9593713621e-01 -1.0541469248e-01
5.0077445034e-01 -7.9314881045e-02
5.0423917650e-01 -5.2997673037e-02
5.0632181813e-01 -2.6535202091e-02
5.0701666685e-01 -1.2418326763e-16

5.3492179602e-01 0.0000000000e+00
5.3418870429e-01 2.7995643710e-02
5.3199143846e-01 5.5914553307e-02
5.2833602106e-01 8.3680204999e-02
5.2323247136e-01 1.1121649507e-01
5.1669477782e-01 1.3844794845e-01
5.0874085982e-01 1.6529992563e-01
4.9939251848e-01 1.9169882721e-01
4.8867537695e-01 2.1757229562e-01
4.7661881019e-01 2.4284941350e-01
4.6325586440e-01 2.6746089801e-01
4.4862316648e-01 2.9133929080e-01
4.3276082365e-01 3.1441914283e-01
4.1571231348e-01 3.3663719386e-01
3.9752436475e-01 3.5793254573e-01
3.7824682937e-01 3.7824682937e-01
3.5793254573e-01 3.9752436475e-01
3.3663719386e-01 4.1571231348e-01
3.1441914283e-01 4.3276082365e-01
2.9133929080e-01 4.4862316648e-01
2.6746089801e-01 4.6325586440e-01
2.4284941350e-01 4.7661881019e-01
2.1757229562e-01 4.8867537695e-01
1.9169882721e-01 4.9939251848e-01
1.6529992563e-01 5.0874085982e-01
1.3844794845e-01 5.1669477782e-01
1.1121649507e-01 5.2323247136e-01
8.3680204999e-02 5.2833602106e-01
5.5914553307e-02 5.3199143846e-01
2.7995643710e-02 5.3418870429e-01
3.2754513265e-17 5.3492179602e-01
-2.7995643710e-02 5.3418870429e-01
-5.5914553307e-02 5.3199143846e-01
-8.3680204999e-02 5.2833602106e-01
-1.1121649507e-01 5.2323247136e-01
-1.3844794845e-01 5.1669477782e-01
-1.6529992563e-01 5.0874085982e-01
-1.9169882721e-01 4.9939251848e-01
-2.1757229562e-01 4.8867537695e-01
-2.4284941350e-01 4.7661881019e-01
-2.6746089801e-01 4.6325586440e-01
-2.9133929080e-01 4.4862316648e-01
-3.1441914283e-01 4.3276082365e-01
-3.3663719386e-01 4.1571231348e-01
-3.5793254573e-01 3.9752436475e-01
-3.7824682937e-01 3.7824682937e-01
-3.9752436475e-01 3.5793254573e-01
-4.1571231348e-01 3.3663719386e-01
-4.3276082365e-01 3.1441914283e-01
-4.4862316648e-01 2.9133929080e-01
-4.6325586440e-01 2.6746089801e-01
-4.7661881019e-01 2.4284941350e-01
-4.8867537695e-01 2.1757229562e-01
-4.9939251848e-01 1.9169882721e-01
-5.0874085982e-01 1.6529992563e-01
-5.1669477782e-01 1.3844794845e-01
-5.2323247136e-01 1.1121649507e-01
-5.2833602106e-01 8.3680204999e-02
-5.3199143846e-01 5.5914553307e-02
-5.3418870429e-01 2.7995643710e-02
-5.3492179602e-01 6.5509026530e-17
-5.3418870429e-01 -2.7995643710e-02
-5.3199143846e-01 -5.5914553307e-02
-5.2833602106e-01 -8.3680204999e-02
-5.2323247136e-01 -1.1121649507e-01
-5.1669477782e-01 -1.3844794845e-01
-5.0874085982e-01 -1.6529992563e-01
-4.9939251848e-01 -1.9169882721e-01
-4.8867537695e-01 -2.1757229562e-01
-4.7661881019e-01 -2.4284941350e-01
-4.6325586440e-01 -2.6746089801e-01
-4.4862316648e-01 -2.9133929080e-01
-4.3276082365e-01 -3.1441914283e-01
-4.1571231348e-01 -3.3663719386e-01
-3.9752436475e-01 -3.5793254573e-01
-3.7824682937e-01 -3.7824682937e-01
-3.5793254573e-01 -3.9752436475e-01
-3.3663719386e-01 -4.1571231348e-01
-3.1441914283e-01 -4.3276082365e-01
-2.9133929080e-01 -4.4862316648e-01
-2.6746089801e-01 -4.6325586440e-01
-2.4284941350e-01 -4.7661881019e-01
-2.1757229562e-01 -4.8867537695e-01
-1.9169882721e-01 -4.9939251848e-01
-1.6529992563e-01 -5.0874085982e-01
-1.3844794845e-01 -5.1669477782e-01
-1.1121649507e-01 -5.2323247136e-01
-8.3680204999e-02 -5.2833602106e-01
-5.5914553307e-02 -5.3199143846e-01
-2.7995643710e-02 -5.3418870429e-01
-9.8263539794e-17 -5.3492179602e-01
2.7995643710e-02 -5.3418870429e-01
5.5914553307e-02 -5.3199143846e-01
8.3680204999e-02 -5.2833602106e-01
1.1121649507e-01 -5.2323247136e-01
1.3844794845e-01 -5.1669477782e-01
1.6529992563e-01 -5.0874085982e-01
1.9169882721e-01 -4.9939251848e-01
2.1757229562e-01 -4.8867537695e-01
2.4284941350e-01 -4.7661881019e-01
2.6746089801e-01 -4.6325586440e-01
2.9133929080e-01 -4.4862316648e-01
3.1441914283e-01 -4.3276082365e-01
3.3663719386e-01 -4.1571231348e-01
3.5793254573e-01 -3.9752436475e-01
3.7824682937e-01 -3.7824682937e-01
3.9752436475e-01 -3.5793254573e-01
4.1571231348e-01 -3.3663719386e-01
4.3276082365e-01 -3.1441914283e-01
4.4862316648e-01 -2.9133929080e-01
4.6325586440e-01 -2.6746089801e-01
4.7661881019e-01 -2.4284941350e-01
4.8867537695e-01 -2.1757229562e-01
4.9939251848e-01 -1.9169882721e-01
5.0874085982e-01 -1.6529992563e-01
5.1669477782e-01 -1.3844794845e-01
5.2323247136e-01 -1.1121649507e-01
5.2833602106e-01 -8.3680204999e-02
5.3199143846e-01 -5.5914553307e-02
5.3418870429e-01 -2.7995643710e-02
5.3492179602e-01 -1.3101805306e-16

5.6585558942e-01 0.0000000000e+00
5.6508010400e-01 2.9614593368e-02
5.6275577329e-01 5.9148015193e-02
5.5888896813e-01 8.8519316421e-02
5.5349028715e-01 1.1764799235e-01
5.4657452777e-01 1.4645420332e-01
5.3816064560e-01 1.7485899349e-01
5.2827170250e-01 2.0278450732e-01
5.1693480339e-01 2.3015420291e-01
5.0418102192e-01 2.5689306182e-01
4.9004531531e-01 2.8292779471e-01
4.7456642855e-01 3.0818704218e-01
4.5778678820e-01 3.3260157039e-01
4.3975238608e-01 3.5610446081e-01
4.2051265324e-01 3.7863129366e-01
4.0012032445e-01 4.0012032445e-01
3.7863129366e-01 4.2051265324e-01
3.5610446081e-01 4.3975238608e-01
3.3260157039e-01 4.5778678820e-01
3.0818704218e-01 4.7456642855e-01
2.8292779471e-01 4.9004531531e-01
2.5689306182e-01 5.0418102192e-01
2.3015420291e-01 5.1693480339e-01
2.0278450732e-01 5.2827170250e-01
1.7485899349e-01 5.3816064560e-01
1.4645420332e-01 5.4657452777e-01
1.1764799235e-01 5.5349028715e-01
8.8519316421e-02 5.5888896813e-01
5.9148015193e-02 5.6275577329e-01
2.9614593368e-02 5.6508010400e-01
3.4648661818e-17 5.6585558942e-01
-2.9614593368e-02 5.6508010400e-01
-5.9148015193e-02 5.6275577329e-01
-8.8519316421e-02 5.5888896813e-01
-1.1764799235e-01 5.5349028715e-01
-1.4645420332e-01 5.4657452777e-01
-1.7485899349e-01 5.3816064560e-01
-2.0278450732e-01 5.2827170250e-01
-2.3015420291e-01 5.1693480339e-01
-2.5689306182e-01 5.0418102192e-01
-2.8292779471e-01 4.9004531531e-01
-3.0818704218e-01 4.7456642855e-01
-3.3260157039e-01 4.5778678820e-01
-3.5610446081e-01 4.3975238608e-01
-3.7863129366e-01 4.2051265324e-01
-4.0012032445e-01 4.0012032445e-01
-4.2051265324e-01 3.7863129366e-01
-4.3975238608e-01 3.5610446081e-01
-4.5778678820e-01 3.3260157039e-01
-4.7456642855e-01 3.0818704218e-01
-4.9004531531e-01 2.8292779471e-01
-5.0418102192e-01 2.5689306182e-01
-5.1693480339e-01 2.3015420291e-01
-5.2827170250e-01 2.0278450732e-01
-5.3816064560e-01 1.7485899349e-01
-5.4657452777e-01 1.4645420332e-01
-5.5349028715e-01 1.1764799235e-01
-5.5888896813e-01 8.8519316421e-02
-5.6275577329e-01 5.9148015193e-02
-5.6508010400e-01 2.9614593368e-02
-5.6585558942e-01 6.9297323636e-17
-5.6508010400e-01 -2.9614593368e-02
-5.6275577329e-01 -5.9148015193e-02
-5.5888896813e-01 -8.8519316421e-02
-5.5349028715e-01 -1.1764799235e-01
-5.4657452777e-01 -1.4645420332e-01
-5.3816064560e-01 -1.7485899349e-01
-5.2827170250e-01 -2.0278450732e-01
-5.1693480339e-01 -2.3015420291e-01
-5.0418102192e-01 -2.5689306182e-01
-4.9004531531e-01 -2.8292779471e-01
-4.7456642855e-01 -3.0818704218e-01
-4.5778678820e-01 -3.3260157039e-01
-4.3975238608e-01 -3.5610446081e-01
-4.2051265324e-01 -3.7863129366e-01
-4.0012032445e-01 -4.0012032445e-01
-3.7863129366e-01 -4.2051265324e-01
-3.5610446081e-01 -4.3975238608e-01
-3.3260157039e-01 -4.5778678820e-01
-3.0818704218e-01 -4.7456642855e-01
-2.8292779471e-01 -4.9004531531e-01
-2.5689306182e-01 -5.0418102192e-01
-2.3015420291e-01 -5.1693480339e-01
-2.0278450732e-01 -5.2827170250e-01
-1.7485899349e-01 -5.3816064560e-01
-1.4645420332e-01 -5.4657452777e-01
-1.1764799235e-01 -5.5349028715e-01
-8.8519316421e-02 -5.5888896813e-01
-5.9148015193e-02 -5.6275577329e-01
-2.9614593368e-02 -5.6508010400e-01
-1.0394598545e-16 -5.6585558942e-01
2.9614593368e-02 -5.6508010400e-01
5.9148015193e-02 -5.6275577329e-01
8.8519316421e-02 -5.5888896813e-01
1.1764799235e-01 -5.5349028715e-01
1.4645420332e-01 -5.4657452777e-01
1.7485899349e-01 -5.3816064560e-01
2.0278450732e-01 -5.2827170250e-01
2.3015420291e-01 -5.1693480339e-01
2.5689306182e-01 -5.0418102192e-01
2.8292779471e-01 -4.9004531531e-01
3.0818704218e-01 -4.7456642855e-01
3.3260157039e-01 -4.5778678820e-01
3.5610446081e-01 -4.3975238608e-01
3.7863129366e-01 -4.2051265324e-01
4.0012032445e-01 -4.0012032445e-01
4.2051265324e-01 -3.7863129366e-01
4.3975238608e-01 -3.5610446081e-01
4.5778678820e-01 -3.3260157039e-01
4.7456642855e-01 -3.0818704218e-01
4.9004531531e-01 -2.8292779471e-01
5.0418102192e-01 -2.5689306182e-01
5.1693480339e-01 -2.3015420291e-01
5.2827170250e-01 -2.0278450732e-01
5.3816064560e-01 -1.7485899349e-01
5.4657452777e-01 -1.4645420332e-01
5.5349028715e-01 -1.1764799235e-01
5.5888896813e-01 -8.8519316421e-02
5.6275577329e-01 -5.9148015193e-02
5.6508010400e-01 -2.9614593368e-02
5.6585558942e-01 -1.3859464727e-16

6.0014676104e-01 0.0000000000e+00
5.9932428076e-01 3.1409254625e-02
5.9685909429e-01 6.2732418667e-02
5.9275795853e-01 9.3883637509e-02
5.8703211440e-01 1.2477752783e-01
5.7969725605e-01 1.5532941161e-01
5.7077348782e-01 1.8545554828e-01
5.6028526914e-01 2.1507336418e-01
5.4826134747e-01 2.4410167894e-01
5.3473467956e-01 2.7246092796e-01
5.1974234106e-01 3.0007338052e-01
5.0332542493e-01 3.2686335280e-01
4.8552892880e-01 3.5275741535e-01
4.6640163163e-01 3.7768459435e-01
4.4599596000e-01 4.0157656612e-01
4.2436784444e-01 4.2436784444e-01
4.0157656612e-01 4.4599596000e-01
3.7768459435e-01 4.6640163163e-01
3.5275741535e-01 4.8552892880e-01
3.2686335280e-01 5.0332542493e-01
3.0007338052e-01 5.1974234106e-01
2.7246092796e-01 5.3473467956e-01
2.4410167894e-01 5.4826134747e-01
2.1507336418e-01 5.6028526914e-01
1.8545554828e-01 5.7077348782e-01
1.5532941161e-01 5.7969725605e-01
1.2477752783e-01 5.8703211440e-01
9.3883637509e-02 5.9275795853e-01
6.2732418667e-02 5.9685909429e-01
3.1409254625e-02 5.9932428076e-01
3.6748390496e-17 6.0014676104e-01
-3.1409254625e-02 5.9932428076e-01
-6.2732418667e-02 5.9685909429e-01
-9.3883637509e-02 5.9275795853e-01
-1.2477752783e-01 5.8703211440e-01
-1.5532941161e-01 5.7969725605e-01
-1.8545554828e-01 5.7077348782e-01
-2.1507336418e-01 5.6028526914e-01
-2.4410167894e-01 5.4826134747e-01
-2.7246092796e-01 5.3473467956e-01
-3.0007338052e-01 5.1974234106e-01
-3.2686335280e-01 5.0332542493e-01
-3.5275741535e-01 4.8552892880e-01
-3.7768459435e-01 4.6640163163e-01
-4.0157656612e-01 4.4599596000e-01
-4.2436784444e-01 4.2436784444e-01
-4.4599596000e-01 4.0157656612e-01
-4.6640163163e-01 3.7768459435e-01
-4.8552892880e-01 3.5275741535e-01
-5.0332542493e-01 3.2686335280e-01
-5.1974234106e-01 3.0007338052e-01
-5.3473467956e-01 2.7246092796e-01
-5.4826134747e-01 2.4410167894e-01
-5.6028526914e-01 2.1507336418e-01
-5.7077348782e-01 1.8545554828e-01
-5.7969725605e-01 1.5532941161e-01
-5.8703211440e-01 1.2477752783e-01
-5.9275795853e-01 9.3883637509e-02
-5.9685909429e-01 6.2732418667e-02
-5.9932428076e-01 3.1409254625e-02
-6.0014676104e-01 7.3496780993e-17
-5.9932428076e-01 -3.1409254625e-02
-5.9685909429e-01 -6.2732418667e-02
-5.9275795853e-01 -9.3883637509e-02
-5.8703211440e-01 -1.2477752783e-01
-5.7969725605e-01 -1.5532941161e-01
-5.7077348782e-01 -1.8545554828e-01
-5.6028526914e-01 -2.1507336418e-01
-5.4826134747e-01 -2.4410167894e-01
-5.3473467956e-01 -2.7246092796e-01
-5.1974234106e-01 -3.0007338052e-01
-5.0332542493e-01 -3.2686335280e-01
-4.8552892880e-01 -3.5275741535e-01
-4.6640163163e-01 -3.7768459435e-01
-4.4599596000e-01 -4.0157656612e-01
-4.2436784444e-01 -4.2436784444e-01
-4.0157656612e-01 -4.4599596000e-01
-3.7768459435e-01 -4.6640163163e-01
-3.5275741535e-01 -4.8552892880e-01
-3.2686335280e-01 -5.0332542493e-01
-3.0007338052e-01 -5.1974234106e-01
-2.7246092796e-01 -5.3473467956e-01
-2.4410167894e-01 -5.4826134747e-01
-2.1507336418e-01 -5.6028526914e-01
-1.8545554828e-01 -5.7077348782e-01
-1.5532941161e-01 -5.7969725605e-01
-1.2477752783e-01 -5.8703211440e-01
-9.3883637509e-02 -5.9275795853e-01
-6.2732418667e-02 -5.9685909429e-01
-3.1409254625e-02 -5.9932428076e-01
-1.1024517149e-16 -6.0014676104e-01
3.1409254625e-02 -5.9932428076e-01
6.2732418667e-02 -5.9685909429e-01
9.3883637509e-02 -5.9275795853e-01
1.2477752783e-01 -5.8703211440e-01
1.5532941161e-01 -5.7969725605e-01
1.8545554828e-01 -5.7077348782e-01
2.1507336418e-01 -5.6028526914e-01
2.4410167894e-01 -5.4826134747e-01
2.7246092796e-01 -5.3473467956e-01
3.0007338052e-01 -5.1974234106e-01
3.2686335280e-01 -5.0332542493e-01
3.5275741535e-01 -4.8552892880e-01
3.7768459435e-01 -4.6640163163e-01
4.0157656612e-01 -4.4599596000e-01
4.2436784444e-01 -4.2436784444e-01
4.4599596000e-01 -4.0157656612e-01
4.6640163163e-01 -3.7768459435e-01
4.8552892880e-01 -3.5275741535e-01
5.0332542493e-01 -3.2686335280e-01
5.1974234106e-01 -3.0007338052e-01
5.3473467956e-01 -2.7246092796e-01
5.4826134747e-01 -2.4410167894e-01
5.6028526914e-01 -2.1507336418e-01
5.7077348782e-01 -1.8545554828e-01
5.7969725605e-01 -1.5532941161e-01
5.8703211440e-01 -1.2477752783e-01
5.9275795853e-01 -9.3883637509e-02
5.9685909429e-01 -6.2732418667e-02
5.9932428076e-01 -3.1409254625e-02
6.0014676104e-01 -1.4699356199e-16

6.3815970166e-01 0.0000000000e+00
6.3728512597e-01 3.3398698222e-02
6.3466379605e-01 6.6705852934e-02
6.3030289677e-01 9.9830171540e-02
6.2421438107e-01 1.3268086258e-01
6.1641493713e-01 1.6516788461e-01
6.0692594270e-01 1.9720219294e-01
5.9577340645e-01 2.2869598377e-01
5.8298789671e-01 2.5956293480e-01
5.6860445766e-01 2.8971844187e-01
5.5266251331e-01 3.1907985083e-01
5.3520575943e-01 3.4756668410e-01
5.1628204377e-01 3.7510086125e-01
4.9594323491e-01 4.0160691300e-01
4.7424508012e-01 4.2701218813e-01
4.5124705253e-01 4.5124705253e-01
4.2701218813e-01 4.7424508012e-01
4.0160691300e-01 4.9594323491e-01
3.7510086125e-01 5.1628204377e-01
3.4756668410e-01 5.3520575943e-01
3.1907985083e-01 5.5266251331e-01
2.8971844187e-01 5.6860445766e-01
2.5956293480e-01 5.8298789671e-01
2.2869598377e-01 5.9577340645e-01
1.9720219294e-01 6.0692594270e-01
1.6516788461e-01 6.1641493713e-01
1.3268086258e-01 6.2421438107e-01
9.9830171540e-02 6.3030289677e-01
6.6705852934e-02 6.3466379605e-01
3.3398698222e-02 6.3728512597e-01
3.9076011799e-17 6.3815970166e-01
-3.3398698222e-02 6.3728512597e-01
-6.6705852934e-02 6.3466379605e-01
-9.9830171540e-02 6.3030289677e-01
-1.3268086258e-01 6.2421438107e-01
-1.6516788461e-01 6.1641493713e-01
-1.9720219294e-01 6.0692594270e-01
-2.2869598377e-01 5.9577340645e-01
-2.5956293480e-01 5.8298789671e-01
-2.8971844187e-01 5.6860445766e-01
-3.1907985083e-01 5.5266251331e-01
-3.4756668410e-01 5.3520575943e-01
-3.7510086125e-01 5.1628204377e-01
-4.0160691300e-01 4.9594323491e-01
-4.2701218813e-01 4.7424508012e-01
-4.5124705253e-01 4.5124705253e-01
-4.7424508012e-01 4.2701218813e-01
-4.9594323491e-01 4.0160691300e-01
-5.1628204377e-01 3.7510086125e-01
-5.3520575943e-01 3.4756668410e-01
-5.5266251331e-01 3.1907985083e-01
-5.6860445766e-01 2.8971844187e-01
-5.8298789671e-01 2.5956293480e-01
-5.9577340645e-01 2.2869598377e-01
-6.0692594270e-01 1.9720219294e-01
-6.1641493713e-01 1.6516788461e-01
-6.2421438107e-01 1.3268086258e-01
-6.3030289677e-01 9.9830171540e-02
-6.3466379605e-01 6.6705852934e-02
-6.3728512597e-01 3.3398698222e-02
-6.3815970166e-01 7.8152023599e-17
-6.3728512597e-01 -3.3398698222e-02
-6.3466379605e-01 -6.6705852934e-02
-6.3030289677e-01 -9.9830171540e-02
-6.2421438107e-01 -1.3268086258e-01
-6.1641493713e-01 -1.6516788461e-01
-6.0692594270e-01 -1.9720219294e-01
-5.9577340645e-01 -2.2869598377e-01
-5.8298789671e-01 -2.5956293480e-01
-5.6860445766e-01 -2.8971844187e-01
-5.5266251331e-01 -3.1907985083e-01
-5.3520575943e-01 -3.4756668410e-01
-5.1628204377e-01 -3.7510086125e-01
-4.9594323491e-01 -4.0160691300e-01
-4.7424508012e-01 -4.2701218813e-01
-4.5124705253e-01 -4.5124705253e-01
-4.2701218813e-01 -4.7424508012e-01
-4.0160691300e-01 -4.9594323491e-01
-3.7510086125e-01 -5.1628204377e-01
-3.4756668410e-01 -5.3520575943e-01
-3.1907985083e-01 -5.5266251331e-01
-2.8971844187e-01 -5.6860445766e-01
-2.5956293480e-01 -5.8298789671e-01
-2.2869598377e-01 -5.9577340645e-01
-1.9720219294e-01 -6.0692594270e-01
-1.6516788461e-01 -6.1641493713e-01
-1.3268086258e-01 -6.2421438107e-01
-9.9830171540e-02 -6.3030289677e-01
-6.6705852934e-02 -6.3466379605e-01
-3.3398698222e-02 -6.3728512597e-01
-1.1722803540e-16 -6.3815970166e-01
3.3398698222e-02 -6.3728512597e-01
6.6705852934e-02 -6.3466379605e-01
9.9830171540e-02 -6.3030289677e-01
1.3268086258e-01 -6.2421438107e-01
1.6516788461e-01 -6.1641493713e-01
1.9720219294e-01 -6.0692594270e-01
2.2869598377e-01 -5.9577340645e-01
2.5956293480e-01 -5.8298789671e-01
2.8971844187e-01 -5.6860445766e-01
3.1907985083e-01 -5.5266251331e-01
3.4756668410e-01 -5.3520575943e-01
3.7510086125e-01 -5.1628204377e-01
4.0160691300e-01 -4.9594323491e-01
4.2701218813e-01 -4.7424508012e-01
4.5124705253e-01 -4.5124705253e-01
4.7424508012e-01 -4.2701218813e-01
4.9594323491e-01 -4.0160691300e-01
5.1628204377e-01 -3.7510086125e-01
5.3520575943e-01 -3.4756668410e-01
5.5266251331e-01 -3.1907985083e-01
5.6860445766e-01 -2.8971844187e-01
5.8298789671e-01 -2.5956293480e-01
5.9577340645e-01 -2.2869598377e-01
6.0692594270e-01 -1.9720219294e-01
6.1641493713e-01 -1.6516788461e-01
6.2421438107e-01 -1.3268086258e-01
6.3030289677e-01 -9.9830171540e-02
6.3466379605e-01 -6.6705852934e-02
6.3728512597e-01 -3.3398698222e-02
6.3815970166e-01 -1.5630404720e-16

6.8029835095e-01 0.0000000000e+00
6.7936602570e-01 3.5604064727e-02
6.7657160540e-01 7.1110541188e-02
6.7192274936e-01 1.0642210860e-01
6.6543219976e-01 1.4144198041e-01
6.5711774676e-01 1.7607416958e-01
6.4700217969e-01 2.1022375169e-01
6.3511322462e-01 2.4379712511e-01
6.2148346835e-01 2.7670226755e-01
6.0615026909e-01 3.0884898832e-01
5.8915565407e-01 3.4014917547e-01
5.7054620436e-01 3.7051703738e-01
5.5037292716e-01 3.9986933785e-01
5.2869111602e-01 4.2812562425e-01
5.0556019929e-01 4.5520844807e-01
4.8104357718e-01 4.8104357718e-01
4.5520844807e-01 5.0556019929e-01
4.2812562425e-01 5.2869111602e-01
3.9986933785e-01 5.5037292716e-01
3.7051703738e-01 5.7054620436e-01
3.4014917547e-01 5.8915565407e-01
3.0884898832e-01 6.0615026909e-01
2.7670226755e-01 6.2148346835e-01
2.4379712511e-01 6.3511322462e-01
2.1022375169e-01 6.4700217969e-01
1.7607416958e-01 6.5711774676e-01
1.4144198041e-01 6.6543219976e-01
1.0642210860e-01 6.7192274936e-01
7.1110541188e-02 6.7657160540e-01
3.5604064727e-02 6.7936602570e-01
4.1656259898e-17 6.8029835095e-01
-3.5604064727e-02 6.7936602570e-01
-7.1110541188e-02 6.7657160540e-01
-1.0642210860e-01 6.7192274936e-01
-1.4144198041e-01 6.6543219976e-01
-1.7607416958e-01 6.5711774676e-01
-2.1022375169e-01 6.4700217969e-01
-2.4379712511e-01 6.3511322462e-01
-2.7670226755e-01 6.2148346835e-01
-3.0884898832e-01 6.0615026909e-01
-3.4014917547e-01 5.8915565407e-01
-3.7051703738e-01 5.7054620436e-01
-3.9986933785e-01 5.5037292716e-01
-4.2812562425e-01 5.2869111602e-01
-4.5520844807e-01 5.0556019929e-01
-4.8104357718e-01 4.8104357718e-01
-5.0556019929e-01 4.5520844807e-01
-5.2869111602e-01 4.2812562425e-01
-5.5037292716e-01 3.9986933785e-01
-5.7054620436e-01 3.7051703738e-01
-5.8915565407e-01 3.4014917547e-01
-6.0615026909e-01 3.0884898832e-01
-6.2148346835e-01 2.7670226755e-01
-6.3511322462e-01 2.4379712511e-01
-6.4700217969e-01 2.1022375169e-01
-6.5711774676e-01 1.7607416958e-01
-6.6543219976e-01 1.4144198041e-01
-6.7192274936e-01 1.0642210860e-01
-6.7657160540e-01 7.1110541188e-02
-6.7936602570e-01 3.5604064727e-02
-6.8029835095e-01 8.3312519795e-17
-6.7936602570e-01 -3.5604064727e-02
-6.7657160540e-01 -7.1110541188e-02
-6.7192274936e-01 -1.0642210860e-01
-6.6543219976e-01 -1.4144198041e-01
-6.5711774676e-01 -1.7607416958e-01
-6.4700217969e-01 -2.1022375169e-01
-6.3511322462e-01 -2.4379712511e-01
-6.2148346835e-01 -2.7670226755e-01
-6.0615026909e-01 -3.0884898832e-01
-5.8915565407e-01 -3.4014917547e-01
-5.7054620436e-01 -3.7051703738e-01
-5.5037292716e-01 -3.9986933785e-01
-5.2869111602e-01 -4.2812562425e-01
-5.0556019929e-01 -4.5520844807e-01
-4.8104357718e-01 -4.8104357718e-01
-4.5520844807e-01 -5.0556019929e-01
-4.2812562425e-01 -5.2869111602e-01
-3.9986933785e-01 -5.5037292716e-01
-3.7051703738e-01 -5.7054620436e-01
-3.4014917547e-01 -5.8915565407e-01
-3.0884898832e-01 -6.0615026909e-01
-2.7670226755e-01 -6.2148346835e-01
-2.4379712511e-01 -6.3511322462e-01
-2.1022375169e-01 -6.4700217969e-01
-1.7607416958e-01 -6.5711774676e-01
-1.4144198041e-01 -6.6543219976e-01
-1.0642210860e-01 -6.7192274936e-01
-7.1110541188e-02 -6.7657160540e-01
-3.5604064727e-02 -6.7936602570e-01
-1.2496877969e-16 -6.8029835095e-01
3.5604064727e-02 -6.7936602570e-01
7.1110541188e-02 -6.7657160540e-01
1.0642210860e-01 -6.7192274936e-01
1.4144198041e-01 -6.6543219976e-01
1.7607416958e-01 -6.5711774676e-01
2.1022375169e-01 -6.4700217969e-01
2.4379712511e-01 -6.3511322462e-01
2.7670226755e-01 -6.2148346835e-01
3.0884898832e-01 -6.0615026909e-01
3.4014917547e-01 -5.8915565407e-01
3.7051703738e-01 -5.7054620436e-01
3.9986933785e-01 -5.5037292716e-01
4.2812562425e-01 -5.2869111602e-01
4.5520844807e-01 -5.0556019929e-01
4.8104357718e-01 -4.8104357718e-01
5.0556019929e-01 -4.5520844807e-01
5.2869111602e-01 -4.2812562425e-01
5.5037292716e-01 -3.9986933785e-01
5.7054620436e-01 -3.7051703738e-01
5.8915565407e-01 -3.4014917547e-01
6.0615026909e-01 -3.0884898832e-01
6.2148346835e-01 -2.7670226755e-01
6.3511322462e-01 -2.4379712511e-01
6.4700217969e-01 -2.1022375169e-01
6.5711774676e-01 -1.7607416958e-01
6.6543219976e-01 -1.4144198041e-01
6.7192274936e-01 -1.0642210860e-01
6.7657160540e-01 -7.1110541188e-02
6.7936602570e-01 -3.5604064727e-02
6.8029835095e-01 -1.6662503959e-16

7.2701048988e-01 0.0000000000e+00
7.2601414727e-01 3.8048789186e-02
7.2302785034e-01 7.5993289286e-02
7.1805978434e-01 1.1372949706e-01
7.1112356638e-01 1.5115398019e-01
7.0223820815e-01 1.8816416077e-01
6.9142806381e-01 2.2465859646e-01
6.7872276321e-01 2.6053725855e-01
6.6415713069e-01 2.9570180613e-01
6.4777108963e-01 3.3005585561e-01
6.2960955305e-01 3.6350524494e-01
6.0972230045e-01 3.9595829165e-01
5.8816384140e-01 4.2732604421e-01
5.6499326614e-01 4.5752252579e-01
5.4027408362e-01 4.8646496992e-01
5.1407404739e-01 5.1407404739e-01
4.8646496992e-01 5.4027408362e-01
4.5752252579e-01 5.6499326614e-01
4.2732604421e-01 5.8816384140e-01
3.9595829165e-01 6.0972230045e-01
3.6350524494e-01 6.2960955305e-01
3.3005585561e-01 6.4777108963e-01
2.9570180613e-01 6.6415713069e-01
2.6053725855e-01 6.7872276321e-01
2.2465859646e-01 6.9142806381e-01
1.8816416077e-01 7.0223820815e-01
1.5115398019e-01 7.1112356638e-01
1.1372949706e-01 7.1805978434e-01
7.5993289286e-02 7.2302785034e-01
3.8048789186e-02 7.2601414727e-01
4.4516553469e-17 7.2701048988e-01
-3.8048789186e-02 7.2601414727e-01
-7.5993289286e-02 7.2302785034e-01
-1.1372949706e-01 7.1805978434e-01
-1.5115398019e-01 7.1112356638e-01
-1.8816416077e-01 7.0223820815e-01
-2.2465859646e-01 6.9142806381e-01
-2.6053725855e-01 6.7872276321e-01
-2.9570180613e-01 6.6415713069e-01
-3.3005585561e-01 6.4777108963e-01
-3.6350524494e-01 6.2960955305e-01
-3.9595829165e-01 6.0972230045e-01
-4.2732604421e-01 5.8816384140e-01
-4.5752252579e-01 5.6499326614e-01
-4.8646496992e-01 5.4027408362e-01
-5.1407404739e-01 5.1407404739e-01
-5.4027408362e-01 4.8646496992e-01
-5.6499326614e-01 4.5752252579e-01
-5.8816384140e-01 4.2732604421e-01
-6.0972230045e-01 3.9595829165e-01
-6.2960955305e-01 3.6350524494e-01
-6.4777108963e-01 3.3005585561e-01
-6.6415713069e-01 2.9570180613e-01
-6.7872276321e-01 2.6053725855e-01
-6.9142806381e-01 2.2465859646e-01
-7.0223820815e-01 1.8816416077e-01
-7.1112356638e-01 1.5115398019e-01
-7.1805978434e-01 1.1372949706e-01
-7.2302785034e-01 7.5993289286e-02
-7.2601414727e-01 3.8048789186e-02
-7.2701048988e-01 8.9033106937e-17
-7.2601414727e-01 -3.8048789186e-02
-7.2302785034e-01 -7.5993289286e-02
-7.1805978434e-01 -1.1372949706e-01
-7.1112356638e-01 -1.5115398019e-01
-7.0223820815e-01 -1.8816416077e-01
-6.9142806381e-01 -2.2465859646e-01
-6.7872276321e-01 -2.6053725855e-01
-6.6415713069e-01 -2.9570180613e-01
-6.4777108963e-01 -3.3005585561e-01
-6.2960955305e-01 -3.6350524494e-01
-6.0972230045e-01 -3.9595829165e-01
-5.8816384140e-01 -4.2732604421e-01
-5.6499326614e-01 -4.5752252579e-01
-5.4027408362e-01 -4.8646496992e-01
-5.1407404739e-01 -5.1407404739e-01
-4.8646496992e-01 -5.4027408362e-01
-4.5752252579e-01 -5.6499326614e-01
-4.2732604421e-01 -5.8816384140e-01
-3.9595829165e-01 -6.0972230045e-01
-3.6350524494e-01 -6.2960955305e-01
-3.3005585561e-01 -6.4777108963e-01
-2.9570180613e-01 -6.6415713069e-01
-2.6053725855e-01 -6.7872276321e-01
-2.2465859646e-01 -6.9142806381e-01
-1.8816416077e-01 -7.0223820815e-01
-1.5115398019e-01 -7.1112356638e-01
-1.1372949706e-01 -7.1805978434e-01
-7.5993289286e-02 -7.2302785034e-01
-3.8048789186e-02 -7.2601414727e-01
-1.3354966041e-16 -7.2701048988e-01
3.8048789186e-02 -7.2601414727e-01
7.5993289286e-02 -7.2302785034e-01
1.1372949706e-01 -7.1805978434e-01
1.5115398019e-01 -7.1112356638e-01
1.8816416077e-01 -7.0223820815e-01
2.2465859646e-01 -6.9142806381e-01
2.6053725855e-01 -6.7872276321e-01
2.9570180613e-01 -6.6415713069e-01
3.3005585561e-01 -6.4777108963e-01
3.6350524494e-01 -6.2960955305e-01
3.9595829165e-01 -6.0972230045e-01
4.2732604421e-01 -5.8816384140e-01
4.5752252579e-01 -5.6499326614e-01
4.8646496992e-01 -5.4027408362e-01
5.1407404739e-01 -5.1407404739e-01
5.4027408362e-01 -4.8646496992e-01
5.6499326614e-01 -4.5752252579e-01
5.8816384140e-01 -4.2732604421e-01
6.0972230045e-01 -3.9595829165e-01
6.2960955305e-01 -3.6350524494e-01
6.4777108963e-01 -3.3005585561e-01
6.6415713069e-01 -2.9570180613e-01
6.7872276321e-01 -2.6053725855e-01
6.9142806381e-01 -2.2465859646e-01
7.0223820815e-01 -1.8816416077e-01
7.1112356638e-01 -1.5115398019e-01
7.1805978434e-01 -1.1372949706e-01
7.2302785034e-01 -7.5993289286e-02
7.2601414727e-01 -3.8048789186e-02
7.2701048988e-01 -1.7806621387e-16

7.7879249904e-01 0.0000000000e+00
7.7772519099e-01 4.0758850152e-02
7.7452619225e-01 8.1405983129e-02
7.6920427105e-01 1.2182998797e-01
7.6177401441e-01 1.6192006527e-01
7.5225578815e-01 2.0156633094e-01
7.4067568106e-01 2.4066011730e-01
7.2706543341e-01 2.7909427100e-01
7.1146234995e-01 3.1676344671e-01
6.9390919764e-01 3.5356439583e-01
6.7445408845e-01 3.8939624952e-01
6.5315034748e-01 4.2416079516e-01
6.3005636682e-01 4.5776274553e-01
6.0523544544e-01 4.9011000004e-01
5.7875561578e-01 5.2111389711e-01
5.5068945721e-01 5.5068945721e-01
5.2111389711e-01 5.7875561578e-01
4.9011000004e-01 6.0523544544e-01
4.5776274553e-01 6.3005636682e-01
4.2416079516e-01 6.5315034748e-01
3.8939624952e-01 6.7445408845e-01
3.5356439583e-01 6.9390919764e-01
3.1676344671e-01 7.1146234995e-01
2.7909427100e-01 7.2706543341e-01
2.4066011730e-01 7.4067568106e-01
2.0156633094e-01 7.5225578815e-01
1.6192006527e-01 7.6177401441e-01
1.2182998797e-01 7.6920427105e-01
8.1405983129e-02 7.7452619225e-01
4.0758850152e-02 7.7772519099e-01
4.7687287058e-17 7.7879249904e-01
-4.0758850152e-02 7.7772519099e-01
-8.1405983129e-02 7.7452619225e-01
-1.2182998797e-01 7.6920427105e-01
-1.6192006527e-01 7.6177401441e-01
-2.0156633094e-01 7.5225578815e-01
-2.4066011730e-01 7.4067568106e-01
-2.7909427100e-01 7.2706543341e-01
-3.1676344671e-01 7.1146234995e-01
-3.5356439583e-01 6.9390919764e-01
-3.8939624952e-01 6.7445408845e-01
-4.2416079516e-01 6.5315034748e-01
-4.5776274553e-01 6.3005636682e-01
-4.9011000004e-01 6.0523544544e-01
-5.2111389711e-01 5.7875561578e-01
-5.5068945721e-01 5.5068945721e-01
-5.7875561578e-01 5.2111389711e-01
-6.0523544544e-01 4.9011000004e-01
-6.3005636682e-01 4.5776274553e-01
-6.5315034748e-01 4.2416079516e-01
-6.7445408845e-01 3.8939624952e-01
-6.9390919764e-01 3.5356439583e-01
-7.1146234995e-01 3.1676344671e-01
-7.2706543341e-01 2.7909427100e-01
-7.4067568106e-01 2.4066011730e-01
-7.5225578815e-01 2.0156633094e-01
-7.6177401441e-01 1.6192006527e-01
-7.6920427105e-01 1.2182998797e-01
-7.7452619225e-01 8.1405983129e-02
-7.7772519099e-01 4.0758850152e-02
-7.7879249904e-01 9.5374574115e-17
-7.7772519099e-01 -4.0758850152e-02
-7.7452619225e-01 -8.1405983129e-02
-7.6920427105e-01 -1.2182998797e-01
-7.6177401441e-01 -1.6192006527e-01
-7.5225578815e-01 -2.0156633094e-01
-7.4067568106e-01 -2.4066011730e-01
-7.2706543341e-01 -2.7909427100e-01
-7.1146234995e-01 -3.1676344671e-01
-6.9390919764e-01 -3.5356439583e-01
-6.7445408845e-01 -3.8939624952e-01
-6.5315034748e-01 -4.2416079516e-01
-6.3005636682e-01 -4.5776274553e-01
-6.0523544544e-01 -4.9011000004e-01
-5.7875561578e-01 -5.2111389711e-01
-5.5068945721e-01 -5.5068945721e-01
-5.2111389711e-01 -5.7875561578e-01
-4.9011000004e-01 -6.0523544544e-01
-4.5776274553e-01 -6.3005636682e-01
-4.2416079516e-01 -6.5315034748e-01
-3.8939624952e-01 -6.7445408845e-01
-3.5356439583e-01 -6.9390919764e-01
-3.1676344671e-01 -7.1146234995e-01
-2.7909427100e-01 -7.2706543341e-01
-2.4066011730e-01 -7.4067568106e-01
-2.0156633094e-01 -7.5225578815e-01
-1.6192006527e-01 -7.6177401441e-01
-1.2182998797e-01 -7.6920427105e-01
-8.1405983129e-02 -7.7452619225e-01
-4.0758850152e-02 -7.7772519099e-01
-1.4306186117e-16 -7.7879249904e-01
4.0758850152e-02 -7.7772519099e-01
8.1405983129e-02 -7.7452619225e-01
1.2182998797e-01 -7.6920427105e-01
1.6192006527e-01 -7.6177401441e-01
2.0156633094e-01 -7.5225578815e-01
2.4066011730e-01 -7.4067568106e-01
2.7909427100e-01 -7.2706543341e-01
3.1676344671e-01 -7.1146234995e-01
3.5356439583e-01 -6.9390919764e-01
3.8939624952e-01 -6.7445408845e-01
4.2416079516e-01 -6.5315034748e-01
4.5776274553e-01 -6.3005636682e-01
4.9011000004e-01 -6.0523544544e-01
5.2111389711e-01 -5.7875561578e-01
5.5068945721e-01 -5.5068945721e-01
5.7875561578e-01 -5.2111389711e-01
6.0523544544e-01 -4.9011000004e-01
6.3005636682e-01 -4.5776274553e-01
6.5315034748e-01 -4.2416079516e-01
6.7445408845e-01 -3.8939624952e-01
6.9390919764e-01 -3.5356439583e-01
7.1146234995e-01 -3.1676344671e-01
7.2706543341e-01 -2.7909427100e-01
7.4067568106e-01 -2.4066011730e-01
7.5225578815e-01 -2.0156633094e-01
7.6177401441e-01 -1.6192006527e-01
7.6920427105e-01 -1.2182998797e-01
7.7452619225e-01 -8.1405983129e-02
7.7772519099e-01 -4.0758850152e-02
7.7879249904e-01 -1.9074914823e-16

8.3619463336e-01 0.0000000000e+00
8.3504865768e-01 4.3763045742e-02
8.3161387167e-01 8.7406140018e-02
8.2589968984e-01 1.3080966014e-01
8.1792177437e-01 1.7385464008e-01
8.0770199217e-01 2.1642309653e-01
7.9526835495e-01 2.5839835231e-01
7.8065494245e-01 2.9966535618e-01
7.6390180901e-01 3.4011099813e-01
7.4505487382e-01 3.7962441948e-01
7.2416579500e-01 4.1809731668e-01
7.0129182808e-01 4.5542423820e-01
6.7649566900e-01 4.9150287354e-01
6.4984528231e-01 5.2623433366e-01
6.2141371488e-01 5.5952342206e-01
5.9127889564e-01 5.9127889564e-01
5.5952342206e-01 6.2141371488e-01
5.2623433366e-01 6.4984528231e-01
4.9150287354e-01 6.7649566900e-01
4.5542423820e-01 7.0129182808e-01
4.1809731668e-01 7.2416579500e-01
3.7962441948e-01 7.4505487382e-01
3.4011099813e-01 7.6390180901e-01
2.9966535618e-01 7.8065494245e-01
2.5839835231e-01 7.9526835495e-01
2.1642309653e-01 8.0770199217e-01
1.7385464008e-01 8.1792177437e-01
1.3080966014e-01 8.2589968984e-01
8.7406140018e-02 8.3161387167e-01
4.3763045742e-02 8.3504865768e-01
5.1202154061e-17 8.3619463336e-01
-4.3763045742e-02 8.3504865768e-01
-8.7406140018e-02 8.3161387167e-01
-1.3080966014e-01 8.2589968984e-01
-1.7385464008e-01 8.1792177437e-01
-2.1642309653e-01 8.0770199217e-01
-2.5839835231e-01 7.9526835495e-01
-2.9966535618e-01 7.8065494245e-01
-3.4011099813e-01 7.6390180901e-01
-3.7962441948e-01 7.4505487382e-01
-4.1809731668e-01 7.2416579500e-01
-4.5542423820e-01 7.0129182808e-01
-4.9150287354e-01 6.7649566900e-01
-5.2623433366e-01 6.4984528231e-01
-5.5952342206e-01 6.2141371488e-01
-5.9127889564e-01 5.9127889564e-01
-6.2141371488e-01 5.5952342206e-01
-6.4984528231e-01 5.2623433366e-01
-6.7649566900e-01 4.9150287354e-01
-7.0129182808e-01 4.5542423820e-01
-7.2416579500e-01 4.1809731668e-01
-7.4505487382e-01 3.7962441948e-01
-7.6390180901e-01 3.4011099813e-01
-7.8065494245e-01 2.9966535618e-01
-7.9526835495e-01 2.5839835231e-01
-8.0770199217e-01 2.1642309653e-01
-8.1792177437e-01 1.7385464008e-01
-8.2589968984e-01 1.3080966014e-01
-8.3161387167e-01 8.7406140018e-02
-8.3504865768e-01 4.3763045742e-02
-8.3619463336e-01 1.0240430812e-16
-8.3504865768e-01 -4.3763045742e-02
-8.3161387167e-01 -8.7406140018e-02
-8.2589968984e-01 -1.3080966014e-01
-8.1792177437e-01 -1.7385464008e-01
-8.0770199217e-01 -2.1642309653e-01
-7.9526835495e-01 -2.5839835231e-01
-7.8065494245e-01 -2.9966535618e-01
-7.6390180901e-01 -3.4011099813e-01
-7.4505487382e-01 -3.7962441948e-01
-7.2416579500e-01 -4.1809731668e-01
-7.0129182808e-01 -4.5542423820e-01
-6.7649566900e-01 -4.9150287354e-01
-6.4984528231e-01 -5.2623433366e-01
-6.2141371488e-01 -5.5952342206e-01
-5.9127889564e-01 -5.9127889564e-01
-5.5952342206e-01 -6.2141371488e-01
-5.2623433366e-01 -6.4984528231e-01
-4.9150287354e-01 -6.7649566900e-01
-4.5542423820e-01 -7.0129182808e-01
-4.1809731668e-01 -7.2416579500e-01
-3.7962441948e-01 -7.4505487382e-01
-3.4011099813e-01 -7.6390180901e-01
-2.9966535618e-01 -7.8065494245e-01
-2.5839835231e-01 -7.9526835495e-01
-2.1642309653e-01 -8.0770199217e-01
-1.7385464008e-01 -8.1792177437e-01
-1.3080966014e-01 -8.2589968984e-01
-8.7406140018e-02 -8.3161387167e-01
-4.3763045742e-02 -8.3504865768e-01
-1.5360646218e-16 -8.3619463336e-01
4.3763045742e-02 -8.3504865768e-01
8.7406140018e-02 -8.3161387167e-01
1.3080966014e-01 -8.2589968984e-01
1.7385464008e-01 -8.1792177437e-01
2.1642309653e-01 -8.0770199217e-01
2.5839835231e-01 -7.9526835495e-01
2.9966535618e-01 -7.8065494245e-01
3.4011099813e-01 -7.6390180901e-01
3.7962441948e-01 -7.4505487382e-01
4.1809731668e-01 -7.2416579500e-01
4.5542423820e-01 -7.0129182808e-01
4.9150287354e-01 -6.7649566900e-01
5.2623433366e-01 -6.4984528231e-01
5.5952342206e-01 -6.2141371488e-01
5.9127889564e-01 -5.9127889564e-01
6.2141371488e-01 -5.5952342206e-01
6.4984528231e-01 -5.2623433366e-01
6.7649566900e-01 -4.9150287354e-01
7.0129182808e-01 -4.5542423820e-01
7.2416579500e-01 -4.1809731668e-01
7.4505487382e-01 -3.7962441948e-01
7.6390180901e-01 -3.4011099813e-01
7.8065494245e-01 -2.9966535618e-01
7.9526835495e-01 -2.5839835231e-01
8.0770199217e-01 -2.1642309653e-01
8.1792177437e-01 -1.7385464008e-01
8.2589968984e-01 -1.3080966014e-01
8.3161387167e-01 -8.7406140018e-02
8.3504865768e-01 -4.3763045742e-02
8.3619463336e-01 -2.0480861624e-16

8.9982686930e-01 0.0000000000e+00
8.9859368785e-01 4.7093299658e-02
8.9489752356e-01 9.4057519855e-02
8.8874850736e-01 1.4076393493e-01
8.8016349328e-01 1.8708452584e-01
8.6916601225e-01 2.3289233107e-01
8.5578620759e-01 2.7806179461e-01
8.4006075241e-01 3.2246911010e-01
8.2203274911e-01 3.6599256017e-01
8.0175161119e-01 4.0851285007e-01
7.7927292782e-01 4.4991343465e-01
7.5465831153e-01 4.9008083778e-01
7.2797522926e-01 5.2890496339e-01
6.9929681749e-01 5.6627939727e-01
6.6870168175e-01 6.0210169867e-01
6.3627368118e-01 6.3627368118e-01
6.0210169867e-01 6.6870168175e-01
5.6627939727e-01 6.9929681749e-01
5.2890496339e-01 7.2797522926e-01
4.9008083778e-01 7.5465831153e-01
4.4991343465e-01 7.7927292782e-01
4.0851285007e-01 8.0175161119e-01
3.6599256017e-01 8.2203274911e-01
3.2246911010e-01 8.4006075241e-01
2.7806179461e-01 8.5578620759e-01
2.3289233107e-01 8.6916601225e-01
1.8708452584e-01 8.8016349328e-01
1.4076393493e-01 8.8874850736e-01
9.4057519855e-02 8.9489752356e-01
4.7093299658e-02 8.9859368785e-01
5.5098504764e-17 8.9982686930e-01
-4.7093299658e-02 8.9859368785e-01
-9.4057519855e-02 8.9489752356e-01
-1.4076393493e-01 8.8874850736e-01
-1.8708452584e-01 8.8016349328e-01
-2.3289233107e-01 8.6916601225e-01
-2.7806179461e-01 8.5578620759e-01
-3.2246911010e-01 8.4006075241e-01
-3.6599256017e-01 8.2203274911e-01
-4.0851285007e-01 8.0175161119e-01
-4.4991343465e-01 7.7927292782e-01
-4.9008083778e-01 7.5465831153e-01
-5.2890496339e-01 7.2797522926e-01
-5.6627939727e-01 6.9929681749e-01
-6.0210169867e-01 6.6870168175e-01
-6.3627368118e-01 6.3627368118e-01
-6.6870168175e-01 6.0210169867e-01
-6.9929681749e-01 5.6627939727e-01
-7.2797522926e-01 5.2890496339e-01
-7.5465831153e-01 4.9008083778e-01
-7.7927292782e-01 4.4991343465e-01
-8.0175161119e-01 4.0851285007e-01
-8.2203274911e-01 3.6599256017e-01
-8.4006075241e-01 3.2246911010e-01
-8.5578620759e-01 2.7806179461e-01
-8.6916601225e-01 2.3289233107e-01
-8.8016349328e-01 1.8708452584e-01
-8.8874850736e-01 1.4076393493e-01
-8.9489752356e-01 9.4057519855e-02
-8.9859368785e-01 4.7093299658e-02
-8.9982686930e-01 1.1019700953e-16
-8.9859368785e-01 -4.7093299658e-02
-8.9489752356e-01 -9.4057519855e-02
-8.8874850736e-01 -1.4076393493e-01
-8.8016349328e-01 -1.8708452584e-01
-8.6916601225e-01 -2.3289233107e-01
-8.5578620759e-01 -2.7806179461e-01
-8.4006075241e-01 -3.2246911010e-01
-8.2203274911e-01 -3.6599256017e-01
-8.0175161119e-01 -4.0851285007e-01
-7.7927292782e-01 -4.4991343465e-01
-7.5465831153e-01 -4.9008083778e-01
-7.2797522926e-01 -5.2890496339e-01
-6.9929681749e-01 -5.6627939727e-01
-6.6870168175e-01 -6.0210169867e-01
-6.3627368118e-01 -6.3627368118e-01
-6.0210169867e-01 -6.6870168175e-01
-5.6627939727e-01 -6.9929681749e-01
-5.2890496339e-01 -7.2797522926e-01
-4.9008083778e-01 -7.5465831153e-01
-4.4991343465e-01 -7.7927292782e-01
-4.0851285007e-01 -8.0175161119e-01
-3.6599256017e-01 -8.2203274911e-01
-3.2246911010e-01 -8.4006075241e-01
-2.7806179461e-01 -8.5578620759e-01
-2.3289233107e-01 -8.6916601225e-01
-1.8708452584e-01 -8.8016349328e-01
-1.4076393493e-01 -8.8874850736e-01
-9.4057519855e-02 -8.9489752356e-01
-4.7093299658e-02 -8.9859368785e-01
-1.6529551429e-16 -8.9982686930e-01
4.7093299658e-02 -8.9859368785e-01
9.4057519855e-02 -8.9489752356e-01
1.4076393493e-01 -8.8874850736e-01
1.8708452584e-01 -8.8016349328e-01
2.3289233107e-01 -8.6916601225e-01
2.7806179461e-01 -8.5578620759e-01
3.2246911010e-01 -8.4006075241e-01
3.6599256017e-01 -8.2203274911e-01
4.0851285007e-01 -8.0175161119e-01
4.4991343465e-01 -7.7927292782e-01
4.9008083778e-01 -7.5465831153e-01
5.2890496339e-01 -7.2797522926e-01
5.6627939727e-01 -6.9929681749e-01
6.0210169867e-01 -6.6870168175e-01
6.3627368118e-01 -6.3627368118e-01
6.6870168175e-01 -6.0210169867e-01
6.9929681749e-01 -5.6627939727e-01
7.2797522926e-01 -5.2890496339e-01
7.5465831153e-01 -4.9008083778e-01
7.7927292782e-01 -4.4991343465e-01
8.0175161119e-01 -4.0851285007e-01
8.2203274911e-01 -3.6599256017e-01
8.4006075241e-01 -3.2246911010e-01
8.5578620759e-01 -2.7806179461e-01
8.6916601225e-01 -2.3289233107e-01
8.8016349328e-01 -1.8708452584e-01
8.8874850736e-01 -1.4076393493e-01
8.9489752356e-01 -9.4057519855e-02
8.9859368785e-01 -4.7093299658e-02
8.9982686930e-01 -2.2039401906e-16

9.7036538670e-01 0.0000000000e+00
9.6903553466e-01 5.0785000418e-02
9.6504962358e-01 1.0143080268e-01
9.5841857856e-01 1.5179859016e-01
9.4916057483e-01 2.0175030826e-01
9.3730098795e-01 2.5114904279e-01
9.2287232421e-01 2.9985939524e-01
9.0591413157e-01 3.4774785394e-01
8.8647289127e-01 3.9468315994e-01
8.6460189039e-01 4.4053666684e-01
8.4036107583e-01 4.8518269335e-01
8.1381688998e-01 5.2849886782e-01
7.8504208859e-01 5.7036646364e-01
7.5411554141e-01 6.1067072462e-01
7.2112201595e-01 6.4930117959e-01
6.8615194516e-01 6.8615194516e-01
6.4930117959e-01 7.2112201595e-01
6.1067072462e-01 7.5411554141e-01
5.7036646364e-01 7.8504208859e-01
5.2849886782e-01 8.1381688998e-01
4.8518269335e-01 8.4036107583e-01
4.4053666684e-01 8.6460189039e-01
3.9468315994e-01 8.8647289127e-01
3.4774785394e-01 9.0591413157e-01
2.9985939524e-01 9.2287232421e-01
2.5114904279e-01 9.3730098795e-01
2.0175030826e-01 9.4916057483e-01
1.5179859016e-01 9.5841857856e-01
1.0143080268e-01 9.6504962358e-01
5.0785000418e-02 9.6903553466e-01
5.9417743241e-17 9.7036538670e-01
-5.0785000418e-02 9.6903553466e-01
-1.0143080268e-01 9.6504962358e-01
-1.5179859016e-01 9.5841857856e-01
-2.0175030826e-01 9.4916057483e-01
-2.5114904279e-01 9.3730098795e-01
-2.9985939524e-01 9.2287232421e-01
-3.4774785394e-01 9.0591413157e-01
-3.9468315994e-01 8.8647289127e-01
-4.4053666684e-01 8.6460189039e-01
-4.8518269335e-01 8.4036107583e-01
-5.2849886782e-01 8.1381688998e-01
-5.7036646364e-01 7.8504208859e-01
-6.1067072462e-01 7.5411554141e-01
-6.4930117959e-01 7.2112201595e-01
-6.8615194516e-01 6.8615194516e-01
-7.2112201595e-01 6.4930117959e-01
-7.5411554141e-01 6.1067072462e-01
-7.8504208859e-01 5.7036646364e-01
-8.1381688998e-01 5.2849886782e-01
-8.4036107583e-01 4.8518269335e-01
-8.6460189039e-01 4.4053666684e-01
-8.8647289127e-01 3.9468315994e-01
-9.0591413157e-01 3.4774785394e-01
-9.2287232421e-01 2.9985939524e-01
-9.3730098795e-01 2.5114904279e-01
-9.4916057483e-01 2.0175030826e-01
-9.5841857856e-01 1.5179859016e-01
-9.6504962358e-01 1.0143080268e-01
-9.6903553466e-01 5.0785000418e-02
-9.7036538670e-01 1.1883548648e-16
-9.6903553466e-01 -5.0785000418e-02
-9.6504962358e-01 -1.0143080268e-01
-9.5841857856e-01 -1.5179859016e-01
-9.4916057483e-01 -2.0175030826e-01
-9.3730098795e-01 -2.5114904279e-01
-9.2287232421e-01 -2.9985939524e-01
-9.0591413157e-01 -3.4774785394e-01
-8.8647289127e-01 -3.9468315994e-01
-8.6460189039e-01 -4.4053666684e-01
-8.4036107583e-01 -4.8518269335e-01
-8.1381688998e-01 -5.2849886782e-01
-7.8504208859e-01 -5.7036646364e-01
-7.5411554141e-01 -6.1067072462e-01
-7.2112201595e-01 -6.4930117959e-01
-6.8615194516e-01 -6.8615194516e-01
-6.4930117959e-01 -7.2112201595e-01
-6.1067072462e-01 -7.5411554141e-01
-5.7036646364e-01 -7.8504208859e-01
-5.2849886782e-01 -8.1381688998e-01
-4.8518269335e-01 -8.4036107583e-01
-4.4053666684e-01 -8.6460189039e-01
-3.9468315994e-01 -8.8647289127e-01
-3.4774785394e-01 -9.0591413157e-01
-2.9985939524e-01 -9.2287232421e-01
-2.5114904279e-01 -9.3730098795e-01
-2.0175030826e-01 -9.4916057483e-01
-1.5179859016e-01 -9.5841857856e-01
-1.0143080268e-01 -9.6504962358e-01
-5.0785000418e-02 -9.6903553466e-01
-1.7825322972e-16 -9.7036538670e-01
5.0785000418e-02 -9.6903553466e-01
1.0143080268e-01 -9.6504962358e-01
1.5179859016e-01 -9.5841857856e-01
2.0175030826e-01 -9.4916057483e-01
2.5114904279e-01 -9.3730098795e-01
2.9985939524e-01 -9.2287232421e-01
3.4774785394e-01 -9.0591413157e-01
3.9468315994e-01 -8.8647289127e-01
4.4053666684e-01 -8.6460189039e-01
4.8518269335e-01 -8.4036107583e-01
5.2849886782e-01 -8.1381688998e-01
5.7036646364e-01 -7.8504208859e-01
6.1067072462e-01 -7.5411554141e-01
6.4930117959e-01 -7.2112201595e-01
6.8615194516e-01 -6.8615194516e-01
7.2112201595e-01 -6.4930117959e-01
7.5411554141e-01 -6.1067072462e-01
7.8504208859e-01 -5.7036646364e-01
8.1381688998e-01 -5.2849886782e-01
8.4036107583e-01 -4.8518269335e-01
8.6460189039e-01 -4.4053666684e-01
8.8647289127e-01 -3.9468315994e-01
9.0591413157e-01 -3.4774785394e-01
9.2287232421e-01 -2.9985939524e-01
9.3730098795e-01 -2.5114904279e-01
9.4916057483e-01 -2.0175030826e-01
9.5841857856e-01 -1.5179859016e-01
9.6504962358e-01 -1.0143080268e-01
9.6903553466e-01 -5.0785000418e-02
9.7036538670e-01 -2.3767097296e-16

1.0485597541e+00 0.0000000000e+00
1.0471227394e+00 5.4877377409e-02
1.0428156341e+00 1.0960433974e-01
1.0356502436e+00 1.6403088420e-01
1.0256462077e+00 2.1800783140e-01
1.0128309469e+00 2.7138723429e-01
9.9723958688e-01 3.2402278364e-01
9.7891486245e-01 3.7577020906e-01
9.5790700044e-01 4.2648767445e-01
9.3427358192e-01 4.7603616678e-01
9.0807938445e-01 5.2427987706e-01
8.7939620451e-01 5.7108657264e-01
8.4830266070e-01 6.1632795962e-01
8.1488397826e-01 6.5988003450e-01
7.7923175547e-01 7.0162342407e-01
7.4144371261e-01 7.4144371261e-01
7.0162342407e-01 7.7923175547e-01
6.5988003450e-01 8.1488397826e-01
6.1632795962e-01 8.4830266070e-01
5.7108657264e-01 8.7939620451e-01
5.2427987706e-01 9.0807938445e-01
4.7603616678e-01 9.3427358192e-01
4.2648767445e-01 9.5790700044e-01
3.7577020906e-01 9.7891486245e-01
3.2402278364e-01 9.9723958688e-01
2.7138723429e-01 1.0128309469e+00
2.1800783140e-01 1.0256462077e+00
1.6403088420e-01 1.0356502436e+00
1.0960433974e-01 1.0428156341e+00
5.4877377409e-02 1.0471227394e+00
6.4205767330e-17 1.0485597541e+00
-5.4877377409e-02 1.0471227394e+00
-1.0960433974e-01 1.0428156341e+00
-1.6403088420e-01 1.0356502436e+00
-2.1800783140e-01 1.0256462077e+00
-2.7138723429e-01 1.0128309469e+00
-3.2402278364e-01 9.9723958688e-01
-3.7577020906e-01 9.7891486245e-01
-4.2648767445e-01 9.5790700044e-01
-4.7603616678e-01 9.3427358192e-01
-5.2427987706e-01 9.0807938445e-01
-5.7108657264e-01 8.7939620451e-01
-6.1632795962e-01 8.4830266070e-01
-6.5988003450e-01 8.1488397826e-01
-7.0162342407e-01 7.7923175547e-01
-7.4144371261e-01 7.4144371261e-01
-7.7923175547e-01 7.0162342407e-01
-8.1488397826e-01 6.5988003450e-01
-8.4830266070e-01 6.1632795962e-01
-8.7939620451e-01 5.7108657264e-01
-9.0807938445e-01 5.2427987706e-01
-9.3427358192e-01 4.7603616678e-01
-9.5790700044e-01 4.2648767445e-01
-9.7891486245e-01 3.7577020906e-01
-9.9723958688e-01 3.2402278364e-01
-1.0128309469e+00 2.7138723429e-01
-1.0256462077e+00 2.1800783140e-01
-1.0356502436e+00 1.6403088420e-01
-1.0428156341e+00 1.0960433974e-01
-1.0471227394e+00 5.4877377409e-02
-1.0485597541e+00 1.2841153466e-16
-1.0471227394e+00 -5.4877377409e-02
-1.0428156341e+00 -1.0960433974e-01
-1.0356502436e+00 -1.6403088420e-01
-1.0256462077e+00 -2.1800783140e-01
-1.0128309469e+00 -2.7138723429e-01
-9.9723958688e-01 -3.2402278364e-01
-9.7891486245e-01 -3.7577020906e-01
-9.5790700044e-01 -4.2648767445e-01
-9.3427358192e-01 -4.7603616678e-01
-9.0807938445e-01 -5.2427987706e-01
-8.7939620451e-01 -5.7108657264e-01
-8.4830266070e-01 -6.1632795962e-01
-8.1488397826e-01 -6.5988003450e-01
-7.7923175547e-01 -7.0162342407e-01
-7.4144371261e-01 -7.4144371261e-01
-7.0162342407e-01 -7.7923175547e-01
-6.5988003450e-01 -8.1488397826e-01
-6.1632795962e-01 -8.4830266070e-01
-5.7108657264e-01 -8.7939620451e-01
-5.2427987706e-01 -9.0807938445e-01
-4.7603616678e-01 -9.3427358192e-01
-4.2648767445e-01 -9.5790700044e-01
-3.7577020906e-01 -9.7891486245e-01
-3.2402278364e-01 -9.9723958688e-01
-2.7138723429e-01 -1.0128309469e+00
-2.1800783140e-01 -1.0256462077e+00
-1.6403088420e-01 -1.0356502436e+00
-1.0960433974e-01 -1.0428156341e+00
-5.4877377409e-02 -1.0471227394e+00
-1.9261730199e-16 -1.0485597541e+00
5.4877377409e-02 -1.0471227394e+00
1.0960433974e-01 -1.0428156341e+00
1.6403088420e-01 -1.0356502436e+00
2.1800783140e-01 -1.0256462077e+00
2.7138723429e-01 -1.0128309469e+00
3.2402278364e-01 -9.9723958688e-01
3.7577020906e-01 -9.7891486245e-01
4.2648767445e-01 -9.5790700044e-01
4.7603616678e-01 -9.3427358192e-01
5.2427987706e-01 -9.0807938445e-01
5.7108657264e-01 -8.7939620451e-01
6.1632795962e-01 -8.4830266070e-01
6.5988003450e-01 -8.1488397826e-01
7.0162342407e-01 -7.7923175547e-01
7.4144371261e-01 -7.4144371261e-01
7.7923175547e-01 -7.0162342407e-01
8.1488397826e-01 -6.5988003450e-01
8.4830266070e-01 -6.1632795962e-01
8.7939620451e-01 -5.7108657264e-01
9.0807938445e-01 -5.2427987706e-01
9.3427358192e-01 -4.7603616678e-01
9.5790700044e-01 -4.2648767445e-01
9.7891486245e-01 -3.7577020906e-01
9.9723958688e-01 -3.2402278364e-01
1.0128309469e+00 -2.7138723429e-01
1.0256462077e+00 -2.1800783140e-01
1.0356502436e+00 -1.6403088420e-01
1.0428156341e+00 -1.0960433974e-01
1.0471227394e+00 -5.4877377409e-02
1.0485597541e+00 -2.5682306932e-16

1.1352408940e+00 0.0000000000e+00
1.1336850858e+00 5.9413917755e-02
1.1290219256e+00 1.1866498609e-01
1.1212641948e+00 1.7759080195e-01
1.1104331568e+00 2.3602985376e-01
1.0965584986e+00 2.9382196415e-01
1.0796782498e+00 3.5080872897e-01
1.0598386780e+00 4.0683395143e-01
1.0370941621e+00 4.6174407032e-01
1.0115070431e+00 5.1538858081e-01
9.8314745365e-01 5.6762044702e-01
9.5209312535e-01 6.1829650503e-01
9.1842917598e-01 6.6727785531e-01
8.8224787608e-01 7.1443024337e-01
8.4364839607e-01 7.5962442779e-01
8.0273653445e-01 8.0273653445e-01
7.5962442779e-01 8.4364839607e-01
7.1443024337e-01 8.8224787608e-01
6.6727785531e-01 9.1842917598e-01
6.1829650503e-01 9.5209312535e-01
5.6762044702e-01 9.8314745365e-01
5.1538858081e-01 1.0115070431e+00
4.6174407032e-01 1.0370941621e+00
4.0683395143e-01 1.0598386780e+00
3.5080872897e-01 1.0796782498e+00
2.9382196415e-01 1.0965584986e+00
2.3602985376e-01 1.1104331568e+00
1.7759080195e-01 1.1212641948e+00
1.1866498609e-01 1.1290219256e+00
5.9413917755e-02 1.1336850858e+00
6.9513456357e-17 1.1352408940e+00
-5.9413917755e-02 1.1336850858e+00
-1.1866498609e-01 1.1290219256e+00
-1.7759080195e-01 1.1212641948e+00
-2.3602985376e-01 1.1104331568e+00
-2.9382196415e-01 1.0965584986e+00
-3.5080872897e-01 1.0796782498e+00
-4.0683395143e-01 1.0598386780e+00
-4.6174407032e-01 1.0370941621e+00
-5.1538858081e-01 1.0115070431e+00
-5.6762044702e-01 9.8314745365e-01
-6.1829650503e-01 9.5209312535e-01
-6.6727785531e-01 9.1842917598e-01
-7.1443024337e-01 8.8224787608e-01
-7.5962442779e-01 8.4364839607e-01
-8.0273653445e-01 8.0273653445e-01
-8.4364839607e-01 7.5962442779e-01
-8.8224787608e-01 7.1443024337e-01
-9.1842917598e-01 6.6727785531e-01
-9.5209312535e-01 6.1829650503e-01
-9.8314745365e-01 5.6762044702e-01
-1.0115070431e+00 5.1538858081e-01
-1.0370941621e+00 4.6174407032e-01
-1.0598386780e+00 4.0683395143e-01
-1.0796782498e+00 3.5080872897e-01
-1.0965584986e+00 2.9382196415e-01
-1.1104331568e+00 2.3602985376e-01
-1.1212641948e+00 1.7759080195e-01
-1.1290219256e+00 1.1866498609e-01
-1.1336850858e+00 5.9413917755e-02
-1.1352408940e+00 1.3902691271e-16
-1.1336850858e+00 -5.9413917755e-02
-1.1290219256e+00 -1.1866498609e-01
-1.1212641948e+00 -1.7759080195e-01
-1.1104331568e+00 -2.3602985376e-01
-1.0965584986e+00 -2.9382196415e-01
-1.0796782498e+00 -3.5080872897e-01
-1.0598386780e+00 -4.0683395143e-01
-1.0370941621e+00 -4.6174407032e-01
-1.0115070431e+00 -5.1538858081e-01
-9.8314745365e-01 -5.6762044702e-01
-9.5209312535e-01 -6.1829650503e-01
-9.1842917598e-01 -6.6727785531e-01
-8.8224787608e-01 -7.1443024337e-01
-8.4364839607e-01 -7.5962442779e-01
-8.0273653445e-01 -8.0273653445e-01
-7.5962442779e-01 -8.4364839607e-01
-7.1443024337e-01 -8.8224787608e-01
-6.6727785531e-01 -9.1842917598e-01
-6.1829650503e-01 -9.5209312535e-01
-5.6762044702e-01 -9.8314745365e-01
-5.1538858081e-01 -1.0115070431e+00
-4.6174407032e-01 -1.0370941621e+00
-4.0683395143e-01 -1.0598386780e+00
-3.5080872897e-01 -1.0796782498e+00
-2.9382196415e-01 -1.0965584986e+00
-2.3602985376e-01 -1.1104331568e+00
-1.7759080195e-01 -1.1212641948e+00
-1.1866498609e-01 -1.1290219256e+00
-5.9413917755e-02 -1.1336850858e+00
-2.0854036907e-16 -1.1352408940e+00
5.9413917755e-02 -1.1336850858e+00
1.1866498609e-01 -1.1290219256e+00
1.7759080195e-01 -1.1212641948e+00
2.3602985376e-01 -1.1104331568e+00
2.9382196415e-01 -1.0965584986e+00
3.5080872897e-01 -1.0796782498e+00
4.0683395143e-01 -1.0598386780e+00
4.6174407032e-01 -1.0370941621e+00
5.1538858081e-01 -1.0115070431e+00
5.6762044702e-01 -9.8314745365e-01
6.1829650503e-01 -9.5209312535e-01
6.6727785531e-01 -9.1842917598e-01
7.1443024337e-01 -8.8224787608e-01
7.5962442779e-01 -8.4364839607e-01
8.0273653445e-01 -8.0273653445e-01
8.4364839607e-01 -7.5962442779e-01
8.8224787608e-01 -7.1443024337e-01
9.1842917598e-01 -6.6727785531e-01
9.5209312535e-01 -6.1829650503e-01
9.8314745365e-01 -5.6762044702e-01
1.0115070431e+00 -5.1538858081e-01
1.0370941621e+00 -4.6174407032e-01
1.0598386780e+00 -4.0683395143e-01
1.0796782498e+00 -3.5080872897e-01
1.0965584986e+00 -2.9382196415e-01
1.1104331568e+00 -2.3602985376e-01
1.1212641948e+00 -1.7759080195e-01
1.1290219256e+00 -1.1866498609e-01
1.1336850858e+00 -5.9413917755e-02
1.1352408940e+00 -2.7805382543e-16

1.2313299125e+00 0.0000000000e+00
1.2296424177e+00 6.4442828423e-02
1.2245845584e+00 1.2870902353e-01
1.2161701980e+00 1.9262243615e-01
1.2044223997e+00 2.5600788407e-01
1.1893733632e+00 3.1869163217e-01
1.1710643370e+00 3.8050186865e-01
1.1495455049e+00 4.4126917597e-01
1.1248758484e+00 5.0082699514e-01
1.0971229855e+00 5.5901208233e-01
1.0663629847e+00 6.1566495626e-01
1.0326801571e+00 6.7063033534e-01
9.9616682492e-01 7.2375756329e-01
9.5692306874e-01 7.7490102206e-01
9.1505645295e-01 8.2392053100e-01
8.7068173103e-01 8.7068173103e-01
8.2392053100e-01 9.1505645295e-01
7.7490102206e-01 9.5692306874e-01
7.2375756329e-01 9.9616682492e-01
6.7063033534e-01 1.0326801571e+00
6.1566495626e-01 1.0663629847e+00
5.5901208233e-01 1.0971229855e+00
5.0082699514e-01 1.1248758484e+00
4.4126917597e-01 1.1495455049e+00
3.8050186865e-01 1.1710643370e+00
3.1869163217e-01 1.1893733632e+00
2.5600788407e-01 1.2044223997e+00
1.9262243615e-01 1.2161701980e+00
1.2870902353e-01 1.2245845584e+00
6.4442828423e-02 1.2296424177e+00
7.5397211804e-17 1.2313299125e+00
-6.4442828423e-02 1.2296424177e+00
-1.2870902353e-01 1.2245845584e+00
-1.9262243615e-01 1.2161701980e+00
-2.5600788407e-01 1.2044223997e+00
-3.1869163217e-01 1.1893733632e+00
-3.8050186865e-01 1.1710643370e+00
-4.4126917597e-01 1.1495455049e+00
-5.0082699514e-01 1.1248758484e+00
-5.5901208233e-01 1.0971229855e+00
-6.1566495626e-01 1.0663629847e+00
-6.7063033534e-01 1.0326801571e+00
-7.2375756329e-01 9.9616682492e-01
-7.7490102206e-01 9.5692306874e-01
-8.2392053100e-01 9.1505645295e-01
-8.7068173103e-01 8.7068173103e-01
-9.1505645295e-01 8.2392053100e-01
-9.5692306874e-01 7.7490102206e-01
-9.9616682492e-01 7.2375756329e-01
-1.0326801571e+00 6.7063033534e-01
-1.0663629847e+00 6.1566495626e-01
-1.0971229855e+00 5.5901208233e-01
-1.1248758484e+00 5.0082699514e-01
-1.1495455049e+00 4.4126917597e-01
-1.1710643370e+00 3.8050186865e-01
-1.1893733632e+00 3.1869163217e-01
-1.2044223997e+00 2.5600788407e-01
-1.2161701980e+00 1.9262243615e-01
-1.2245845584e+00 1.2870902353e-01
-1.2296424177e+00 6.4442828423e-02
-1.2313299125e+00 1.5079442361e-16
-1.2296424177e+00 -6.4442828423e-02
-1.2245845584e+00 -1.2870902353e-01
-1.2161701980e+00 -1.9262243615e-01
-1.2044223997e+00 -2.5600788407e-01
-1.1893733632e+00 -3.1869163217e-01
-1.1710643370e+00 -3.8050186865e-01
-1.1495455049e+00 -4.4126917597e-01
-1.1248758484e+00 -5.0082699514e-01
-1.0971229855e+00 -5.5901208233e-01
-1.0663629847e+00 -6.1566495626e-01
-1.0326801571e+00 -6.7063033534e-01
-9.9616682492e-01 -7.2375756329e-01
-9.5692306874e-01 -7.7490102206e-01
-9.1505645295e-01 -8.2392053100e-01
-8.7068173103e-01 -8.7068173103e-01
-8.2392053100e-01 -9.1505645295e-01
-7.7490102206e-01 -9.5692306874e-01
-7.2375756329e-01 -9.9616682492e-01
-6.7063033534e-01 -1.0326801571e+00
-6.1566495626e-01 -1.0663629847e+00
-5.5901208233e-01 -1.0971229855e+00
-5.0082699514e-01 -1.1248758484e+00
-4.4126917597e-01 -1.1495455049e+00
-3.8050186865e-01 -1.1710643370e+00
-3.1869163217e-01 -1.1893733632e+00
-2.5600788407e-01 -1.2044223997e+00
-1.9262243615e-01 -1.2161701980e+00
-1.2870902353e-01 -1.2245845584e+00
-6.4442828423e-02 -1.2296424177e+00
-2.2619163541e-16 -1.2313299125e+00
6.4442828423e-02 -1.2296424177e+00
1.2870902353e-01 -1.2245845584e+00
1.9262243615e-01 -1.2161701980e+00
2.5600788407e-01 -1.2044223997e+00
3.1869163217e-01 -1.1893733632e+00
3.8050186865e-01 -1.1710643370e+00
4.4126917597e-01 -1.1495455049e+00
5.0082699514e-01 -1.1248758484e+00
5.5901208233e-01 -1.0971229855e+00
6.1566495626e-01 -1.0663629847e+00
6.7063033534e-01 -1.0326801571e+00
7.2375756329e-01 -9.9616682492e-01
7.7490102206e-01 -9.5692306874e-01
8.2392053100e-01 -9.1505645295e-01
8.7068173103e-01 -8.7068173103e-01
9.1505645295e-01 -8.2392053100e-01
9.5692306874e-01 -7.7490102206e-01
9.9616682492e-01 -7.2375756329e-01
1.0326801571e+00 -6.7063033534e-01
1.0663629847e+00 -6.1566495626e-01
1.0971229855e+00 -5.5901208233e-01
1.1248758484e+00 -5.0082699514e-01
1.1495455049e+00 -4.4126917597e-01
1.1710643370e+00 -3.8050186865e-01
1.1893733632e+00 -3.1869163217e-01
1.2044223997e+00 -2.5600788407e-01
1.2161701980e+00 -1.9262243615e-01
1.2245845584e+00 -1.2870902353e-01
1.2296424177e+00 -6.4442828423e-02
1.2313299125e+00 -3.0158884721e-16

1.3378478873e+00 0.0000000000e+00
1.3360144133e+00 7.0017548490e-02
1.3305190166e+00 1.3984318375e-01
1.3213767598e+00 2.0928551856e-01
1.3086127011e+00 2.7815421631e-01
1.2922618260e+00 3.4626051269e-01
1.2723689510e+00 4.1341773307e-01
1.2489886012e+00 4.7944180418e-01
1.2221848605e+00 5.4415175863e-01
1.1920311960e+00 6.0737023094e-01
1.1586102568e+00 6.6892394365e-01
1.1220136475e+00 7.2864418234e-01
1.0823416767e+00 7.8636725797e-01
1.0397030827e+00 8.4193495561e-01
9.9421473473e-01 8.9519496805e-01
9.4600131331e-01 9.4600131331e-01
8.9519496805e-01 9.9421473473e-01
8.4193495561e-01 1.0397030827e+00
7.8636725797e-01 1.0823416767e+00
7.2864418234e-01 1.1220136475e+00
6.6892394365e-01 1.1586102568e+00
6.0737023094e-01 1.1920311960e+00
5.4415175863e-01 1.2221848605e+00
4.7944180418e-01 1.2489886012e+00
4.1341773307e-01 1.2723689510e+00
3.4626051269e-01 1.2922618260e+00
2.7815421631e-01 1.3086127011e+00
2.0928551856e-01 1.3213767598e+00
1.3984318375e-01 1.3305190166e+00
7.0017548490e-02 1.3360144133e+00
8.1919556647e-17 1.3378478873e+00
-7.0017548490e-02 1.3360144133e+00
-1.3984318375e-01 1.3305190166e+00
-2.0928551856e-01 1.3213767598e+00
-2.7815421631e-01 1.3086127011e+00
-3.4626051269e-01 1.2922618260e+00
-4.1341773307e-01 1.2723689510e+00
-4.7944180418e-01 1.2489886012e+00
-5.4415175863e-01 1.2221848605e+00
-6.0737023094e-01 1.1920311960e+00
-6.6892394365e-01 1.1586102568e+00
-7.2864418234e-01 1.1220136475e+00
-7.8636725797e-01 1.0823416767e+00
-8.4193495561e-01 1.0397030827e+00
-8.9519496805e-01 9.9421473473e-01
-9.4600131331e-01 9.4600131331e-01
-9.9421473473e-01 8.9519496805e-01
-1.0397030827e+00 8.4193495561e-01
-1.0823416767e+00 7.8636725797e-01
-1.1220136475e+00 7.2864418234e-01
-1.1586102568e+00 6.6892394365e-01
-1.1920311960e+00 6.0737023094e-01
-1.2221848605e+00 5.4415175863e-01
-1.2489886012e+00 4.7944180418e-01
-1.2723689510e+00 4.1341773307e-01
-1.2922618260e+00 3.4626051269e-01
-1.3086127011e+00 2.7815421631e-01
-1.3213767598e+00 2.0928551856e-01
-1.3305190166e+00 1.3984318375e-01
-1.3360144133e+00 7.0017548490e-02
-1.3378478873e+00 1.6383911329e-16
-1.3360144133e+00 -7.0017548490e-02
-1.3305190166e+00 -1.3984318375e-01
-1.3213767598e+00 -2.0928551856e-01
-1.3086127011e+00 -2.7815421631e-01
-1.2922618260e+00 -3.4626051269e-01
-1.2723689510e+00 -4.1341773307e-01
-1.2489886012e+00 -4.7944180418e-01
-1.2221848605e+00 -5.4415175863e-01
-1.1920311960e+00 -6.0737023094e-01
-1.1586102568e+00 -6.6892394365e-01
-1.1220136475e+00 -7.2864418234e-01
-1.0823416767e+00 -7.8636725797e-01
-1.0397030827e+00 -8.4193495561e-01
-9.9421473473e-01 -8.9519496805e-01
-9.4600131331e-01 -9.4600131331e-01
-8.9519496805e-01 -9.9421473473e-01
-8.4193495561e-01 -1.0397030827e+00
-7.8636725797e-01 -1.0823416767e+00
-7.2864418234e-01 -1.1220136475e+00
-6.6892394365e-01 -1.1586102568e+00
-6.0737023094e-01 -1.1920311960e+00
-5.4415175863e-01 -1.2221848605e+00
-4.7944180418e-01 -1.2489886012e+00
-4.1341773307e-01 -1.2723689510e+00
-3.4626051269e-01 -1.2922618260e+00
-2.7815421631e-01 -1.3086127011e+00
-2.0928551856e-01 -1.3213767598e+00
-1.3984318375e-01 -1.3305190166e+00
-7.0017548490e-02 -1.3360144133e+00
-2.4575866994e-16 -1.3378478873e+00
7.0017548490e-02 -1.3360144133e+00
1.3984318375e-01 -1.3305190166e+00
2.0928551856e-01 -1.3213767598e+00
2.7815421631e-01 -1.3086127011e+00
3.4626051269e-01 -1.2922618260e+00
4.1341773307e-01 -1.2723689510e+00
4.7944180418e-01 -1.2489886012e+00
5.4415175863e-01 -1.2221848605e+00
6.0737023094e-01 -1.1920311960e+00
6.6892394365e-01 -1.1586102568e+00
7.2864418234e-01 -1.1220136475e+00
7.8636725797e-01 -1.0823416767e+00
8.4193495561e-01 -1.0397030827e+00
8.9519496805e-01 -9.9421473473e-01
9.4600131331e-01 -9.4600131331e-01
9.9421473473e-01 -8.9519496805e-01
1.0397030827e+00 -8.4193495561e-01
1.0823416767e+00 -7.8636725797e-01
1.1220136475e+00 -7.2864418234e-01
1.1586102568e+00 -6.6892394365e-01
1.1920311960e+00 -6.0737023094e-01
1.2221848605e+00 -5.4415175863e-01
1.2489886012e+00 -4.7944180418e-01
1.2723689510e+00 -4.1341773307e-01
1.2922618260e+00 -3.4626051269e-01
1.3086127011e+00 -2.7815421631e-01
1.3213767598e+00 -2.0928551856e-01
1.3305190166e+00 -1.3984318375e-01
1.3360144133e+00 -7.0017548490e-02
1.3378478873e+00 -3.2767822659e-16

1.4559267181e+00 0.0000000000e+00
1.4539314211e+00 7.6197317009e-02
1.4479509992e+00 1.5218578247e-01
1.4380018442e+00 2.2775711728e-01
1.4241112261e+00 3.0270418566e-01
1.4063172182e+00 3.7682156291e-01
1.3846685925e+00 4.4990609844e-01
1.3592246864e+00 5.2175747264e-01
1.3300552399e+00 5.9217874587e-01
1.2972402045e+00 6.6097689831e-01
1.2608695239e+00 7.2796335903e-01
1.2210428875e+00 7.9295452277e-01
1.1778694575e+00 8.5577225329e-01
1.1314675691e+00 9.1624437155e-01
1.0819644068e+00 9.7420512767e-01
1.0294956552e+00 1.0294956552e+00
9.7420512767e-01 1.0819644068e+00
9.1624437155e-01 1.1314675691e+00
8.5577225329e-01 1.1778694575e+00
7.9295452277e-01 1.2210428875e+00
7.2796335903e-01 1.2608695239e+00
6.6097689831e-01 1.2972402045e+00
5.9217874587e-01 1.3300552399e+00
5.2175747264e-01 1.3592246864e+00
4.4990609844e-01 1.3846685925e+00
3.7682156291e-01 1.4063172182e+00
3.0270418566e-01 1.4241112261e+00
2.2775711728e-01 1.4380018442e+00
1.5218578247e-01 1.4479509992e+00
7.6197317009e-02 1.4539314211e+00
8.9149799753e-17 1.4559267181e+00
-7.6197317009e-02 1.4539314211e+00
-1.5218578247e-01 1.4479509992e+00
-2.2775711728e-01 1.4380018442e+00
-3.0270418566e-01 1.4241112261e+00
-3.7682156291e-01 1.4063172182e+00
-4.4990609844e-01 1.3846685925e+00
-5.2175747264e-01 1.3592246864e+00
-5.9217874587e-01 1.3300552399e+00
-6.6097689831e-01 1.2972402045e+00
-7.2796335903e-01 1.2608695239e+00
-7.9295452277e-01 1.2210428875e+00
-8.5577225329e-01 1.1778694575e+00
-9.1624437155e-01 1.1314675691e+00
-9.7420512767e-01 1.0819644068e+00
-1.0294956552e+00 1.0294956552e+00
-1.0819644068e+00 9.7420512767e-01
-1.1314675691e+00 9.1624437155e-01
-1.1778694575e+00 8.5577225329e-01
-1.2210428875e+00 7.9295452277e-01
-1.2608695239e+00 7.2796335903e-01
-1.2972402045e+00 6.6097689831e-01
-1.3300552399e+00 5.9217874587e-01
-1.3592246864e+00 5.2175747264e-01
-1.3846685925e+00 4.4990609844e-01
-1.4063172182e+00 3.7682156291e-01
-1.4241112261e+00 3.0270418566e-01
-1.4380018442e+00 2.2775711728e-01
-1.4479509992e+00 1.5218578247e-01
-1.4539314211e+00 7.6197317009e-02
-1.4559267181e+00 1.7829959951e-16
-1.4539314211e+00 -7.6197317009e-02
-1.4479509992e+00 -1.5218578247e-01
-1.4380018442e+00 -2.2775711728e-01
-1.4241112261e+00 -3.0270418566e-01
-1.4063172182e+00 -3.7682156291e-01
-1.3846685925e+00 -4.4990609844e-01
-1.3592246864e+00 -5.2175747264e-01
-1.3300552399e+00 -5.9217874587e-01
-1.2972402045e+00 -6.6097689831e-01
-1.2608695239e+00 -7.2796335903e-01
-1.2210428875e+00 -7.9295452277e-01
-1.1778694575e+00 -8.5577225329e-01
-1.1314675691e+00 -9.1624437155e-01
-1.0819644068e+00 -9.7420512767e-01
-1.0294956552e+00 -1.0294956552e+00
-9.7420512767e-01 -1.0819644068e+00
-9.1624437155e-01 -1.1314675691e+00
-8.5577225329e-01 -1.1778694575e+00
-7.9295452277e-01 -1.2210428875e+00
-7.2796335903e-01 -1.2608695239e+00
-6.6097689831e-01 -1.2972402045e+00
-5.9217874587e-01 -1.3300552399e+00
-5.2175747264e-01 -1.3592246864e+00
-4.4990609844e-01 -1.3846685925e+00
-3.7682156291e-01 -1.4063172182e+00
-3.0270418566e-01 -1.4241112261e+00
-2.2775711728e-01 -1.4380018442e+00
-1.5218578247e-01 -1.4479509992e+00
-7.6197317009e-02 -1.4539314211e+00
-2.6744939926e-16 -1.4559267181e+00
7.6197317009e-02 -1.4539314211e+00
1.5218578247e-01 -1.4479509992e+00
2.2775711728e-01 -1.4380018442e+00
3.0270418566e-01 -1.4241112261e+00
3.7682156291e-01 -1.4063172182e+00
4.4990609844e-01 -1.3846685925e+00
5.2175747264e-01 -1.3592246864e+00
5.9217874587e-01 -1.3300552399e+00
6.6097689831e-01 -1.2972402045e+00
7.2796335903e-01 -1.2608695239e+00
7.9295452277e-01 -1.2210428875e+00
8.5577225329e-01 -1.1778694575e+00
9.1624437155e-01 -1.1314675691e+00
9.7420512767e-01 -1.0819644068e+00
1.0294956552e+00 -1.0294956552e+00
1.0819644068e+00 -9.7420512767e-01
1.1314675691e+00 -9.1624437155e-01
1.1778694575e+00 -8.5577225329e-01
1.2210428875e+00 -7.9295452277e-01
1.2608695239e+00 -7.2796335903e-01
1.2972402045e+00 -6.6097689831e-01
1.3300552399e+00 -5.9217874587e-01
1.3592246864e+00 -5.2175747264e-01
1.3846685925e+00 -4.4990609844e-01
1.4063172182e+00 -3.7682156291e-01
1.4241112261e+00 -3.0270418566e-01
1.4380018442e+00 -2.2775711728e-01
1.4479509992e+00 -1.5218578247e-01
1.4539314211e+00 -7.6197317009e-02
1.4559267181e+00 -3.5659919901e-16

1.5868211544e+00 0.0000000000e+00
1.5846464712e+00 8.3047802502e-02
1.5781283821e+00 1.6586797675e-01
1.5672847528e+00 2.4823351840e-01
1.5521453050e+00 3.2991866924e-01
1.5327515347e+00 4.1069953593e-01
1.5091565991e+00 4.9035470374e-01
1.4814251701e+00 5.6866584340e-01
1.4496332577e+00 6.4541830950e-01
1.4138680013e+00 7.2040172889e-01
1.3742274310e+00 7.9341057720e-01
1.3308201988e+00 8.6424474228e-01
1.2837652809e+00 9.3271007258e-01
1.2331916517e+00 9.9861890942e-01
1.1792379299e+00 1.0617906012e+00
1.1220519988e+00 1.1220519988e+00
1.0617906012e+00 1.1792379299e+00
9.9861890942e-01 1.2331916517e+00
9.3271007258e-01 1.2837652809e+00
8.6424474228e-01 1.3308201988e+00
7.9341057720e-01 1.3742274310e+00
7.2040172889e-01 1.4138680013e+00
6.4541830950e-01 1.4496332577e+00
5.6866584340e-01 1.4814251701e+00
4.9035470374e-01 1.5091565991e+00
4.1069953593e-01 1.5327515347e+00
3.2991866924e-01 1.5521453050e+00
2.4823351840e-01 1.5672847528e+00
1.6586797675e-01 1.5781283821e+00
8.3047802502e-02 1.5846464712e+00
9.7164772378e-17 1.5868211544e+00
-8.3047802502e-02 1.5846464712e+00
-1.6586797675e-01 1.5781283821e+00
-2.4823351840e-01 1.5672847528e+00
-3.2991866924e-01 1.5521453050e+00
-4.1069953593e-01 1.5327515347e+00
-4.9035470374e-01 1.5091565991e+00
-5.6866584340e-01 1.4814251701e+00
-6.4541830950e-01 1.4496332577e+00
-7.2040172889e-01 1.4138680013e+00
-7.9341057720e-01 1.3742274310e+00
-8.6424474228e-01 1.3308201988e+00
-9.3271007258e-01 1.2837652809e+00
-9.9861890942e-01 1.2331916517e+00
-1.0617906012e+00 1.1792379299e+00
-1.1220519988e+00 1.1220519988e+00
-1.1792379299e+00 1.0617906012e+00
-1.2331916517e+00 9.9861890942e-01
-1.2837652809e+00 9.3271007258e-01
-1.3308201988e+00 8.6424474228e-01
-1.3742274310e+00 7.9341057720e-01
-1.4138680013e+00 7.2040172889e-01
-1.4496332577e+00 6.4541830950e-01
-1.4814251701e+00 5.6866584340e-01
-1.5091565991e+00 4.9035470374e-01
-1.5327515347e+00 4.1069953593e-01
-1.5521453050e+00 3.2991866924e-01
-1.5672847528e+00 2.4823351840e-01
-1.5781283821e+00 1.6586797675e-01
-1.5846464712e+00 8.3047802502e-02
-1.5868211544e+00 1.9432954476e-16
-1.5846464712e+00 -8.3047802502e-02
-1.5781283821e+00 -1.6586797675e-01
-1.5672847528e+00 -2.4823351840e-01
-1.5521453050e+00 -3.2991866924e-01
-1.5327515347e+00 -4.1069953593e-01
-1.5091565991e+00 -4.9035470374e-01
-1.4814251701e+00 -5.6866584340e-01
-1.4496332577e+00 -6.4541830950e-01
-1.4138680013e+00 -7.2040172889e-01
-1.3742274310e+00 -7.9341057720e-01
-1.3308201988e+00 -8.6424474228e-01
-1.2837652809e+00 -9.3271007258e-01
-1.2331916517e+00 -9.9861890942e-01
-1.1792379299e+00 -1.0617906012e+00
-1.1220519988e+00 -1.1220519988e+00
-1.0617906012e+00 -1.1792379299e+00
-9.9861890942e-01 -1.2331916517e+00
-9.3271007258e-01 -1.2837652809e+00
-8.6424474228e-01 -1.3308201988e+00
-7.9341057720e-01 -1.3742274310e+00
-7.2040172889e-01 -1.4138680013e+00
-6.4541830950e-01 -1.4496332577e+00
-5.6866584340e-01 -1.4814251701e+00
-4.9035470374e-01 -1.5091565991e+00
-4.1069953593e-01 -1.5327515347e+00
-3.2991866924e-01 -1.5521453050e+00
-2.4823351840e-01 -1.5672847528e+00
-1.6586797675e-01 -1.5781283821e+00
-8.3047802502e-02 -1.5846464712e+00
-2.9149431713e-16 -1.5868211544e+00
8.3047802502e-02 -1.5846464712e+00
1.6586797675e-01 -1.5781283821e+00
2.4823351840e-01 -1.5672847528e+00
3.2991866924e-01 -1.5521453050e+00
4.1069953593e-01 -1.5327515347e+00
4.9035470374e-01 -1.5091565991e+00
5.6866584340e-01 -1.4814251701e+00
6.4541830950e-01 -1.4496332577e+00
7.2040172889e-01 -1.4138680013e+00
7.9341057720e-01 -1.3742274310e+00
8.6424474228e-01 -1.3308201988e+00
9.3271007258e-01 -1.2837652809e+00
9.9861890942e-01 -1.2331916517e+00
1.0617906012e+00 -1.1792379299e+00
1.1220519988e+00 -1.1220519988e+00
1.1792379299e+00 -1.0617906012e+00
1.2331916517e+00 -9.9861890942e-01
1.2837652809e+00 -9.3271007258e-01
1.3308201988e+00 -8.6424474228e-01
1.3742274310e+00 -7.9341057720e-01
1.4138680013e+00 -7.2040172889e-01
1.4496332577e+00 -6.4541830950e-01
1.4814251701e+00 -5.6866584340e-01
1.5091565991e+00 -4.9035470374e-01
1.5327515347e+00 -4.1069953593e-01
1.5521453050e+00 -3.2991866924e-01
1.5672847528e+00 -2.4823351840e-01
1.5781283821e+00 -1.6586797675e-01
1.5846464712e+00 -8.3047802502e-02
1.5868211544e+00 -3.8865908951e-16

1.7319221294e+00 0.0000000000e+00
1.7295485903e+00 9.0641800780e-02
1.7224344788e+00 1.8103515869e-01
1.7105992940e+00 2.7093231180e-01
1.6940754755e+00 3.6008685829e-01
1.6729083139e+00 4.4825443172e-01
1.6471558269e+00 5.3519337092e-01
1.6168886002e+00 6.2066538229e-01
1.5821895943e+00 7.0443619298e-01
1.5431539167e+00 7.8627619304e-01
1.4998885614e+00 8.6596106470e-01
1.4525121159e+00 9.4327239728e-01
1.4011544356e+00 1.0179982858e+00
1.3459562884e+00 1.0899339117e+00
1.2870689686e+00 1.1588821046e+00
1.2246538822e+00 1.2246538822e+00
1.1588821046e+00 1.2870689686e+00
1.0899339117e+00 1.3459562884e+00
1.0179982858e+00 1.4011544356e+00
9.4327239728e-01 1.4525121159e+00
8.6596106470e-01 1.4998885614e+00
7.8627619304e-01 1.5431539167e+00
7.0443619298e-01 1.5821895943e+00
6.2066538229e-01 1.6168886002e+00
5.3519337092e-01 1.6471558269e+00
4.4825443172e-01 1.6729083139e+00
3.6008685829e-01 1.6940754755e+00
2.7093231180e-01 1.7105992940e+00
1.8103515869e-01 1.7224344788e+00
9.0641800780e-02 1.7295485903e+00
1.0604964461e-16 1.7319221294e+00
-9.0641800780e-02 1.7295485903e+00
-1.8103515869e-01 1.7224344788e+00
-2.7093231180e-01 1.7105992940e+00
-3.6008685829e-01 1.6940754755e+00
-4.4825443172e-01 1.6729083139e+00
-5.3519337092e-01 1.6471558269e+00
-6.2066538229e-01 1.6168886002e+00
-7.0443619298e-01 1.5821895943e+00
-7.8627619304e-01 1.5431539167e+00
-8.6596106470e-01 1.4998885614e+00
-9.4327239728e-01 1.4525121159e+00
-1.0179982858e+00 1.4011544356e+00
-1.0899339117e+00 1.3459562884e+00
-1.1588821046e+00 1.2870689686e+00
-1.2246538822e+00 1.2246538822e+00
-1.2870689686e+00 1.1588821046e+00
-1.3459562884e+00 1.0899339117e+00
-1.4011544356e+00 1.0179982858e+00
-1.4525121159e+00 9.4327239728e-01
-1.4998885614e+00 8.6596106470e-01
-1.5431539167e+00 7.8627619304e-01
-1.5821895943e+00 7.0443619298e-01
-1.6168886002e+00 6.2066538229e-01
-1.6471558269e+00 5.3519337092e-01
-1.6729083139e+00 4.4825443172e-01
-1.6940754755e+00 3.6008685829e-01
-1.7105992940e+00 2.7093231180e-01
-1.7224344788e+00 1.8103515869e-01
-1.7295485903e+00 9.0641800780e-02
-1.7319221294e+00 2.1209928921e-16
-1.7295485903e+00 -9.0641800780e-02
-1.7224344788e+00 -1.8103515869e-01
-1.7105992940e+00 -2.7093231180e-01
-1.6940754755e+00 -3.6008685829e-01
-1.6729083139e+00 -4.4825443172e-01
-1.6471558269e+00 -5.3519337092e-01
-1.6168886002e+00 -6.2066538229e-01
-1.5821895943e+00 -7.0443619298e-01
-1.5431539167e+00 -7.8627619304e-01
-1.4998885614e+00 -8.6596106470e-01
-1.4525121159e+00 -9.4327239728e-01
-1.4011544356e+00 -1.0179982858e+00
-1.3459562884e+00 -1.0899339117e+00
-1.2870689686e+00 -1.1588821046e+00
-1.2246538822e+00 -1.2246538822e+00
-1.1588821046e+00 -1.2870689686e+00
-1.0899339117e+00 -1.3459562884e+00
-1.0179982858e+00 -1.4011544356e+00
-9.4327239728e-01 -1.4525121159e+00
-8.6596106470e-01 -1.4998885614e+00
-7.8627619304e-01 -1.5431539167e+00
-7.0443619298e-01 -1.5821895943e+00
-6.2066538229e-01 -1.6168886002e+00
-5.3519337092e-01 -1.6471558269e+00
-4.4825443172e-01 -1.6729083139e+00
-3.6008685829e-01 -1.6940754755e+00
-2.7093231180e-01 -1.7105992940e+00
-1.8103515869e-01 -1.7224344788e+00
-9.0641800780e-02 -1.7295485903e+00
-3.1814893382e-16 -1.7319221294e+00
9.0641800780e-02 -1.7295485903e+00
1.8103515869e-01 -1.7224344788e+00
2.7093231180e-01 -1.7105992940e+00
3.6008685829e-01 -1.6940754755e+00
4.4825443172e-01 -1.6729083139e+00
5.3519337092e-01 -1.6471558269e+00
6.2066538229e-01 -1.6168886002e+00
7.0443619298e-01 -1.5821895943e+00
7.8627619304e-01 -1.5431539167e+00
8.6596106470e-01 -1.4998885614e+00
9.4327239728e-01 -1.4525121159e+00
1.0179982858e+00 -1.4011544356e+00
1.0899339117e+00 -1.3459562884e+00
1.1588821046e+00 -1.2870689686e+00
1.2246538822e+00 -1.2246538822e+00
1.2870689686e+00 -1.1588821046e+00
1.3459562884e+00 -1.0899339117e+00
1.4011544356e+00 -1.0179982858e+00
1.4525121159e+00 -9.4327239728e-01
1.4998885614e+00 -8.6596106470e-01
1.5431539167e+00 -7.8627619304e-01
1.5821895943e+00 -7.0443619298e-01
1.6168886002e+00 -6.2066538229e-01
1.6471558269e+00 -5.3519337092e-01
1.6729083139e+00 -4.4825443172e-01
1.6940754755e+00 -3.6008685829e-01
1.7105992940e+00 -2.7093231180e-01
1.7224344788e+00 -1.8103515869e-01
1.7295485903e+00 -9.0641800780e-02
1.7319221294e+00 -4.2419857843e-16

1.8927715401e+00 0.0000000000e+00
1.8901775624e+00 9.9060008498e-02
1.8824027395e+00 1.9784850040e-01
1.8694683815e+00 2.9609470331e-01
1.8514099406e+00 3.9352933122e-01
1.8282769138e+00 4.8988532259e-01
1.8001327070e+00 5.8489857235e-01
1.7670544616e+00 6.7830865577e-01
1.7291328428e+00 7.6985954231e-01
1.6864717910e+00 8.5930029736e-01
1.6391882372e+00 9.4638577003e-01
1.5874117825e+00 1.0308772651e+00
1.5312843424e+00 1.1125431972e+00
1.4709597583e+00 1.1911597258e+00
1.4066033758e+00 1.2665113683e+00
1.3383915912e+00 1.3383915912e+00
1.2665113683e+00 1.4066033758e+00
1.1911597258e+00 1.4709597583e+00
1.1125431972e+00 1.5312843424e+00
1.0308772651e+00 1.5874117825e+00
9.4638577003e-01 1.6391882372e+00
8.5930029736e-01 1.6864717910e+00
7.6985954231e-01 1.7291328428e+00
6.7830865577e-01 1.7670544616e+00
5.8489857235e-01 1.8001327070e+00
4.8988532259e-01 1.8282769138e+00
3.9352933122e-01 1.8514099406e+00
2.9609470331e-01 1.8694683815e+00
1.9784850040e-01 1.8824027395e+00
9.9060008498e-02 1.8901775624e+00
1.1589883040e-16 1.8927715401e+00
-9.9060008498e-02 1.8901775624e+00
-1.9784850040e-01 1.8824027395e+00
-2.9609470331e-01 1.8694683815e+00
-3.9352933122e-01 1.8514099406e+00
-4.8988532259e-01 1.8282769138e+00
-5.8489857235e-01 1.8001327070e+00
-6.7830865577e-01 1.7670544616e+00
-7.6985954231e-01 1.7291328428e+00
-8.5930029736e-01 1.6864717910e+00
-9.4638577003e-01 1.6391882372e+00
-1.0308772651e+00 1.5874117825e+00
-1.1125431972e+00 1.5312843424e+00
-1.1911597258e+00 1.4709597583e+00
-1.2665113683e+00 1.4066033758e+00
-1.3383915912e+00 1.3383915912e+00
-1.4066033758e+00 1.2665113683e+00
-1.4709597583e+00 1.1911597258e+00
-1.5312843424e+00 1.1125431972e+00
-1.5874117825e+00 1.0308772651e+00
-1.6391882372e+00 9.4638577003e-01
-1.6864717910e+00 8.5930029736e-01
-1.7291328428e+00 7.6985954231e-01
-1.7670544616e+00 6.7830865577e-01
-1.8001327070e+00 5.8489857235e-01
-1.8282769138e+00 4.8988532259e-01
-1.8514099406e+00 3.9352933122e-01
-1.8694683815e+00 2.9609470331e-01
-1.8824027395e+00 1.9784850040e-01
-1.8901775624e+00 9.9060008498e-02
-1.8927715401e+00 2.3179766080e-16
-1.8901775624e+00 -9.9060008498e-02
-1.8824027395e+00 -1.9784850040e-01
-1.8694683815e+00 -2.9609470331e-01
-1.8514099406e+00 -3.9352933122e-01
-1.8282769138e+00 -4.8988532259e-01
-1.8001327070e+00 -5.8489857235e-01
-1.7670544616e+00 -6.7830865577e-01
-1.7291328428e+00 -7.6985954231e-01
-1.6864717910e+00 -8.5930029736e-01
-1.6391882372e+00 -9.4638577003e-01
-1.5874117825e+00 -1.0308772651e+00
-1.5312843424e+00 -1.1125431972e+00
-1.4709597583e+00 -1.1911597258e+00
-1.4066033758e+00 -1.2665113683e+00
-1.3383915912e+00 -1.3383915912e+00
-1.2665113683e+00 -1.4066033758e+00
-1.1911597258e+00 -1.4709597583e+00
-1.1125431972e+00 -1.5312843424e+00
-1.0308772651e+00 -1.5874117825e+00
-9.4638577003e-01 -1.6391882372e+00
-8.5930029736e-01 -1.6864717910e+00
-7.6985954231e-01 -1.7291328428e+00
-6.7830865577e-01 -1.7670544616e+00
-5.8489857235e-01 -1.8001327070e+00
-4.8988532259e-01 -1.8282769138e+00
-3.9352933122e-01 -1.8514099406e+00
-2.9609470331e-01 -1.8694683815e+00
-1.9784850040e-01 -1.8824027395e+00
-9.9060008498e-02 -1.8901775624e+00
-3.4769649121e-16 -1.8927715401e+00
9.9060008498e-02 -1.8901775624e+00
1.9784850040e-01 -1.8824027395e+00
2.9609470331e-01 -1.8694683815e+00
3.9352933122e-01 -1.8514099406e+00
4.8988532259e-01 -1.8282769138e+00
5.8489857235e-01 -1.8001327070e+00
6.7830865577e-01 -1.7670544616e+00
7.6985954231e-01 -1.7291328428e+00
8.5930029736e-01 -1.6864717910e+00
9.4638577003e-01 -1.6391882372e+00
1.0308772651e+00 -1.5874117825e+00
1.1125431972e+00 -1.5312843424e+00
1.1911597258e+00 -1.4709597583e+00
1.2665113683e+00 -1.4066033758e+00
1.3383915912e+00 -1.3383915912e+00
1.4066033758e+00 -1.2665113683e+00
1.4709597583e+00 -1.1911597258e+00
1.5312843424e+00 -1.1125431972e+00
1.5874117825e+00 -1.0308772651e+00
1.6391882372e+00 -9.4638577003e-01
1.6864717910e+00 -8.5930029736e-01
1.7291328428e+00 -7.6985954231e-01
1.7670544616e+00 -6.7830865577e-01
1.8001327070e+00 -5.8489857235e-01
1.8282769138e+00 -4.8988532259e-01
1.8514099406e+00 -3.9352933122e-01
1.8694683815e+00 -2.9609470331e-01
1.8824027395e+00 -1.9784850040e-01
1.8901775624e+00 -9.9060008498e-02
1.8927715401e+00 -4.6359532161e-16

2.0710786321e+00 0.0000000000e+00
2.0682402908e+00 1.0839188067e-01
2.0597330467e+00 2.1648666672e-01
2.0455802174e+00 3.2398807787e-01
2.0258205949e+00 4.3060146022e-01
2.0005083390e+00 5.3603459390e-01
1.9697128288e+00 6.3999849401e-01
1.9335184727e+00 7.4220820274e-01
1.8920244768e+00 8.4238357037e-01
1.8453445733e+00 9.4025002319e-01
1.7936067086e+00 1.0355393161e+00
1.7369526927e+00 1.1279902676e+00
1.6755378101e+00 1.2173494763e+00
1.6095303948e+00 1.3033720147e+00
1.5391113686e+00 1.3858221009e+00
1.4644737451e+00 1.4644737451e+00
1.3858221009e+00 1.5391113686e+00
1.3033720147e+00 1.6095303948e+00
1.2173494763e+00 1.6755378101e+00
1.1279902676e+00 1.7369526927e+00
1.0355393161e+00 1.7936067086e+00
9.4025002319e-01 1.8453445733e+00
8.4238357037e-01 1.8920244768e+00
7.4220820274e-01 1.9335184727e+00
6.3999849401e-01 1.9697128288e+00
5.3603459390e-01 2.0005083390e+00
4.3060146022e-01 2.0258205949e+00
3.2398807787e-01 2.0455802174e+00
2.1648666672e-01 2.0597330467e+00
1.0839188067e-01 2.0682402908e+00
1.2681699088e-16 2.0710786321e+00
-1.0839188067e-01 2.0682402908e+00
-2.1648666672e-01 2.0597330467e+00
-3.2398807787e-01 2.0455802174e+00
-4.3060146022e-01 2.0258205949e+00
-5.3603459390e-01 2.0005083390e+00
-6.3999849401e-01 1.9697128288e+00
-7.4220820274e-01 1.9335184727e+00
-8.4238357037e-01 1.8920244768e+00
-9.4025002319e-01 1.8453445733e+00
-1.0355393161e+00 1.7936067086e+00
-1.1279902676e+00 1.7369526927e+00
-1.2173494763e+00 1.6755378101e+00
-1.3033720147e+00 1.6095303948e+00
-1.3858221009e+00 1.5391113686e+00
-1.4644737451e+00 1.4644737451e+00
-1.5391113686e+00 1.3858221009e+00
-1.6095303948e+00 1.3033720147e+00
-1.6755378101e+00 1.2173494763e+00
-1.7369526927e+00 1.1279902676e+00
-1.7936067086e+00 1.0355393161e+00
-1.8453445733e+00 9.4025002319e-01
-1.8920244768e+00 8.4238357037e-01
-1.9335184727e+00 7.4220820274e-01
-1.9697128288e+00 6.3999849401e-01
-2.0005083390e+00 5.3603459390e-01
-2.0258205949e+00 4.3060146022e-01
-2.0455802174e+00 3.2398807787e-01
-2.0597330467e+00 2.1648666672e-01
-2.0682402908e+00 1.0839188067e-01
-2.0710786321e+00 2.5363398176e-16
-2.0682402908e+00 -1.0839188067e-01
-2.0597330467e+00 -2.1648666672e-01
-2.0455802174e+00 -3.2398807787e-01
-2.0258205949e+00 -4.3060146022e-01
-2.0005083390e+00 -5.3603459390e-01
-1.9697128288e+00 -6.3999849401e-01
-1.9335184727e+00 -7.4220820274e-01
-1.8920244768e+00 -8.4238357037e-01
-1.8453445733e+00 -9.4025002319e-01
-1.7936067086e+00 -1.0355393161e+00
-1.7369526927e+00 -1.1279902676e+00
-1.6755378101e+00 -1.2173494763e+00
-1.6095303948e+00 -1.3033720147e+00
-1.5391113686e+00 -1.3858221009e+00
-1.4644737451e+00 -1.4644737451e+00
-1.3858221009e+00 -1.5391113686e+00
-1.3033720147e+00 -1.6095303948e+00
-1.2173494763e+00 -1.6755378101e+00
-1.1279902676e+00 -1.7369526927e+00
-1.0355393161e+00 -1.7936067086e+00
-9.4025002319e-01 -1.8453445733e+00
-8.4238357037e-01 -1.8920244768e+00
-7.4220820274e-01 -1.9335184727e+00
-6.3999849401e-01 -1.9697128288e+00
-5.3603459390e-01 -2.0005083390e+00
-4.3060146022e-01 -2.0258205949e+00
-3.2398807787e-01 -2.0455802174e+00
-2.1648666672e-01 -2.0597330467e+00
-1.0839188067e-01 -2.0682402908e+00
-3.8045097264e-16 -2.0710786321e+00
1.0839188067e-01 -2.0682402908e+00
2.1648666672e-01 -2.0597330467e+00
3.2398807787e-01 -2.0455802174e+00
4.3060146022e-01 -2.0258205949e+00
5.3603459390e-01 -2.0005083390e+00
6.3999849401e-01 -1.9697128288e+00
7.4220820274e-01 -1.9335184727e+00
8.4238357037e-01 -1.8920244768e+00
9.4025002319e-01 -1.8453445733e+00
1.0355393161e+00 -1.7936067086e+00
1.1279902676e+00 -1.7369526927e+00
1.2173494763e+00 -1.6755378101e+00
1.3033720147e+00 -1.6095303948e+00
1.3858221009e+00 -1.5391113686e+00
1.4644737451e+00 -1.4644737451e+00
1.5391113686e+00 -1.3858221009e+00
1.6095303948e+00 -1.3033720147e+00
1.6755378101e+00 -1.2173494763e+00
1.7369526927e+00 -1.1279902676e+00
1.7936067086e+00 -1.0355393161e+00
1.8453445733e+00 -9.4025002319e-01
1.8920244768e+00 -8.4238357037e-01
1.9335184727e+00 -7.4220820274e-01
1.9697128288e+00 -6.3999849401e-01
2.0005083390e+00 -5.3603459390e-01
2.0258205949e+00 -4.3060146022e-01
2.0455802174e+00 -3.2398807787e-01
2.0597330467e+00 -2.1648666672e-01
2.0682402908e+00 -1.0839188067e-01
2.0710786321e+00 -5.0726796352e-16

2.2687381632e+00 0.0000000000e+00
2.2656289364e+00 1.1873658123e-01
2.2563097781e+00 2.3714771375e-01
2.2408062316e+00 3.5490884087e-01
2.2191607910e+00 4.7169718753e-01
2.1914327849e+00 5.8719264498e-01
2.1576982139e+00 7.0107864821e-01
2.1180495420e+00 8.1304304359e-01
2.0725954435e+00 9.2277894451e-01
2.0214605051e+00 1.0299855725e+00
1.9647848838e+00 1.1343690816e+00
1.9027239238e+00 1.2356433639e+00
1.8354477298e+00 1.3335308336e+00
1.7631407011e+00 1.4277631880e+00
1.6860010263e+00 1.5180821428e+00
1.6042401399e+00 1.6042401399e+00
1.5180821428e+00 1.6860010263e+00
1.4277631880e+00 1.7631407011e+00
1.3335308336e+00 1.8354477298e+00
1.2356433639e+00 1.9027239238e+00
1.1343690816e+00 1.9647848838e+00
1.0299855725e+00 2.0214605051e+00
9.2277894451e-01 2.0725954435e+00
8.1304304359e-01 2.1180495420e+00
7.0107864821e-01 2.1576982139e+00
5.8719264498e-01 2.1914327849e+00
4.7169718753e-01 2.2191607910e+00
3.5490884087e-01 2.2408062316e+00
2.3714771375e-01 2.2563097781e+00
1.1873658123e-01 2.2656289364e+00
1.3892014648e-16 2.2687381632e+00
-1.1873658123e-01 2.2656289364e+00
-2.3714771375e-01 2.2563097781e+00
-3.5490884087e-01 2.2408062316e+00
-4.7169718753e-01 2.2191607910e+00
-5.8719264498e-01 2.1914327849e+00
-7.0107864821e-01 2.1576982139e+00
-8.1304304359e-01 2.1180495420e+00
-9.2277894451e-01 2.0725954435e+00
-1.0299855725e+00 2.0214605051e+00
-1.1343690816e+00 1.9647848838e+00
-1.2356433639e+00 1.9027239238e+00
-1.3335308336e+00 1.8354477298e+00
-1.4277631880e+00 1.7631407011e+00
-1.5180821428e+00 1.6860010263e+00
-1.6042401399e+00 1.6042401399e+00
-1.6860010263e+00 1.5180821428e+00
-1.7631407011e+00 1.4277631880e+00
-1.8354477298e+00 1.3335308336e+00
-1.9027239238e+00 1.2356433639e+00
-1.9647848838e+00 1.1343690816e+00
-2.0214605051e+00 1.0299855725e+00
-2.0725954435e+00 9.2277894451e-01
-2.1180495420e+00 8.1304304359e-01
-2.1576982139e+00 7.0107864821e-01
-2.1914327849e+00 5.8719264498e-01
-2.2191607910e+00 4.7169718753e-01
-2.2408062316e+00 3.5490884087e-01
-2.2563097781e+00 2.3714771375e-01
-2.2656289364e+00 1.1873658123e-01
-2.2687381632e+00 2.7784029296e-16
-2.2656289364e+00 -1.1873658123e-01
-2.2563097781e+00 -2.3714771375e-01
-2.2408062316e+00 -3.5490884087e-01
-2.2191607910e+00 -4.7169718753e-01
-2.1914327849e+00 -5.8719264498e-01
-2.1576982139e+00 -7.0107864821e-01
-2.1180495420e+00 -8.1304304359e-01
-2.0725954435e+00 -9.2277894451e-01
-2.0214605051e+00 -1.0299855725e+00
-1.9647848838e+00 -1.1343690816e+00
-1.9027239238e+00 -1.2356433639e+00
-1.8354477298e+00 -1.3335308336e+00
-1.7631407011e+00 -1.4277631880e+00
-1.6860010263e+00 -1.5180821428e+00
-1.6042401399e+00 -1.6042401399e+00
-1.5180821428e+00 -1.6860010263e+00
-1.4277631880e+00 -1.7631407011e+00
-1.3335308336e+00 -1.8354477298e+00
-1.2356433639e+00 -1.9027239238e+00
-1.1343690816e+00 -1.9647848838e+00
-1.0299855725e+00 -2.0214605051e+00
-9.2277894451e-01 -2.0725954435e+00
-8.1304304359e-01 -2.1180495420e+00
-7.0107864821e-01 -2.1576982139e+00
-5.8719264498e-01 -2.1914327849e+00
-4.7169718753e-01 -2.2191607910e+00
-3.5490884087e-01 -2.2408062316e+00
-2.3714771375e-01 -2.2563097781e+00
-1.1873658123e-01 -2.2656289364e+00
-4.1676043945e-16 -2.2687381632e+00
1.1873658123e-01 -2.2656289364e+00
2.3714771375e-01 -2.2563097781e+00
3.5490884087e-01 -2.2408062316e+00
4.7169718753e-01 -2.2191607910e+00
5.8719264498e-01 -2.1914327849e+00
7.0107864821e-01 -2.1576982139e+00
8.1304304359e-01 -2.1180495420e+00
9.2277894451e-01 -2.0725954435e+00
1.0299855725e+00 -2.0214605051e+00
1.1343690816e+00 -1.9647848838e+00
1.2356433639e+00 -1.9027239238e+00
1.3335308336e+00 -1.8354477298e+00
1.4277631880e+00 -1.7631407011e+00
1.5180821428e+00 -1.6860010263e+00
1.6042401399e+00 -1.6042401399e+00
1.6860010263e+00 -1.5180821428e+00
1.7631407011e+00 -1.4277631880e+00
1.8354477298e+00 -1.3335308336e+00
1.9027239238e+00 -1.2356433639e+00
1.9647848838e+00 -1.1343690816e+00
2.0214605051e+00 -1.0299855725e+00
2.0725954435e+00 -9.2277894451e-01
2.1180495420e+00 -8.1304304359e-01
2.1576982139e+00 -7.0107864821e-01
2.1914327849e+00 -5.8719264498e-01
2.2191607910e+00 -4.7169718753e-01
2.2408062316e+00 -3.5490884087e-01
2.2563097781e+00 -2.3714771375e-01
2.2656289364e+00 -1.1873658123e-01
2.2687381632e+00 -5.5568058593e-16

2.4878505370e+00 0.0000000000e+00
2.4844410243e+00 1.3020403685e-01
2.4742218315e+00 2.6005119348e-01
2.4572209686e+00 3.8918556786e-01
2.4334850338e+00 5.1725321166e-01
2.4030790857e+00 6.4390310035e-01
2.3660864648e+00 7.6878809541e-01
2.3226085654e+00 8.9156589573e-01
2.2727645574e+00 1.0118999759e+00
2.2166910597e+00 1.1294605086e+00
2.1545417659e+00 1.2439252685e+00
2.0864870229e+00 1.3549805158e+00
2.0127133639e+00 1.4623218556e+00
1.9334229976e+00 1.5656550728e+00
1.8488332532e+00 1.6646969384e+00
1.7591759853e+00 1.7591759853e+00
1.6646969384e+00 1.8488332532e+00
1.5656550728e+00 1.9334229976e+00
1.4623218556e+00 2.0127133639e+00
1.3549805158e+00 2.0864870229e+00
1.2439252685e+00 2.1545417659e+00
1.1294605086e+00 2.2166910597e+00
1.0118999759e+00 2.2727645574e+00
8.9156589573e-01 2.3226085654e+00
7.6878809541e-01 2.3660864648e+00
6.4390310035e-01 2.4030790857e+00
5.1725321166e-01 2.4334850338e+00
3.8918556786e-01 2.4572209686e+00
2.6005119348e-01 2.4742218315e+00
1.3020403685e-01 2.4844410243e+00
1.5233690985e-16 2.4878505370e+00
-1.3020403685e-01 2.4844410243e+00
-2.6005119348e-01 2.4742218315e+00
-3.8918556786e-01 2.4572209686e+00
-5.1725321166e-01 2.4334850338e+00
-6.4390310035e-01 2.4030790857e+00
-7.6878809541e-01 2.3660864648e+00
-8.9156589573e-01 2.3226085654e+00
-1.0118999759e+00 2.2727645574e+00
-1.1294605086e+00 2.2166910597e+00
-1.2439252685e+00 2.1545417659e+00
-1.3549805158e+00 2.0864870229e+00
-1.4623218556e+00 2.0127133639e+00
-1.5656550728e+00 1.9334229976e+00
-1.6646969384e+00 1.8488332532e+00
-1.7591759853e+00 1.7591759853e+00
-1.8488332532e+00 1.6646969384e+00
-1.9334229976e+00 1.5656550728e+00
-2.0127133639e+00 1.4623218556e+00
-2.0864870229e+00 1.3549805158e+00
-2.1545417659e+00 1.2439252685e+00
-2.2166910597e+00 1.1294605086e+00
-2.2727645574e+00 1.0118999759e+00
-2.3226085654e+00 8.9156589573e-01
-2.3660864648e+00 7.6878809541e-01
-2.4030790857e+00 6.4390310035e-01
-2.4334850338e+00 5.1725321166e-01
-2.4572209686e+00 3.8918556786e-01
-2.4742218315e+00 2.6005119348e-01
-2.4844410243e+00 1.3020403685e-01
-2.4878505370e+00 3.0467381969e-16
-2.4844410243e+00 -1.3020403685e-01
-2.4742218315e+00 -2.6005119348e-01
-2.4572209686e+00 -3.8918556786e-01
-2.4334850338e+00 -5.1725321166e-01
-2.4030790857e+00 -6.4390310035e-01
-2.3660864648e+00 -7.6878809541e-01
-2.3226085654e+00 -8.9156589573e-01
-2.2727645574e+00 -1.0118999759e+00
-2.2166910597e+00 -1.1294605086e+00
-2.1545417659e+00 -1.2439252685e+00
-2.0864870229e+00 -1.3549805158e+00
-2.0127133639e+00 -1.4623218556e+00
-1.9334229976e+00 -1.5656550728e+00
-1.8488332532e+00 -1.6646969384e+00
-1.7591759853e+00 -1.7591759853e+00
-1.6646969384e+00 -1.8488332532e+00
-1.5656550728e+00 -1.9334229976e+00
-1.4623218556e+00 -2.0127133639e+00
-1.3549805158e+00 -2.0864870229e+00
-1.2439252685e+00 -2.1545417659e+00
-1.1294605086e+00 -2.2166910597e+00
-1.0118999759e+00 -2.2727645574e+00
-8.9156589573e-01 -2.3226085654e+00
-7.6878809541e-01 -2.3660864648e+00
-6.4390310035e-01 -2.4030790857e+00
-5.1725321166e-01 -2.4334850338e+00
-3.8918556786e-01 -2.4572209686e+00
-2.6005119348e-01 -2.4742218315e+00
-1.3020403685e-01 -2.4844410243e+00
-4.5701072954e-16 -2.4878505370e+00
1.3020403685e-01 -2.4844410243e+00
2.6005119348e-01 -2.4742218315e+00
3.8918556786e-01 -2.4572209686e+00
5.1725321166e-01 -2.4334850338e+00
6.4390310035e-01 -2.4030790857e+00
7.6878809541e-01 -2.3660864648e+00
8.9156589573e-01 -2.3226085654e+00
1.0118999759e+00 -2.2727645574e+00
1.1294605086e+00 -2.2166910597e+00
1.2439252685e+00 -2.1545417659e+00
1.3549805158e+00 -2.0864870229e+00
1.4623218556e+00 -2.0127133639e+00
1.5656550728e+00 -1.9334229976e+00
1.6646969384e+00 -1.8488332532e+00
1.7591759853e+00 -1.7591759853e+00
1.8488332532e+00 -1.6646969384e+00
1.9334229976e+00 -1.5656550728e+00
2.0127133639e+00 -1.4623218556e+00
2.0864870229e+00 -1.3549805158e+00
2.1545417659e+00 -1.2439252685e+00
2.2166910597e+00 -1.1294605086e+00
2.2727645574e+00 -1.0118999759e+00
2.3226085654e+00 -8.9156589573e-01
2.3660864648e+00 -7.6878809541e-01
2.4030790857e+00 -6.4390310035e-01
2.4334850338e+00 -5.1725321166e-01
2.4572209686e+00 -3.8918556786e-01
2.4742218315e+00 -2.6005119348e-01
2.4844410243e+00 -1.3020403685e-01
2.4878505370e+00 -6.0934763939e-16

2.7307441234e+00 0.0000000000e+00
2.7270017335e+00 1.4291610495e-01
2.7157848214e+00 2.8544048680e-01
2.6971241318e+00 4.2718249611e-01
2.6710708125e+00 5.6775362789e-01
2.6376962738e+00 7.0676858644e-01
2.5970919929e+00 8.4384634142e-01
2.5493692634e+00 9.7861117224e-01
2.4946588899e+00 1.1106936979e+00
2.4331108298e+00 1.2397318892e+00
2.3648937821e+00 1.3653720617e+00
2.2901947249e+00 1.4872698442e+00
2.2092184031e+00 1.6050911235e+00
2.1221867673e+00 1.7185129596e+00
2.0293383650e+00 1.8272244711e+00
1.9309276873e+00 1.9309276873e+00
1.8272244711e+00 2.0293383650e+00
1.7185129596e+00 2.1221867673e+00
1.6050911235e+00 2.2092184031e+00
1.4872698442e+00 2.2901947249e+00
1.3653720617e+00 2.3648937821e+00
1.2397318892e+00 2.4331108298e+00
1.1106936979e+00 2.4946588899e+00
9.7861117224e-01 2.5493692634e+00
8.4384634142e-01 2.5970919929e+00
7.0676858644e-01 2.6376962738e+00
5.6775362789e-01 2.6710708125e+00
4.2718249611e-01 2.6971241318e+00
2.8544048680e-01 2.7157848214e+00
1.4291610495e-01 2.7270017335e+00
1.6720985250e-16 2.7307441234e+00
-1.4291610495e-01 2.7270017335e+00
-2.8544048680e-01 2.7157848214e+00
-4.2718249611e-01 2.6971241318e+00
-5.6775362789e-01 2.6710708125e+00
-7.0676858644e-01 2.6376962738e+00
-8.4384634142e-01 2.5970919929e+00
-9.7861117224e-01 2.5493692634e+00
-1.1106936979e+00 2.4946588899e+00
-1.2397318892e+00 2.4331108298e+00
-1.3653720617e+00 2.3648937821e+00
-1.4872698442e+00 2.2901947249e+00
-1.6050911235e+00 2.2092184031e+00
-1.7185129596e+00 2.1221867673e+00
-1.8272244711e+00 2.0293383650e+00
-1.9309276873e+00 1.9309276873e+00
-2.0293383650e+00 1.8272244711e+00
-2.1221867673e+00 1.7185129596e+00
-2.2092184031e+00 1.6050911235e+00
-2.2901947249e+00 1.4872698442e+00
-2.3648937821e+00 1.3653720617e+00
-2.4331108298e+00 1.2397318892e+00
-2.4946588899e+00 1.1106936979e+00
-2.5493692634e+00 9.7861117224e-01
-2.5970919929e+00 8.4384634142e-01
-2.6376962738e+00 7.0676858644e-01
-2.6710708125e+00 5.6775362789e-01
-2.6971241318e+00 4.2718249611e-01
-2.7157848214e+00 2.8544048680e-01
-2.7270017335e+00 1.4291610495e-01
-2.7307441234e+00 3.3441970500e-16
-2.7270017335e+00 -1.4291610495e-01
-2.7157848214e+00 -2.8544048680e-01
-2.6971241318e+00 -4.2718249611e-01
-2.6710708125e+00 -5.6775362789e-01
-2.6376962738e+00 -7.0676858644e-01
-2.5970919929e+00 -8.4384634142e-01
-2.5493692634e+00 -9.7861117224e-01
-2.4946588899e+00 -1.1106936979e+00
-2.4331108298e+00 -1.2397318892e+00
-2.3648937821e+00 -1.3653720617e+00
-2.2901947249e+00 -1.4872698442e+00
-2.2092184031e+00 -1.6050911235e+00
-2.1221867673e+00 -1.7185129596e+00
-2.0293383650e+00 -1.8272244711e+00
-1.9309276873e+00 -1.9309276873e+00
-1.8272244711e+00 -2.0293383650e+00
-1.7185129596e+00 -2.1221867673e+00
-1.6050911235e+00 -2.2092184031e+00
-1.4872698442e+00 -2.2901947249e+00
-1.3653720617e+00 -2.3648937821e+00
-1.2397318892e+00 -2.4331108298e+00
-1.1106936979e+00 -2.4946588899e+00
-9.7861117224e-01 -2.5493692634e+00
-8.4384634142e-01 -2.5970919929e+00
-7.0676858644e-01 -2.6376962738e+00
-5.6775362789e-01 -2.6710708125e+00
-4.2718249611e-01 -2.6971241318e+00
-2.8544048680e-01 -2.7157848214e+00
-1.4291610495e-01 -2.7270017335e+00
-5.0162955750e-16 -2.7307441234e+00
1.4291610495e-01 -2.7270017335e+00
2.8544048680e-01 -2.7157848214e+00
4.2718249611e-01 -2.6971241318e+00
5.6775362789e-01 -2.6710708125e+00
7.0676858644e-01 -2.6376962738e+00
8.4384634142e-01 -2.5970919929e+00
9.7861117224e-01 -2.5493692634e+00
1.1106936979e+00 -2.4946588899e+00
1.2397318892e+00 -2.4331108298e+00
1.3653720617e+00 -2.3648937821e+00
1.4872698442e+00 -2.2901947249e+00
1.6050911235e+00 -2.2092184031e+00
1.7185129596e+00 -2.1221867673e+00
1.8272244711e+00 -2.0293383650e+00
1.9309276873e+00 -1.9309276873e+00
2.0293383650e+00 -1.8272244711e+00
2.1221867673e+00 -1.7185129596e+00
2.2092184031e+00 -1.6050911235e+00
2.2901947249e+00 -1.4872698442e+00
2.3648937821e+00 -1.3653720617e+00
2.4331108298e+00 -1.2397318892e+00
2.4946588899e+00 -1.1106936979e+00
2.5493692634e+00 -9.7861117224e-01
2.5970919929e+00 -8.4384634142e-01
2.6376962738e+00 -7.0676858644e-01
2.6710708125e+00 -5.6775362789e-01
2.6971241318e+00 -4.2718249611e-01
2.7157848214e+00 -2.8544048680e-01
2.7270017335e+00 -1.4291610495e-01
2.7307441234e+00 -6.6883941000e-16

3.0000000000e+00 0.0000000000e+00
2.9958886043e+00 1.5700786873e-01
2.9835656861e+00 3.1358538980e-01
2.9630650218e+00 4.6930339512e-01
2.9344428022e+00 6.2373507245e-01
2.8977774789e+00 7.7645713531e-01
2.8531695489e+00 9.2705098312e-01
2.8007412795e+00 1.0751038486e+00
2.7406363729e+00 1.2202099292e+00
2.6730195726e+00 1.3619714992e+00
2.5980762114e+00 1.5000000000e+00
2.5160117038e+00 1.6339171050e+00
2.4270509831e+00 1.7633557569e+00
2.3314378844e+00 1.8879611731e+00
2.2294344764e+00 2.0073918191e+00
2.1213203436e+00 2.1213203436e+00
2.0073918191e+00 2.2294344764e+00
1.8879611731e+00 2.3314378844e+00
1.7633557569e+00 2.4270509831e+00
1.6339171050e+00 2.5160117038e+00
1.5000000000e+00 2.5980762114e+00
1.3619714992e+00 2.6730195726e+00
1.2202099292e+00 2.7406363729e+00
1.0751038486e+00 2.8007412795e+00
9.2705098312e-01 2.8531695489e+00
7.7645713531e-01 2.8977774789e+00
6.2373507245e-01 2.9344428022e+00
4.6930339512e-01 2.9630650218e+00
3.1358538980e-01 2.9835656861e+00
1.5700786873e-01 2.9958886043e+00
1.8369701987e-16 3.0000000000e+00
-1.5700786873e-01 2.9958886043e+00
-3.1358538980e-01 2.9835656861e+00
-4.6930339512e-01 2.9630650218e+00
-6.2373507245e-01 2.9344428022e+00
-7.7645713531e-01 2.8977774789e+00
-9.2705098312e-01 2.8531695489e+00
-1.0751038486e+00 2.8007412795e+00
-1.2202099292e+00 2.7406363729e+00
-1.3619714992e+00 2.6730195726e+00
-1.5000000000e+00 2.5980762114e+00
-1.6339171050e+00 2.5160117038e+00
-1.7633557569e+00 2.4270509831e+00
-1.8879611731e+00 2.3314378844e+00
-2.0073918191e+00 2.2294344764e+00
-2.1213203436e+00 2.1213203436e+00
-2.2294344764e+00 2.0073918191e+00
-2.3314378844e+00 1.8879611731e+00
-2.4270509831e+00 1.7633557569e+00
-2.5160117038e+00 1.6339171050e+00
-2.5980762114e+00 1.5000000000e+00
-2.6730195726e+00 1.3619714992e+00
-2.7406363729e+00 1.2202099292e+00
-2.8007412795e+00 1.0751038486e+00
-2.8531695489e+00 9.2705098312e-01
-2.8977774789e+00 7.7645713531e-01
-2.9344428022e+00 6.2373507245e-01
-2.9630650218e+00 4.6930339512e-01
-2.9835656861e+00 3.1358538980e-01
-2.9958886043e+00 1.5700786873e-01
-3.0000000000e+00 3.6739403974e-16
-2.9958886043e+00 -1.5700786873e-01
-2.9835656861e+00 -3.1358538980e-01
-2.9630650218e+00 -4.6930339512e-01
-2.9344428022e+00 -6.2373507245e-01
-2.8977774789e+00 -7.7645713531e-01
-2.8531695489e+00 -9.2705098312e-01
-2.8007412795e+00 -1.0751038486e+00
-2.7406363729e+00 -1.2202099292e+00
-2.6730195726e+00 -1.3619714992e+00
-2.5980762114e+00 -1.5000000000e+00
-2.5160117038e+00 -1.6339171050e+00
-2.4270509831e+00 -1.7633557569e+00
-2.3314378844e+00 -1.8879611731e+00
-2.2294344764e+00 -2.0073918191e+00
-2.1213203436e+00 -2.1213203436e+00
-2.0073918191e+00 -2.2294344764e+00
-1.8879611731e+00 -2.3314378844e+00
-1.7633557569e+00 -2.4270509831e+00
-1.6339171050e+00 -2.5160117038e+00
-1.5000000000e+00 -2.5980762114e+00
-1.3619714992e+00 -2.6730195726e+00
-1.2202099292e+00 -2.7406363729e+00
-1.0751038486e+00 -2.8007412795e+00
-9.2705098312e-01 -2.8531695489e+00
-7.7645713531e-01 -2.8977774789e+00
-6.2373507245e-01 -2.9344428022e+00
-4.6930339512e-01 -2.9630650218e+00
-3.1358538980e-01 -2.9835656861e+00
-1.5700786873e-01 -2.9958886043e+00
-5.5109105962e-16 -3.0000000000e+00
1.5700786873e-01 -2.9958886043e+00
3.1358538980e-01 -2.9835656861e+00
4.6930339512e-01 -2.9630650218e+00
6.2373507245e-01 -2.9344428022e+00
7.7645713531e-01 -2.8977774789e+00
9.2705098312e-01 -2.8531695489e+00
1.0751038486e+00 -2.8007412795e+00
1.2202099292e+00 -2.7406363729e+00
1.3619714992e+00 -2.6730195726e+00
1.5000000000e+00 -2.5980762114e+00
1.6339171050e+00 -2.5160117038e+00
1.7633557569e+00 -2.4270509831e+00
1.8879611731e+00 -2.3314378844e+00
2.0073918191e+00 -2.2294344764e+00
2.1213203436e+00 -2.1213203436e+00
2.2294344764e+00 -2.0073918191e+00
2.3314378844e+00 -1.8879611731e+00
2.4270509831e+00 -1.7633557569e+00
2.5160117038e+00 -1.6339171050e+00
2.5980762114e+00 -1.5000000000e+00
2.6730195726e+00 -1.3619714992e+00
2.7406363729e+00 -1.2202099292e+00
2.8007412795e+00 -1.0751038486e+00
2.8531695489e+00 -9.2705098312e-01
2.8977774789e+00 -7.7645713531e-01
2.9344428022e+00 -6.2373507245e-01
2.9630650218e+00 -4.6930339512e-01
2.9835656861e+00 -3.1358538980e-01
2.9958886043e+00 -1.5700786873e-01
3.0000000000e+00 -7.3478807949e-16

